solid OpenSCAD_Model
  facet normal -1 0 0
    outer loop
      vertex 6.7 -5.2 0
      vertex 6.7 0 3.6
      vertex 6.7 0 0
    endloop
  endfacet
  facet normal -1 -0 0
    outer loop
      vertex 6.7 0 3.6
      vertex 6.7 -5.2 0
      vertex 6.7 -5.2 3.6
    endloop
  endfacet
  facet normal 0 0 -1
    outer loop
      vertex 6.7 -5.2 3.6
      vertex 6 -3.4 3.6
      vertex 6.7 0 3.6
    endloop
  endfacet
  facet normal 0 0 -1
    outer loop
      vertex 6.7 -5.2 3.6
      vertex 5.99316 -3.50442 3.6
      vertex 6 -3.4 3.6
    endloop
  endfacet
  facet normal 0 0 -1
    outer loop
      vertex 6.7 -5.2 3.6
      vertex 5.97274 -3.60705 3.6
      vertex 5.99316 -3.50442 3.6
    endloop
  endfacet
  facet normal 0 0 -1
    outer loop
      vertex 6.7 -5.2 3.6
      vertex 5.9391 -3.70615 3.6
      vertex 5.97274 -3.60705 3.6
    endloop
  endfacet
  facet normal 0 0 -1
    outer loop
      vertex 6.7 -5.2 3.6
      vertex 5.89282 -3.8 3.6
      vertex 5.9391 -3.70615 3.6
    endloop
  endfacet
  facet normal 0 0 -1
    outer loop
      vertex 6.7 -5.2 3.6
      vertex 5.83468 -3.88701 3.6
      vertex 5.89282 -3.8 3.6
    endloop
  endfacet
  facet normal 0 0 -1
    outer loop
      vertex 6.7 -5.2 3.6
      vertex 5.76569 -3.96568 3.6
      vertex 5.83468 -3.88701 3.6
    endloop
  endfacet
  facet normal 0 0 -1
    outer loop
      vertex 6.7 -5.2 3.6
      vertex 5.68701 -4.03468 3.6
      vertex 5.76569 -3.96568 3.6
    endloop
  endfacet
  facet normal 0 0 -1
    outer loop
      vertex 6.7 -5.2 3.6
      vertex 5.6 -4.09282 3.6
      vertex 5.68701 -4.03468 3.6
    endloop
  endfacet
  facet normal 0 0 -1
    outer loop
      vertex 6.7 -5.2 3.6
      vertex 5.50615 -4.1391 3.6
      vertex 5.6 -4.09282 3.6
    endloop
  endfacet
  facet normal 0 0 -1
    outer loop
      vertex 6.7 -5.2 3.6
      vertex 5.40705 -4.17274 3.6
      vertex 5.50615 -4.1391 3.6
    endloop
  endfacet
  facet normal 0 0 -1
    outer loop
      vertex 6.7 -5.2 3.6
      vertex 5.30442 -4.19316 3.6
      vertex 5.40705 -4.17274 3.6
    endloop
  endfacet
  facet normal 0 0 -1
    outer loop
      vertex 6.7 -5.2 3.6
      vertex 5.2 -4.2 3.6
      vertex 5.30442 -4.19316 3.6
    endloop
  endfacet
  facet normal 0 0 -1
    outer loop
      vertex 6.7 -5.2 3.6
      vertex 5.09558 -4.19316 3.6
      vertex 5.2 -4.2 3.6
    endloop
  endfacet
  facet normal 0 0 -1
    outer loop
      vertex 6.7 -5.2 3.6
      vertex 4.99294 -4.17274 3.6
      vertex 5.09558 -4.19316 3.6
    endloop
  endfacet
  facet normal 0 0 -1
    outer loop
      vertex 2.80705 -4.17274 3.6
      vertex 4.99294 -4.17274 3.6
      vertex 6.7 -5.2 3.6
    endloop
  endfacet
  facet normal 0 0 -1
    outer loop
      vertex 4.99294 -4.17274 3.6
      vertex 2.80705 -4.17274 3.6
      vertex 4.89385 -4.1391 3.6
    endloop
  endfacet
  facet normal 0 0 -1
    outer loop
      vertex 4.4 -3.4 3.6
      vertex 3.4 -3.4 3.6
      vertex 4.4 0 3.6
    endloop
  endfacet
  facet normal 0 0 -1
    outer loop
      vertex 4.40684 -3.50442 3.6
      vertex 3.4 -3.4 3.6
      vertex 4.4 -3.4 3.6
    endloop
  endfacet
  facet normal 0 0 -1
    outer loop
      vertex 3.39316 -3.50442 3.6
      vertex 4.40684 -3.50442 3.6
      vertex 4.42726 -3.60705 3.6
    endloop
  endfacet
  facet normal 0 0 -1
    outer loop
      vertex 3.37274 -3.60705 3.6
      vertex 4.42726 -3.60705 3.6
      vertex 4.4609 -3.70615 3.6
    endloop
  endfacet
  facet normal 0 0 -1
    outer loop
      vertex 3.3391 -3.70615 3.6
      vertex 4.4609 -3.70615 3.6
      vertex 4.50718 -3.8 3.6
    endloop
  endfacet
  facet normal 0 0 -1
    outer loop
      vertex 3.29282 -3.8 3.6
      vertex 4.50718 -3.8 3.6
      vertex 4.56532 -3.88701 3.6
    endloop
  endfacet
  facet normal 0 0 -1
    outer loop
      vertex 3.23468 -3.88701 3.6
      vertex 4.56532 -3.88701 3.6
      vertex 4.63431 -3.96568 3.6
    endloop
  endfacet
  facet normal 0 0 -1
    outer loop
      vertex 3.16568 -3.96568 3.6
      vertex 4.63431 -3.96568 3.6
      vertex 4.71299 -4.03468 3.6
    endloop
  endfacet
  facet normal 0 0 -1
    outer loop
      vertex 3.08701 -4.03468 3.6
      vertex 4.71299 -4.03468 3.6
      vertex 4.8 -4.09282 3.6
    endloop
  endfacet
  facet normal 0 -0 -1
    outer loop
      vertex 2.90615 -4.1391 3.6
      vertex 4.89385 -4.1391 3.6
      vertex 2.80705 -4.17274 3.6
    endloop
  endfacet
  facet normal 0 0 -1
    outer loop
      vertex 4.40684 -3.50442 3.6
      vertex 3.39316 -3.50442 3.6
      vertex 3.4 -3.4 3.6
    endloop
  endfacet
  facet normal 0 0 -1
    outer loop
      vertex 4.42726 -3.60705 3.6
      vertex 3.37274 -3.60705 3.6
      vertex 3.39316 -3.50442 3.6
    endloop
  endfacet
  facet normal 0 0 -1
    outer loop
      vertex 4.4609 -3.70615 3.6
      vertex 3.3391 -3.70615 3.6
      vertex 3.37274 -3.60705 3.6
    endloop
  endfacet
  facet normal 0 0 -1
    outer loop
      vertex 4.50718 -3.8 3.6
      vertex 3.29282 -3.8 3.6
      vertex 3.3391 -3.70615 3.6
    endloop
  endfacet
  facet normal 0 0 -1
    outer loop
      vertex 4.56532 -3.88701 3.6
      vertex 3.23468 -3.88701 3.6
      vertex 3.29282 -3.8 3.6
    endloop
  endfacet
  facet normal 0 0 -1
    outer loop
      vertex 4.63431 -3.96568 3.6
      vertex 3.16568 -3.96568 3.6
      vertex 3.23468 -3.88701 3.6
    endloop
  endfacet
  facet normal 0 0 -1
    outer loop
      vertex 4.71299 -4.03468 3.6
      vertex 3.08701 -4.03468 3.6
      vertex 3.16568 -3.96568 3.6
    endloop
  endfacet
  facet normal 0 0 -1
    outer loop
      vertex 4.8 -4.09282 3.6
      vertex 3 -4.09282 3.6
      vertex 3.08701 -4.03468 3.6
    endloop
  endfacet
  facet normal -0 0 -1
    outer loop
      vertex 4.8 -4.09282 3.6
      vertex 2.90615 -4.1391 3.6
      vertex 3 -4.09282 3.6
    endloop
  endfacet
  facet normal 0 0 -1
    outer loop
      vertex 4.89385 -4.1391 3.6
      vertex 2.90615 -4.1391 3.6
      vertex 4.8 -4.09282 3.6
    endloop
  endfacet
  facet normal 0 0 -1
    outer loop
      vertex 6.7 -5.2 3.6
      vertex 2.70442 -4.19316 3.6
      vertex 2.80705 -4.17274 3.6
    endloop
  endfacet
  facet normal 0 0 -1
    outer loop
      vertex 6.7 -5.2 3.6
      vertex 2.6 -4.2 3.6
      vertex 2.70442 -4.19316 3.6
    endloop
  endfacet
  facet normal 0 0 -1
    outer loop
      vertex 6.7 -5.2 3.6
      vertex 2.49558 -4.19316 3.6
      vertex 2.6 -4.2 3.6
    endloop
  endfacet
  facet normal 0 0 -1
    outer loop
      vertex 0.104421 -4.19316 3.6
      vertex 2.49558 -4.19316 3.6
      vertex 6.7 -5.2 3.6
    endloop
  endfacet
  facet normal 0 0 -1
    outer loop
      vertex 1.8 -3.4 3.6
      vertex 0.799999 -3.4 3.6
      vertex 1.8 0 3.6
    endloop
  endfacet
  facet normal 0 0 -1
    outer loop
      vertex 1.80684 -3.50442 3.6
      vertex 0.799999 -3.4 3.6
      vertex 1.8 -3.4 3.6
    endloop
  endfacet
  facet normal 0 0 -1
    outer loop
      vertex 0.793156 -3.50442 3.6
      vertex 1.80684 -3.50442 3.6
      vertex 1.82726 -3.60705 3.6
    endloop
  endfacet
  facet normal 0 0 -1
    outer loop
      vertex 0.77274 -3.60705 3.6
      vertex 1.82726 -3.60705 3.6
      vertex 1.8609 -3.70615 3.6
    endloop
  endfacet
  facet normal 0 0 -1
    outer loop
      vertex 0.739103 -3.70615 3.6
      vertex 1.8609 -3.70615 3.6
      vertex 1.90718 -3.8 3.6
    endloop
  endfacet
  facet normal 0 0 -1
    outer loop
      vertex 0.69282 -3.8 3.6
      vertex 1.90718 -3.8 3.6
      vertex 1.96532 -3.88701 3.6
    endloop
  endfacet
  facet normal 0 0 -1
    outer loop
      vertex 0.634683 -3.88701 3.6
      vertex 1.96532 -3.88701 3.6
      vertex 2.03431 -3.96568 3.6
    endloop
  endfacet
  facet normal 0 0 -1
    outer loop
      vertex 0.565685 -3.96568 3.6
      vertex 2.03431 -3.96568 3.6
      vertex 2.11299 -4.03468 3.6
    endloop
  endfacet
  facet normal 0 0 -1
    outer loop
      vertex 0.487009 -4.03468 3.6
      vertex 2.11299 -4.03468 3.6
      vertex 2.2 -4.09282 3.6
    endloop
  endfacet
  facet normal 0 0 -1
    outer loop
      vertex 1.80684 -3.50442 3.6
      vertex 0.793156 -3.50442 3.6
      vertex 0.799999 -3.4 3.6
    endloop
  endfacet
  facet normal 0 0 -1
    outer loop
      vertex 0.4 -4.09282 3.6
      vertex 2.2 -4.09282 3.6
      vertex 2.29385 -4.1391 3.6
    endloop
  endfacet
  facet normal 0 0 -1
    outer loop
      vertex 1.82726 -3.60705 3.6
      vertex 0.77274 -3.60705 3.6
      vertex 0.793156 -3.50442 3.6
    endloop
  endfacet
  facet normal 0 0 -1
    outer loop
      vertex 1.8609 -3.70615 3.6
      vertex 0.739103 -3.70615 3.6
      vertex 0.77274 -3.60705 3.6
    endloop
  endfacet
  facet normal 0 0 -1
    outer loop
      vertex 0.306147 -4.1391 3.6
      vertex 2.29385 -4.1391 3.6
      vertex 2.39294 -4.17274 3.6
    endloop
  endfacet
  facet normal 0 0 -1
    outer loop
      vertex 1.90718 -3.8 3.6
      vertex 0.69282 -3.8 3.6
      vertex 0.739103 -3.70615 3.6
    endloop
  endfacet
  facet normal 0 0 -1
    outer loop
      vertex 2.49558 -4.19316 3.6
      vertex 0.104421 -4.19316 3.6
      vertex 2.39294 -4.17274 3.6
    endloop
  endfacet
  facet normal 0 0 -1
    outer loop
      vertex 1.96532 -3.88701 3.6
      vertex 0.634683 -3.88701 3.6
      vertex 0.69282 -3.8 3.6
    endloop
  endfacet
  facet normal 0 0 -1
    outer loop
      vertex 2.03431 -3.96568 3.6
      vertex 0.565685 -3.96568 3.6
      vertex 0.634683 -3.88701 3.6
    endloop
  endfacet
  facet normal 0 0 -1
    outer loop
      vertex 2.11299 -4.03468 3.6
      vertex 0.487009 -4.03468 3.6
      vertex 0.565685 -3.96568 3.6
    endloop
  endfacet
  facet normal 0 0 -1
    outer loop
      vertex 2.2 -4.09282 3.6
      vertex 0.4 -4.09282 3.6
      vertex 0.487009 -4.03468 3.6
    endloop
  endfacet
  facet normal 0 0 -1
    outer loop
      vertex 2.29385 -4.1391 3.6
      vertex 0.306147 -4.1391 3.6
      vertex 0.4 -4.09282 3.6
    endloop
  endfacet
  facet normal 0 0 -1
    outer loop
      vertex 2.39294 -4.17274 3.6
      vertex 0.207055 -4.17274 3.6
      vertex 0.306147 -4.1391 3.6
    endloop
  endfacet
  facet normal -0 0 -1
    outer loop
      vertex 2.39294 -4.17274 3.6
      vertex 0.104421 -4.19316 3.6
      vertex 0.207055 -4.17274 3.6
    endloop
  endfacet
  facet normal 0 0 -1
    outer loop
      vertex 6.7 -5.2 3.6
      vertex 0 -4.2 3.6
      vertex 0.104421 -4.19316 3.6
    endloop
  endfacet
  facet normal 0 0 -1
    outer loop
      vertex -6.7 -5.2 3.6
      vertex 0 -4.2 3.6
      vertex 6.7 -5.2 3.6
    endloop
  endfacet
  facet normal 0 0 -1
    outer loop
      vertex -0.799999 -3.4 3.6
      vertex -1.8 -3.4 3.6
      vertex -0.799999 0 3.6
    endloop
  endfacet
  facet normal 0 0 -1
    outer loop
      vertex -0.793156 -3.50442 3.6
      vertex -1.8 -3.4 3.6
      vertex -0.799999 -3.4 3.6
    endloop
  endfacet
  facet normal 0 0 -1
    outer loop
      vertex -1.80684 -3.50442 3.6
      vertex -0.793156 -3.50442 3.6
      vertex -0.77274 -3.60705 3.6
    endloop
  endfacet
  facet normal 0 0 -1
    outer loop
      vertex -1.82726 -3.60705 3.6
      vertex -0.77274 -3.60705 3.6
      vertex -0.739103 -3.70615 3.6
    endloop
  endfacet
  facet normal 0 0 -1
    outer loop
      vertex -1.8609 -3.70615 3.6
      vertex -0.739103 -3.70615 3.6
      vertex -0.69282 -3.8 3.6
    endloop
  endfacet
  facet normal 0 0 -1
    outer loop
      vertex -1.90718 -3.8 3.6
      vertex -0.69282 -3.8 3.6
      vertex -0.634683 -3.88701 3.6
    endloop
  endfacet
  facet normal 0 0 -1
    outer loop
      vertex -1.96532 -3.88701 3.6
      vertex -0.634683 -3.88701 3.6
      vertex -0.565685 -3.96568 3.6
    endloop
  endfacet
  facet normal 0 0 -1
    outer loop
      vertex -2.03431 -3.96568 3.6
      vertex -0.565685 -3.96568 3.6
      vertex -0.487009 -4.03468 3.6
    endloop
  endfacet
  facet normal 0 0 -1
    outer loop
      vertex -2.11299 -4.03468 3.6
      vertex -0.487009 -4.03468 3.6
      vertex -0.4 -4.09282 3.6
    endloop
  endfacet
  facet normal 0 0 -1
    outer loop
      vertex -0.793156 -3.50442 3.6
      vertex -1.80684 -3.50442 3.6
      vertex -1.8 -3.4 3.6
    endloop
  endfacet
  facet normal 0 0 -1
    outer loop
      vertex -2.2 -4.09282 3.6
      vertex -0.4 -4.09282 3.6
      vertex -0.306147 -4.1391 3.6
    endloop
  endfacet
  facet normal 0 0 -1
    outer loop
      vertex -0.77274 -3.60705 3.6
      vertex -1.82726 -3.60705 3.6
      vertex -1.80684 -3.50442 3.6
    endloop
  endfacet
  facet normal 0 0 -1
    outer loop
      vertex -0.739103 -3.70615 3.6
      vertex -1.8609 -3.70615 3.6
      vertex -1.82726 -3.60705 3.6
    endloop
  endfacet
  facet normal 0 0 -1
    outer loop
      vertex -2.29385 -4.1391 3.6
      vertex -0.306147 -4.1391 3.6
      vertex -0.207055 -4.17274 3.6
    endloop
  endfacet
  facet normal 0 0 -1
    outer loop
      vertex -0.69282 -3.8 3.6
      vertex -1.90718 -3.8 3.6
      vertex -1.8609 -3.70615 3.6
    endloop
  endfacet
  facet normal 0 0 -1
    outer loop
      vertex -0.634683 -3.88701 3.6
      vertex -1.96532 -3.88701 3.6
      vertex -1.90718 -3.8 3.6
    endloop
  endfacet
  facet normal 0 0 -1
    outer loop
      vertex -2.39294 -4.17274 3.6
      vertex -0.207055 -4.17274 3.6
      vertex -0.104421 -4.19316 3.6
    endloop
  endfacet
  facet normal 0 0 -1
    outer loop
      vertex -0.565685 -3.96568 3.6
      vertex -2.03431 -3.96568 3.6
      vertex -1.96532 -3.88701 3.6
    endloop
  endfacet
  facet normal -0 0 -1
    outer loop
      vertex 0 -4.2 3.6
      vertex -6.7 -5.2 3.6
      vertex -0.104421 -4.19316 3.6
    endloop
  endfacet
  facet normal 0 0 -1
    outer loop
      vertex -0.487009 -4.03468 3.6
      vertex -2.11299 -4.03468 3.6
      vertex -2.03431 -3.96568 3.6
    endloop
  endfacet
  facet normal 0 0 -1
    outer loop
      vertex -0.4 -4.09282 3.6
      vertex -2.2 -4.09282 3.6
      vertex -2.11299 -4.03468 3.6
    endloop
  endfacet
  facet normal 0 0 -1
    outer loop
      vertex -0.306147 -4.1391 3.6
      vertex -2.29385 -4.1391 3.6
      vertex -2.2 -4.09282 3.6
    endloop
  endfacet
  facet normal 0 0 -1
    outer loop
      vertex -0.207055 -4.17274 3.6
      vertex -2.39294 -4.17274 3.6
      vertex -2.29385 -4.1391 3.6
    endloop
  endfacet
  facet normal 0 0 -1
    outer loop
      vertex -0.104421 -4.19316 3.6
      vertex -2.49558 -4.19316 3.6
      vertex -2.39294 -4.17274 3.6
    endloop
  endfacet
  facet normal -0 0 -1
    outer loop
      vertex -0.104421 -4.19316 3.6
      vertex -6.7 -5.2 3.6
      vertex -2.49558 -4.19316 3.6
    endloop
  endfacet
  facet normal 0 0 -1
    outer loop
      vertex -2.49558 -4.19316 3.6
      vertex -6.7 -5.2 3.6
      vertex -2.6 -4.2 3.6
    endloop
  endfacet
  facet normal 0 0 -1
    outer loop
      vertex -3.4 -3.4 3.6
      vertex -4.4 -3.4 3.6
      vertex -3.4 0 3.6
    endloop
  endfacet
  facet normal 0 0 -1
    outer loop
      vertex -3.39316 -3.50442 3.6
      vertex -4.4 -3.4 3.6
      vertex -3.4 -3.4 3.6
    endloop
  endfacet
  facet normal 0 0 -1
    outer loop
      vertex -4.40684 -3.50442 3.6
      vertex -3.39316 -3.50442 3.6
      vertex -3.37274 -3.60705 3.6
    endloop
  endfacet
  facet normal 0 0 -1
    outer loop
      vertex -4.42726 -3.60705 3.6
      vertex -3.37274 -3.60705 3.6
      vertex -3.3391 -3.70615 3.6
    endloop
  endfacet
  facet normal 0 0 -1
    outer loop
      vertex -4.4609 -3.70615 3.6
      vertex -3.3391 -3.70615 3.6
      vertex -3.29282 -3.8 3.6
    endloop
  endfacet
  facet normal 0 0 -1
    outer loop
      vertex -4.50718 -3.8 3.6
      vertex -3.29282 -3.8 3.6
      vertex -3.23468 -3.88701 3.6
    endloop
  endfacet
  facet normal 0 0 -1
    outer loop
      vertex -4.56532 -3.88701 3.6
      vertex -3.23468 -3.88701 3.6
      vertex -3.16568 -3.96568 3.6
    endloop
  endfacet
  facet normal 0 0 -1
    outer loop
      vertex -4.63431 -3.96568 3.6
      vertex -3.16568 -3.96568 3.6
      vertex -3.08701 -4.03468 3.6
    endloop
  endfacet
  facet normal 0 0 -1
    outer loop
      vertex -4.71299 -4.03468 3.6
      vertex -3.08701 -4.03468 3.6
      vertex -3 -4.09282 3.6
    endloop
  endfacet
  facet normal 0 0 -1
    outer loop
      vertex -3.39316 -3.50442 3.6
      vertex -4.40684 -3.50442 3.6
      vertex -4.4 -3.4 3.6
    endloop
  endfacet
  facet normal 0 0 -1
    outer loop
      vertex -4.8 -4.09282 3.6
      vertex -3 -4.09282 3.6
      vertex -2.90615 -4.1391 3.6
    endloop
  endfacet
  facet normal 0 0 -1
    outer loop
      vertex -3.37274 -3.60705 3.6
      vertex -4.42726 -3.60705 3.6
      vertex -4.40684 -3.50442 3.6
    endloop
  endfacet
  facet normal 0 0 -1
    outer loop
      vertex -3.3391 -3.70615 3.6
      vertex -4.4609 -3.70615 3.6
      vertex -4.42726 -3.60705 3.6
    endloop
  endfacet
  facet normal 0 0 -1
    outer loop
      vertex -4.89385 -4.1391 3.6
      vertex -2.90615 -4.1391 3.6
      vertex -2.80705 -4.17274 3.6
    endloop
  endfacet
  facet normal 0 0 -1
    outer loop
      vertex -3.29282 -3.8 3.6
      vertex -4.50718 -3.8 3.6
      vertex -4.4609 -3.70615 3.6
    endloop
  endfacet
  facet normal 0 0 -1
    outer loop
      vertex -3.23468 -3.88701 3.6
      vertex -4.56532 -3.88701 3.6
      vertex -4.50718 -3.8 3.6
    endloop
  endfacet
  facet normal 0 0 -1
    outer loop
      vertex -6.7 -5.2 3.6
      vertex -2.80705 -4.17274 3.6
      vertex -2.70442 -4.19316 3.6
    endloop
  endfacet
  facet normal 0 0 -1
    outer loop
      vertex -3.16568 -3.96568 3.6
      vertex -4.63431 -3.96568 3.6
      vertex -4.56532 -3.88701 3.6
    endloop
  endfacet
  facet normal 0 0 -1
    outer loop
      vertex -3.08701 -4.03468 3.6
      vertex -4.71299 -4.03468 3.6
      vertex -4.63431 -3.96568 3.6
    endloop
  endfacet
  facet normal -0 0 -1
    outer loop
      vertex -2.6 -4.2 3.6
      vertex -6.7 -5.2 3.6
      vertex -2.70442 -4.19316 3.6
    endloop
  endfacet
  facet normal 0 0 -1
    outer loop
      vertex -3 -4.09282 3.6
      vertex -4.8 -4.09282 3.6
      vertex -4.71299 -4.03468 3.6
    endloop
  endfacet
  facet normal 0 0 -1
    outer loop
      vertex -2.90615 -4.1391 3.6
      vertex -4.89385 -4.1391 3.6
      vertex -4.8 -4.09282 3.6
    endloop
  endfacet
  facet normal -0 0 -1
    outer loop
      vertex -2.80705 -4.17274 3.6
      vertex -6.7 -5.2 3.6
      vertex -4.99294 -4.17274 3.6
    endloop
  endfacet
  facet normal 0 0 -1
    outer loop
      vertex -2.80705 -4.17274 3.6
      vertex -4.99294 -4.17274 3.6
      vertex -4.89385 -4.1391 3.6
    endloop
  endfacet
  facet normal 0 0 -1
    outer loop
      vertex -4.99294 -4.17274 3.6
      vertex -6.7 -5.2 3.6
      vertex -5.09558 -4.19316 3.6
    endloop
  endfacet
  facet normal 0 0 -1
    outer loop
      vertex -5.09558 -4.19316 3.6
      vertex -6.7 -5.2 3.6
      vertex -5.2 -4.2 3.6
    endloop
  endfacet
  facet normal -0 0 -1
    outer loop
      vertex -5.2 -4.2 3.6
      vertex -6.7 -5.2 3.6
      vertex -5.30442 -4.19316 3.6
    endloop
  endfacet
  facet normal 0 0 -1
    outer loop
      vertex -6.7 -5.2 3.6
      vertex -5.40705 -4.17274 3.6
      vertex -5.30442 -4.19316 3.6
    endloop
  endfacet
  facet normal 0 0 -1
    outer loop
      vertex -6.7 -5.2 3.6
      vertex -5.50615 -4.1391 3.6
      vertex -5.40705 -4.17274 3.6
    endloop
  endfacet
  facet normal 0 0 -1
    outer loop
      vertex -6.7 -5.2 3.6
      vertex -5.6 -4.09282 3.6
      vertex -5.50615 -4.1391 3.6
    endloop
  endfacet
  facet normal 0 0 -1
    outer loop
      vertex -6.7 -5.2 3.6
      vertex -5.68701 -4.03468 3.6
      vertex -5.6 -4.09282 3.6
    endloop
  endfacet
  facet normal 0 0 -1
    outer loop
      vertex -6.7 -5.2 3.6
      vertex -5.76569 -3.96568 3.6
      vertex -5.68701 -4.03468 3.6
    endloop
  endfacet
  facet normal 0 0 -1
    outer loop
      vertex -6.7 -5.2 3.6
      vertex -5.83468 -3.88701 3.6
      vertex -5.76569 -3.96568 3.6
    endloop
  endfacet
  facet normal 0 0 -1
    outer loop
      vertex -6.7 -5.2 3.6
      vertex -5.89282 -3.8 3.6
      vertex -5.83468 -3.88701 3.6
    endloop
  endfacet
  facet normal 0 0 -1
    outer loop
      vertex -6.7 -5.2 3.6
      vertex -5.9391 -3.70615 3.6
      vertex -5.89282 -3.8 3.6
    endloop
  endfacet
  facet normal 0 0 -1
    outer loop
      vertex -6.7 -5.2 3.6
      vertex -5.97274 -3.60705 3.6
      vertex -5.9391 -3.70615 3.6
    endloop
  endfacet
  facet normal 0 0 -1
    outer loop
      vertex -6.7 -5.2 3.6
      vertex -5.99316 -3.50442 3.6
      vertex -5.97274 -3.60705 3.6
    endloop
  endfacet
  facet normal 0 0 -1
    outer loop
      vertex -6.7 -5.2 3.6
      vertex -6 -3.4 3.6
      vertex -5.99316 -3.50442 3.6
    endloop
  endfacet
  facet normal 0 0 -1
    outer loop
      vertex -6.7 0 3.6
      vertex -6 -3.4 3.6
      vertex -6.7 -5.2 3.6
    endloop
  endfacet
  facet normal 0 0 -1
    outer loop
      vertex -6 -3.4 3.6
      vertex -6.7 0 3.6
      vertex -6 0 3.6
    endloop
  endfacet
  facet normal -0 0 -1
    outer loop
      vertex 6.7 0 3.6
      vertex 6 -3.4 3.6
      vertex 6 0 3.6
    endloop
  endfacet
  facet normal -0 0 -1
    outer loop
      vertex 4.4 0 3.6
      vertex 3.4 -3.4 3.6
      vertex 3.4 0 3.6
    endloop
  endfacet
  facet normal -0 0 -1
    outer loop
      vertex 1.8 0 3.6
      vertex 0.799999 -3.4 3.6
      vertex 0.799999 0 3.6
    endloop
  endfacet
  facet normal -0 0 -1
    outer loop
      vertex -0.799999 0 3.6
      vertex -1.8 -3.4 3.6
      vertex -1.8 0 3.6
    endloop
  endfacet
  facet normal -0 0 -1
    outer loop
      vertex -3.4 0 3.6
      vertex -4.4 -3.4 3.6
      vertex -4.4 0 3.6
    endloop
  endfacet
  facet normal 0 0 -1
    outer loop
      vertex 7.85 -6.76 0
      vertex 6.7 -5.2 0
      vertex 7.85 0 0
    endloop
  endfacet
  facet normal 0 0 -1
    outer loop
      vertex 1.1 -6.76 0
      vertex 6.7 -5.2 0
      vertex 7.85 -6.76 0
    endloop
  endfacet
  facet normal -0 0 -1
    outer loop
      vertex 6.7 -5.2 0
      vertex 1.1 -6.76 0
      vertex 1.1 -5.2 0
    endloop
  endfacet
  facet normal -0 0 -1
    outer loop
      vertex 7.85 0 0
      vertex 6.7 -5.2 0
      vertex 6.7 0 0
    endloop
  endfacet
  facet normal -0 0 1
    outer loop
      vertex -6.7 0 0
      vertex 1.1 -5.2 0
      vertex 1.1 0 0
    endloop
  endfacet
  facet normal 0 0 1
    outer loop
      vertex 1.1 -5.2 0
      vertex -6.7 0 0
      vertex -6.7 -5.2 0
    endloop
  endfacet
  facet normal 1 -0 0
    outer loop
      vertex -6.7 -5.2 3.6
      vertex -6.7 0 0
      vertex -6.7 0 3.6
    endloop
  endfacet
  facet normal 1 0 0
    outer loop
      vertex -6.7 0 0
      vertex -6.7 -5.2 3.6
      vertex -6.7 -5.2 0
    endloop
  endfacet
  facet normal 0 1 0
    outer loop
      vertex 6.7 -5.2 3.6
      vertex 4.4 -5.2 3
      vertex -6.7 -5.2 3.6
    endloop
  endfacet
  facet normal 0 1 0
    outer loop
      vertex 6.7 -5.2 3.6
      vertex 4.50442 -5.2 2.99316
      vertex 4.4 -5.2 3
    endloop
  endfacet
  facet normal 0 1 0
    outer loop
      vertex 6.7 -5.2 3.6
      vertex 4.60705 -5.2 2.97274
      vertex 4.50442 -5.2 2.99316
    endloop
  endfacet
  facet normal 0 1 0
    outer loop
      vertex 6.7 -5.2 3.6
      vertex 4.70615 -5.2 2.9391
      vertex 4.60705 -5.2 2.97274
    endloop
  endfacet
  facet normal 0 1 0
    outer loop
      vertex 6.7 -5.2 3.6
      vertex 4.8 -5.2 2.89282
      vertex 4.70615 -5.2 2.9391
    endloop
  endfacet
  facet normal 0 1 0
    outer loop
      vertex 6.7 -5.2 3.6
      vertex 4.88701 -5.2 2.83468
      vertex 4.8 -5.2 2.89282
    endloop
  endfacet
  facet normal 0 1 0
    outer loop
      vertex 6.7 -5.2 3.6
      vertex 4.96568 -5.2 2.76569
      vertex 4.88701 -5.2 2.83468
    endloop
  endfacet
  facet normal 0 1 0
    outer loop
      vertex 6.7 -5.2 3.6
      vertex 5.03468 -5.2 2.68701
      vertex 4.96568 -5.2 2.76569
    endloop
  endfacet
  facet normal 0 1 0
    outer loop
      vertex 6.7 -5.2 3.6
      vertex 5.09282 -5.2 2.6
      vertex 5.03468 -5.2 2.68701
    endloop
  endfacet
  facet normal 0 1 0
    outer loop
      vertex 6.7 -5.2 3.6
      vertex 5.1391 -5.2 2.50615
      vertex 5.09282 -5.2 2.6
    endloop
  endfacet
  facet normal 0 1 0
    outer loop
      vertex 6.7 -5.2 3.6
      vertex 5.17274 -5.2 2.40705
      vertex 5.1391 -5.2 2.50615
    endloop
  endfacet
  facet normal 0 1 0
    outer loop
      vertex 6.7 -5.2 3.6
      vertex 5.19316 -5.2 2.30442
      vertex 5.17274 -5.2 2.40705
    endloop
  endfacet
  facet normal 0 1 0
    outer loop
      vertex 6.7 -5.2 3.6
      vertex 5.2 -5.2 2.2
      vertex 5.19316 -5.2 2.30442
    endloop
  endfacet
  facet normal 0 1 0
    outer loop
      vertex 6.7 -5.2 3.6
      vertex 5.19316 -5.2 2.09558
      vertex 5.2 -5.2 2.2
    endloop
  endfacet
  facet normal 0 1 -0
    outer loop
      vertex 6.7 -5.2 0
      vertex 5.19316 -5.2 2.09558
      vertex 6.7 -5.2 3.6
    endloop
  endfacet
  facet normal 0 1 0
    outer loop
      vertex 5.19316 -5.2 2.09558
      vertex 6.7 -5.2 0
      vertex 5.17274 -5.2 1.99294
    endloop
  endfacet
  facet normal 0 1 0
    outer loop
      vertex 5.17274 -5.2 1.99294
      vertex 6.7 -5.2 0
      vertex 5.1391 -5.2 1.89385
    endloop
  endfacet
  facet normal 0 1 0
    outer loop
      vertex 5.1391 -5.2 1.89385
      vertex 6.7 -5.2 0
      vertex 5.09282 -5.2 1.8
    endloop
  endfacet
  facet normal 0 1 0
    outer loop
      vertex 5.09282 -5.2 1.8
      vertex 6.7 -5.2 0
      vertex 5.03468 -5.2 1.71299
    endloop
  endfacet
  facet normal 0 1 0
    outer loop
      vertex 1.1 -5.2 0
      vertex 4.4 -5.2 1.4
      vertex 6.7 -5.2 0
    endloop
  endfacet
  facet normal 0 1 0
    outer loop
      vertex 4.50442 -5.2 1.40684
      vertex 6.7 -5.2 0
      vertex 4.4 -5.2 1.4
    endloop
  endfacet
  facet normal 0 1 0
    outer loop
      vertex 4.60705 -5.2 1.42726
      vertex 6.7 -5.2 0
      vertex 4.50442 -5.2 1.40684
    endloop
  endfacet
  facet normal 0 1 0
    outer loop
      vertex 4.70615 -5.2 1.4609
      vertex 6.7 -5.2 0
      vertex 4.60705 -5.2 1.42726
    endloop
  endfacet
  facet normal 0 1 0
    outer loop
      vertex 4.8 -5.2 1.50718
      vertex 6.7 -5.2 0
      vertex 4.70615 -5.2 1.4609
    endloop
  endfacet
  facet normal 0 1 0
    outer loop
      vertex 4.88701 -5.2 1.56532
      vertex 6.7 -5.2 0
      vertex 4.8 -5.2 1.50718
    endloop
  endfacet
  facet normal 0 1 0
    outer loop
      vertex 4.96568 -5.2 1.63431
      vertex 6.7 -5.2 0
      vertex 4.88701 -5.2 1.56532
    endloop
  endfacet
  facet normal 0 1 0
    outer loop
      vertex 5.03468 -5.2 1.71299
      vertex 6.7 -5.2 0
      vertex 4.96568 -5.2 1.63431
    endloop
  endfacet
  facet normal 0 1 -0
    outer loop
      vertex -4.4 -5.2 3
      vertex -6.7 -5.2 3.6
      vertex 4.4 -5.2 3
    endloop
  endfacet
  facet normal 0 1 -0
    outer loop
      vertex -4.50442 -5.2 2.99316
      vertex -6.7 -5.2 3.6
      vertex -4.4 -5.2 3
    endloop
  endfacet
  facet normal 0 1 -0
    outer loop
      vertex -4.60705 -5.2 2.97274
      vertex -6.7 -5.2 3.6
      vertex -4.50442 -5.2 2.99316
    endloop
  endfacet
  facet normal 0 1 -0
    outer loop
      vertex -4.70615 -5.2 2.9391
      vertex -6.7 -5.2 3.6
      vertex -4.60705 -5.2 2.97274
    endloop
  endfacet
  facet normal 0 1 -0
    outer loop
      vertex -4.8 -5.2 2.89282
      vertex -6.7 -5.2 3.6
      vertex -4.70615 -5.2 2.9391
    endloop
  endfacet
  facet normal 0 1 -0
    outer loop
      vertex -4.88701 -5.2 2.83468
      vertex -6.7 -5.2 3.6
      vertex -4.8 -5.2 2.89282
    endloop
  endfacet
  facet normal 0 1 -0
    outer loop
      vertex -4.96568 -5.2 2.76569
      vertex -6.7 -5.2 3.6
      vertex -4.88701 -5.2 2.83468
    endloop
  endfacet
  facet normal 0 1 -0
    outer loop
      vertex -5.03468 -5.2 2.68701
      vertex -6.7 -5.2 3.6
      vertex -4.96568 -5.2 2.76569
    endloop
  endfacet
  facet normal 0 1 -0
    outer loop
      vertex -5.09282 -5.2 2.6
      vertex -6.7 -5.2 3.6
      vertex -5.03468 -5.2 2.68701
    endloop
  endfacet
  facet normal 0 1 -0
    outer loop
      vertex -5.1391 -5.2 2.50615
      vertex -6.7 -5.2 3.6
      vertex -5.09282 -5.2 2.6
    endloop
  endfacet
  facet normal 0 1 -0
    outer loop
      vertex -5.17274 -5.2 2.40705
      vertex -6.7 -5.2 3.6
      vertex -5.1391 -5.2 2.50615
    endloop
  endfacet
  facet normal 0 1 -0
    outer loop
      vertex -5.19316 -5.2 2.30442
      vertex -6.7 -5.2 3.6
      vertex -5.17274 -5.2 2.40705
    endloop
  endfacet
  facet normal 0 1 -0
    outer loop
      vertex -5.2 -5.2 2.2
      vertex -6.7 -5.2 3.6
      vertex -5.19316 -5.2 2.30442
    endloop
  endfacet
  facet normal 0 1 0
    outer loop
      vertex -5.19316 -5.2 2.09558
      vertex -6.7 -5.2 3.6
      vertex -5.2 -5.2 2.2
    endloop
  endfacet
  facet normal 0 1 0
    outer loop
      vertex -6.7 -5.2 0
      vertex -5.19316 -5.2 2.09558
      vertex -5.17274 -5.2 1.99294
    endloop
  endfacet
  facet normal 0 1 0
    outer loop
      vertex -6.7 -5.2 0
      vertex -5.17274 -5.2 1.99294
      vertex -5.1391 -5.2 1.89385
    endloop
  endfacet
  facet normal 0 1 0
    outer loop
      vertex -6.7 -5.2 0
      vertex -5.1391 -5.2 1.89385
      vertex -5.09282 -5.2 1.8
    endloop
  endfacet
  facet normal 0 1 0
    outer loop
      vertex -6.7 -5.2 0
      vertex -5.09282 -5.2 1.8
      vertex -5.03468 -5.2 1.71299
    endloop
  endfacet
  facet normal 0 1 0
    outer loop
      vertex -6.7 -5.2 0
      vertex -5.03468 -5.2 1.71299
      vertex -4.96568 -5.2 1.63431
    endloop
  endfacet
  facet normal 0 1 0
    outer loop
      vertex 4.4 -5.2 1.4
      vertex 1.1 -5.2 0
      vertex -4.4 -5.2 1.4
    endloop
  endfacet
  facet normal 0 1 0
    outer loop
      vertex -6.7 -5.2 0
      vertex -4.4 -5.2 1.4
      vertex 1.1 -5.2 0
    endloop
  endfacet
  facet normal 0 1 0
    outer loop
      vertex -4.4 -5.2 1.4
      vertex -6.7 -5.2 0
      vertex -4.50442 -5.2 1.40684
    endloop
  endfacet
  facet normal 0 1 0
    outer loop
      vertex -5.19316 -5.2 2.09558
      vertex -6.7 -5.2 0
      vertex -6.7 -5.2 3.6
    endloop
  endfacet
  facet normal 0 1 0
    outer loop
      vertex -4.88701 -5.2 1.56532
      vertex -6.7 -5.2 0
      vertex -4.96568 -5.2 1.63431
    endloop
  endfacet
  facet normal 0 1 0
    outer loop
      vertex -4.8 -5.2 1.50718
      vertex -6.7 -5.2 0
      vertex -4.88701 -5.2 1.56532
    endloop
  endfacet
  facet normal 0 1 0
    outer loop
      vertex -4.70615 -5.2 1.4609
      vertex -6.7 -5.2 0
      vertex -4.8 -5.2 1.50718
    endloop
  endfacet
  facet normal 0 1 0
    outer loop
      vertex -4.60705 -5.2 1.42726
      vertex -6.7 -5.2 0
      vertex -4.70615 -5.2 1.4609
    endloop
  endfacet
  facet normal 0 1 0
    outer loop
      vertex -4.50442 -5.2 1.40684
      vertex -6.7 -5.2 0
      vertex -4.60705 -5.2 1.42726
    endloop
  endfacet
  facet normal -1 0 0
    outer loop
      vertex 8.86487 -7.77487 -11.6
      vertex 8.86487 0 -11.59
      vertex 8.86487 0 -11.6
    endloop
  endfacet
  facet normal -1 -0 0
    outer loop
      vertex 8.86487 0 -11.59
      vertex 8.86487 -7.77487 -11.6
      vertex 8.86487 -7.77487 -11.59
    endloop
  endfacet
  facet normal -0.996188 0 -0.0872305
    outer loop
      vertex 8.86487 0 -11.59
      vertex 7.85 -6.76 0
      vertex 7.85 0 0
    endloop
  endfacet
  facet normal -0.996188 0 -0.0872305
    outer loop
      vertex 7.85 -6.76 0
      vertex 8.86487 0 -11.59
      vertex 8.86487 -7.77487 -11.59
    endloop
  endfacet
  facet normal 0.996188 0 -0.0872307
    outer loop
      vertex 1.1 -5.2 0
      vertex 0.924871 0 -2
      vertex 1.1 0 0
    endloop
  endfacet
  facet normal 0.996188 0 -0.0872307
    outer loop
      vertex 0.924871 -6.93513 -2
      vertex 1.1 -5.2 0
      vertex 1.1 -6.76 0
    endloop
  endfacet
  facet normal 0.996188 0 -0.0872307
    outer loop
      vertex 1.1 -5.2 0
      vertex 0.924871 -6.93513 -2
      vertex 0.924871 0 -2
    endloop
  endfacet
  facet normal -0 0 1
    outer loop
      vertex 7.85 0 -11.6
      vertex 8.86487 -7.77487 -11.6
      vertex 8.86487 0 -11.6
    endloop
  endfacet
  facet normal 0 0 1
    outer loop
      vertex 8.86487 -7.77487 -11.6
      vertex 7.85 0 -11.6
      vertex 7.85 -7.77487 -11.6
    endloop
  endfacet
  facet normal 0 1 0
    outer loop
      vertex 8.86487 -7.77487 -11.59
      vertex 8.86487 -7.77487 -11.6
      vertex 7.85 -7.77487 -11.59
    endloop
  endfacet
  facet normal 0 1 -0
    outer loop
      vertex 7.85 -7.77487 -11.59
      vertex -6.7 -7.77487 -2
      vertex 7.85 -7.77487 -2
    endloop
  endfacet
  facet normal 0 1 0
    outer loop
      vertex 7.85 -7.77487 -11.6
      vertex 7.85 -7.77487 -11.59
      vertex 8.86487 -7.77487 -11.6
    endloop
  endfacet
  facet normal 0 1 0
    outer loop
      vertex -6.7 -7.77487 -13.6
      vertex 7.85 -7.77487 -11.59
      vertex 7.85 -7.77487 -11.6
    endloop
  endfacet
  facet normal 0 1 0
    outer loop
      vertex -6.7 -7.77487 -13.6
      vertex 7.85 -7.77487 -11.6
      vertex 7.85 -7.77487 -13.6
    endloop
  endfacet
  facet normal 0 1 0
    outer loop
      vertex 7.85 -7.77487 -11.59
      vertex -6.7 -7.77487 -13.6
      vertex -6.7 -7.77487 -2
    endloop
  endfacet
  facet normal 0 0.996188 -0.0872312
    outer loop
      vertex 7.85 -6.76 0
      vertex 7.85 -6.93513 -2
      vertex 1.1 -6.76 0
    endloop
  endfacet
  facet normal -8.19629e-06 0.996188 -0.0872312
    outer loop
      vertex 8.86487 -7.77487 -11.59
      vertex 7.85 -6.93513 -2
      vertex 7.85 -6.76 0
    endloop
  endfacet
  facet normal 0 0.996188 -0.0872303
    outer loop
      vertex 7.85 -6.93513 -2
      vertex 8.86487 -7.77487 -11.59
      vertex 7.85 -7.77487 -11.59
    endloop
  endfacet
  facet normal 0 0.996188 -0.0872312
    outer loop
      vertex 1.1 -6.76 0
      vertex 7.85 -6.93513 -2
      vertex 0.924871 -6.93513 -2
    endloop
  endfacet
  facet normal -1 0 0
    outer loop
      vertex 7.85 -7.77487 -2
      vertex 7.85 -6.93513 -2
      vertex 7.85 -7.77487 -11.59
    endloop
  endfacet
  facet normal -1 0 0
    outer loop
      vertex 7.85 -7.77487 -13.6
      vertex 7.85 0 -11.6
      vertex 7.85 0 -13.6
    endloop
  endfacet
  facet normal -1 -0 0
    outer loop
      vertex 7.85 0 -11.6
      vertex 7.85 -7.77487 -13.6
      vertex 7.85 -7.77487 -11.6
    endloop
  endfacet
  facet normal 0 0 -1
    outer loop
      vertex 7.85 -7.77487 -2
      vertex 0.924871 -6.93513 -2
      vertex 7.85 -6.93513 -2
    endloop
  endfacet
  facet normal 0 0 -1
    outer loop
      vertex -6.7 -7.77487 -2
      vertex 0.924871 -6.93513 -2
      vertex 7.85 -7.77487 -2
    endloop
  endfacet
  facet normal 0 0 -1
    outer loop
      vertex -6.7 0 -2
      vertex 0.924871 -6.93513 -2
      vertex -6.7 -7.77487 -2
    endloop
  endfacet
  facet normal 0 0 -1
    outer loop
      vertex 0.924871 -6.93513 -2
      vertex -6.7 0 -2
      vertex 0.924871 0 -2
    endloop
  endfacet
  facet normal 0 0 1
    outer loop
      vertex 5.76388 -0.169683 -13.6
      vertex 7.85 0 -13.6
      vertex 5.775 0 -13.6
    endloop
  endfacet
  facet normal 0 0 1
    outer loop
      vertex 5.7307 -0.336464 -13.6
      vertex 7.85 0 -13.6
      vertex 5.76388 -0.169683 -13.6
    endloop
  endfacet
  facet normal 0 0 1
    outer loop
      vertex 5.67604 -0.497488 -13.6
      vertex 7.85 0 -13.6
      vertex 5.7307 -0.336464 -13.6
    endloop
  endfacet
  facet normal 0 0 1
    outer loop
      vertex 5.60083 -0.65 -13.6
      vertex 7.85 0 -13.6
      vertex 5.67604 -0.497488 -13.6
    endloop
  endfacet
  facet normal 0 0 1
    outer loop
      vertex 5.50636 -0.791389 -13.6
      vertex 7.85 0 -13.6
      vertex 5.60083 -0.65 -13.6
    endloop
  endfacet
  facet normal 0 0 1
    outer loop
      vertex 5.39424 -0.919238 -13.6
      vertex 7.85 0 -13.6
      vertex 5.50636 -0.791389 -13.6
    endloop
  endfacet
  facet normal 0 0 1
    outer loop
      vertex 7.85 0 -13.6
      vertex 5.39424 -0.919238 -13.6
      vertex 7.85 -7.77487 -13.6
    endloop
  endfacet
  facet normal -0 0 1
    outer loop
      vertex 5.26639 -1.03136 -13.6
      vertex 7.85 -7.77487 -13.6
      vertex 5.39424 -0.919238 -13.6
    endloop
  endfacet
  facet normal -0 0 1
    outer loop
      vertex 5.125 -1.12583 -13.6
      vertex 7.85 -7.77487 -13.6
      vertex 5.26639 -1.03136 -13.6
    endloop
  endfacet
  facet normal -0 0 1
    outer loop
      vertex 4.97249 -1.20104 -13.6
      vertex 7.85 -7.77487 -13.6
      vertex 5.125 -1.12583 -13.6
    endloop
  endfacet
  facet normal -0 0 1
    outer loop
      vertex 4.81146 -1.2557 -13.6
      vertex 7.85 -7.77487 -13.6
      vertex 4.97249 -1.20104 -13.6
    endloop
  endfacet
  facet normal -0 0 1
    outer loop
      vertex 4.64468 -1.28888 -13.6
      vertex 7.85 -7.77487 -13.6
      vertex 4.81146 -1.2557 -13.6
    endloop
  endfacet
  facet normal -0 0 1
    outer loop
      vertex 4.475 -1.3 -13.6
      vertex 7.85 -7.77487 -13.6
      vertex 4.64468 -1.28888 -13.6
    endloop
  endfacet
  facet normal 0 0 1
    outer loop
      vertex 4.30532 -1.28888 -13.6
      vertex 7.85 -7.77487 -13.6
      vertex 4.475 -1.3 -13.6
    endloop
  endfacet
  facet normal 0 0 1
    outer loop
      vertex 4.13853 -1.2557 -13.6
      vertex 7.85 -7.77487 -13.6
      vertex 4.30532 -1.28888 -13.6
    endloop
  endfacet
  facet normal 0 0 1
    outer loop
      vertex 3.97751 -1.20104 -13.6
      vertex 7.85 -7.77487 -13.6
      vertex 4.13853 -1.2557 -13.6
    endloop
  endfacet
  facet normal 0 0 1
    outer loop
      vertex 3.825 -1.12583 -13.6
      vertex 7.85 -7.77487 -13.6
      vertex 3.97751 -1.20104 -13.6
    endloop
  endfacet
  facet normal 0 0 1
    outer loop
      vertex -6.7 -7.77487 -13.6
      vertex 3.825 -1.12583 -13.6
      vertex 3.68361 -1.03136 -13.6
    endloop
  endfacet
  facet normal 0 0 1
    outer loop
      vertex -6.7 -7.77487 -13.6
      vertex 3.68361 -1.03136 -13.6
      vertex 3.55576 -0.919238 -13.6
    endloop
  endfacet
  facet normal 0 0 1
    outer loop
      vertex -6.7 -7.77487 -13.6
      vertex 3.55576 -0.919238 -13.6
      vertex 3.44364 -0.791389 -13.6
    endloop
  endfacet
  facet normal 0 0 1
    outer loop
      vertex -6.7 -7.77487 -13.6
      vertex 3.44364 -0.791389 -13.6
      vertex 3.34917 -0.65 -13.6
    endloop
  endfacet
  facet normal -0 0 1
    outer loop
      vertex -6.7 0 -13.6
      vertex 3.18612 -0.169683 -13.6
      vertex 3.175 0 -13.6
    endloop
  endfacet
  facet normal 0 0 1
    outer loop
      vertex -6.7 0 -13.6
      vertex 3.2193 -0.336464 -13.6
      vertex 3.18612 -0.169683 -13.6
    endloop
  endfacet
  facet normal 0 0 1
    outer loop
      vertex -6.7 0 -13.6
      vertex 3.27396 -0.497488 -13.6
      vertex 3.2193 -0.336464 -13.6
    endloop
  endfacet
  facet normal 0 0 1
    outer loop
      vertex -6.7 0 -13.6
      vertex 3.34917 -0.65 -13.6
      vertex 3.27396 -0.497488 -13.6
    endloop
  endfacet
  facet normal 0 0 1
    outer loop
      vertex -6.7 -7.77487 -13.6
      vertex 3.34917 -0.65 -13.6
      vertex -6.7 0 -13.6
    endloop
  endfacet
  facet normal 0 0 1
    outer loop
      vertex 3.825 -1.12583 -13.6
      vertex -6.7 -7.77487 -13.6
      vertex 7.85 -7.77487 -13.6
    endloop
  endfacet
  facet normal 1 -0 0
    outer loop
      vertex -6.7 -7.77487 -2
      vertex -6.7 0 -13.6
      vertex -6.7 0 -2
    endloop
  endfacet
  facet normal 1 0 0
    outer loop
      vertex -6.7 0 -13.6
      vertex -6.7 -7.77487 -2
      vertex -6.7 -7.77487 -13.6
    endloop
  endfacet
  facet normal -0.0653646 0.997861 0
    outer loop
      vertex -5.09558 -4.19316 3.6
      vertex -5.2 -4.2 5.6
      vertex -5.09558 -4.19316 5.6
    endloop
  endfacet
  facet normal -0.0653646 0.997861 0
    outer loop
      vertex -5.2 -4.2 5.6
      vertex -5.09558 -4.19316 3.6
      vertex -5.2 -4.2 3.6
    endloop
  endfacet
  facet normal 0.997861 0.0653646 0
    outer loop
      vertex -5.99316 -3.50442 5.6
      vertex -6 -3.4 3.6
      vertex -6 -3.4 5.6
    endloop
  endfacet
  facet normal 0.997861 0.0653646 0
    outer loop
      vertex -6 -3.4 3.6
      vertex -5.99316 -3.50442 5.6
      vertex -5.99316 -3.50442 3.6
    endloop
  endfacet
  facet normal -0.94693 0.32144 0
    outer loop
      vertex -4.4609 -3.70615 3.6
      vertex -4.42726 -3.60705 5.6
      vertex -4.42726 -3.60705 3.6
    endloop
  endfacet
  facet normal -0.94693 0.32144 0
    outer loop
      vertex -4.42726 -3.60705 5.6
      vertex -4.4609 -3.70615 3.6
      vertex -4.4609 -3.70615 5.6
    endloop
  endfacet
  facet normal 0.0653646 0.997861 -0
    outer loop
      vertex -5.2 -4.2 3.6
      vertex -5.30442 -4.19316 5.6
      vertex -5.2 -4.2 5.6
    endloop
  endfacet
  facet normal 0.0653646 0.997861 0
    outer loop
      vertex -5.30442 -4.19316 5.6
      vertex -5.2 -4.2 3.6
      vertex -5.30442 -4.19316 3.6
    endloop
  endfacet
  facet normal -0.555582 0.831462 0
    outer loop
      vertex -4.71299 -4.03468 3.6
      vertex -4.8 -4.09282 5.6
      vertex -4.71299 -4.03468 5.6
    endloop
  endfacet
  facet normal -0.555582 0.831462 0
    outer loop
      vertex -4.8 -4.09282 5.6
      vertex -4.71299 -4.03468 3.6
      vertex -4.8 -4.09282 3.6
    endloop
  endfacet
  facet normal -0.997861 0.0653646 0
    outer loop
      vertex -4.40684 -3.50442 3.6
      vertex -4.4 -3.4 5.6
      vertex -4.4 -3.4 3.6
    endloop
  endfacet
  facet normal -0.997861 0.0653646 0
    outer loop
      vertex -4.4 -3.4 5.6
      vertex -4.40684 -3.50442 3.6
      vertex -4.40684 -3.50442 5.6
    endloop
  endfacet
  facet normal 1 -0 0
    outer loop
      vertex -6 -3.4 5.6
      vertex -6 0 3.6
      vertex -6 0 5.6
    endloop
  endfacet
  facet normal 1 0 0
    outer loop
      vertex -6 0 3.6
      vertex -6 -3.4 5.6
      vertex -6 -3.4 3.6
    endloop
  endfacet
  facet normal 0.555582 0.831462 -0
    outer loop
      vertex -5.6 -4.09282 3.6
      vertex -5.68701 -4.03468 5.6
      vertex -5.6 -4.09282 5.6
    endloop
  endfacet
  facet normal 0.555582 0.831462 0
    outer loop
      vertex -5.68701 -4.03468 5.6
      vertex -5.6 -4.09282 3.6
      vertex -5.68701 -4.03468 3.6
    endloop
  endfacet
  facet normal -1 0 0
    outer loop
      vertex -4.4 -3.4 3.6
      vertex -4.4 0 5.6
      vertex -4.4 0 3.6
    endloop
  endfacet
  facet normal -1 -0 0
    outer loop
      vertex -4.4 0 5.6
      vertex -4.4 -3.4 3.6
      vertex -4.4 -3.4 5.6
    endloop
  endfacet
  facet normal 0.94693 0.32144 0
    outer loop
      vertex -5.9391 -3.70615 5.6
      vertex -5.97274 -3.60705 3.6
      vertex -5.97274 -3.60705 5.6
    endloop
  endfacet
  facet normal 0.94693 0.32144 0
    outer loop
      vertex -5.97274 -3.60705 3.6
      vertex -5.9391 -3.70615 5.6
      vertex -5.9391 -3.70615 3.6
    endloop
  endfacet
  facet normal -0.896879 0.442276 0
    outer loop
      vertex -4.50718 -3.8 3.6
      vertex -4.4609 -3.70615 5.6
      vertex -4.4609 -3.70615 3.6
    endloop
  endfacet
  facet normal -0.896879 0.442276 0
    outer loop
      vertex -4.4609 -3.70615 5.6
      vertex -4.50718 -3.8 3.6
      vertex -4.50718 -3.8 5.6
    endloop
  endfacet
  facet normal 0.442276 0.896879 -0
    outer loop
      vertex -5.50615 -4.1391 3.6
      vertex -5.6 -4.09282 5.6
      vertex -5.50615 -4.1391 5.6
    endloop
  endfacet
  facet normal 0.442276 0.896879 0
    outer loop
      vertex -5.6 -4.09282 5.6
      vertex -5.50615 -4.1391 3.6
      vertex -5.6 -4.09282 3.6
    endloop
  endfacet
  facet normal -0.980775 0.195142 0
    outer loop
      vertex -4.42726 -3.60705 3.6
      vertex -4.40684 -3.50442 5.6
      vertex -4.40684 -3.50442 3.6
    endloop
  endfacet
  facet normal -0.980775 0.195142 0
    outer loop
      vertex -4.40684 -3.50442 5.6
      vertex -4.42726 -3.60705 3.6
      vertex -4.42726 -3.60705 5.6
    endloop
  endfacet
  facet normal -0.659343 0.751842 0
    outer loop
      vertex -4.63431 -3.96568 3.6
      vertex -4.71299 -4.03468 5.6
      vertex -4.63431 -3.96568 5.6
    endloop
  endfacet
  facet normal -0.659343 0.751842 0
    outer loop
      vertex -4.71299 -4.03468 5.6
      vertex -4.63431 -3.96568 3.6
      vertex -4.71299 -4.03468 3.6
    endloop
  endfacet
  facet normal -0.195124 0.980779 0
    outer loop
      vertex -4.99294 -4.17274 3.6
      vertex -5.09558 -4.19316 5.6
      vertex -4.99294 -4.17274 5.6
    endloop
  endfacet
  facet normal -0.195124 0.980779 0
    outer loop
      vertex -5.09558 -4.19316 5.6
      vertex -4.99294 -4.17274 3.6
      vertex -5.09558 -4.19316 3.6
    endloop
  endfacet
  facet normal 0.32144 0.94693 -0
    outer loop
      vertex -5.40705 -4.17274 3.6
      vertex -5.50615 -4.1391 5.6
      vertex -5.40705 -4.17274 5.6
    endloop
  endfacet
  facet normal 0.32144 0.94693 0
    outer loop
      vertex -5.50615 -4.1391 5.6
      vertex -5.40705 -4.17274 3.6
      vertex -5.50615 -4.1391 3.6
    endloop
  endfacet
  facet normal 0.195142 0.980775 -0
    outer loop
      vertex -5.30442 -4.19316 3.6
      vertex -5.40705 -4.17274 5.6
      vertex -5.30442 -4.19316 5.6
    endloop
  endfacet
  facet normal 0.195142 0.980775 0
    outer loop
      vertex -5.40705 -4.17274 5.6
      vertex -5.30442 -4.19316 3.6
      vertex -5.40705 -4.17274 3.6
    endloop
  endfacet
  facet normal 0.659343 0.751842 -0
    outer loop
      vertex -5.68701 -4.03468 3.6
      vertex -5.76569 -3.96568 5.6
      vertex -5.68701 -4.03468 5.6
    endloop
  endfacet
  facet normal 0.659343 0.751842 0
    outer loop
      vertex -5.76569 -3.96568 5.6
      vertex -5.68701 -4.03468 3.6
      vertex -5.76569 -3.96568 3.6
    endloop
  endfacet
  facet normal 0.896879 0.442276 0
    outer loop
      vertex -5.89282 -3.8 5.6
      vertex -5.9391 -3.70615 3.6
      vertex -5.9391 -3.70615 5.6
    endloop
  endfacet
  facet normal 0.896879 0.442276 0
    outer loop
      vertex -5.9391 -3.70615 3.6
      vertex -5.89282 -3.8 5.6
      vertex -5.89282 -3.8 3.6
    endloop
  endfacet
  facet normal 0.831462 0.555582 0
    outer loop
      vertex -5.83468 -3.88701 5.6
      vertex -5.89282 -3.8 3.6
      vertex -5.89282 -3.8 5.6
    endloop
  endfacet
  facet normal 0.831462 0.555582 0
    outer loop
      vertex -5.89282 -3.8 3.6
      vertex -5.83468 -3.88701 5.6
      vertex -5.83468 -3.88701 3.6
    endloop
  endfacet
  facet normal 0.751848 0.659336 0
    outer loop
      vertex -5.76569 -3.96568 5.6
      vertex -5.83468 -3.88701 3.6
      vertex -5.83468 -3.88701 5.6
    endloop
  endfacet
  facet normal 0.751848 0.659336 0
    outer loop
      vertex -5.83468 -3.88701 3.6
      vertex -5.76569 -3.96568 5.6
      vertex -5.76569 -3.96568 3.6
    endloop
  endfacet
  facet normal -0.442276 0.896879 0
    outer loop
      vertex -4.8 -4.09282 3.6
      vertex -4.89385 -4.1391 5.6
      vertex -4.8 -4.09282 5.6
    endloop
  endfacet
  facet normal -0.442276 0.896879 0
    outer loop
      vertex -4.89385 -4.1391 5.6
      vertex -4.8 -4.09282 3.6
      vertex -4.89385 -4.1391 3.6
    endloop
  endfacet
  facet normal -0.321469 0.94692 0
    outer loop
      vertex -4.89385 -4.1391 3.6
      vertex -4.99294 -4.17274 5.6
      vertex -4.89385 -4.1391 5.6
    endloop
  endfacet
  facet normal -0.321469 0.94692 0
    outer loop
      vertex -4.99294 -4.17274 5.6
      vertex -4.89385 -4.1391 3.6
      vertex -4.99294 -4.17274 3.6
    endloop
  endfacet
  facet normal -0.831462 0.555582 0
    outer loop
      vertex -4.56532 -3.88701 3.6
      vertex -4.50718 -3.8 5.6
      vertex -4.50718 -3.8 3.6
    endloop
  endfacet
  facet normal -0.831462 0.555582 0
    outer loop
      vertex -4.50718 -3.8 5.6
      vertex -4.56532 -3.88701 3.6
      vertex -4.56532 -3.88701 5.6
    endloop
  endfacet
  facet normal -0.751848 0.659336 0
    outer loop
      vertex -4.63431 -3.96568 3.6
      vertex -4.56532 -3.88701 5.6
      vertex -4.56532 -3.88701 3.6
    endloop
  endfacet
  facet normal -0.751848 0.659336 0
    outer loop
      vertex -4.56532 -3.88701 5.6
      vertex -4.63431 -3.96568 3.6
      vertex -4.63431 -3.96568 5.6
    endloop
  endfacet
  facet normal 0.980775 0.195142 0
    outer loop
      vertex -5.97274 -3.60705 5.6
      vertex -5.99316 -3.50442 3.6
      vertex -5.99316 -3.50442 5.6
    endloop
  endfacet
  facet normal 0.980775 0.195142 0
    outer loop
      vertex -5.99316 -3.50442 3.6
      vertex -5.97274 -3.60705 5.6
      vertex -5.97274 -3.60705 3.6
    endloop
  endfacet
  facet normal -0.0653646 0.997861 0
    outer loop
      vertex -2.49558 -4.19316 3.6
      vertex -2.6 -4.2 5.6
      vertex -2.49558 -4.19316 5.6
    endloop
  endfacet
  facet normal -0.0653646 0.997861 0
    outer loop
      vertex -2.6 -4.2 5.6
      vertex -2.49558 -4.19316 3.6
      vertex -2.6 -4.2 3.6
    endloop
  endfacet
  facet normal 0.997861 0.0653646 0
    outer loop
      vertex -3.39316 -3.50442 5.6
      vertex -3.4 -3.4 3.6
      vertex -3.4 -3.4 5.6
    endloop
  endfacet
  facet normal 0.997861 0.0653646 0
    outer loop
      vertex -3.4 -3.4 3.6
      vertex -3.39316 -3.50442 5.6
      vertex -3.39316 -3.50442 3.6
    endloop
  endfacet
  facet normal -0.94693 0.32144 0
    outer loop
      vertex -1.8609 -3.70615 3.6
      vertex -1.82726 -3.60705 5.6
      vertex -1.82726 -3.60705 3.6
    endloop
  endfacet
  facet normal -0.94693 0.32144 0
    outer loop
      vertex -1.82726 -3.60705 5.6
      vertex -1.8609 -3.70615 3.6
      vertex -1.8609 -3.70615 5.6
    endloop
  endfacet
  facet normal 0.0653646 0.997861 -0
    outer loop
      vertex -2.6 -4.2 3.6
      vertex -2.70442 -4.19316 5.6
      vertex -2.6 -4.2 5.6
    endloop
  endfacet
  facet normal 0.0653646 0.997861 0
    outer loop
      vertex -2.70442 -4.19316 5.6
      vertex -2.6 -4.2 3.6
      vertex -2.70442 -4.19316 3.6
    endloop
  endfacet
  facet normal -0.555582 0.831462 0
    outer loop
      vertex -2.11299 -4.03468 3.6
      vertex -2.2 -4.09282 5.6
      vertex -2.11299 -4.03468 5.6
    endloop
  endfacet
  facet normal -0.555582 0.831462 0
    outer loop
      vertex -2.2 -4.09282 5.6
      vertex -2.11299 -4.03468 3.6
      vertex -2.2 -4.09282 3.6
    endloop
  endfacet
  facet normal -0.997861 0.0653646 0
    outer loop
      vertex -1.80684 -3.50442 3.6
      vertex -1.8 -3.4 5.6
      vertex -1.8 -3.4 3.6
    endloop
  endfacet
  facet normal -0.997861 0.0653646 0
    outer loop
      vertex -1.8 -3.4 5.6
      vertex -1.80684 -3.50442 3.6
      vertex -1.80684 -3.50442 5.6
    endloop
  endfacet
  facet normal 1 -0 0
    outer loop
      vertex -3.4 -3.4 5.6
      vertex -3.4 0 3.6
      vertex -3.4 0 5.6
    endloop
  endfacet
  facet normal 1 0 0
    outer loop
      vertex -3.4 0 3.6
      vertex -3.4 -3.4 5.6
      vertex -3.4 -3.4 3.6
    endloop
  endfacet
  facet normal 0.555582 0.831462 -0
    outer loop
      vertex -3 -4.09282 3.6
      vertex -3.08701 -4.03468 5.6
      vertex -3 -4.09282 5.6
    endloop
  endfacet
  facet normal 0.555582 0.831462 0
    outer loop
      vertex -3.08701 -4.03468 5.6
      vertex -3 -4.09282 3.6
      vertex -3.08701 -4.03468 3.6
    endloop
  endfacet
  facet normal -1 0 0
    outer loop
      vertex -1.8 -3.4 3.6
      vertex -1.8 0 5.6
      vertex -1.8 0 3.6
    endloop
  endfacet
  facet normal -1 -0 0
    outer loop
      vertex -1.8 0 5.6
      vertex -1.8 -3.4 3.6
      vertex -1.8 -3.4 5.6
    endloop
  endfacet
  facet normal 0.94693 0.32144 0
    outer loop
      vertex -3.3391 -3.70615 5.6
      vertex -3.37274 -3.60705 3.6
      vertex -3.37274 -3.60705 5.6
    endloop
  endfacet
  facet normal 0.94693 0.32144 0
    outer loop
      vertex -3.37274 -3.60705 3.6
      vertex -3.3391 -3.70615 5.6
      vertex -3.3391 -3.70615 3.6
    endloop
  endfacet
  facet normal -0.896879 0.442276 0
    outer loop
      vertex -1.90718 -3.8 3.6
      vertex -1.8609 -3.70615 5.6
      vertex -1.8609 -3.70615 3.6
    endloop
  endfacet
  facet normal -0.896879 0.442276 0
    outer loop
      vertex -1.8609 -3.70615 5.6
      vertex -1.90718 -3.8 3.6
      vertex -1.90718 -3.8 5.6
    endloop
  endfacet
  facet normal 0.442276 0.896879 -0
    outer loop
      vertex -2.90615 -4.1391 3.6
      vertex -3 -4.09282 5.6
      vertex -2.90615 -4.1391 5.6
    endloop
  endfacet
  facet normal 0.442276 0.896879 0
    outer loop
      vertex -3 -4.09282 5.6
      vertex -2.90615 -4.1391 3.6
      vertex -3 -4.09282 3.6
    endloop
  endfacet
  facet normal -0.980775 0.195142 0
    outer loop
      vertex -1.82726 -3.60705 3.6
      vertex -1.80684 -3.50442 5.6
      vertex -1.80684 -3.50442 3.6
    endloop
  endfacet
  facet normal -0.980775 0.195142 0
    outer loop
      vertex -1.80684 -3.50442 5.6
      vertex -1.82726 -3.60705 3.6
      vertex -1.82726 -3.60705 5.6
    endloop
  endfacet
  facet normal -0.659343 0.751842 0
    outer loop
      vertex -2.03431 -3.96568 3.6
      vertex -2.11299 -4.03468 5.6
      vertex -2.03431 -3.96568 5.6
    endloop
  endfacet
  facet normal -0.659343 0.751842 0
    outer loop
      vertex -2.11299 -4.03468 5.6
      vertex -2.03431 -3.96568 3.6
      vertex -2.11299 -4.03468 3.6
    endloop
  endfacet
  facet normal -0.195124 0.980779 0
    outer loop
      vertex -2.39294 -4.17274 3.6
      vertex -2.49558 -4.19316 5.6
      vertex -2.39294 -4.17274 5.6
    endloop
  endfacet
  facet normal -0.195124 0.980779 0
    outer loop
      vertex -2.49558 -4.19316 5.6
      vertex -2.39294 -4.17274 3.6
      vertex -2.49558 -4.19316 3.6
    endloop
  endfacet
  facet normal 0.32144 0.94693 -0
    outer loop
      vertex -2.80705 -4.17274 3.6
      vertex -2.90615 -4.1391 5.6
      vertex -2.80705 -4.17274 5.6
    endloop
  endfacet
  facet normal 0.32144 0.94693 0
    outer loop
      vertex -2.90615 -4.1391 5.6
      vertex -2.80705 -4.17274 3.6
      vertex -2.90615 -4.1391 3.6
    endloop
  endfacet
  facet normal 0.195142 0.980775 -0
    outer loop
      vertex -2.70442 -4.19316 3.6
      vertex -2.80705 -4.17274 5.6
      vertex -2.70442 -4.19316 5.6
    endloop
  endfacet
  facet normal 0.195142 0.980775 0
    outer loop
      vertex -2.80705 -4.17274 5.6
      vertex -2.70442 -4.19316 3.6
      vertex -2.80705 -4.17274 3.6
    endloop
  endfacet
  facet normal 0.65939 0.751801 -0
    outer loop
      vertex -3.08701 -4.03468 3.6
      vertex -3.16568 -3.96568 5.6
      vertex -3.08701 -4.03468 5.6
    endloop
  endfacet
  facet normal 0.65939 0.751801 0
    outer loop
      vertex -3.16568 -3.96568 5.6
      vertex -3.08701 -4.03468 3.6
      vertex -3.16568 -3.96568 3.6
    endloop
  endfacet
  facet normal 0.896879 0.442276 0
    outer loop
      vertex -3.29282 -3.8 5.6
      vertex -3.3391 -3.70615 3.6
      vertex -3.3391 -3.70615 5.6
    endloop
  endfacet
  facet normal 0.896879 0.442276 0
    outer loop
      vertex -3.3391 -3.70615 3.6
      vertex -3.29282 -3.8 5.6
      vertex -3.29282 -3.8 3.6
    endloop
  endfacet
  facet normal 0.831462 0.555582 0
    outer loop
      vertex -3.23468 -3.88701 5.6
      vertex -3.29282 -3.8 3.6
      vertex -3.29282 -3.8 5.6
    endloop
  endfacet
  facet normal 0.831462 0.555582 0
    outer loop
      vertex -3.29282 -3.8 3.6
      vertex -3.23468 -3.88701 5.6
      vertex -3.23468 -3.88701 3.6
    endloop
  endfacet
  facet normal 0.751801 0.65939 0
    outer loop
      vertex -3.16568 -3.96568 5.6
      vertex -3.23468 -3.88701 3.6
      vertex -3.23468 -3.88701 5.6
    endloop
  endfacet
  facet normal 0.751801 0.65939 0
    outer loop
      vertex -3.23468 -3.88701 3.6
      vertex -3.16568 -3.96568 5.6
      vertex -3.16568 -3.96568 3.6
    endloop
  endfacet
  facet normal -0.442276 0.896879 0
    outer loop
      vertex -2.2 -4.09282 3.6
      vertex -2.29385 -4.1391 5.6
      vertex -2.2 -4.09282 5.6
    endloop
  endfacet
  facet normal -0.442276 0.896879 0
    outer loop
      vertex -2.29385 -4.1391 5.6
      vertex -2.2 -4.09282 3.6
      vertex -2.29385 -4.1391 3.6
    endloop
  endfacet
  facet normal -0.321469 0.94692 0
    outer loop
      vertex -2.29385 -4.1391 3.6
      vertex -2.39294 -4.17274 5.6
      vertex -2.29385 -4.1391 5.6
    endloop
  endfacet
  facet normal -0.321469 0.94692 0
    outer loop
      vertex -2.39294 -4.17274 5.6
      vertex -2.29385 -4.1391 3.6
      vertex -2.39294 -4.17274 3.6
    endloop
  endfacet
  facet normal -0.831462 0.555582 0
    outer loop
      vertex -1.96532 -3.88701 3.6
      vertex -1.90718 -3.8 5.6
      vertex -1.90718 -3.8 3.6
    endloop
  endfacet
  facet normal -0.831462 0.555582 0
    outer loop
      vertex -1.90718 -3.8 5.6
      vertex -1.96532 -3.88701 3.6
      vertex -1.96532 -3.88701 5.6
    endloop
  endfacet
  facet normal -0.751848 0.659336 0
    outer loop
      vertex -2.03431 -3.96568 3.6
      vertex -1.96532 -3.88701 5.6
      vertex -1.96532 -3.88701 3.6
    endloop
  endfacet
  facet normal -0.751848 0.659336 0
    outer loop
      vertex -1.96532 -3.88701 5.6
      vertex -2.03431 -3.96568 3.6
      vertex -2.03431 -3.96568 5.6
    endloop
  endfacet
  facet normal 0.980775 0.195142 0
    outer loop
      vertex -3.37274 -3.60705 5.6
      vertex -3.39316 -3.50442 3.6
      vertex -3.39316 -3.50442 5.6
    endloop
  endfacet
  facet normal 0.980775 0.195142 0
    outer loop
      vertex -3.39316 -3.50442 3.6
      vertex -3.37274 -3.60705 5.6
      vertex -3.37274 -3.60705 3.6
    endloop
  endfacet
  facet normal -0.065364 0.997861 0
    outer loop
      vertex 0.104421 -4.19316 3.6
      vertex 0 -4.2 5.6
      vertex 0.104421 -4.19316 5.6
    endloop
  endfacet
  facet normal -0.065364 0.997861 0
    outer loop
      vertex 0 -4.2 5.6
      vertex 0.104421 -4.19316 3.6
      vertex 0 -4.2 3.6
    endloop
  endfacet
  facet normal 0.99786 0.0653932 0
    outer loop
      vertex -0.793156 -3.50442 5.6
      vertex -0.799999 -3.4 3.6
      vertex -0.799999 -3.4 5.6
    endloop
  endfacet
  facet normal 0.99786 0.0653932 0
    outer loop
      vertex -0.799999 -3.4 3.6
      vertex -0.793156 -3.50442 5.6
      vertex -0.793156 -3.50442 3.6
    endloop
  endfacet
  facet normal -0.946939 0.321414 0
    outer loop
      vertex 0.739103 -3.70615 3.6
      vertex 0.77274 -3.60705 5.6
      vertex 0.77274 -3.60705 3.6
    endloop
  endfacet
  facet normal -0.946939 0.321414 0
    outer loop
      vertex 0.77274 -3.60705 5.6
      vertex 0.739103 -3.70615 3.6
      vertex 0.739103 -3.70615 5.6
    endloop
  endfacet
  facet normal 0.065364 0.997861 -0
    outer loop
      vertex 0 -4.2 3.6
      vertex -0.104421 -4.19316 5.6
      vertex 0 -4.2 5.6
    endloop
  endfacet
  facet normal 0.065364 0.997861 0
    outer loop
      vertex -0.104421 -4.19316 5.6
      vertex 0 -4.2 3.6
      vertex -0.104421 -4.19316 3.6
    endloop
  endfacet
  facet normal -0.555586 0.831459 0
    outer loop
      vertex 0.487009 -4.03468 3.6
      vertex 0.4 -4.09282 5.6
      vertex 0.487009 -4.03468 5.6
    endloop
  endfacet
  facet normal -0.555586 0.831459 0
    outer loop
      vertex 0.4 -4.09282 5.6
      vertex 0.487009 -4.03468 3.6
      vertex 0.4 -4.09282 3.6
    endloop
  endfacet
  facet normal -0.99786 0.0653932 0
    outer loop
      vertex 0.793156 -3.50442 3.6
      vertex 0.799999 -3.4 5.6
      vertex 0.799999 -3.4 3.6
    endloop
  endfacet
  facet normal -0.99786 0.0653932 0
    outer loop
      vertex 0.799999 -3.4 5.6
      vertex 0.793156 -3.50442 3.6
      vertex 0.793156 -3.50442 5.6
    endloop
  endfacet
  facet normal 1 -0 0
    outer loop
      vertex -0.799999 -3.4 5.6
      vertex -0.799999 0 3.6
      vertex -0.799999 0 5.6
    endloop
  endfacet
  facet normal 1 0 0
    outer loop
      vertex -0.799999 0 3.6
      vertex -0.799999 -3.4 5.6
      vertex -0.799999 -3.4 3.6
    endloop
  endfacet
  facet normal 0.555586 0.831459 -0
    outer loop
      vertex -0.4 -4.09282 3.6
      vertex -0.487009 -4.03468 5.6
      vertex -0.4 -4.09282 5.6
    endloop
  endfacet
  facet normal 0.555586 0.831459 0
    outer loop
      vertex -0.487009 -4.03468 5.6
      vertex -0.4 -4.09282 3.6
      vertex -0.487009 -4.03468 3.6
    endloop
  endfacet
  facet normal -1 0 0
    outer loop
      vertex 0.799999 -3.4 3.6
      vertex 0.799999 0 5.6
      vertex 0.799999 0 3.6
    endloop
  endfacet
  facet normal -1 -0 0
    outer loop
      vertex 0.799999 0 5.6
      vertex 0.799999 -3.4 3.6
      vertex 0.799999 -3.4 5.6
    endloop
  endfacet
  facet normal 0.946939 0.321414 0
    outer loop
      vertex -0.739103 -3.70615 5.6
      vertex -0.77274 -3.60705 3.6
      vertex -0.77274 -3.60705 5.6
    endloop
  endfacet
  facet normal 0.946939 0.321414 0
    outer loop
      vertex -0.77274 -3.60705 3.6
      vertex -0.739103 -3.70615 5.6
      vertex -0.739103 -3.70615 3.6
    endloop
  endfacet
  facet normal -0.896868 0.442299 0
    outer loop
      vertex 0.69282 -3.8 3.6
      vertex 0.739103 -3.70615 5.6
      vertex 0.739103 -3.70615 3.6
    endloop
  endfacet
  facet normal -0.896868 0.442299 0
    outer loop
      vertex 0.739103 -3.70615 5.6
      vertex 0.69282 -3.8 3.6
      vertex 0.69282 -3.8 5.6
    endloop
  endfacet
  facet normal 0.442264 0.896885 -0
    outer loop
      vertex -0.306147 -4.1391 3.6
      vertex -0.4 -4.09282 5.6
      vertex -0.306147 -4.1391 5.6
    endloop
  endfacet
  facet normal 0.442264 0.896885 0
    outer loop
      vertex -0.4 -4.09282 5.6
      vertex -0.306147 -4.1391 3.6
      vertex -0.4 -4.09282 3.6
    endloop
  endfacet
  facet normal -0.980782 0.195105 0
    outer loop
      vertex 0.77274 -3.60705 3.6
      vertex 0.793156 -3.50442 5.6
      vertex 0.793156 -3.50442 3.6
    endloop
  endfacet
  facet normal -0.980782 0.195105 0
    outer loop
      vertex 0.793156 -3.50442 5.6
      vertex 0.77274 -3.60705 3.6
      vertex 0.77274 -3.60705 5.6
    endloop
  endfacet
  facet normal -0.659362 0.751826 0
    outer loop
      vertex 0.565685 -3.96568 3.6
      vertex 0.487009 -4.03468 5.6
      vertex 0.565685 -3.96568 5.6
    endloop
  endfacet
  facet normal -0.659362 0.751826 0
    outer loop
      vertex 0.487009 -4.03468 5.6
      vertex 0.565685 -3.96568 3.6
      vertex 0.487009 -4.03468 3.6
    endloop
  endfacet
  facet normal -0.195135 0.980776 0
    outer loop
      vertex 0.207055 -4.17274 3.6
      vertex 0.104421 -4.19316 5.6
      vertex 0.207055 -4.17274 5.6
    endloop
  endfacet
  facet normal -0.195135 0.980776 0
    outer loop
      vertex 0.104421 -4.19316 5.6
      vertex 0.207055 -4.17274 3.6
      vertex 0.104421 -4.19316 3.6
    endloop
  endfacet
  facet normal 0.321463 0.946922 -0
    outer loop
      vertex -0.207055 -4.17274 3.6
      vertex -0.306147 -4.1391 5.6
      vertex -0.207055 -4.17274 5.6
    endloop
  endfacet
  facet normal 0.321463 0.946922 0
    outer loop
      vertex -0.306147 -4.1391 5.6
      vertex -0.207055 -4.17274 3.6
      vertex -0.306147 -4.1391 3.6
    endloop
  endfacet
  facet normal 0.195135 0.980776 -0
    outer loop
      vertex -0.104421 -4.19316 3.6
      vertex -0.207055 -4.17274 5.6
      vertex -0.104421 -4.19316 5.6
    endloop
  endfacet
  facet normal 0.195135 0.980776 0
    outer loop
      vertex -0.207055 -4.17274 5.6
      vertex -0.104421 -4.19316 3.6
      vertex -0.207055 -4.17274 3.6
    endloop
  endfacet
  facet normal 0.659362 0.751826 -0
    outer loop
      vertex -0.487009 -4.03468 3.6
      vertex -0.565685 -3.96568 5.6
      vertex -0.487009 -4.03468 5.6
    endloop
  endfacet
  facet normal 0.659362 0.751826 0
    outer loop
      vertex -0.565685 -3.96568 5.6
      vertex -0.487009 -4.03468 3.6
      vertex -0.565685 -3.96568 3.6
    endloop
  endfacet
  facet normal 0.896868 0.442299 0
    outer loop
      vertex -0.69282 -3.8 5.6
      vertex -0.739103 -3.70615 3.6
      vertex -0.739103 -3.70615 5.6
    endloop
  endfacet
  facet normal 0.896868 0.442299 0
    outer loop
      vertex -0.739103 -3.70615 3.6
      vertex -0.69282 -3.8 5.6
      vertex -0.69282 -3.8 3.6
    endloop
  endfacet
  facet normal 0.831475 0.555562 0
    outer loop
      vertex -0.634683 -3.88701 5.6
      vertex -0.69282 -3.8 3.6
      vertex -0.69282 -3.8 5.6
    endloop
  endfacet
  facet normal 0.831475 0.555562 0
    outer loop
      vertex -0.69282 -3.8 3.6
      vertex -0.634683 -3.88701 5.6
      vertex -0.634683 -3.88701 3.6
    endloop
  endfacet
  facet normal 0.75181 0.65938 0
    outer loop
      vertex -0.565685 -3.96568 5.6
      vertex -0.634683 -3.88701 3.6
      vertex -0.634683 -3.88701 5.6
    endloop
  endfacet
  facet normal 0.75181 0.65938 0
    outer loop
      vertex -0.634683 -3.88701 3.6
      vertex -0.565685 -3.96568 5.6
      vertex -0.565685 -3.96568 3.6
    endloop
  endfacet
  facet normal -0.442264 0.896885 0
    outer loop
      vertex 0.4 -4.09282 3.6
      vertex 0.306147 -4.1391 5.6
      vertex 0.4 -4.09282 5.6
    endloop
  endfacet
  facet normal -0.442264 0.896885 0
    outer loop
      vertex 0.306147 -4.1391 5.6
      vertex 0.4 -4.09282 3.6
      vertex 0.306147 -4.1391 3.6
    endloop
  endfacet
  facet normal -0.321463 0.946922 0
    outer loop
      vertex 0.306147 -4.1391 3.6
      vertex 0.207055 -4.17274 5.6
      vertex 0.306147 -4.1391 5.6
    endloop
  endfacet
  facet normal -0.321463 0.946922 0
    outer loop
      vertex 0.207055 -4.17274 5.6
      vertex 0.306147 -4.1391 3.6
      vertex 0.207055 -4.17274 3.6
    endloop
  endfacet
  facet normal -0.831475 0.555562 0
    outer loop
      vertex 0.634683 -3.88701 3.6
      vertex 0.69282 -3.8 5.6
      vertex 0.69282 -3.8 3.6
    endloop
  endfacet
  facet normal -0.831475 0.555562 0
    outer loop
      vertex 0.69282 -3.8 5.6
      vertex 0.634683 -3.88701 3.6
      vertex 0.634683 -3.88701 5.6
    endloop
  endfacet
  facet normal -0.75181 0.65938 0
    outer loop
      vertex 0.565685 -3.96568 3.6
      vertex 0.634683 -3.88701 5.6
      vertex 0.634683 -3.88701 3.6
    endloop
  endfacet
  facet normal -0.75181 0.65938 0
    outer loop
      vertex 0.634683 -3.88701 5.6
      vertex 0.565685 -3.96568 3.6
      vertex 0.565685 -3.96568 5.6
    endloop
  endfacet
  facet normal 0.980782 0.195105 0
    outer loop
      vertex -0.77274 -3.60705 5.6
      vertex -0.793156 -3.50442 3.6
      vertex -0.793156 -3.50442 5.6
    endloop
  endfacet
  facet normal 0.980782 0.195105 0
    outer loop
      vertex -0.793156 -3.50442 3.6
      vertex -0.77274 -3.60705 5.6
      vertex -0.77274 -3.60705 3.6
    endloop
  endfacet
  facet normal 0.0653646 0.997861 -0
    outer loop
      vertex 2.6 -4.2 3.6
      vertex 2.49558 -4.19316 5.6
      vertex 2.6 -4.2 5.6
    endloop
  endfacet
  facet normal 0.0653646 0.997861 0
    outer loop
      vertex 2.49558 -4.19316 5.6
      vertex 2.6 -4.2 3.6
      vertex 2.49558 -4.19316 3.6
    endloop
  endfacet
  facet normal 1 -0 0
    outer loop
      vertex 1.8 -3.4 5.6
      vertex 1.8 0 3.6
      vertex 1.8 0 5.6
    endloop
  endfacet
  facet normal 1 0 0
    outer loop
      vertex 1.8 0 3.6
      vertex 1.8 -3.4 5.6
      vertex 1.8 -3.4 3.6
    endloop
  endfacet
  facet normal -0.442276 0.896879 0
    outer loop
      vertex 3 -4.09282 3.6
      vertex 2.90615 -4.1391 5.6
      vertex 3 -4.09282 5.6
    endloop
  endfacet
  facet normal -0.442276 0.896879 0
    outer loop
      vertex 2.90615 -4.1391 5.6
      vertex 3 -4.09282 3.6
      vertex 2.90615 -4.1391 3.6
    endloop
  endfacet
  facet normal -0.0653646 0.997861 0
    outer loop
      vertex 2.70442 -4.19316 3.6
      vertex 2.6 -4.2 5.6
      vertex 2.70442 -4.19316 5.6
    endloop
  endfacet
  facet normal -0.0653646 0.997861 0
    outer loop
      vertex 2.6 -4.2 5.6
      vertex 2.70442 -4.19316 3.6
      vertex 2.6 -4.2 3.6
    endloop
  endfacet
  facet normal 0.442276 0.896879 -0
    outer loop
      vertex 2.29385 -4.1391 3.6
      vertex 2.2 -4.09282 5.6
      vertex 2.29385 -4.1391 5.6
    endloop
  endfacet
  facet normal 0.442276 0.896879 0
    outer loop
      vertex 2.2 -4.09282 5.6
      vertex 2.29385 -4.1391 3.6
      vertex 2.2 -4.09282 3.6
    endloop
  endfacet
  facet normal -0.65939 0.751801 0
    outer loop
      vertex 3.16568 -3.96568 3.6
      vertex 3.08701 -4.03468 5.6
      vertex 3.16568 -3.96568 5.6
    endloop
  endfacet
  facet normal -0.65939 0.751801 0
    outer loop
      vertex 3.08701 -4.03468 5.6
      vertex 3.16568 -3.96568 3.6
      vertex 3.08701 -4.03468 3.6
    endloop
  endfacet
  facet normal 0.896879 0.442276 0
    outer loop
      vertex 1.90718 -3.8 5.6
      vertex 1.8609 -3.70615 3.6
      vertex 1.8609 -3.70615 5.6
    endloop
  endfacet
  facet normal 0.896879 0.442276 0
    outer loop
      vertex 1.8609 -3.70615 3.6
      vertex 1.90718 -3.8 5.6
      vertex 1.90718 -3.8 3.6
    endloop
  endfacet
  facet normal -0.997861 0.0653646 0
    outer loop
      vertex 3.39316 -3.50442 3.6
      vertex 3.4 -3.4 5.6
      vertex 3.4 -3.4 3.6
    endloop
  endfacet
  facet normal -0.997861 0.0653646 0
    outer loop
      vertex 3.4 -3.4 5.6
      vertex 3.39316 -3.50442 3.6
      vertex 3.39316 -3.50442 5.6
    endloop
  endfacet
  facet normal 0.94693 0.32144 0
    outer loop
      vertex 1.8609 -3.70615 5.6
      vertex 1.82726 -3.60705 3.6
      vertex 1.82726 -3.60705 5.6
    endloop
  endfacet
  facet normal 0.94693 0.32144 0
    outer loop
      vertex 1.82726 -3.60705 3.6
      vertex 1.8609 -3.70615 5.6
      vertex 1.8609 -3.70615 3.6
    endloop
  endfacet
  facet normal 0.321469 0.94692 -0
    outer loop
      vertex 2.39294 -4.17274 3.6
      vertex 2.29385 -4.1391 5.6
      vertex 2.39294 -4.17274 5.6
    endloop
  endfacet
  facet normal 0.321469 0.94692 0
    outer loop
      vertex 2.29385 -4.1391 5.6
      vertex 2.39294 -4.17274 3.6
      vertex 2.29385 -4.1391 3.6
    endloop
  endfacet
  facet normal -0.94693 0.32144 0
    outer loop
      vertex 3.3391 -3.70615 3.6
      vertex 3.37274 -3.60705 5.6
      vertex 3.37274 -3.60705 3.6
    endloop
  endfacet
  facet normal -0.94693 0.32144 0
    outer loop
      vertex 3.37274 -3.60705 5.6
      vertex 3.3391 -3.70615 3.6
      vertex 3.3391 -3.70615 5.6
    endloop
  endfacet
  facet normal -1 0 0
    outer loop
      vertex 3.4 -3.4 3.6
      vertex 3.4 0 5.6
      vertex 3.4 0 3.6
    endloop
  endfacet
  facet normal -1 -0 0
    outer loop
      vertex 3.4 0 5.6
      vertex 3.4 -3.4 3.6
      vertex 3.4 -3.4 5.6
    endloop
  endfacet
  facet normal 0.195124 0.980779 -0
    outer loop
      vertex 2.49558 -4.19316 3.6
      vertex 2.39294 -4.17274 5.6
      vertex 2.49558 -4.19316 5.6
    endloop
  endfacet
  facet normal 0.195124 0.980779 0
    outer loop
      vertex 2.39294 -4.17274 5.6
      vertex 2.49558 -4.19316 3.6
      vertex 2.39294 -4.17274 3.6
    endloop
  endfacet
  facet normal 0.997861 0.0653646 0
    outer loop
      vertex 1.80684 -3.50442 5.6
      vertex 1.8 -3.4 3.6
      vertex 1.8 -3.4 5.6
    endloop
  endfacet
  facet normal 0.997861 0.0653646 0
    outer loop
      vertex 1.8 -3.4 3.6
      vertex 1.80684 -3.50442 5.6
      vertex 1.80684 -3.50442 3.6
    endloop
  endfacet
  facet normal -0.32144 0.94693 0
    outer loop
      vertex 2.90615 -4.1391 3.6
      vertex 2.80705 -4.17274 5.6
      vertex 2.90615 -4.1391 5.6
    endloop
  endfacet
  facet normal -0.32144 0.94693 0
    outer loop
      vertex 2.80705 -4.17274 5.6
      vertex 2.90615 -4.1391 3.6
      vertex 2.80705 -4.17274 3.6
    endloop
  endfacet
  facet normal -0.195142 0.980775 0
    outer loop
      vertex 2.80705 -4.17274 3.6
      vertex 2.70442 -4.19316 5.6
      vertex 2.80705 -4.17274 5.6
    endloop
  endfacet
  facet normal -0.195142 0.980775 0
    outer loop
      vertex 2.70442 -4.19316 5.6
      vertex 2.80705 -4.17274 3.6
      vertex 2.70442 -4.19316 3.6
    endloop
  endfacet
  facet normal -0.980775 0.195142 0
    outer loop
      vertex 3.37274 -3.60705 3.6
      vertex 3.39316 -3.50442 5.6
      vertex 3.39316 -3.50442 3.6
    endloop
  endfacet
  facet normal -0.980775 0.195142 0
    outer loop
      vertex 3.39316 -3.50442 5.6
      vertex 3.37274 -3.60705 3.6
      vertex 3.37274 -3.60705 5.6
    endloop
  endfacet
  facet normal 0.555582 0.831462 -0
    outer loop
      vertex 2.2 -4.09282 3.6
      vertex 2.11299 -4.03468 5.6
      vertex 2.2 -4.09282 5.6
    endloop
  endfacet
  facet normal 0.555582 0.831462 0
    outer loop
      vertex 2.11299 -4.03468 5.6
      vertex 2.2 -4.09282 3.6
      vertex 2.11299 -4.03468 3.6
    endloop
  endfacet
  facet normal -0.751801 0.65939 0
    outer loop
      vertex 3.16568 -3.96568 3.6
      vertex 3.23468 -3.88701 5.6
      vertex 3.23468 -3.88701 3.6
    endloop
  endfacet
  facet normal -0.751801 0.65939 0
    outer loop
      vertex 3.23468 -3.88701 5.6
      vertex 3.16568 -3.96568 3.6
      vertex 3.16568 -3.96568 5.6
    endloop
  endfacet
  facet normal 0.831462 0.555582 0
    outer loop
      vertex 1.96532 -3.88701 5.6
      vertex 1.90718 -3.8 3.6
      vertex 1.90718 -3.8 5.6
    endloop
  endfacet
  facet normal 0.831462 0.555582 0
    outer loop
      vertex 1.90718 -3.8 3.6
      vertex 1.96532 -3.88701 5.6
      vertex 1.96532 -3.88701 3.6
    endloop
  endfacet
  facet normal -0.831462 0.555582 0
    outer loop
      vertex 3.23468 -3.88701 3.6
      vertex 3.29282 -3.8 5.6
      vertex 3.29282 -3.8 3.6
    endloop
  endfacet
  facet normal -0.831462 0.555582 0
    outer loop
      vertex 3.29282 -3.8 5.6
      vertex 3.23468 -3.88701 3.6
      vertex 3.23468 -3.88701 5.6
    endloop
  endfacet
  facet normal -0.896879 0.442276 0
    outer loop
      vertex 3.29282 -3.8 3.6
      vertex 3.3391 -3.70615 5.6
      vertex 3.3391 -3.70615 3.6
    endloop
  endfacet
  facet normal -0.896879 0.442276 0
    outer loop
      vertex 3.3391 -3.70615 5.6
      vertex 3.29282 -3.8 3.6
      vertex 3.29282 -3.8 5.6
    endloop
  endfacet
  facet normal -0.555582 0.831462 0
    outer loop
      vertex 3.08701 -4.03468 3.6
      vertex 3 -4.09282 5.6
      vertex 3.08701 -4.03468 5.6
    endloop
  endfacet
  facet normal -0.555582 0.831462 0
    outer loop
      vertex 3 -4.09282 5.6
      vertex 3.08701 -4.03468 3.6
      vertex 3 -4.09282 3.6
    endloop
  endfacet
  facet normal 0.751848 0.659336 0
    outer loop
      vertex 2.03431 -3.96568 5.6
      vertex 1.96532 -3.88701 3.6
      vertex 1.96532 -3.88701 5.6
    endloop
  endfacet
  facet normal 0.751848 0.659336 0
    outer loop
      vertex 1.96532 -3.88701 3.6
      vertex 2.03431 -3.96568 5.6
      vertex 2.03431 -3.96568 3.6
    endloop
  endfacet
  facet normal 0.659343 0.751842 -0
    outer loop
      vertex 2.11299 -4.03468 3.6
      vertex 2.03431 -3.96568 5.6
      vertex 2.11299 -4.03468 5.6
    endloop
  endfacet
  facet normal 0.659343 0.751842 0
    outer loop
      vertex 2.03431 -3.96568 5.6
      vertex 2.11299 -4.03468 3.6
      vertex 2.03431 -3.96568 3.6
    endloop
  endfacet
  facet normal 0.980775 0.195142 0
    outer loop
      vertex 1.82726 -3.60705 5.6
      vertex 1.80684 -3.50442 3.6
      vertex 1.80684 -3.50442 5.6
    endloop
  endfacet
  facet normal 0.980775 0.195142 0
    outer loop
      vertex 1.80684 -3.50442 3.6
      vertex 1.82726 -3.60705 5.6
      vertex 1.82726 -3.60705 3.6
    endloop
  endfacet
  facet normal 0.0653646 0.997861 -0
    outer loop
      vertex 5.2 -4.2 3.6
      vertex 5.09558 -4.19316 5.6
      vertex 5.2 -4.2 5.6
    endloop
  endfacet
  facet normal 0.0653646 0.997861 0
    outer loop
      vertex 5.09558 -4.19316 5.6
      vertex 5.2 -4.2 3.6
      vertex 5.09558 -4.19316 3.6
    endloop
  endfacet
  facet normal 1 -0 0
    outer loop
      vertex 4.4 -3.4 5.6
      vertex 4.4 0 3.6
      vertex 4.4 0 5.6
    endloop
  endfacet
  facet normal 1 0 0
    outer loop
      vertex 4.4 0 3.6
      vertex 4.4 -3.4 5.6
      vertex 4.4 -3.4 3.6
    endloop
  endfacet
  facet normal -1 0 0
    outer loop
      vertex 6 -3.4 3.6
      vertex 6 0 5.6
      vertex 6 0 3.6
    endloop
  endfacet
  facet normal -1 -0 0
    outer loop
      vertex 6 0 5.6
      vertex 6 -3.4 3.6
      vertex 6 -3.4 5.6
    endloop
  endfacet
  facet normal 0.442276 0.896879 -0
    outer loop
      vertex 4.89385 -4.1391 3.6
      vertex 4.8 -4.09282 5.6
      vertex 4.89385 -4.1391 5.6
    endloop
  endfacet
  facet normal 0.442276 0.896879 0
    outer loop
      vertex 4.8 -4.09282 5.6
      vertex 4.89385 -4.1391 3.6
      vertex 4.8 -4.09282 3.6
    endloop
  endfacet
  facet normal 0.195124 0.980779 -0
    outer loop
      vertex 5.09558 -4.19316 3.6
      vertex 4.99294 -4.17274 5.6
      vertex 5.09558 -4.19316 5.6
    endloop
  endfacet
  facet normal 0.195124 0.980779 0
    outer loop
      vertex 4.99294 -4.17274 5.6
      vertex 5.09558 -4.19316 3.6
      vertex 4.99294 -4.17274 3.6
    endloop
  endfacet
  facet normal 0.555582 0.831462 -0
    outer loop
      vertex 4.8 -4.09282 3.6
      vertex 4.71299 -4.03468 5.6
      vertex 4.8 -4.09282 5.6
    endloop
  endfacet
  facet normal 0.555582 0.831462 0
    outer loop
      vertex 4.71299 -4.03468 5.6
      vertex 4.8 -4.09282 3.6
      vertex 4.71299 -4.03468 3.6
    endloop
  endfacet
  facet normal -0.997861 0.0653646 0
    outer loop
      vertex 5.99316 -3.50442 3.6
      vertex 6 -3.4 5.6
      vertex 6 -3.4 3.6
    endloop
  endfacet
  facet normal -0.997861 0.0653646 0
    outer loop
      vertex 6 -3.4 5.6
      vertex 5.99316 -3.50442 3.6
      vertex 5.99316 -3.50442 5.6
    endloop
  endfacet
  facet normal -0.0653646 0.997861 0
    outer loop
      vertex 5.30442 -4.19316 3.6
      vertex 5.2 -4.2 5.6
      vertex 5.30442 -4.19316 5.6
    endloop
  endfacet
  facet normal -0.0653646 0.997861 0
    outer loop
      vertex 5.2 -4.2 5.6
      vertex 5.30442 -4.19316 3.6
      vertex 5.2 -4.2 3.6
    endloop
  endfacet
  facet normal -0.195142 0.980775 0
    outer loop
      vertex 5.40705 -4.17274 3.6
      vertex 5.30442 -4.19316 5.6
      vertex 5.40705 -4.17274 5.6
    endloop
  endfacet
  facet normal -0.195142 0.980775 0
    outer loop
      vertex 5.30442 -4.19316 5.6
      vertex 5.40705 -4.17274 3.6
      vertex 5.30442 -4.19316 3.6
    endloop
  endfacet
  facet normal 0.831462 0.555582 0
    outer loop
      vertex 4.56532 -3.88701 5.6
      vertex 4.50718 -3.8 3.6
      vertex 4.50718 -3.8 5.6
    endloop
  endfacet
  facet normal 0.831462 0.555582 0
    outer loop
      vertex 4.50718 -3.8 3.6
      vertex 4.56532 -3.88701 5.6
      vertex 4.56532 -3.88701 3.6
    endloop
  endfacet
  facet normal -0.896879 0.442276 0
    outer loop
      vertex 5.89282 -3.8 3.6
      vertex 5.9391 -3.70615 5.6
      vertex 5.9391 -3.70615 3.6
    endloop
  endfacet
  facet normal -0.896879 0.442276 0
    outer loop
      vertex 5.9391 -3.70615 5.6
      vertex 5.89282 -3.8 3.6
      vertex 5.89282 -3.8 5.6
    endloop
  endfacet
  facet normal 0.321469 0.94692 -0
    outer loop
      vertex 4.99294 -4.17274 3.6
      vertex 4.89385 -4.1391 5.6
      vertex 4.99294 -4.17274 5.6
    endloop
  endfacet
  facet normal 0.321469 0.94692 0
    outer loop
      vertex 4.89385 -4.1391 5.6
      vertex 4.99294 -4.17274 3.6
      vertex 4.89385 -4.1391 3.6
    endloop
  endfacet
  facet normal 0.896879 0.442276 0
    outer loop
      vertex 4.50718 -3.8 5.6
      vertex 4.4609 -3.70615 3.6
      vertex 4.4609 -3.70615 5.6
    endloop
  endfacet
  facet normal 0.896879 0.442276 0
    outer loop
      vertex 4.4609 -3.70615 3.6
      vertex 4.50718 -3.8 5.6
      vertex 4.50718 -3.8 3.6
    endloop
  endfacet
  facet normal 0.997861 0.0653646 0
    outer loop
      vertex 4.40684 -3.50442 5.6
      vertex 4.4 -3.4 3.6
      vertex 4.4 -3.4 5.6
    endloop
  endfacet
  facet normal 0.997861 0.0653646 0
    outer loop
      vertex 4.4 -3.4 3.6
      vertex 4.40684 -3.50442 5.6
      vertex 4.40684 -3.50442 3.6
    endloop
  endfacet
  facet normal 0.751848 0.659336 0
    outer loop
      vertex 4.63431 -3.96568 5.6
      vertex 4.56532 -3.88701 3.6
      vertex 4.56532 -3.88701 5.6
    endloop
  endfacet
  facet normal 0.751848 0.659336 0
    outer loop
      vertex 4.56532 -3.88701 3.6
      vertex 4.63431 -3.96568 5.6
      vertex 4.63431 -3.96568 3.6
    endloop
  endfacet
  facet normal 0.659343 0.751842 -0
    outer loop
      vertex 4.71299 -4.03468 3.6
      vertex 4.63431 -3.96568 5.6
      vertex 4.71299 -4.03468 5.6
    endloop
  endfacet
  facet normal 0.659343 0.751842 0
    outer loop
      vertex 4.63431 -3.96568 5.6
      vertex 4.71299 -4.03468 3.6
      vertex 4.63431 -3.96568 3.6
    endloop
  endfacet
  facet normal -0.94693 0.32144 0
    outer loop
      vertex 5.9391 -3.70615 3.6
      vertex 5.97274 -3.60705 5.6
      vertex 5.97274 -3.60705 3.6
    endloop
  endfacet
  facet normal -0.94693 0.32144 0
    outer loop
      vertex 5.97274 -3.60705 5.6
      vertex 5.9391 -3.70615 3.6
      vertex 5.9391 -3.70615 5.6
    endloop
  endfacet
  facet normal -0.555582 0.831462 0
    outer loop
      vertex 5.68701 -4.03468 3.6
      vertex 5.6 -4.09282 5.6
      vertex 5.68701 -4.03468 5.6
    endloop
  endfacet
  facet normal -0.555582 0.831462 0
    outer loop
      vertex 5.6 -4.09282 5.6
      vertex 5.68701 -4.03468 3.6
      vertex 5.6 -4.09282 3.6
    endloop
  endfacet
  facet normal -0.751848 0.659336 0
    outer loop
      vertex 5.76569 -3.96568 3.6
      vertex 5.83468 -3.88701 5.6
      vertex 5.83468 -3.88701 3.6
    endloop
  endfacet
  facet normal -0.751848 0.659336 0
    outer loop
      vertex 5.83468 -3.88701 5.6
      vertex 5.76569 -3.96568 3.6
      vertex 5.76569 -3.96568 5.6
    endloop
  endfacet
  facet normal -0.442276 0.896879 0
    outer loop
      vertex 5.6 -4.09282 3.6
      vertex 5.50615 -4.1391 5.6
      vertex 5.6 -4.09282 5.6
    endloop
  endfacet
  facet normal -0.442276 0.896879 0
    outer loop
      vertex 5.50615 -4.1391 5.6
      vertex 5.6 -4.09282 3.6
      vertex 5.50615 -4.1391 3.6
    endloop
  endfacet
  facet normal -0.831462 0.555582 0
    outer loop
      vertex 5.83468 -3.88701 3.6
      vertex 5.89282 -3.8 5.6
      vertex 5.89282 -3.8 3.6
    endloop
  endfacet
  facet normal -0.831462 0.555582 0
    outer loop
      vertex 5.89282 -3.8 5.6
      vertex 5.83468 -3.88701 3.6
      vertex 5.83468 -3.88701 5.6
    endloop
  endfacet
  facet normal -0.659343 0.751842 0
    outer loop
      vertex 5.76569 -3.96568 3.6
      vertex 5.68701 -4.03468 5.6
      vertex 5.76569 -3.96568 5.6
    endloop
  endfacet
  facet normal -0.659343 0.751842 0
    outer loop
      vertex 5.68701 -4.03468 5.6
      vertex 5.76569 -3.96568 3.6
      vertex 5.68701 -4.03468 3.6
    endloop
  endfacet
  facet normal -0.32144 0.94693 0
    outer loop
      vertex 5.50615 -4.1391 3.6
      vertex 5.40705 -4.17274 5.6
      vertex 5.50615 -4.1391 5.6
    endloop
  endfacet
  facet normal -0.32144 0.94693 0
    outer loop
      vertex 5.40705 -4.17274 5.6
      vertex 5.50615 -4.1391 3.6
      vertex 5.40705 -4.17274 3.6
    endloop
  endfacet
  facet normal -0.980775 0.195142 0
    outer loop
      vertex 5.97274 -3.60705 3.6
      vertex 5.99316 -3.50442 5.6
      vertex 5.99316 -3.50442 3.6
    endloop
  endfacet
  facet normal -0.980775 0.195142 0
    outer loop
      vertex 5.99316 -3.50442 5.6
      vertex 5.97274 -3.60705 3.6
      vertex 5.97274 -3.60705 5.6
    endloop
  endfacet
  facet normal 0.980775 0.195142 0
    outer loop
      vertex 4.42726 -3.60705 5.6
      vertex 4.40684 -3.50442 3.6
      vertex 4.40684 -3.50442 5.6
    endloop
  endfacet
  facet normal 0.980775 0.195142 0
    outer loop
      vertex 4.40684 -3.50442 3.6
      vertex 4.42726 -3.60705 5.6
      vertex 4.42726 -3.60705 3.6
    endloop
  endfacet
  facet normal 0.94693 0.32144 0
    outer loop
      vertex 4.4609 -3.70615 5.6
      vertex 4.42726 -3.60705 3.6
      vertex 4.42726 -3.60705 5.6
    endloop
  endfacet
  facet normal 0.94693 0.32144 0
    outer loop
      vertex 4.42726 -3.60705 3.6
      vertex 4.4609 -3.70615 5.6
      vertex 4.4609 -3.70615 3.6
    endloop
  endfacet
  facet normal 0.659336 0 -0.751848
    outer loop
      vertex -4.96568 -5.2 2.76569
      vertex -4.88701 -8.13688 2.83468
      vertex -4.96568 -8.16026 2.76569
    endloop
  endfacet
  facet normal 0.659336 0 -0.751848
    outer loop
      vertex -4.88701 -8.13688 2.83468
      vertex -4.96568 -5.2 2.76569
      vertex -4.88701 -5.2 2.83468
    endloop
  endfacet
  facet normal -0.997861 0 0.0653646
    outer loop
      vertex 5.19316 -5.2 2.09558
      vertex 5.2 -8.35191 2.2
      vertex 5.2 -5.2 2.2
    endloop
  endfacet
  facet normal -0.997861 0 0.0653646
    outer loop
      vertex 5.2 -8.35191 2.2
      vertex 5.19316 -5.2 2.09558
      vertex 5.19316 -8.38729 2.09558
    endloop
  endfacet
  facet normal -0.94692 0 0.321469
    outer loop
      vertex 5.1391 -5.2 1.89385
      vertex 5.17274 -8.42206 1.99294
      vertex 5.17274 -5.2 1.99294
    endloop
  endfacet
  facet normal -0.94692 0 0.321469
    outer loop
      vertex 5.17274 -8.42206 1.99294
      vertex 5.1391 -5.2 1.89385
      vertex 5.1391 -8.45564 1.89385
    endloop
  endfacet
  facet normal -0.555582 0 0.831462
    outer loop
      vertex 4.8 -5.2 1.50718
      vertex 4.88701 -8.56694 1.56532
      vertex 4.88701 -5.2 1.56532
    endloop
  endfacet
  facet normal -0.555582 0 0.831462
    outer loop
      vertex 4.88701 -8.56694 1.56532
      vertex 4.8 -5.2 1.50718
      vertex 4.8 -8.58664 1.50718
    endloop
  endfacet
  facet normal -0.195142 0 0.980775
    outer loop
      vertex 4.50442 -5.2 1.40684
      vertex 4.60705 -8.61372 1.42726
      vertex 4.60705 -5.2 1.42726
    endloop
  endfacet
  facet normal -0.195142 0 0.980775
    outer loop
      vertex 4.60705 -8.61372 1.42726
      vertex 4.50442 -5.2 1.40684
      vertex 4.50442 -8.62063 1.40684
    endloop
  endfacet
  facet normal -0.751842 0 0.659343
    outer loop
      vertex 4.96568 -5.2 1.63431
      vertex 5.03468 -8.51691 1.71299
      vertex 5.03468 -5.2 1.71299
    endloop
  endfacet
  facet normal -0.751842 0 0.659343
    outer loop
      vertex 5.03468 -8.51691 1.71299
      vertex 4.96568 -5.2 1.63431
      vertex 4.96568 -8.54357 1.63431
    endloop
  endfacet
  facet normal 0.0653646 0 -0.997861
    outer loop
      vertex -4.50442 -5.2 2.99316
      vertex -4.4 -8.08088 3
      vertex -4.50442 -8.08319 2.99316
    endloop
  endfacet
  facet normal 0.0653646 0 -0.997861
    outer loop
      vertex -4.4 -8.08088 3
      vertex -4.50442 -5.2 2.99316
      vertex -4.4 -5.2 3
    endloop
  endfacet
  facet normal 0.442276 0 -0.896879
    outer loop
      vertex -4.8 -5.2 2.89282
      vertex -4.70615 -8.10151 2.9391
      vertex -4.8 -8.11719 2.89282
    endloop
  endfacet
  facet normal 0.442276 0 -0.896879
    outer loop
      vertex -4.70615 -8.10151 2.9391
      vertex -4.8 -5.2 2.89282
      vertex -4.70615 -5.2 2.9391
    endloop
  endfacet
  facet normal -0.659336 0 0.751848
    outer loop
      vertex 4.88701 -5.2 1.56532
      vertex 4.96568 -8.54357 1.63431
      vertex 4.96568 -5.2 1.63431
    endloop
  endfacet
  facet normal -0.659336 0 0.751848
    outer loop
      vertex 4.96568 -8.54357 1.63431
      vertex 4.88701 -5.2 1.56532
      vertex 4.88701 -8.56694 1.56532
    endloop
  endfacet
  facet normal -0.0653646 0 -0.997861
    outer loop
      vertex 4.4 -8.08088 3
      vertex 4.50442 -5.2 2.99316
      vertex 4.50442 -8.08319 2.99316
    endloop
  endfacet
  facet normal -0.0653646 0 -0.997861
    outer loop
      vertex 4.50442 -5.2 2.99316
      vertex 4.4 -8.08088 3
      vertex 4.4 -5.2 3
    endloop
  endfacet
  facet normal 0 0 -1
    outer loop
      vertex -4.4 -8.08088 3
      vertex 4.4 -5.2 3
      vertex 4.4 -8.08088 3
    endloop
  endfacet
  facet normal -0 0 -1
    outer loop
      vertex 4.4 -5.2 3
      vertex -4.4 -8.08088 3
      vertex -4.4 -5.2 3
    endloop
  endfacet
  facet normal 0.896879 0 -0.442276
    outer loop
      vertex -5.09282 -8.2164 2.6
      vertex -5.1391 -5.2 2.50615
      vertex -5.09282 -5.2 2.6
    endloop
  endfacet
  facet normal 0.896879 0 -0.442276
    outer loop
      vertex -5.1391 -5.2 2.50615
      vertex -5.09282 -8.2164 2.6
      vertex -5.1391 -8.24819 2.50615
    endloop
  endfacet
  facet normal -0.32144 0 -0.94693
    outer loop
      vertex 4.60705 -8.09011 2.97274
      vertex 4.70615 -5.2 2.9391
      vertex 4.70615 -8.10151 2.9391
    endloop
  endfacet
  facet normal -0.32144 0 -0.94693
    outer loop
      vertex 4.70615 -5.2 2.9391
      vertex 4.60705 -8.09011 2.97274
      vertex 4.60705 -5.2 2.97274
    endloop
  endfacet
  facet normal -0.980775 0 -0.195142
    outer loop
      vertex 5.19316 -5.2 2.30442
      vertex 5.17274 -8.28176 2.40705
      vertex 5.17274 -5.2 2.40705
    endloop
  endfacet
  facet normal -0.980775 0 -0.195142
    outer loop
      vertex 5.17274 -8.28176 2.40705
      vertex 5.19316 -5.2 2.30442
      vertex 5.19316 -8.31654 2.30442
    endloop
  endfacet
  facet normal -0.442276 0 -0.896879
    outer loop
      vertex 4.70615 -8.10151 2.9391
      vertex 4.8 -5.2 2.89282
      vertex 4.8 -8.11719 2.89282
    endloop
  endfacet
  facet normal -0.442276 0 -0.896879
    outer loop
      vertex 4.8 -5.2 2.89282
      vertex 4.70615 -8.10151 2.9391
      vertex 4.70615 -5.2 2.9391
    endloop
  endfacet
  facet normal 0.195142 0 -0.980775
    outer loop
      vertex -4.60705 -5.2 2.97274
      vertex -4.50442 -8.08319 2.99316
      vertex -4.60705 -8.09011 2.97274
    endloop
  endfacet
  facet normal 0.195142 0 -0.980775
    outer loop
      vertex -4.50442 -8.08319 2.99316
      vertex -4.60705 -5.2 2.97274
      vertex -4.50442 -5.2 2.99316
    endloop
  endfacet
  facet normal -0 0 1
    outer loop
      vertex -4.4 -5.2 1.4
      vertex 4.4 -8.62295 1.4
      vertex 4.4 -5.2 1.4
    endloop
  endfacet
  facet normal 0 0 1
    outer loop
      vertex 4.4 -8.62295 1.4
      vertex -4.4 -5.2 1.4
      vertex -4.4 -8.62295 1.4
    endloop
  endfacet
  facet normal -0.0653646 0 0.997861
    outer loop
      vertex 4.4 -5.2 1.4
      vertex 4.50442 -8.62063 1.40684
      vertex 4.50442 -5.2 1.40684
    endloop
  endfacet
  facet normal -0.0653646 0 0.997861
    outer loop
      vertex 4.50442 -8.62063 1.40684
      vertex 4.4 -5.2 1.4
      vertex 4.4 -8.62295 1.4
    endloop
  endfacet
  facet normal -0.32144 0 0.94693
    outer loop
      vertex 4.60705 -5.2 1.42726
      vertex 4.70615 -8.60232 1.4609
      vertex 4.70615 -5.2 1.4609
    endloop
  endfacet
  facet normal -0.32144 0 0.94693
    outer loop
      vertex 4.70615 -8.60232 1.4609
      vertex 4.60705 -5.2 1.42726
      vertex 4.60705 -8.61372 1.42726
    endloop
  endfacet
  facet normal 0.0653646 -0 0.997861
    outer loop
      vertex -4.50442 -8.62063 1.40684
      vertex -4.4 -5.2 1.4
      vertex -4.50442 -5.2 1.40684
    endloop
  endfacet
  facet normal 0.0653646 0 0.997861
    outer loop
      vertex -4.4 -5.2 1.4
      vertex -4.50442 -8.62063 1.40684
      vertex -4.4 -8.62295 1.4
    endloop
  endfacet
  facet normal -0.980779 0 0.195124
    outer loop
      vertex 5.17274 -5.2 1.99294
      vertex 5.19316 -8.38729 2.09558
      vertex 5.19316 -5.2 2.09558
    endloop
  endfacet
  facet normal -0.980779 0 0.195124
    outer loop
      vertex 5.19316 -8.38729 2.09558
      vertex 5.17274 -5.2 1.99294
      vertex 5.17274 -8.42206 1.99294
    endloop
  endfacet
  facet normal -0.659336 0 -0.751848
    outer loop
      vertex 4.88701 -8.13688 2.83468
      vertex 4.96568 -5.2 2.76569
      vertex 4.96568 -8.16026 2.76569
    endloop
  endfacet
  facet normal -0.659336 0 -0.751848
    outer loop
      vertex 4.96568 -5.2 2.76569
      vertex 4.88701 -8.13688 2.83468
      vertex 4.88701 -5.2 2.83468
    endloop
  endfacet
  facet normal -0.195142 0 -0.980775
    outer loop
      vertex 4.50442 -8.08319 2.99316
      vertex 4.60705 -5.2 2.97274
      vertex 4.60705 -8.09011 2.97274
    endloop
  endfacet
  facet normal -0.195142 0 -0.980775
    outer loop
      vertex 4.60705 -5.2 2.97274
      vertex 4.50442 -8.08319 2.99316
      vertex 4.50442 -5.2 2.99316
    endloop
  endfacet
  facet normal 0.980779 -0 0.195124
    outer loop
      vertex -5.19316 -8.38729 2.09558
      vertex -5.17274 -5.2 1.99294
      vertex -5.19316 -5.2 2.09558
    endloop
  endfacet
  facet normal 0.980779 0 0.195124
    outer loop
      vertex -5.17274 -5.2 1.99294
      vertex -5.19316 -8.38729 2.09558
      vertex -5.17274 -8.42206 1.99294
    endloop
  endfacet
  facet normal -0.555582 0 -0.831462
    outer loop
      vertex 4.8 -8.11719 2.89282
      vertex 4.88701 -5.2 2.83468
      vertex 4.88701 -8.13688 2.83468
    endloop
  endfacet
  facet normal -0.555582 0 -0.831462
    outer loop
      vertex 4.88701 -5.2 2.83468
      vertex 4.8 -8.11719 2.89282
      vertex 4.8 -5.2 2.89282
    endloop
  endfacet
  facet normal 0.980775 0 -0.195142
    outer loop
      vertex -5.17274 -8.28176 2.40705
      vertex -5.19316 -5.2 2.30442
      vertex -5.17274 -5.2 2.40705
    endloop
  endfacet
  facet normal 0.980775 0 -0.195142
    outer loop
      vertex -5.19316 -5.2 2.30442
      vertex -5.17274 -8.28176 2.40705
      vertex -5.19316 -8.31654 2.30442
    endloop
  endfacet
  facet normal 0.32144 0 -0.94693
    outer loop
      vertex -4.70615 -5.2 2.9391
      vertex -4.60705 -8.09011 2.97274
      vertex -4.70615 -8.10151 2.9391
    endloop
  endfacet
  facet normal 0.32144 0 -0.94693
    outer loop
      vertex -4.60705 -8.09011 2.97274
      vertex -4.70615 -5.2 2.9391
      vertex -4.60705 -5.2 2.97274
    endloop
  endfacet
  facet normal 0.751842 0 -0.659343
    outer loop
      vertex -4.96568 -8.16026 2.76569
      vertex -5.03468 -5.2 2.68701
      vertex -4.96568 -5.2 2.76569
    endloop
  endfacet
  facet normal 0.751842 0 -0.659343
    outer loop
      vertex -5.03468 -5.2 2.68701
      vertex -4.96568 -8.16026 2.76569
      vertex -5.03468 -8.18692 2.68701
    endloop
  endfacet
  facet normal 0.32144 -0 0.94693
    outer loop
      vertex -4.70615 -8.60232 1.4609
      vertex -4.60705 -5.2 1.42726
      vertex -4.70615 -5.2 1.4609
    endloop
  endfacet
  facet normal 0.32144 0 0.94693
    outer loop
      vertex -4.60705 -5.2 1.42726
      vertex -4.70615 -8.60232 1.4609
      vertex -4.60705 -8.61372 1.42726
    endloop
  endfacet
  facet normal -0.442276 0 0.896879
    outer loop
      vertex 4.70615 -5.2 1.4609
      vertex 4.8 -8.58664 1.50718
      vertex 4.8 -5.2 1.50718
    endloop
  endfacet
  facet normal -0.442276 0 0.896879
    outer loop
      vertex 4.8 -8.58664 1.50718
      vertex 4.70615 -5.2 1.4609
      vertex 4.70615 -8.60232 1.4609
    endloop
  endfacet
  facet normal 0.997861 -0 0.0653646
    outer loop
      vertex -5.2 -8.35191 2.2
      vertex -5.19316 -5.2 2.09558
      vertex -5.2 -5.2 2.2
    endloop
  endfacet
  facet normal 0.997861 0 0.0653646
    outer loop
      vertex -5.19316 -5.2 2.09558
      vertex -5.2 -8.35191 2.2
      vertex -5.19316 -8.38729 2.09558
    endloop
  endfacet
  facet normal 0.896879 -0 0.442276
    outer loop
      vertex -5.1391 -8.45564 1.89385
      vertex -5.09282 -5.2 1.8
      vertex -5.1391 -5.2 1.89385
    endloop
  endfacet
  facet normal 0.896879 0 0.442276
    outer loop
      vertex -5.09282 -5.2 1.8
      vertex -5.1391 -8.45564 1.89385
      vertex -5.09282 -8.48743 1.8
    endloop
  endfacet
  facet normal -0.831462 0 -0.555582
    outer loop
      vertex 5.09282 -5.2 2.6
      vertex 5.03468 -8.18692 2.68701
      vertex 5.03468 -5.2 2.68701
    endloop
  endfacet
  facet normal -0.831462 0 -0.555582
    outer loop
      vertex 5.03468 -8.18692 2.68701
      vertex 5.09282 -5.2 2.6
      vertex 5.09282 -8.2164 2.6
    endloop
  endfacet
  facet normal 0.997861 0 -0.0653646
    outer loop
      vertex -5.19316 -8.31654 2.30442
      vertex -5.2 -5.2 2.2
      vertex -5.19316 -5.2 2.30442
    endloop
  endfacet
  facet normal 0.997861 0 -0.0653646
    outer loop
      vertex -5.2 -5.2 2.2
      vertex -5.19316 -8.31654 2.30442
      vertex -5.2 -8.35191 2.2
    endloop
  endfacet
  facet normal -0.896879 0 0.442276
    outer loop
      vertex 5.09282 -5.2 1.8
      vertex 5.1391 -8.45564 1.89385
      vertex 5.1391 -5.2 1.89385
    endloop
  endfacet
  facet normal -0.896879 0 0.442276
    outer loop
      vertex 5.1391 -8.45564 1.89385
      vertex 5.09282 -5.2 1.8
      vertex 5.09282 -8.48743 1.8
    endloop
  endfacet
  facet normal 0.94692 -0 0.321469
    outer loop
      vertex -5.17274 -8.42206 1.99294
      vertex -5.1391 -5.2 1.89385
      vertex -5.17274 -5.2 1.99294
    endloop
  endfacet
  facet normal 0.94692 0 0.321469
    outer loop
      vertex -5.1391 -5.2 1.89385
      vertex -5.17274 -8.42206 1.99294
      vertex -5.1391 -8.45564 1.89385
    endloop
  endfacet
  facet normal -0.896879 0 -0.442276
    outer loop
      vertex 5.1391 -5.2 2.50615
      vertex 5.09282 -8.2164 2.6
      vertex 5.09282 -5.2 2.6
    endloop
  endfacet
  facet normal -0.896879 0 -0.442276
    outer loop
      vertex 5.09282 -8.2164 2.6
      vertex 5.1391 -5.2 2.50615
      vertex 5.1391 -8.24819 2.50615
    endloop
  endfacet
  facet normal -0.94693 0 -0.32144
    outer loop
      vertex 5.17274 -5.2 2.40705
      vertex 5.1391 -8.24819 2.50615
      vertex 5.1391 -5.2 2.50615
    endloop
  endfacet
  facet normal -0.94693 0 -0.32144
    outer loop
      vertex 5.1391 -8.24819 2.50615
      vertex 5.17274 -5.2 2.40705
      vertex 5.17274 -8.28176 2.40705
    endloop
  endfacet
  facet normal 0.94693 0 -0.32144
    outer loop
      vertex -5.1391 -8.24819 2.50615
      vertex -5.17274 -5.2 2.40705
      vertex -5.1391 -5.2 2.50615
    endloop
  endfacet
  facet normal 0.94693 0 -0.32144
    outer loop
      vertex -5.17274 -5.2 2.40705
      vertex -5.1391 -8.24819 2.50615
      vertex -5.17274 -8.28176 2.40705
    endloop
  endfacet
  facet normal -0.831462 0 0.555582
    outer loop
      vertex 5.03468 -5.2 1.71299
      vertex 5.09282 -8.48743 1.8
      vertex 5.09282 -5.2 1.8
    endloop
  endfacet
  facet normal -0.831462 0 0.555582
    outer loop
      vertex 5.09282 -8.48743 1.8
      vertex 5.03468 -5.2 1.71299
      vertex 5.03468 -8.51691 1.71299
    endloop
  endfacet
  facet normal -0.751842 0 -0.659343
    outer loop
      vertex 5.03468 -5.2 2.68701
      vertex 4.96568 -8.16026 2.76569
      vertex 4.96568 -5.2 2.76569
    endloop
  endfacet
  facet normal -0.751842 0 -0.659343
    outer loop
      vertex 4.96568 -8.16026 2.76569
      vertex 5.03468 -5.2 2.68701
      vertex 5.03468 -8.18692 2.68701
    endloop
  endfacet
  facet normal 0.442276 -0 0.896879
    outer loop
      vertex -4.8 -8.58664 1.50718
      vertex -4.70615 -5.2 1.4609
      vertex -4.8 -5.2 1.50718
    endloop
  endfacet
  facet normal 0.442276 0 0.896879
    outer loop
      vertex -4.70615 -5.2 1.4609
      vertex -4.8 -8.58664 1.50718
      vertex -4.70615 -8.60232 1.4609
    endloop
  endfacet
  facet normal 0.659336 -0 0.751848
    outer loop
      vertex -4.96568 -8.54357 1.63431
      vertex -4.88701 -5.2 1.56532
      vertex -4.96568 -5.2 1.63431
    endloop
  endfacet
  facet normal 0.659336 0 0.751848
    outer loop
      vertex -4.88701 -5.2 1.56532
      vertex -4.96568 -8.54357 1.63431
      vertex -4.88701 -8.56694 1.56532
    endloop
  endfacet
  facet normal 0.555582 -0 0.831462
    outer loop
      vertex -4.88701 -8.56694 1.56532
      vertex -4.8 -5.2 1.50718
      vertex -4.88701 -5.2 1.56532
    endloop
  endfacet
  facet normal 0.555582 0 0.831462
    outer loop
      vertex -4.8 -5.2 1.50718
      vertex -4.88701 -8.56694 1.56532
      vertex -4.8 -8.58664 1.50718
    endloop
  endfacet
  facet normal -0.997861 0 -0.0653646
    outer loop
      vertex 5.2 -5.2 2.2
      vertex 5.19316 -8.31654 2.30442
      vertex 5.19316 -5.2 2.30442
    endloop
  endfacet
  facet normal -0.997861 0 -0.0653646
    outer loop
      vertex 5.19316 -8.31654 2.30442
      vertex 5.2 -5.2 2.2
      vertex 5.2 -8.35191 2.2
    endloop
  endfacet
  facet normal 0.751842 -0 0.659343
    outer loop
      vertex -5.03468 -8.51691 1.71299
      vertex -4.96568 -5.2 1.63431
      vertex -5.03468 -5.2 1.71299
    endloop
  endfacet
  facet normal 0.751842 0 0.659343
    outer loop
      vertex -4.96568 -5.2 1.63431
      vertex -5.03468 -8.51691 1.71299
      vertex -4.96568 -8.54357 1.63431
    endloop
  endfacet
  facet normal 0.195142 -0 0.980775
    outer loop
      vertex -4.60705 -8.61372 1.42726
      vertex -4.50442 -5.2 1.40684
      vertex -4.60705 -5.2 1.42726
    endloop
  endfacet
  facet normal 0.195142 0 0.980775
    outer loop
      vertex -4.50442 -5.2 1.40684
      vertex -4.60705 -8.61372 1.42726
      vertex -4.50442 -8.62063 1.40684
    endloop
  endfacet
  facet normal 0.831462 -0 0.555582
    outer loop
      vertex -5.09282 -8.48743 1.8
      vertex -5.03468 -5.2 1.71299
      vertex -5.09282 -5.2 1.8
    endloop
  endfacet
  facet normal 0.831462 0 0.555582
    outer loop
      vertex -5.03468 -5.2 1.71299
      vertex -5.09282 -8.48743 1.8
      vertex -5.03468 -8.51691 1.71299
    endloop
  endfacet
  facet normal 0.555582 0 -0.831462
    outer loop
      vertex -4.88701 -5.2 2.83468
      vertex -4.8 -8.11719 2.89282
      vertex -4.88701 -8.13688 2.83468
    endloop
  endfacet
  facet normal 0.555582 0 -0.831462
    outer loop
      vertex -4.8 -8.11719 2.89282
      vertex -4.88701 -5.2 2.83468
      vertex -4.8 -5.2 2.89282
    endloop
  endfacet
  facet normal 0.831462 0 -0.555582
    outer loop
      vertex -5.03468 -8.18692 2.68701
      vertex -5.09282 -5.2 2.6
      vertex -5.03468 -5.2 2.68701
    endloop
  endfacet
  facet normal 0.831462 0 -0.555582
    outer loop
      vertex -5.09282 -5.2 2.6
      vertex -5.03468 -8.18692 2.68701
      vertex -5.09282 -8.2164 2.6
    endloop
  endfacet
  facet normal -0.89684 -0.442355 0
    outer loop
      vertex -12.499 -9.02487 -15.6
      vertex -12.5858 -8.84889 -2
      vertex -12.5858 -8.84889 -15.6
    endloop
  endfacet
  facet normal -0.89684 -0.442355 0
    outer loop
      vertex -12.5858 -8.84889 -2
      vertex -12.499 -9.02487 -15.6
      vertex -12.499 -9.02487 -2
    endloop
  endfacet
  facet normal 0.638734 -0.72874 0.246896
    outer loop
      vertex 13.2631 -9.4649 -2
      vertex 13.4107 -6.76066 5.6
      vertex 13.2631 -6.89003 5.6
    endloop
  endfacet
  facet normal 0.638734 -0.72874 0.246896
    outer loop
      vertex 13.4107 -6.76066 5.6
      vertex 13.2631 -9.4649 -2
      vertex 13.4107 -9.33553 -2
    endloop
  endfacet
  facet normal 0.534863 -0.800258 0.271126
    outer loop
      vertex 13.1 -9.57391 -2
      vertex 13.2631 -6.89003 5.6
      vertex 13.1 -6.99904 5.6
    endloop
  endfacet
  facet normal 0.534863 -0.800258 0.271126
    outer loop
      vertex 13.2631 -6.89003 5.6
      vertex 13.1 -9.57391 -2
      vertex 13.2631 -9.4649 -2
    endloop
  endfacet
  facet normal -0.941309 -0.319697 0.108313
    outer loop
      vertex -12.6489 -8.6631 -2
      vertex -12.5858 -6.27402 5.6
      vertex -12.6489 -6.08823 5.6
    endloop
  endfacet
  facet normal -0.941309 -0.319697 0.108313
    outer loop
      vertex -12.5858 -6.27402 5.6
      vertex -12.6489 -8.6631 -2
      vertex -12.5858 -8.84889 -2
    endloop
  endfacet
  facet normal 0.99787 -0.0652369 0
    outer loop
      vertex 13.8372 -8.47066 -2
      vertex 13.85 -8.27487 -15.6
      vertex 13.85 -8.27487 -2
    endloop
  endfacet
  facet normal 0.99787 -0.0652369 0
    outer loop
      vertex 13.85 -8.27487 -15.6
      vertex 13.8372 -8.47066 -2
      vertex 13.8372 -8.47066 -15.6
    endloop
  endfacet
  facet normal 0.733942 -0.643294 0.217947
    outer loop
      vertex 13.4107 -6.76066 5.6
      vertex 13.54 -9.18801 -2
      vertex 13.54 -6.61314 5.6
    endloop
  endfacet
  facet normal 0.733942 -0.643294 0.217947
    outer loop
      vertex 13.54 -9.18801 -2
      vertex 13.4107 -6.76066 5.6
      vertex 13.4107 -9.33553 -2
    endloop
  endfacet
  facet normal -0.946879 -0.321589 0
    outer loop
      vertex -12.5858 -8.84889 -15.6
      vertex -12.6489 -8.6631 -2
      vertex -12.6489 -8.6631 -15.6
    endloop
  endfacet
  facet normal -0.946879 -0.321589 0
    outer loop
      vertex -12.6489 -8.6631 -2
      vertex -12.5858 -8.84889 -15.6
      vertex -12.5858 -8.84889 -2
    endloop
  endfacet
  facet normal -0.0653858 -0.99786 0
    outer loop
      vertex -11.3958 -9.76204 -15.6
      vertex -11.2 -9.77487 -2
      vertex -11.3958 -9.76204 -2
    endloop
  endfacet
  facet normal -0.0653858 -0.99786 -0
    outer loop
      vertex -11.2 -9.77487 -2
      vertex -11.3958 -9.76204 -15.6
      vertex -11.2 -9.77487 -15.6
    endloop
  endfacet
  facet normal 0.941309 -0.319697 0.108313
    outer loop
      vertex 13.7358 -6.27402 5.6
      vertex 13.7989 -8.6631 -2
      vertex 13.7989 -6.08823 5.6
    endloop
  endfacet
  facet normal 0.941309 -0.319697 0.108313
    outer loop
      vertex 13.7989 -8.6631 -2
      vertex 13.7358 -6.27402 5.6
      vertex 13.7358 -8.84889 -2
    endloop
  endfacet
  facet normal 0 -1 0
    outer loop
      vertex -11.2 -9.77487 -15.6
      vertex 12.35 -9.77487 -2
      vertex -11.2 -9.77487 -2
    endloop
  endfacet
  facet normal 0 -1 -0
    outer loop
      vertex 12.35 -9.77487 -2
      vertex -11.2 -9.77487 -15.6
      vertex 12.35 -9.77487 -15.6
    endloop
  endfacet
  facet normal 0.0653858 -0.99786 0
    outer loop
      vertex 12.35 -9.77487 -15.6
      vertex 12.5458 -9.76204 -2
      vertex 12.35 -9.77487 -2
    endloop
  endfacet
  facet normal 0.0653858 -0.99786 0
    outer loop
      vertex 12.5458 -9.76204 -2
      vertex 12.35 -9.77487 -15.6
      vertex 12.5458 -9.76204 -15.6
    endloop
  endfacet
  facet normal -1 0 0
    outer loop
      vertex -12.7 -8.27487 -2
      vertex -12.7 0 5.6
      vertex -12.7 0 -15.6
    endloop
  endfacet
  facet normal -1 0 0
    outer loop
      vertex -12.7 -8.27487 -2
      vertex -12.7 0 -15.6
      vertex -12.7 -8.27487 -15.6
    endloop
  endfacet
  facet normal -1 -0 0
    outer loop
      vertex -12.7 0 5.6
      vertex -12.7 -8.27487 -2
      vertex -12.7 -5.7 5.6
    endloop
  endfacet
  facet normal -0.659139 -0.752021 0
    outer loop
      vertex -12.2607 -9.33553 -15.6
      vertex -12.1131 -9.4649 -2
      vertex -12.2607 -9.33553 -2
    endloop
  endfacet
  facet normal -0.659139 -0.752021 -0
    outer loop
      vertex -12.1131 -9.4649 -2
      vertex -12.2607 -9.33553 -15.6
      vertex -12.1131 -9.4649 -15.6
    endloop
  endfacet
  facet normal 0.306071 -0.901665 0.305483
    outer loop
      vertex 12.7382 -9.72376 -2
      vertex 12.924 -7.08582 5.6
      vertex 12.7382 -7.14889 5.6
    endloop
  endfacet
  facet normal 0.306071 -0.901665 0.305483
    outer loop
      vertex 12.924 -7.08582 5.6
      vertex 12.7382 -9.72376 -2
      vertex 12.924 -9.66069 -2
    endloop
  endfacet
  facet normal -0.980764 -0.195195 0
    outer loop
      vertex -12.6489 -8.6631 -15.6
      vertex -12.6872 -8.47066 -2
      vertex -12.6872 -8.47066 -15.6
    endloop
  endfacet
  facet normal -0.980764 -0.195195 0
    outer loop
      vertex -12.6872 -8.47066 -2
      vertex -12.6489 -8.6631 -15.6
      vertex -12.6489 -8.6631 -2
    endloop
  endfacet
  facet normal -0.534863 -0.800258 0.271126
    outer loop
      vertex -12.1131 -9.4649 -2
      vertex -11.95 -6.99904 5.6
      vertex -12.1131 -6.89003 5.6
    endloop
  endfacet
  facet normal -0.534863 -0.800258 0.271126
    outer loop
      vertex -11.95 -6.99904 5.6
      vertex -12.1131 -9.4649 -2
      vertex -11.95 -9.57391 -2
    endloop
  endfacet
  facet normal 0.18518 -0.930738 0.315333
    outer loop
      vertex 12.5458 -9.76204 -2
      vertex 12.7382 -7.14889 5.6
      vertex 12.5458 -7.18717 5.6
    endloop
  endfacet
  facet normal 0.18518 -0.930738 0.315333
    outer loop
      vertex 12.7382 -7.14889 5.6
      vertex 12.5458 -9.76204 -2
      vertex 12.7382 -9.72376 -2
    endloop
  endfacet
  facet normal 0.89684 -0.442355 0
    outer loop
      vertex 13.649 -9.02487 -2
      vertex 13.7358 -8.84889 -15.6
      vertex 13.7358 -8.84889 -2
    endloop
  endfacet
  facet normal 0.89684 -0.442355 0
    outer loop
      vertex 13.7358 -8.84889 -15.6
      vertex 13.649 -9.02487 -2
      vertex 13.649 -9.02487 -15.6
    endloop
  endfacet
  facet normal 0.997626 -0.065221 0.0220968
    outer loop
      vertex 13.8372 -5.89579 5.6
      vertex 13.85 -8.27487 -2
      vertex 13.85 -5.7 5.6
    endloop
  endfacet
  facet normal 0.997626 -0.065221 0.0220968
    outer loop
      vertex 13.85 -8.27487 -2
      vertex 13.8372 -5.89579 5.6
      vertex 13.8372 -8.47066 -2
    endloop
  endfacet
  facet normal -0.306071 -0.901665 0.305483
    outer loop
      vertex -11.774 -9.66069 -2
      vertex -11.5882 -7.14889 5.6
      vertex -11.774 -7.08582 5.6
    endloop
  endfacet
  facet normal -0.306071 -0.901665 0.305483
    outer loop
      vertex -11.5882 -7.14889 5.6
      vertex -11.774 -9.66069 -2
      vertex -11.5882 -9.72376 -2
    endloop
  endfacet
  facet normal 1 0 0
    outer loop
      vertex 13.85 -8.27487 -2
      vertex 13.85 0 5.6
      vertex 13.85 -5.7 5.6
    endloop
  endfacet
  facet normal 1 0 0
    outer loop
      vertex 13.85 0 5.6
      vertex 13.85 -8.27487 -2
      vertex 13.85 0 -15.6
    endloop
  endfacet
  facet normal 1 0 0
    outer loop
      vertex 13.85 0 -15.6
      vertex 13.85 -8.27487 -2
      vertex 13.85 -8.27487 -15.6
    endloop
  endfacet
  facet normal 0.831485 -0.555547 0
    outer loop
      vertex 13.54 -9.18801 -2
      vertex 13.649 -9.02487 -15.6
      vertex 13.649 -9.02487 -2
    endloop
  endfacet
  facet normal 0.831485 -0.555547 0
    outer loop
      vertex 13.649 -9.02487 -15.6
      vertex 13.54 -9.18801 -2
      vertex 13.54 -9.18801 -15.6
    endloop
  endfacet
  facet normal 0.423129 -0.858155 0.290742
    outer loop
      vertex 12.924 -9.66069 -2
      vertex 13.1 -6.99904 5.6
      vertex 12.924 -7.08582 5.6
    endloop
  endfacet
  facet normal 0.423129 -0.858155 0.290742
    outer loop
      vertex 13.1 -6.99904 5.6
      vertex 12.924 -9.66069 -2
      vertex 13.1 -9.57391 -2
    endloop
  endfacet
  facet normal 0.555676 -0.831399 0
    outer loop
      vertex 13.1 -9.57391 -15.6
      vertex 13.2631 -9.4649 -2
      vertex 13.1 -9.57391 -2
    endloop
  endfacet
  facet normal 0.555676 -0.831399 0
    outer loop
      vertex 13.2631 -9.4649 -2
      vertex 13.1 -9.57391 -15.6
      vertex 13.2631 -9.4649 -15.6
    endloop
  endfacet
  facet normal 0 -0.947119 0.320884
    outer loop
      vertex 4.4 -8.08088 3
      vertex -11.2 -7.2 5.6
      vertex -4.4 -8.08088 3
    endloop
  endfacet
  facet normal -5.72437e-05 -0.947164 0.320749
    outer loop
      vertex -11.2 -7.2 5.6
      vertex -4.50442 -8.08319 2.99316
      vertex -4.4 -8.08088 3
    endloop
  endfacet
  facet normal 1.07605e-05 -0.947111 0.320906
    outer loop
      vertex -11.2 -7.2 5.6
      vertex -4.60705 -8.09011 2.97274
      vertex -4.50442 -8.08319 2.99316
    endloop
  endfacet
  facet normal 1.46611e-05 -0.947108 0.320915
    outer loop
      vertex -11.2 -7.2 5.6
      vertex -4.70615 -8.10151 2.9391
      vertex -4.60705 -8.09011 2.97274
    endloop
  endfacet
  facet normal 1.77148e-06 -0.947118 0.320887
    outer loop
      vertex -11.2 -7.2 5.6
      vertex -4.8 -8.11719 2.89282
      vertex -4.70615 -8.10151 2.9391
    endloop
  endfacet
  facet normal -3.28144e-05 -0.947142 0.320813
    outer loop
      vertex -11.2 -7.2 5.6
      vertex -4.88701 -8.13688 2.83468
      vertex -4.8 -8.11719 2.89282
    endloop
  endfacet
  facet normal 2.58577e-05 -0.947102 0.320934
    outer loop
      vertex -11.2 -7.2 5.6
      vertex -4.96568 -8.16026 2.76569
      vertex -4.88701 -8.13688 2.83468
    endloop
  endfacet
  facet normal 1.30423e-05 -0.94711 0.320908
    outer loop
      vertex -11.2 -7.2 5.6
      vertex -5.03468 -8.18692 2.68701
      vertex -4.96568 -8.16026 2.76569
    endloop
  endfacet
  facet normal 4.07399e-06 -0.947116 0.320891
    outer loop
      vertex -11.2 -7.2 5.6
      vertex -5.09282 -8.2164 2.6
      vertex -5.03468 -8.18692 2.68701
    endloop
  endfacet
  facet normal -2.54609e-05 -0.947134 0.320837
    outer loop
      vertex -11.2 -7.2 5.6
      vertex -5.1391 -8.24819 2.50615
      vertex -5.09282 -8.2164 2.6
    endloop
  endfacet
  facet normal -2.02735e-05 -0.947131 0.320846
    outer loop
      vertex -11.2 -7.2 5.6
      vertex -5.17274 -8.28176 2.40705
      vertex -5.1391 -8.24819 2.50615
    endloop
  endfacet
  facet normal 4.12373e-05 -0.947096 0.320951
    outer loop
      vertex -11.2 -7.2 5.6
      vertex -5.19316 -8.31654 2.30442
      vertex -5.17274 -8.28176 2.40705
    endloop
  endfacet
  facet normal -3.56279e-05 -0.947139 0.320825
    outer loop
      vertex -11.2 -7.2 5.6
      vertex -5.2 -8.35191 2.2
      vertex -5.19316 -8.31654 2.30442
    endloop
  endfacet
  facet normal 1.50055e-05 -0.947111 0.320905
    outer loop
      vertex -11.2 -7.2 5.6
      vertex -5.19316 -8.38729 2.09558
      vertex -5.2 -8.35191 2.2
    endloop
  endfacet
  facet normal 4.54875e-07 -0.947119 0.320883
    outer loop
      vertex -11.2 -9.77487 -2
      vertex -5.19316 -8.38729 2.09558
      vertex -11.2 -7.2 5.6
    endloop
  endfacet
  facet normal 2.42061e-05 -0.94713 0.320851
    outer loop
      vertex -5.19316 -8.38729 2.09558
      vertex -11.2 -9.77487 -2
      vertex -5.17274 -8.42206 1.99294
    endloop
  endfacet
  facet normal -4.26996e-05 -0.947099 0.320942
    outer loop
      vertex -5.17274 -8.42206 1.99294
      vertex -11.2 -9.77487 -2
      vertex -5.1391 -8.45564 1.89385
    endloop
  endfacet
  facet normal 3.06563e-05 -0.947134 0.32084
    outer loop
      vertex -5.1391 -8.45564 1.89385
      vertex -11.2 -9.77487 -2
      vertex -5.09282 -8.48743 1.8
    endloop
  endfacet
  facet normal -4.84135e-06 -0.947116 0.320891
    outer loop
      vertex -5.09282 -8.48743 1.8
      vertex -11.2 -9.77487 -2
      vertex -5.03468 -8.51691 1.71299
    endloop
  endfacet
  facet normal -1.53583e-05 -0.947111 0.320906
    outer loop
      vertex -5.03468 -8.51691 1.71299
      vertex -11.2 -9.77487 -2
      vertex -4.96568 -8.54357 1.63431
    endloop
  endfacet
  facet normal 1.79399e-05 -0.947128 0.320855
    outer loop
      vertex -4.96568 -8.54357 1.63431
      vertex -11.2 -9.77487 -2
      vertex -4.88701 -8.56694 1.56532
    endloop
  endfacet
  facet normal 0 -0.947119 0.320884
    outer loop
      vertex -4.4 -8.62295 1.4
      vertex -11.2 -9.77487 -2
      vertex 4.4 -8.62295 1.4
    endloop
  endfacet
  facet normal -2.09149e-05 -0.947106 0.320921
    outer loop
      vertex -4.50442 -8.62063 1.40684
      vertex -11.2 -9.77487 -2
      vertex -4.4 -8.62295 1.4
    endloop
  endfacet
  facet normal 5.51433e-05 -0.947151 0.320787
    outer loop
      vertex -4.60705 -8.61372 1.42726
      vertex -11.2 -9.77487 -2
      vertex -4.50442 -8.62063 1.40684
    endloop
  endfacet
  facet normal -1.63264e-05 -0.94711 0.320911
    outer loop
      vertex -4.70615 -8.60232 1.4609
      vertex -11.2 -9.77487 -2
      vertex -4.60705 -8.61372 1.42726
    endloop
  endfacet
  facet normal -1.9659e-06 -0.947118 0.320886
    outer loop
      vertex -4.8 -8.58664 1.50718
      vertex -11.2 -9.77487 -2
      vertex -4.70615 -8.60232 1.4609
    endloop
  endfacet
  facet normal -1.08434e-05 -0.947113 0.320901
    outer loop
      vertex -4.88701 -8.56694 1.56532
      vertex -11.2 -9.77487 -2
      vertex -4.8 -8.58664 1.50718
    endloop
  endfacet
  facet normal 0 -0.947119 0.320884
    outer loop
      vertex -11.2 -7.2 5.6
      vertex 4.4 -8.08088 3
      vertex 12.35 -7.2 5.6
    endloop
  endfacet
  facet normal 5.58623e-05 -0.94717 0.320731
    outer loop
      vertex 4.50442 -8.08319 2.99316
      vertex 12.35 -7.2 5.6
      vertex 4.4 -8.08088 3
    endloop
  endfacet
  facet normal -1.01697e-05 -0.94711 0.320909
    outer loop
      vertex 4.60705 -8.09011 2.97274
      vertex 12.35 -7.2 5.6
      vertex 4.50442 -8.08319 2.99316
    endloop
  endfacet
  facet normal -1.35721e-05 -0.947107 0.320918
    outer loop
      vertex 4.70615 -8.10151 2.9391
      vertex 12.35 -7.2 5.6
      vertex 4.60705 -8.09011 2.97274
    endloop
  endfacet
  facet normal -1.61525e-06 -0.947117 0.320887
    outer loop
      vertex 4.8 -8.11719 2.89282
      vertex 12.35 -7.2 5.6
      vertex 4.70615 -8.10151 2.9391
    endloop
  endfacet
  facet normal 2.95617e-05 -0.947144 0.320809
    outer loop
      vertex 4.88701 -8.13688 2.83468
      vertex 12.35 -7.2 5.6
      vertex 4.8 -8.11719 2.89282
    endloop
  endfacet
  facet normal -2.30567e-05 -0.947101 0.320936
    outer loop
      vertex 4.96568 -8.16026 2.76569
      vertex 12.35 -7.2 5.6
      vertex 4.88701 -8.13688 2.83468
    endloop
  endfacet
  facet normal -1.15227e-05 -0.94711 0.320909
    outer loop
      vertex 5.03468 -8.18692 2.68701
      vertex 12.35 -7.2 5.6
      vertex 4.96568 -8.16026 2.76569
    endloop
  endfacet
  facet normal -3.56814e-06 -0.947116 0.320892
    outer loop
      vertex 5.09282 -8.2164 2.6
      vertex 12.35 -7.2 5.6
      vertex 5.03468 -8.18692 2.68701
    endloop
  endfacet
  facet normal 2.21095e-05 -0.947135 0.320836
    outer loop
      vertex 5.1391 -8.24819 2.50615
      vertex 12.35 -7.2 5.6
      vertex 5.09282 -8.2164 2.6
    endloop
  endfacet
  facet normal 1.74513e-05 -0.947132 0.320846
    outer loop
      vertex 5.17274 -8.28176 2.40705
      vertex 12.35 -7.2 5.6
      vertex 5.1391 -8.24819 2.50615
    endloop
  endfacet
  facet normal -3.51672e-05 -0.947096 0.320952
    outer loop
      vertex 5.19316 -8.31654 2.30442
      vertex 12.35 -7.2 5.6
      vertex 5.17274 -8.28176 2.40705
    endloop
  endfacet
  facet normal 3.00706e-05 -0.947139 0.320825
    outer loop
      vertex 5.2 -8.35191 2.2
      vertex 12.35 -7.2 5.6
      vertex 5.19316 -8.31654 2.30442
    endloop
  endfacet
  facet normal -1.25145e-05 -0.947111 0.320905
    outer loop
      vertex 5.19316 -8.38729 2.09558
      vertex 12.35 -7.2 5.6
      vertex 5.2 -8.35191 2.2
    endloop
  endfacet
  facet normal -2.07141e-05 -0.94713 0.320851
    outer loop
      vertex 12.35 -9.77487 -2
      vertex 5.19316 -8.38729 2.09558
      vertex 5.17274 -8.42206 1.99294
    endloop
  endfacet
  facet normal 3.69448e-05 -0.947098 0.320944
    outer loop
      vertex 12.35 -9.77487 -2
      vertex 5.17274 -8.42206 1.99294
      vertex 5.1391 -8.45564 1.89385
    endloop
  endfacet
  facet normal -2.67954e-05 -0.947134 0.320838
    outer loop
      vertex 12.35 -9.77487 -2
      vertex 5.1391 -8.45564 1.89385
      vertex 5.09282 -8.48743 1.8
    endloop
  endfacet
  facet normal 4.27302e-06 -0.947116 0.320891
    outer loop
      vertex 12.35 -9.77487 -2
      vertex 5.09282 -8.48743 1.8
      vertex 5.03468 -8.51691 1.71299
    endloop
  endfacet
  facet normal 1.36876e-05 -0.94711 0.320908
    outer loop
      vertex 12.35 -9.77487 -2
      vertex 5.03468 -8.51691 1.71299
      vertex 4.96568 -8.54357 1.63431
    endloop
  endfacet
  facet normal -1.61503e-05 -0.947129 0.320853
    outer loop
      vertex 12.35 -9.77487 -2
      vertex 4.96568 -8.54357 1.63431
      vertex 4.88701 -8.56694 1.56532
    endloop
  endfacet
  facet normal 9.86904e-06 -0.947112 0.320902
    outer loop
      vertex 12.35 -9.77487 -2
      vertex 4.88701 -8.56694 1.56532
      vertex 4.8 -8.58664 1.50718
    endloop
  endfacet
  facet normal 0 -0.947119 0.320884
    outer loop
      vertex 12.35 -9.77487 -2
      vertex 4.4 -8.62295 1.4
      vertex -11.2 -9.77487 -2
    endloop
  endfacet
  facet normal 2.0513e-05 -0.947104 0.320927
    outer loop
      vertex 4.4 -8.62295 1.4
      vertex 12.35 -9.77487 -2
      vertex 4.50442 -8.62063 1.40684
    endloop
  endfacet
  facet normal -3.81783e-07 -0.947119 0.320883
    outer loop
      vertex 5.19316 -8.38729 2.09558
      vertex 12.35 -9.77487 -2
      vertex 12.35 -7.2 5.6
    endloop
  endfacet
  facet normal 1.81171e-06 -0.947118 0.320887
    outer loop
      vertex 4.70615 -8.60232 1.4609
      vertex 12.35 -9.77487 -2
      vertex 4.8 -8.58664 1.50718
    endloop
  endfacet
  facet normal 1.5274e-05 -0.947109 0.320913
    outer loop
      vertex 4.60705 -8.61372 1.42726
      vertex 12.35 -9.77487 -2
      vertex 4.70615 -8.60232 1.4609
    endloop
  endfacet
  facet normal -5.26037e-05 -0.947155 0.320776
    outer loop
      vertex 4.50442 -8.62063 1.40684
      vertex 12.35 -9.77487 -2
      vertex 4.60705 -8.61372 1.42726
    endloop
  endfacet
  facet normal -0.423129 -0.858155 0.290742
    outer loop
      vertex -11.95 -9.57391 -2
      vertex -11.774 -7.08582 5.6
      vertex -11.95 -6.99904 5.6
    endloop
  endfacet
  facet normal -0.423129 -0.858155 0.290742
    outer loop
      vertex -11.774 -7.08582 5.6
      vertex -11.95 -9.57391 -2
      vertex -11.774 -9.66069 -2
    endloop
  endfacet
  facet normal -0.817137 -0.54596 0.184971
    outer loop
      vertex -12.499 -9.02487 -2
      vertex -12.39 -6.61314 5.6
      vertex -12.499 -6.45 5.6
    endloop
  endfacet
  facet normal -0.817137 -0.54596 0.184971
    outer loop
      vertex -12.39 -6.61314 5.6
      vertex -12.499 -9.02487 -2
      vertex -12.39 -9.18801 -2
    endloop
  endfacet
  facet normal -0.997626 -0.065221 0.0220968
    outer loop
      vertex -12.7 -8.27487 -2
      vertex -12.6872 -5.89579 5.6
      vertex -12.7 -5.7 5.6
    endloop
  endfacet
  facet normal -0.997626 -0.065221 0.0220968
    outer loop
      vertex -12.6872 -5.89579 5.6
      vertex -12.7 -8.27487 -2
      vertex -12.6872 -8.47066 -2
    endloop
  endfacet
  facet normal -0.99787 -0.0652369 0
    outer loop
      vertex -12.6872 -8.47066 -15.6
      vertex -12.7 -8.27487 -2
      vertex -12.7 -8.27487 -15.6
    endloop
  endfacet
  facet normal -0.99787 -0.0652369 0
    outer loop
      vertex -12.7 -8.27487 -2
      vertex -12.6872 -8.47066 -15.6
      vertex -12.6872 -8.47066 -2
    endloop
  endfacet
  facet normal -0.442233 -0.8969 0
    outer loop
      vertex -11.95 -9.57391 -15.6
      vertex -11.774 -9.66069 -2
      vertex -11.95 -9.57391 -2
    endloop
  endfacet
  facet normal -0.442233 -0.8969 -0
    outer loop
      vertex -11.774 -9.66069 -2
      vertex -11.95 -9.57391 -15.6
      vertex -11.774 -9.66069 -15.6
    endloop
  endfacet
  facet normal 0.980764 -0.195195 0
    outer loop
      vertex 13.7989 -8.6631 -2
      vertex 13.8372 -8.47066 -15.6
      vertex 13.8372 -8.47066 -2
    endloop
  endfacet
  facet normal 0.980764 -0.195195 0
    outer loop
      vertex 13.8372 -8.47066 -15.6
      vertex 13.7989 -8.6631 -2
      vertex 13.7989 -8.6631 -15.6
    endloop
  endfacet
  facet normal -0.978627 -0.194769 0.0659876
    outer loop
      vertex -12.6872 -8.47066 -2
      vertex -12.6489 -6.08823 5.6
      vertex -12.6872 -5.89579 5.6
    endloop
  endfacet
  facet normal -0.978627 -0.194769 0.0659876
    outer loop
      vertex -12.6489 -6.08823 5.6
      vertex -12.6872 -8.47066 -2
      vertex -12.6489 -8.6631 -2
    endloop
  endfacet
  facet normal -0.321437 -0.946931 0
    outer loop
      vertex -11.774 -9.66069 -15.6
      vertex -11.5882 -9.72376 -2
      vertex -11.774 -9.66069 -2
    endloop
  endfacet
  facet normal -0.321437 -0.946931 -0
    outer loop
      vertex -11.5882 -9.72376 -2
      vertex -11.774 -9.66069 -15.6
      vertex -11.5882 -9.72376 -15.6
    endloop
  endfacet
  facet normal -0.752021 -0.65914 0
    outer loop
      vertex -12.2607 -9.33553 -15.6
      vertex -12.39 -9.18801 -2
      vertex -12.39 -9.18801 -15.6
    endloop
  endfacet
  facet normal -0.752021 -0.65914 0
    outer loop
      vertex -12.39 -9.18801 -2
      vertex -12.2607 -9.33553 -15.6
      vertex -12.2607 -9.33553 -2
    endloop
  endfacet
  facet normal 0.0619418 -0.9453 0.320266
    outer loop
      vertex 12.35 -9.77487 -2
      vertex 12.5458 -7.18717 5.6
      vertex 12.35 -7.2 5.6
    endloop
  endfacet
  facet normal 0.0619418 -0.9453 0.320266
    outer loop
      vertex 12.5458 -7.18717 5.6
      vertex 12.35 -9.77487 -2
      vertex 12.5458 -9.76204 -2
    endloop
  endfacet
  facet normal 0.659139 -0.752021 0
    outer loop
      vertex 13.2631 -9.4649 -15.6
      vertex 13.4107 -9.33553 -2
      vertex 13.2631 -9.4649 -2
    endloop
  endfacet
  facet normal 0.659139 -0.752021 0
    outer loop
      vertex 13.4107 -9.33553 -2
      vertex 13.2631 -9.4649 -15.6
      vertex 13.4107 -9.33553 -15.6
    endloop
  endfacet
  facet normal -0.886935 -0.43747 0.148214
    outer loop
      vertex -12.5858 -8.84889 -2
      vertex -12.499 -6.45 5.6
      vertex -12.5858 -6.27402 5.6
    endloop
  endfacet
  facet normal -0.886935 -0.43747 0.148214
    outer loop
      vertex -12.499 -6.45 5.6
      vertex -12.5858 -8.84889 -2
      vertex -12.499 -9.02487 -2
    endloop
  endfacet
  facet normal -0.0619418 -0.9453 0.320266
    outer loop
      vertex -11.3958 -9.76204 -2
      vertex -11.2 -7.2 5.6
      vertex -11.3958 -7.18717 5.6
    endloop
  endfacet
  facet normal -0.0619418 -0.9453 0.320266
    outer loop
      vertex -11.2 -7.2 5.6
      vertex -11.3958 -9.76204 -2
      vertex -11.2 -9.77487 -2
    endloop
  endfacet
  facet normal 0.886935 -0.43747 0.148214
    outer loop
      vertex 13.649 -6.45 5.6
      vertex 13.7358 -8.84889 -2
      vertex 13.7358 -6.27402 5.6
    endloop
  endfacet
  facet normal 0.886935 -0.43747 0.148214
    outer loop
      vertex 13.7358 -8.84889 -2
      vertex 13.649 -6.45 5.6
      vertex 13.649 -9.02487 -2
    endloop
  endfacet
  facet normal -0.733942 -0.643294 0.217947
    outer loop
      vertex -12.39 -9.18801 -2
      vertex -12.2607 -6.76066 5.6
      vertex -12.39 -6.61314 5.6
    endloop
  endfacet
  facet normal -0.733942 -0.643294 0.217947
    outer loop
      vertex -12.2607 -6.76066 5.6
      vertex -12.39 -9.18801 -2
      vertex -12.2607 -9.33553 -2
    endloop
  endfacet
  facet normal 0.946879 -0.321589 0
    outer loop
      vertex 13.7358 -8.84889 -2
      vertex 13.7989 -8.6631 -15.6
      vertex 13.7989 -8.6631 -2
    endloop
  endfacet
  facet normal 0.946879 -0.321589 0
    outer loop
      vertex 13.7989 -8.6631 -15.6
      vertex 13.7358 -8.84889 -2
      vertex 13.7358 -8.84889 -15.6
    endloop
  endfacet
  facet normal -0.18518 -0.930738 0.315333
    outer loop
      vertex -11.5882 -9.72376 -2
      vertex -11.3958 -7.18717 5.6
      vertex -11.5882 -7.14889 5.6
    endloop
  endfacet
  facet normal -0.18518 -0.930738 0.315333
    outer loop
      vertex -11.3958 -7.18717 5.6
      vertex -11.5882 -9.72376 -2
      vertex -11.3958 -9.76204 -2
    endloop
  endfacet
  facet normal 0.195136 -0.980776 0
    outer loop
      vertex 12.5458 -9.76204 -15.6
      vertex 12.7382 -9.72376 -2
      vertex 12.5458 -9.76204 -2
    endloop
  endfacet
  facet normal 0.195136 -0.980776 0
    outer loop
      vertex 12.7382 -9.72376 -2
      vertex 12.5458 -9.76204 -15.6
      vertex 12.7382 -9.72376 -15.6
    endloop
  endfacet
  facet normal 0 0 1
    outer loop
      vertex -3.4 0 5.6
      vertex -4.4 0 5.6
      vertex -3.4 -3.4 5.6
    endloop
  endfacet
  facet normal 0 0 1
    outer loop
      vertex -0.799999 0 5.6
      vertex -1.8 0 5.6
      vertex -0.799999 -3.4 5.6
    endloop
  endfacet
  facet normal 0 0 1
    outer loop
      vertex 1.8 0 5.6
      vertex 0.799999 0 5.6
      vertex 1.8 -3.4 5.6
    endloop
  endfacet
  facet normal 0 0 1
    outer loop
      vertex 4.4 0 5.6
      vertex 3.4 0 5.6
      vertex 4.4 -3.4 5.6
    endloop
  endfacet
  facet normal -0 0 1
    outer loop
      vertex 6 -3.4 5.6
      vertex 13.85 -5.7 5.6
      vertex 13.85 0 5.6
    endloop
  endfacet
  facet normal 0 -0 1
    outer loop
      vertex 12.35 -7.2 5.6
      vertex 13.85 -5.7 5.6
      vertex 6 -3.4 5.6
    endloop
  endfacet
  facet normal 0 0 1
    outer loop
      vertex 13.85 -5.7 5.6
      vertex 12.35 -7.2 5.6
      vertex 13.8372 -5.89579 5.6
    endloop
  endfacet
  facet normal 0 0 1
    outer loop
      vertex 13.7989 -6.08823 5.6
      vertex 12.35 -7.2 5.6
      vertex 13.7358 -6.27402 5.6
    endloop
  endfacet
  facet normal 0 0 1
    outer loop
      vertex 13.7358 -6.27402 5.6
      vertex 12.35 -7.2 5.6
      vertex 13.649 -6.45 5.6
    endloop
  endfacet
  facet normal 0 0 1
    outer loop
      vertex 13.649 -6.45 5.6
      vertex 12.35 -7.2 5.6
      vertex 13.54 -6.61314 5.6
    endloop
  endfacet
  facet normal 0 0 1
    outer loop
      vertex 13.54 -6.61314 5.6
      vertex 12.35 -7.2 5.6
      vertex 13.4107 -6.76066 5.6
    endloop
  endfacet
  facet normal 0 0 1
    outer loop
      vertex 13.4107 -6.76066 5.6
      vertex 12.35 -7.2 5.6
      vertex 13.2631 -6.89003 5.6
    endloop
  endfacet
  facet normal 0 0 1
    outer loop
      vertex 13.2631 -6.89003 5.6
      vertex 12.35 -7.2 5.6
      vertex 13.1 -6.99904 5.6
    endloop
  endfacet
  facet normal 0 0 1
    outer loop
      vertex 13.1 -6.99904 5.6
      vertex 12.35 -7.2 5.6
      vertex 12.924 -7.08582 5.6
    endloop
  endfacet
  facet normal 0 0 1
    outer loop
      vertex 12.924 -7.08582 5.6
      vertex 12.35 -7.2 5.6
      vertex 12.7382 -7.14889 5.6
    endloop
  endfacet
  facet normal 0 0 1
    outer loop
      vertex 12.7382 -7.14889 5.6
      vertex 12.35 -7.2 5.6
      vertex 12.5458 -7.18717 5.6
    endloop
  endfacet
  facet normal 0 0 1
    outer loop
      vertex 6 -3.4 5.6
      vertex 13.85 0 5.6
      vertex 6 0 5.6
    endloop
  endfacet
  facet normal 0 0 1
    outer loop
      vertex 13.8372 -5.89579 5.6
      vertex 12.35 -7.2 5.6
      vertex 13.7989 -6.08823 5.6
    endloop
  endfacet
  facet normal -0 0 1
    outer loop
      vertex 5.99316 -3.50442 5.6
      vertex 12.35 -7.2 5.6
      vertex 6 -3.4 5.6
    endloop
  endfacet
  facet normal -0 0 1
    outer loop
      vertex 5.97274 -3.60705 5.6
      vertex 12.35 -7.2 5.6
      vertex 5.99316 -3.50442 5.6
    endloop
  endfacet
  facet normal -0 0 1
    outer loop
      vertex 5.9391 -3.70615 5.6
      vertex 12.35 -7.2 5.6
      vertex 5.97274 -3.60705 5.6
    endloop
  endfacet
  facet normal -0 0 1
    outer loop
      vertex 5.89282 -3.8 5.6
      vertex 12.35 -7.2 5.6
      vertex 5.9391 -3.70615 5.6
    endloop
  endfacet
  facet normal -0 0 1
    outer loop
      vertex 5.83468 -3.88701 5.6
      vertex 12.35 -7.2 5.6
      vertex 5.89282 -3.8 5.6
    endloop
  endfacet
  facet normal -0 0 1
    outer loop
      vertex 5.76569 -3.96568 5.6
      vertex 12.35 -7.2 5.6
      vertex 5.83468 -3.88701 5.6
    endloop
  endfacet
  facet normal -0 0 1
    outer loop
      vertex 5.68701 -4.03468 5.6
      vertex 12.35 -7.2 5.6
      vertex 5.76569 -3.96568 5.6
    endloop
  endfacet
  facet normal -0 0 1
    outer loop
      vertex 5.6 -4.09282 5.6
      vertex 12.35 -7.2 5.6
      vertex 5.68701 -4.03468 5.6
    endloop
  endfacet
  facet normal -0 0 1
    outer loop
      vertex 5.50615 -4.1391 5.6
      vertex 12.35 -7.2 5.6
      vertex 5.6 -4.09282 5.6
    endloop
  endfacet
  facet normal -0 0 1
    outer loop
      vertex 5.40705 -4.17274 5.6
      vertex 12.35 -7.2 5.6
      vertex 5.50615 -4.1391 5.6
    endloop
  endfacet
  facet normal -0 0 1
    outer loop
      vertex 5.30442 -4.19316 5.6
      vertex 12.35 -7.2 5.6
      vertex 5.40705 -4.17274 5.6
    endloop
  endfacet
  facet normal -0 0 1
    outer loop
      vertex 5.2 -4.2 5.6
      vertex 12.35 -7.2 5.6
      vertex 5.30442 -4.19316 5.6
    endloop
  endfacet
  facet normal 0 0 1
    outer loop
      vertex 5.09558 -4.19316 5.6
      vertex 12.35 -7.2 5.6
      vertex 5.2 -4.2 5.6
    endloop
  endfacet
  facet normal 0 0 1
    outer loop
      vertex 2.70442 -4.19316 5.6
      vertex 5.09558 -4.19316 5.6
      vertex 4.99294 -4.17274 5.6
    endloop
  endfacet
  facet normal 0 0 1
    outer loop
      vertex 2.80705 -4.17274 5.6
      vertex 4.99294 -4.17274 5.6
      vertex 4.89385 -4.1391 5.6
    endloop
  endfacet
  facet normal 0 0 1
    outer loop
      vertex 3.4 -3.4 5.6
      vertex 4.4 -3.4 5.6
      vertex 3.4 0 5.6
    endloop
  endfacet
  facet normal 0 0 1
    outer loop
      vertex 4.4 -3.4 5.6
      vertex 3.4 -3.4 5.6
      vertex 4.40684 -3.50442 5.6
    endloop
  endfacet
  facet normal 0 0 1
    outer loop
      vertex 3.39316 -3.50442 5.6
      vertex 4.40684 -3.50442 5.6
      vertex 3.4 -3.4 5.6
    endloop
  endfacet
  facet normal 0 0 1
    outer loop
      vertex 4.40684 -3.50442 5.6
      vertex 3.39316 -3.50442 5.6
      vertex 4.42726 -3.60705 5.6
    endloop
  endfacet
  facet normal 0 0 1
    outer loop
      vertex 3.37274 -3.60705 5.6
      vertex 4.42726 -3.60705 5.6
      vertex 3.39316 -3.50442 5.6
    endloop
  endfacet
  facet normal 0 0 1
    outer loop
      vertex 4.42726 -3.60705 5.6
      vertex 3.37274 -3.60705 5.6
      vertex 4.4609 -3.70615 5.6
    endloop
  endfacet
  facet normal 0 0 1
    outer loop
      vertex 3.3391 -3.70615 5.6
      vertex 4.4609 -3.70615 5.6
      vertex 3.37274 -3.60705 5.6
    endloop
  endfacet
  facet normal 0 0 1
    outer loop
      vertex 4.4609 -3.70615 5.6
      vertex 3.3391 -3.70615 5.6
      vertex 4.50718 -3.8 5.6
    endloop
  endfacet
  facet normal 0 0 1
    outer loop
      vertex 3.29282 -3.8 5.6
      vertex 4.50718 -3.8 5.6
      vertex 3.3391 -3.70615 5.6
    endloop
  endfacet
  facet normal 0 0 1
    outer loop
      vertex 4.50718 -3.8 5.6
      vertex 3.29282 -3.8 5.6
      vertex 4.56532 -3.88701 5.6
    endloop
  endfacet
  facet normal 0 0 1
    outer loop
      vertex 3.23468 -3.88701 5.6
      vertex 4.56532 -3.88701 5.6
      vertex 3.29282 -3.8 5.6
    endloop
  endfacet
  facet normal 0 0 1
    outer loop
      vertex 4.56532 -3.88701 5.6
      vertex 3.23468 -3.88701 5.6
      vertex 4.63431 -3.96568 5.6
    endloop
  endfacet
  facet normal 0 0 1
    outer loop
      vertex 3.16568 -3.96568 5.6
      vertex 4.63431 -3.96568 5.6
      vertex 3.23468 -3.88701 5.6
    endloop
  endfacet
  facet normal 0 0 1
    outer loop
      vertex 4.63431 -3.96568 5.6
      vertex 3.16568 -3.96568 5.6
      vertex 4.71299 -4.03468 5.6
    endloop
  endfacet
  facet normal 0 0 1
    outer loop
      vertex 3.08701 -4.03468 5.6
      vertex 4.71299 -4.03468 5.6
      vertex 3.16568 -3.96568 5.6
    endloop
  endfacet
  facet normal 0 0 1
    outer loop
      vertex 4.71299 -4.03468 5.6
      vertex 3.08701 -4.03468 5.6
      vertex 4.8 -4.09282 5.6
    endloop
  endfacet
  facet normal 0 0 1
    outer loop
      vertex 3 -4.09282 5.6
      vertex 4.8 -4.09282 5.6
      vertex 3.08701 -4.03468 5.6
    endloop
  endfacet
  facet normal 0 0 1
    outer loop
      vertex 4.8 -4.09282 5.6
      vertex 3 -4.09282 5.6
      vertex 4.89385 -4.1391 5.6
    endloop
  endfacet
  facet normal 0 0 1
    outer loop
      vertex 2.90615 -4.1391 5.6
      vertex 4.89385 -4.1391 5.6
      vertex 3 -4.09282 5.6
    endloop
  endfacet
  facet normal 0 0 1
    outer loop
      vertex 2.80705 -4.17274 5.6
      vertex 4.89385 -4.1391 5.6
      vertex 2.90615 -4.1391 5.6
    endloop
  endfacet
  facet normal 0 0 1
    outer loop
      vertex 4.99294 -4.17274 5.6
      vertex 2.80705 -4.17274 5.6
      vertex 2.70442 -4.19316 5.6
    endloop
  endfacet
  facet normal 0 0 1
    outer loop
      vertex 5.09558 -4.19316 5.6
      vertex 2.70442 -4.19316 5.6
      vertex 12.35 -7.2 5.6
    endloop
  endfacet
  facet normal -0 0 1
    outer loop
      vertex 2.6 -4.2 5.6
      vertex 12.35 -7.2 5.6
      vertex 2.70442 -4.19316 5.6
    endloop
  endfacet
  facet normal 0 0 1
    outer loop
      vertex 2.49558 -4.19316 5.6
      vertex 12.35 -7.2 5.6
      vertex 2.6 -4.2 5.6
    endloop
  endfacet
  facet normal 0 0 1
    outer loop
      vertex 0.104421 -4.19316 5.6
      vertex 2.49558 -4.19316 5.6
      vertex 2.39294 -4.17274 5.6
    endloop
  endfacet
  facet normal 0 0 1
    outer loop
      vertex 0.799999 -3.4 5.6
      vertex 1.8 -3.4 5.6
      vertex 0.799999 0 5.6
    endloop
  endfacet
  facet normal 0 0 1
    outer loop
      vertex 1.8 -3.4 5.6
      vertex 0.799999 -3.4 5.6
      vertex 1.80684 -3.50442 5.6
    endloop
  endfacet
  facet normal 0 0 1
    outer loop
      vertex 0.793156 -3.50442 5.6
      vertex 1.80684 -3.50442 5.6
      vertex 0.799999 -3.4 5.6
    endloop
  endfacet
  facet normal 0 0 1
    outer loop
      vertex 1.80684 -3.50442 5.6
      vertex 0.793156 -3.50442 5.6
      vertex 1.82726 -3.60705 5.6
    endloop
  endfacet
  facet normal 0 0 1
    outer loop
      vertex 0.77274 -3.60705 5.6
      vertex 1.82726 -3.60705 5.6
      vertex 0.793156 -3.50442 5.6
    endloop
  endfacet
  facet normal 0 0 1
    outer loop
      vertex 1.82726 -3.60705 5.6
      vertex 0.77274 -3.60705 5.6
      vertex 1.8609 -3.70615 5.6
    endloop
  endfacet
  facet normal 0 0 1
    outer loop
      vertex 0.739103 -3.70615 5.6
      vertex 1.8609 -3.70615 5.6
      vertex 0.77274 -3.60705 5.6
    endloop
  endfacet
  facet normal 0 0 1
    outer loop
      vertex 1.8609 -3.70615 5.6
      vertex 0.739103 -3.70615 5.6
      vertex 1.90718 -3.8 5.6
    endloop
  endfacet
  facet normal 0 0 1
    outer loop
      vertex 0.69282 -3.8 5.6
      vertex 1.90718 -3.8 5.6
      vertex 0.739103 -3.70615 5.6
    endloop
  endfacet
  facet normal 0 0 1
    outer loop
      vertex 1.90718 -3.8 5.6
      vertex 0.69282 -3.8 5.6
      vertex 1.96532 -3.88701 5.6
    endloop
  endfacet
  facet normal 0 0 1
    outer loop
      vertex 0.634683 -3.88701 5.6
      vertex 1.96532 -3.88701 5.6
      vertex 0.69282 -3.8 5.6
    endloop
  endfacet
  facet normal 0 0 1
    outer loop
      vertex 1.96532 -3.88701 5.6
      vertex 0.634683 -3.88701 5.6
      vertex 2.03431 -3.96568 5.6
    endloop
  endfacet
  facet normal 0 0 1
    outer loop
      vertex 0.565685 -3.96568 5.6
      vertex 2.03431 -3.96568 5.6
      vertex 0.634683 -3.88701 5.6
    endloop
  endfacet
  facet normal 0 0 1
    outer loop
      vertex 2.03431 -3.96568 5.6
      vertex 0.565685 -3.96568 5.6
      vertex 2.11299 -4.03468 5.6
    endloop
  endfacet
  facet normal 0 0 1
    outer loop
      vertex 0.487009 -4.03468 5.6
      vertex 2.11299 -4.03468 5.6
      vertex 0.565685 -3.96568 5.6
    endloop
  endfacet
  facet normal 0 0 1
    outer loop
      vertex 2.11299 -4.03468 5.6
      vertex 0.487009 -4.03468 5.6
      vertex 2.2 -4.09282 5.6
    endloop
  endfacet
  facet normal 0 0 1
    outer loop
      vertex 0.4 -4.09282 5.6
      vertex 2.2 -4.09282 5.6
      vertex 0.487009 -4.03468 5.6
    endloop
  endfacet
  facet normal 0 0 1
    outer loop
      vertex 2.2 -4.09282 5.6
      vertex 0.4 -4.09282 5.6
      vertex 2.29385 -4.1391 5.6
    endloop
  endfacet
  facet normal 0 0 1
    outer loop
      vertex 0.306147 -4.1391 5.6
      vertex 2.29385 -4.1391 5.6
      vertex 0.4 -4.09282 5.6
    endloop
  endfacet
  facet normal 0 0 1
    outer loop
      vertex 2.29385 -4.1391 5.6
      vertex 0.306147 -4.1391 5.6
      vertex 2.39294 -4.17274 5.6
    endloop
  endfacet
  facet normal 0 0 1
    outer loop
      vertex 0.207055 -4.17274 5.6
      vertex 2.39294 -4.17274 5.6
      vertex 0.306147 -4.1391 5.6
    endloop
  endfacet
  facet normal 0 0 1
    outer loop
      vertex 0.104421 -4.19316 5.6
      vertex 2.39294 -4.17274 5.6
      vertex 0.207055 -4.17274 5.6
    endloop
  endfacet
  facet normal 0 0 1
    outer loop
      vertex 2.49558 -4.19316 5.6
      vertex 0.104421 -4.19316 5.6
      vertex 12.35 -7.2 5.6
    endloop
  endfacet
  facet normal -0 0 1
    outer loop
      vertex 0 -4.2 5.6
      vertex 12.35 -7.2 5.6
      vertex 0.104421 -4.19316 5.6
    endloop
  endfacet
  facet normal 0 0 1
    outer loop
      vertex -11.2 -7.2 5.6
      vertex 0 -4.2 5.6
      vertex -0.104421 -4.19316 5.6
    endloop
  endfacet
  facet normal 0 0 1
    outer loop
      vertex -2.49558 -4.19316 5.6
      vertex -0.104421 -4.19316 5.6
      vertex -0.207055 -4.17274 5.6
    endloop
  endfacet
  facet normal 0 0 1
    outer loop
      vertex -1.8 -3.4 5.6
      vertex -0.799999 -3.4 5.6
      vertex -1.8 0 5.6
    endloop
  endfacet
  facet normal 0 0 1
    outer loop
      vertex -0.799999 -3.4 5.6
      vertex -1.8 -3.4 5.6
      vertex -0.793156 -3.50442 5.6
    endloop
  endfacet
  facet normal 0 0 1
    outer loop
      vertex -1.80684 -3.50442 5.6
      vertex -0.793156 -3.50442 5.6
      vertex -1.8 -3.4 5.6
    endloop
  endfacet
  facet normal 0 0 1
    outer loop
      vertex -0.793156 -3.50442 5.6
      vertex -1.80684 -3.50442 5.6
      vertex -0.77274 -3.60705 5.6
    endloop
  endfacet
  facet normal 0 0 1
    outer loop
      vertex -1.82726 -3.60705 5.6
      vertex -0.77274 -3.60705 5.6
      vertex -1.80684 -3.50442 5.6
    endloop
  endfacet
  facet normal 0 0 1
    outer loop
      vertex -0.77274 -3.60705 5.6
      vertex -1.82726 -3.60705 5.6
      vertex -0.739103 -3.70615 5.6
    endloop
  endfacet
  facet normal 0 0 1
    outer loop
      vertex -1.8609 -3.70615 5.6
      vertex -0.739103 -3.70615 5.6
      vertex -1.82726 -3.60705 5.6
    endloop
  endfacet
  facet normal 0 0 1
    outer loop
      vertex -0.739103 -3.70615 5.6
      vertex -1.8609 -3.70615 5.6
      vertex -0.69282 -3.8 5.6
    endloop
  endfacet
  facet normal 0 0 1
    outer loop
      vertex -1.90718 -3.8 5.6
      vertex -0.69282 -3.8 5.6
      vertex -1.8609 -3.70615 5.6
    endloop
  endfacet
  facet normal 0 0 1
    outer loop
      vertex -0.69282 -3.8 5.6
      vertex -1.90718 -3.8 5.6
      vertex -0.634683 -3.88701 5.6
    endloop
  endfacet
  facet normal 0 0 1
    outer loop
      vertex -1.96532 -3.88701 5.6
      vertex -0.634683 -3.88701 5.6
      vertex -1.90718 -3.8 5.6
    endloop
  endfacet
  facet normal 0 0 1
    outer loop
      vertex -0.634683 -3.88701 5.6
      vertex -1.96532 -3.88701 5.6
      vertex -0.565685 -3.96568 5.6
    endloop
  endfacet
  facet normal 0 0 1
    outer loop
      vertex -2.03431 -3.96568 5.6
      vertex -0.565685 -3.96568 5.6
      vertex -1.96532 -3.88701 5.6
    endloop
  endfacet
  facet normal 0 0 1
    outer loop
      vertex -0.565685 -3.96568 5.6
      vertex -2.03431 -3.96568 5.6
      vertex -0.487009 -4.03468 5.6
    endloop
  endfacet
  facet normal 0 0 1
    outer loop
      vertex -2.11299 -4.03468 5.6
      vertex -0.487009 -4.03468 5.6
      vertex -2.03431 -3.96568 5.6
    endloop
  endfacet
  facet normal 0 0 1
    outer loop
      vertex -0.487009 -4.03468 5.6
      vertex -2.11299 -4.03468 5.6
      vertex -0.4 -4.09282 5.6
    endloop
  endfacet
  facet normal 0 0 1
    outer loop
      vertex -2.2 -4.09282 5.6
      vertex -0.4 -4.09282 5.6
      vertex -2.11299 -4.03468 5.6
    endloop
  endfacet
  facet normal 0 0 1
    outer loop
      vertex -0.4 -4.09282 5.6
      vertex -2.2 -4.09282 5.6
      vertex -0.306147 -4.1391 5.6
    endloop
  endfacet
  facet normal 0 0 1
    outer loop
      vertex -2.29385 -4.1391 5.6
      vertex -0.306147 -4.1391 5.6
      vertex -2.2 -4.09282 5.6
    endloop
  endfacet
  facet normal 0 0 1
    outer loop
      vertex -0.306147 -4.1391 5.6
      vertex -2.29385 -4.1391 5.6
      vertex -0.207055 -4.17274 5.6
    endloop
  endfacet
  facet normal 0 0 1
    outer loop
      vertex -2.39294 -4.17274 5.6
      vertex -0.207055 -4.17274 5.6
      vertex -2.29385 -4.1391 5.6
    endloop
  endfacet
  facet normal 0 0 1
    outer loop
      vertex -2.49558 -4.19316 5.6
      vertex -0.207055 -4.17274 5.6
      vertex -2.39294 -4.17274 5.6
    endloop
  endfacet
  facet normal 0 0 1
    outer loop
      vertex -0.104421 -4.19316 5.6
      vertex -2.49558 -4.19316 5.6
      vertex -11.2 -7.2 5.6
    endloop
  endfacet
  facet normal 0 0 1
    outer loop
      vertex -11.2 -7.2 5.6
      vertex -2.49558 -4.19316 5.6
      vertex -2.6 -4.2 5.6
    endloop
  endfacet
  facet normal 0 0 1
    outer loop
      vertex -11.2 -7.2 5.6
      vertex -2.6 -4.2 5.6
      vertex -2.70442 -4.19316 5.6
    endloop
  endfacet
  facet normal 0 0 1
    outer loop
      vertex -5.09558 -4.19316 5.6
      vertex -2.70442 -4.19316 5.6
      vertex -2.80705 -4.17274 5.6
    endloop
  endfacet
  facet normal 0 0 1
    outer loop
      vertex -4.4 -3.4 5.6
      vertex -3.4 -3.4 5.6
      vertex -4.4 0 5.6
    endloop
  endfacet
  facet normal 0 0 1
    outer loop
      vertex -3.4 -3.4 5.6
      vertex -4.4 -3.4 5.6
      vertex -3.39316 -3.50442 5.6
    endloop
  endfacet
  facet normal 0 0 1
    outer loop
      vertex -4.40684 -3.50442 5.6
      vertex -3.39316 -3.50442 5.6
      vertex -4.4 -3.4 5.6
    endloop
  endfacet
  facet normal 0 0 1
    outer loop
      vertex -3.39316 -3.50442 5.6
      vertex -4.40684 -3.50442 5.6
      vertex -3.37274 -3.60705 5.6
    endloop
  endfacet
  facet normal 0 0 1
    outer loop
      vertex -4.42726 -3.60705 5.6
      vertex -3.37274 -3.60705 5.6
      vertex -4.40684 -3.50442 5.6
    endloop
  endfacet
  facet normal 0 0 1
    outer loop
      vertex -3.37274 -3.60705 5.6
      vertex -4.42726 -3.60705 5.6
      vertex -3.3391 -3.70615 5.6
    endloop
  endfacet
  facet normal 0 0 1
    outer loop
      vertex -4.4609 -3.70615 5.6
      vertex -3.3391 -3.70615 5.6
      vertex -4.42726 -3.60705 5.6
    endloop
  endfacet
  facet normal 0 0 1
    outer loop
      vertex -3.3391 -3.70615 5.6
      vertex -4.4609 -3.70615 5.6
      vertex -3.29282 -3.8 5.6
    endloop
  endfacet
  facet normal 0 0 1
    outer loop
      vertex -4.50718 -3.8 5.6
      vertex -3.29282 -3.8 5.6
      vertex -4.4609 -3.70615 5.6
    endloop
  endfacet
  facet normal 0 0 1
    outer loop
      vertex -3.29282 -3.8 5.6
      vertex -4.50718 -3.8 5.6
      vertex -3.23468 -3.88701 5.6
    endloop
  endfacet
  facet normal 0 0 1
    outer loop
      vertex -4.56532 -3.88701 5.6
      vertex -3.23468 -3.88701 5.6
      vertex -4.50718 -3.8 5.6
    endloop
  endfacet
  facet normal 0 0 1
    outer loop
      vertex -3.23468 -3.88701 5.6
      vertex -4.56532 -3.88701 5.6
      vertex -3.16568 -3.96568 5.6
    endloop
  endfacet
  facet normal 0 0 1
    outer loop
      vertex -4.63431 -3.96568 5.6
      vertex -3.16568 -3.96568 5.6
      vertex -4.56532 -3.88701 5.6
    endloop
  endfacet
  facet normal 0 0 1
    outer loop
      vertex -3.16568 -3.96568 5.6
      vertex -4.63431 -3.96568 5.6
      vertex -3.08701 -4.03468 5.6
    endloop
  endfacet
  facet normal 0 0 1
    outer loop
      vertex -4.71299 -4.03468 5.6
      vertex -3.08701 -4.03468 5.6
      vertex -4.63431 -3.96568 5.6
    endloop
  endfacet
  facet normal 0 0 1
    outer loop
      vertex -3.08701 -4.03468 5.6
      vertex -4.71299 -4.03468 5.6
      vertex -3 -4.09282 5.6
    endloop
  endfacet
  facet normal 0 0 1
    outer loop
      vertex -4.8 -4.09282 5.6
      vertex -3 -4.09282 5.6
      vertex -4.71299 -4.03468 5.6
    endloop
  endfacet
  facet normal 0 0 1
    outer loop
      vertex -3 -4.09282 5.6
      vertex -4.8 -4.09282 5.6
      vertex -2.90615 -4.1391 5.6
    endloop
  endfacet
  facet normal 0 0 1
    outer loop
      vertex -4.89385 -4.1391 5.6
      vertex -2.90615 -4.1391 5.6
      vertex -4.8 -4.09282 5.6
    endloop
  endfacet
  facet normal 0 0 1
    outer loop
      vertex -2.90615 -4.1391 5.6
      vertex -4.89385 -4.1391 5.6
      vertex -2.80705 -4.17274 5.6
    endloop
  endfacet
  facet normal 0 0 1
    outer loop
      vertex -4.99294 -4.17274 5.6
      vertex -2.80705 -4.17274 5.6
      vertex -4.89385 -4.1391 5.6
    endloop
  endfacet
  facet normal 0 0 1
    outer loop
      vertex -5.09558 -4.19316 5.6
      vertex -2.80705 -4.17274 5.6
      vertex -4.99294 -4.17274 5.6
    endloop
  endfacet
  facet normal 0 0 1
    outer loop
      vertex -2.70442 -4.19316 5.6
      vertex -5.09558 -4.19316 5.6
      vertex -11.2 -7.2 5.6
    endloop
  endfacet
  facet normal 0 0 1
    outer loop
      vertex -11.2 -7.2 5.6
      vertex -5.09558 -4.19316 5.6
      vertex -5.2 -4.2 5.6
    endloop
  endfacet
  facet normal 0 0 1
    outer loop
      vertex -11.2 -7.2 5.6
      vertex -5.2 -4.2 5.6
      vertex -5.30442 -4.19316 5.6
    endloop
  endfacet
  facet normal 0 0 1
    outer loop
      vertex 0 -4.2 5.6
      vertex -11.2 -7.2 5.6
      vertex 12.35 -7.2 5.6
    endloop
  endfacet
  facet normal 0 0 1
    outer loop
      vertex -5.40705 -4.17274 5.6
      vertex -11.2 -7.2 5.6
      vertex -5.30442 -4.19316 5.6
    endloop
  endfacet
  facet normal 0 0 1
    outer loop
      vertex -5.50615 -4.1391 5.6
      vertex -11.2 -7.2 5.6
      vertex -5.40705 -4.17274 5.6
    endloop
  endfacet
  facet normal 0 0 1
    outer loop
      vertex -5.6 -4.09282 5.6
      vertex -11.2 -7.2 5.6
      vertex -5.50615 -4.1391 5.6
    endloop
  endfacet
  facet normal 0 0 1
    outer loop
      vertex -5.68701 -4.03468 5.6
      vertex -11.2 -7.2 5.6
      vertex -5.6 -4.09282 5.6
    endloop
  endfacet
  facet normal 0 0 1
    outer loop
      vertex -5.76569 -3.96568 5.6
      vertex -11.2 -7.2 5.6
      vertex -5.68701 -4.03468 5.6
    endloop
  endfacet
  facet normal 0 0 1
    outer loop
      vertex -5.83468 -3.88701 5.6
      vertex -11.2 -7.2 5.6
      vertex -5.76569 -3.96568 5.6
    endloop
  endfacet
  facet normal 0 0 1
    outer loop
      vertex -5.89282 -3.8 5.6
      vertex -11.2 -7.2 5.6
      vertex -5.83468 -3.88701 5.6
    endloop
  endfacet
  facet normal 0 0 1
    outer loop
      vertex -5.9391 -3.70615 5.6
      vertex -11.2 -7.2 5.6
      vertex -5.89282 -3.8 5.6
    endloop
  endfacet
  facet normal 0 0 1
    outer loop
      vertex -5.97274 -3.60705 5.6
      vertex -11.2 -7.2 5.6
      vertex -5.9391 -3.70615 5.6
    endloop
  endfacet
  facet normal 0 0 1
    outer loop
      vertex -5.99316 -3.50442 5.6
      vertex -11.2 -7.2 5.6
      vertex -5.97274 -3.60705 5.6
    endloop
  endfacet
  facet normal 0 0 1
    outer loop
      vertex -12.7 -5.7 5.6
      vertex -5.99316 -3.50442 5.6
      vertex -6 -3.4 5.6
    endloop
  endfacet
  facet normal -0 0 1
    outer loop
      vertex -12.7 0 5.6
      vertex -6 -3.4 5.6
      vertex -6 0 5.6
    endloop
  endfacet
  facet normal 0 0 1
    outer loop
      vertex -5.99316 -3.50442 5.6
      vertex -12.7 -5.7 5.6
      vertex -11.2 -7.2 5.6
    endloop
  endfacet
  facet normal 0 0 1
    outer loop
      vertex -11.2 -7.2 5.6
      vertex -12.7 -5.7 5.6
      vertex -11.3958 -7.18717 5.6
    endloop
  endfacet
  facet normal 0 0 1
    outer loop
      vertex -11.3958 -7.18717 5.6
      vertex -12.7 -5.7 5.6
      vertex -11.5882 -7.14889 5.6
    endloop
  endfacet
  facet normal 0 0 1
    outer loop
      vertex -11.5882 -7.14889 5.6
      vertex -12.7 -5.7 5.6
      vertex -11.774 -7.08582 5.6
    endloop
  endfacet
  facet normal 0 0 1
    outer loop
      vertex -11.774 -7.08582 5.6
      vertex -12.7 -5.7 5.6
      vertex -11.95 -6.99904 5.6
    endloop
  endfacet
  facet normal 0 0 1
    outer loop
      vertex -11.95 -6.99904 5.6
      vertex -12.7 -5.7 5.6
      vertex -12.1131 -6.89003 5.6
    endloop
  endfacet
  facet normal 0 0 1
    outer loop
      vertex -12.1131 -6.89003 5.6
      vertex -12.7 -5.7 5.6
      vertex -12.2607 -6.76066 5.6
    endloop
  endfacet
  facet normal 0 0 1
    outer loop
      vertex -12.2607 -6.76066 5.6
      vertex -12.7 -5.7 5.6
      vertex -12.39 -6.61314 5.6
    endloop
  endfacet
  facet normal 0 0 1
    outer loop
      vertex -12.39 -6.61314 5.6
      vertex -12.7 -5.7 5.6
      vertex -12.499 -6.45 5.6
    endloop
  endfacet
  facet normal 0 0 1
    outer loop
      vertex -12.499 -6.45 5.6
      vertex -12.7 -5.7 5.6
      vertex -12.5858 -6.27402 5.6
    endloop
  endfacet
  facet normal 0 0 1
    outer loop
      vertex -12.5858 -6.27402 5.6
      vertex -12.7 -5.7 5.6
      vertex -12.6489 -6.08823 5.6
    endloop
  endfacet
  facet normal 0 0 1
    outer loop
      vertex -6 -3.4 5.6
      vertex -12.7 0 5.6
      vertex -12.7 -5.7 5.6
    endloop
  endfacet
  facet normal 0 0 1
    outer loop
      vertex -12.6489 -6.08823 5.6
      vertex -12.7 -5.7 5.6
      vertex -12.6872 -5.89579 5.6
    endloop
  endfacet
  facet normal 0.752021 -0.65914 0
    outer loop
      vertex 13.4107 -9.33553 -2
      vertex 13.54 -9.18801 -15.6
      vertex 13.54 -9.18801 -2
    endloop
  endfacet
  facet normal 0.752021 -0.65914 0
    outer loop
      vertex 13.54 -9.18801 -15.6
      vertex 13.4107 -9.33553 -2
      vertex 13.4107 -9.33553 -15.6
    endloop
  endfacet
  facet normal 0.978627 -0.194769 0.0659876
    outer loop
      vertex 13.7989 -6.08823 5.6
      vertex 13.8372 -8.47066 -2
      vertex 13.8372 -5.89579 5.6
    endloop
  endfacet
  facet normal 0.978627 -0.194769 0.0659876
    outer loop
      vertex 13.8372 -8.47066 -2
      vertex 13.7989 -6.08823 5.6
      vertex 13.7989 -8.6631 -2
    endloop
  endfacet
  facet normal 0.442233 -0.8969 0
    outer loop
      vertex 12.924 -9.66069 -15.6
      vertex 13.1 -9.57391 -2
      vertex 12.924 -9.66069 -2
    endloop
  endfacet
  facet normal 0.442233 -0.8969 0
    outer loop
      vertex 13.1 -9.57391 -2
      vertex 12.924 -9.66069 -15.6
      vertex 13.1 -9.57391 -15.6
    endloop
  endfacet
  facet normal -0.555676 -0.831399 0
    outer loop
      vertex -12.1131 -9.4649 -15.6
      vertex -11.95 -9.57391 -2
      vertex -12.1131 -9.4649 -2
    endloop
  endfacet
  facet normal -0.555676 -0.831399 -0
    outer loop
      vertex -11.95 -9.57391 -2
      vertex -12.1131 -9.4649 -15.6
      vertex -11.95 -9.57391 -15.6
    endloop
  endfacet
  facet normal -0.638734 -0.72874 0.246896
    outer loop
      vertex -12.2607 -9.33553 -2
      vertex -12.1131 -6.89003 5.6
      vertex -12.2607 -6.76066 5.6
    endloop
  endfacet
  facet normal -0.638734 -0.72874 0.246896
    outer loop
      vertex -12.1131 -6.89003 5.6
      vertex -12.2607 -9.33553 -2
      vertex -12.1131 -9.4649 -2
    endloop
  endfacet
  facet normal 0.817137 -0.54596 0.184971
    outer loop
      vertex 13.54 -6.61314 5.6
      vertex 13.649 -9.02487 -2
      vertex 13.649 -6.45 5.6
    endloop
  endfacet
  facet normal 0.817137 -0.54596 0.184971
    outer loop
      vertex 13.649 -9.02487 -2
      vertex 13.54 -6.61314 5.6
      vertex 13.54 -9.18801 -2
    endloop
  endfacet
  facet normal -0.195136 -0.980776 0
    outer loop
      vertex -11.5882 -9.72376 -15.6
      vertex -11.3958 -9.76204 -2
      vertex -11.5882 -9.72376 -2
    endloop
  endfacet
  facet normal -0.195136 -0.980776 -0
    outer loop
      vertex -11.3958 -9.76204 -2
      vertex -11.5882 -9.72376 -15.6
      vertex -11.3958 -9.76204 -15.6
    endloop
  endfacet
  facet normal -0.831485 -0.555547 0
    outer loop
      vertex -12.39 -9.18801 -15.6
      vertex -12.499 -9.02487 -2
      vertex -12.499 -9.02487 -15.6
    endloop
  endfacet
  facet normal -0.831485 -0.555547 0
    outer loop
      vertex -12.499 -9.02487 -2
      vertex -12.39 -9.18801 -15.6
      vertex -12.39 -9.18801 -2
    endloop
  endfacet
  facet normal 0.321437 -0.946931 0
    outer loop
      vertex 12.7382 -9.72376 -15.6
      vertex 12.924 -9.66069 -2
      vertex 12.7382 -9.72376 -2
    endloop
  endfacet
  facet normal 0.321437 -0.946931 0
    outer loop
      vertex 12.924 -9.66069 -2
      vertex 12.7382 -9.72376 -15.6
      vertex 12.924 -9.66069 -15.6
    endloop
  endfacet
  facet normal 0 0 -1
    outer loop
      vertex 12.35 -9.77487 -15.6
      vertex 13.85 -8.27487 -15.6
      vertex 13.8372 -8.47066 -15.6
    endloop
  endfacet
  facet normal 0 0 -1
    outer loop
      vertex 12.35 -9.77487 -15.6
      vertex 13.8372 -8.47066 -15.6
      vertex 13.7989 -8.6631 -15.6
    endloop
  endfacet
  facet normal 0 0 -1
    outer loop
      vertex 12.35 -9.77487 -15.6
      vertex 13.7989 -8.6631 -15.6
      vertex 13.7358 -8.84889 -15.6
    endloop
  endfacet
  facet normal 0 0 -1
    outer loop
      vertex 12.35 -9.77487 -15.6
      vertex 13.7358 -8.84889 -15.6
      vertex 13.649 -9.02487 -15.6
    endloop
  endfacet
  facet normal 0 0 -1
    outer loop
      vertex 12.35 -9.77487 -15.6
      vertex 13.649 -9.02487 -15.6
      vertex 13.54 -9.18801 -15.6
    endloop
  endfacet
  facet normal 0 0 -1
    outer loop
      vertex 12.35 -9.77487 -15.6
      vertex 13.54 -9.18801 -15.6
      vertex 13.4107 -9.33553 -15.6
    endloop
  endfacet
  facet normal 0 0 -1
    outer loop
      vertex 12.35 -9.77487 -15.6
      vertex 13.4107 -9.33553 -15.6
      vertex 13.2631 -9.4649 -15.6
    endloop
  endfacet
  facet normal 0 0 -1
    outer loop
      vertex 12.35 -9.77487 -15.6
      vertex 13.2631 -9.4649 -15.6
      vertex 13.1 -9.57391 -15.6
    endloop
  endfacet
  facet normal 0 0 -1
    outer loop
      vertex 12.35 -9.77487 -15.6
      vertex 13.1 -9.57391 -15.6
      vertex 12.924 -9.66069 -15.6
    endloop
  endfacet
  facet normal 0 0 -1
    outer loop
      vertex 12.35 -9.77487 -15.6
      vertex 12.924 -9.66069 -15.6
      vertex 12.7382 -9.72376 -15.6
    endloop
  endfacet
  facet normal 0 0 -1
    outer loop
      vertex 12.35 -9.77487 -15.6
      vertex 12.7382 -9.72376 -15.6
      vertex 12.5458 -9.76204 -15.6
    endloop
  endfacet
  facet normal -0 0 -1
    outer loop
      vertex 13.85 -8.27487 -15.6
      vertex 12.35 -9.77487 -15.6
      vertex 5.39424 -0.919238 -15.6
    endloop
  endfacet
  facet normal 0 0 -1
    outer loop
      vertex 13.85 -8.27487 -15.6
      vertex 5.50636 -0.791389 -15.6
      vertex 13.85 0 -15.6
    endloop
  endfacet
  facet normal -0 0 -1
    outer loop
      vertex 13.85 0 -15.6
      vertex 5.76388 -0.169683 -15.6
      vertex 5.775 0 -15.6
    endloop
  endfacet
  facet normal 0 0 -1
    outer loop
      vertex 13.85 0 -15.6
      vertex 5.7307 -0.336464 -15.6
      vertex 5.76388 -0.169683 -15.6
    endloop
  endfacet
  facet normal 0 0 -1
    outer loop
      vertex 13.85 0 -15.6
      vertex 5.67604 -0.497488 -15.6
      vertex 5.7307 -0.336464 -15.6
    endloop
  endfacet
  facet normal 0 0 -1
    outer loop
      vertex 13.85 0 -15.6
      vertex 5.60083 -0.65 -15.6
      vertex 5.67604 -0.497488 -15.6
    endloop
  endfacet
  facet normal 0 0 -1
    outer loop
      vertex 13.85 0 -15.6
      vertex 5.50636 -0.791389 -15.6
      vertex 5.60083 -0.65 -15.6
    endloop
  endfacet
  facet normal 0 0 -1
    outer loop
      vertex 13.85 -8.27487 -15.6
      vertex 5.39424 -0.919238 -15.6
      vertex 5.50636 -0.791389 -15.6
    endloop
  endfacet
  facet normal 0 0 -1
    outer loop
      vertex 12.35 -9.77487 -15.6
      vertex 5.26639 -1.03136 -15.6
      vertex 5.39424 -0.919238 -15.6
    endloop
  endfacet
  facet normal 0 0 -1
    outer loop
      vertex 12.35 -9.77487 -15.6
      vertex 5.125 -1.12583 -15.6
      vertex 5.26639 -1.03136 -15.6
    endloop
  endfacet
  facet normal 0 0 -1
    outer loop
      vertex 12.35 -9.77487 -15.6
      vertex 4.97249 -1.20104 -15.6
      vertex 5.125 -1.12583 -15.6
    endloop
  endfacet
  facet normal 0 0 -1
    outer loop
      vertex 12.35 -9.77487 -15.6
      vertex 4.81146 -1.2557 -15.6
      vertex 4.97249 -1.20104 -15.6
    endloop
  endfacet
  facet normal 0 0 -1
    outer loop
      vertex 12.35 -9.77487 -15.6
      vertex 4.64468 -1.28888 -15.6
      vertex 4.81146 -1.2557 -15.6
    endloop
  endfacet
  facet normal 0 0 -1
    outer loop
      vertex 12.35 -9.77487 -15.6
      vertex 4.475 -1.3 -15.6
      vertex 4.64468 -1.28888 -15.6
    endloop
  endfacet
  facet normal 0 0 -1
    outer loop
      vertex 12.35 -9.77487 -15.6
      vertex 4.30532 -1.28888 -15.6
      vertex 4.475 -1.3 -15.6
    endloop
  endfacet
  facet normal 0 0 -1
    outer loop
      vertex 12.35 -9.77487 -15.6
      vertex 4.13853 -1.2557 -15.6
      vertex 4.30532 -1.28888 -15.6
    endloop
  endfacet
  facet normal 0 0 -1
    outer loop
      vertex -11.2 -9.77487 -15.6
      vertex 4.13853 -1.2557 -15.6
      vertex 12.35 -9.77487 -15.6
    endloop
  endfacet
  facet normal -0 0 -1
    outer loop
      vertex 4.13853 -1.2557 -15.6
      vertex -11.2 -9.77487 -15.6
      vertex 3.97751 -1.20104 -15.6
    endloop
  endfacet
  facet normal -0 0 -1
    outer loop
      vertex 3.97751 -1.20104 -15.6
      vertex -11.2 -9.77487 -15.6
      vertex 3.825 -1.12583 -15.6
    endloop
  endfacet
  facet normal -0 0 -1
    outer loop
      vertex 3.825 -1.12583 -15.6
      vertex -11.2 -9.77487 -15.6
      vertex 3.68361 -1.03136 -15.6
    endloop
  endfacet
  facet normal -0 0 -1
    outer loop
      vertex 3.68361 -1.03136 -15.6
      vertex -11.2 -9.77487 -15.6
      vertex 3.55576 -0.919238 -15.6
    endloop
  endfacet
  facet normal 0 0 -1
    outer loop
      vertex -11.2 -9.77487 -15.6
      vertex 3.44364 -0.791389 -15.6
      vertex 3.55576 -0.919238 -15.6
    endloop
  endfacet
  facet normal 0 0 -1
    outer loop
      vertex -11.2 -9.77487 -15.6
      vertex 3.34917 -0.65 -15.6
      vertex 3.44364 -0.791389 -15.6
    endloop
  endfacet
  facet normal 0 0 -1
    outer loop
      vertex -11.2 -9.77487 -15.6
      vertex 3.27396 -0.497488 -15.6
      vertex 3.34917 -0.65 -15.6
    endloop
  endfacet
  facet normal 0 0 -1
    outer loop
      vertex -12.7 0 -15.6
      vertex 3.27396 -0.497488 -15.6
      vertex -11.2 -9.77487 -15.6
    endloop
  endfacet
  facet normal 0 0 -1
    outer loop
      vertex 3.27396 -0.497488 -15.6
      vertex -12.7 0 -15.6
      vertex 3.2193 -0.336464 -15.6
    endloop
  endfacet
  facet normal 0 0 -1
    outer loop
      vertex 3.2193 -0.336464 -15.6
      vertex -12.7 0 -15.6
      vertex 3.18612 -0.169683 -15.6
    endloop
  endfacet
  facet normal 0 0 -1
    outer loop
      vertex -12.7 -8.27487 -15.6
      vertex -11.2 -9.77487 -15.6
      vertex -11.3958 -9.76204 -15.6
    endloop
  endfacet
  facet normal 0 0 -1
    outer loop
      vertex -12.7 -8.27487 -15.6
      vertex -11.3958 -9.76204 -15.6
      vertex -11.5882 -9.72376 -15.6
    endloop
  endfacet
  facet normal 0 0 -1
    outer loop
      vertex -12.7 -8.27487 -15.6
      vertex -11.5882 -9.72376 -15.6
      vertex -11.774 -9.66069 -15.6
    endloop
  endfacet
  facet normal 0 0 -1
    outer loop
      vertex -12.7 -8.27487 -15.6
      vertex -11.774 -9.66069 -15.6
      vertex -11.95 -9.57391 -15.6
    endloop
  endfacet
  facet normal 0 0 -1
    outer loop
      vertex -12.7 -8.27487 -15.6
      vertex -11.95 -9.57391 -15.6
      vertex -12.1131 -9.4649 -15.6
    endloop
  endfacet
  facet normal 0 0 -1
    outer loop
      vertex -12.7 -8.27487 -15.6
      vertex -12.1131 -9.4649 -15.6
      vertex -12.2607 -9.33553 -15.6
    endloop
  endfacet
  facet normal 0 0 -1
    outer loop
      vertex -12.7 -8.27487 -15.6
      vertex -12.2607 -9.33553 -15.6
      vertex -12.39 -9.18801 -15.6
    endloop
  endfacet
  facet normal 0 0 -1
    outer loop
      vertex -12.7 -8.27487 -15.6
      vertex -12.39 -9.18801 -15.6
      vertex -12.499 -9.02487 -15.6
    endloop
  endfacet
  facet normal 0 0 -1
    outer loop
      vertex -12.7 -8.27487 -15.6
      vertex -12.499 -9.02487 -15.6
      vertex -12.5858 -8.84889 -15.6
    endloop
  endfacet
  facet normal 0 0 -1
    outer loop
      vertex -12.7 -8.27487 -15.6
      vertex -12.5858 -8.84889 -15.6
      vertex -12.6489 -8.6631 -15.6
    endloop
  endfacet
  facet normal 0 0 -1
    outer loop
      vertex -12.7 -8.27487 -15.6
      vertex -12.6489 -8.6631 -15.6
      vertex -12.6872 -8.47066 -15.6
    endloop
  endfacet
  facet normal 0 0 -1
    outer loop
      vertex -11.2 -9.77487 -15.6
      vertex -12.7 -8.27487 -15.6
      vertex -12.7 0 -15.6
    endloop
  endfacet
  facet normal 0 0 -1
    outer loop
      vertex 3.18612 -0.169683 -15.6
      vertex -12.7 0 -15.6
      vertex 3.175 0 -15.6
    endloop
  endfacet
  facet normal -0.831478 0.555558 0
    outer loop
      vertex 5.50636 -0.791389 -15.6
      vertex 5.60083 -0.65 -13.6
      vertex 5.60083 -0.65 -15.6
    endloop
  endfacet
  facet normal -0.831478 0.555558 0
    outer loop
      vertex 5.60083 -0.65 -13.6
      vertex 5.50636 -0.791389 -15.6
      vertex 5.50636 -0.791389 -13.6
    endloop
  endfacet
  facet normal -0.0653948 0.997859 0
    outer loop
      vertex 4.64468 -1.28888 -15.6
      vertex 4.475 -1.3 -13.6
      vertex 4.64468 -1.28888 -13.6
    endloop
  endfacet
  facet normal -0.0653948 0.997859 0
    outer loop
      vertex 4.475 -1.3 -13.6
      vertex 4.64468 -1.28888 -15.6
      vertex 4.475 -1.3 -15.6
    endloop
  endfacet
  facet normal 0.946931 0.321438 0
    outer loop
      vertex 3.27396 -0.497488 -13.6
      vertex 3.2193 -0.336464 -15.6
      vertex 3.2193 -0.336464 -13.6
    endloop
  endfacet
  facet normal 0.946931 0.321438 0
    outer loop
      vertex 3.2193 -0.336464 -15.6
      vertex 3.27396 -0.497488 -13.6
      vertex 3.27396 -0.497488 -15.6
    endloop
  endfacet
  facet normal -0.321427 0.946934 0
    outer loop
      vertex 4.97249 -1.20104 -15.6
      vertex 4.81146 -1.2557 -13.6
      vertex 4.97249 -1.20104 -13.6
    endloop
  endfacet
  facet normal -0.321427 0.946934 0
    outer loop
      vertex 4.81146 -1.2557 -13.6
      vertex 4.97249 -1.20104 -15.6
      vertex 4.81146 -1.2557 -15.6
    endloop
  endfacet
  facet normal -0.896874 0.442286 0
    outer loop
      vertex 5.60083 -0.65 -15.6
      vertex 5.67604 -0.497488 -13.6
      vertex 5.67604 -0.497488 -15.6
    endloop
  endfacet
  facet normal -0.896874 0.442286 0
    outer loop
      vertex 5.67604 -0.497488 -13.6
      vertex 5.60083 -0.65 -15.6
      vertex 5.60083 -0.65 -13.6
    endloop
  endfacet
  facet normal 0.831478 0.555558 0
    outer loop
      vertex 3.44364 -0.791389 -13.6
      vertex 3.34917 -0.65 -15.6
      vertex 3.34917 -0.65 -13.6
    endloop
  endfacet
  facet normal 0.831478 0.555558 0
    outer loop
      vertex 3.34917 -0.65 -15.6
      vertex 3.44364 -0.791389 -13.6
      vertex 3.44364 -0.791389 -15.6
    endloop
  endfacet
  facet normal 0.99786 0.0653937 0
    outer loop
      vertex 3.18612 -0.169683 -13.6
      vertex 3.175 0 -15.6
      vertex 3.175 0 -13.6
    endloop
  endfacet
  facet normal 0.99786 0.0653937 0
    outer loop
      vertex 3.175 0 -15.6
      vertex 3.18612 -0.169683 -13.6
      vertex 3.18612 -0.169683 -15.6
    endloop
  endfacet
  facet normal 0.321445 0.946928 -0
    outer loop
      vertex 4.13853 -1.2557 -15.6
      vertex 3.97751 -1.20104 -13.6
      vertex 4.13853 -1.2557 -13.6
    endloop
  endfacet
  facet normal 0.321445 0.946928 0
    outer loop
      vertex 3.97751 -1.20104 -13.6
      vertex 4.13853 -1.2557 -15.6
      vertex 3.97751 -1.20104 -15.6
    endloop
  endfacet
  facet normal -0.751841 0.659344 0
    outer loop
      vertex 5.39424 -0.919238 -15.6
      vertex 5.50636 -0.791389 -13.6
      vertex 5.50636 -0.791389 -15.6
    endloop
  endfacet
  facet normal -0.751841 0.659344 0
    outer loop
      vertex 5.50636 -0.791389 -13.6
      vertex 5.39424 -0.919238 -15.6
      vertex 5.39424 -0.919238 -13.6
    endloop
  endfacet
  facet normal 0.659348 0.751838 -0
    outer loop
      vertex 3.68361 -1.03136 -15.6
      vertex 3.55576 -0.919238 -13.6
      vertex 3.68361 -1.03136 -13.6
    endloop
  endfacet
  facet normal 0.659348 0.751838 0
    outer loop
      vertex 3.55576 -0.919238 -13.6
      vertex 3.68361 -1.03136 -15.6
      vertex 3.55576 -0.919238 -15.6
    endloop
  endfacet
  facet normal -0.659348 0.751838 0
    outer loop
      vertex 5.39424 -0.919238 -15.6
      vertex 5.26639 -1.03136 -13.6
      vertex 5.39424 -0.919238 -13.6
    endloop
  endfacet
  facet normal -0.659348 0.751838 0
    outer loop
      vertex 5.26639 -1.03136 -13.6
      vertex 5.39424 -0.919238 -15.6
      vertex 5.26639 -1.03136 -15.6
    endloop
  endfacet
  facet normal 0.0653948 0.997859 -0
    outer loop
      vertex 4.475 -1.3 -15.6
      vertex 4.30532 -1.28888 -13.6
      vertex 4.475 -1.3 -13.6
    endloop
  endfacet
  facet normal 0.0653948 0.997859 0
    outer loop
      vertex 4.30532 -1.28888 -13.6
      vertex 4.475 -1.3 -15.6
      vertex 4.30532 -1.28888 -15.6
    endloop
  endfacet
  facet normal 0.751841 0.659344 0
    outer loop
      vertex 3.55576 -0.919238 -13.6
      vertex 3.44364 -0.791389 -15.6
      vertex 3.44364 -0.791389 -13.6
    endloop
  endfacet
  facet normal 0.751841 0.659344 0
    outer loop
      vertex 3.44364 -0.791389 -15.6
      vertex 3.55576 -0.919238 -13.6
      vertex 3.55576 -0.919238 -15.6
    endloop
  endfacet
  facet normal -0.99786 0.0653937 0
    outer loop
      vertex 5.76388 -0.169683 -15.6
      vertex 5.775 0 -13.6
      vertex 5.775 0 -15.6
    endloop
  endfacet
  facet normal -0.99786 0.0653937 0
    outer loop
      vertex 5.775 0 -13.6
      vertex 5.76388 -0.169683 -15.6
      vertex 5.76388 -0.169683 -13.6
    endloop
  endfacet
  facet normal -0.980779 0.19512 0
    outer loop
      vertex 5.7307 -0.336464 -15.6
      vertex 5.76388 -0.169683 -13.6
      vertex 5.76388 -0.169683 -15.6
    endloop
  endfacet
  facet normal -0.980779 0.19512 0
    outer loop
      vertex 5.76388 -0.169683 -13.6
      vertex 5.7307 -0.336464 -15.6
      vertex 5.7307 -0.336464 -13.6
    endloop
  endfacet
  facet normal -0.946931 0.321438 0
    outer loop
      vertex 5.67604 -0.497488 -15.6
      vertex 5.7307 -0.336464 -13.6
      vertex 5.7307 -0.336464 -15.6
    endloop
  endfacet
  facet normal -0.946931 0.321438 0
    outer loop
      vertex 5.7307 -0.336464 -13.6
      vertex 5.67604 -0.497488 -15.6
      vertex 5.67604 -0.497488 -13.6
    endloop
  endfacet
  facet normal 0.980779 0.19512 0
    outer loop
      vertex 3.2193 -0.336464 -13.6
      vertex 3.18612 -0.169683 -15.6
      vertex 3.18612 -0.169683 -13.6
    endloop
  endfacet
  facet normal 0.980779 0.19512 0
    outer loop
      vertex 3.18612 -0.169683 -15.6
      vertex 3.2193 -0.336464 -13.6
      vertex 3.2193 -0.336464 -15.6
    endloop
  endfacet
  facet normal 0.896874 0.442286 0
    outer loop
      vertex 3.34917 -0.65 -13.6
      vertex 3.27396 -0.497488 -15.6
      vertex 3.27396 -0.497488 -13.6
    endloop
  endfacet
  facet normal 0.896874 0.442286 0
    outer loop
      vertex 3.27396 -0.497488 -15.6
      vertex 3.34917 -0.65 -13.6
      vertex 3.34917 -0.65 -15.6
    endloop
  endfacet
  facet normal -0.195121 0.980779 0
    outer loop
      vertex 4.81146 -1.2557 -15.6
      vertex 4.64468 -1.28888 -13.6
      vertex 4.81146 -1.2557 -13.6
    endloop
  endfacet
  facet normal -0.195121 0.980779 0
    outer loop
      vertex 4.64468 -1.28888 -13.6
      vertex 4.81146 -1.2557 -15.6
      vertex 4.64468 -1.28888 -15.6
    endloop
  endfacet
  facet normal -0.442291 0.896872 0
    outer loop
      vertex 5.125 -1.12583 -15.6
      vertex 4.97249 -1.20104 -13.6
      vertex 5.125 -1.12583 -13.6
    endloop
  endfacet
  facet normal -0.442291 0.896872 0
    outer loop
      vertex 4.97249 -1.20104 -13.6
      vertex 5.125 -1.12583 -15.6
      vertex 4.97249 -1.20104 -15.6
    endloop
  endfacet
  facet normal 0.442291 0.896872 -0
    outer loop
      vertex 3.97751 -1.20104 -15.6
      vertex 3.825 -1.12583 -13.6
      vertex 3.97751 -1.20104 -13.6
    endloop
  endfacet
  facet normal 0.442291 0.896872 0
    outer loop
      vertex 3.825 -1.12583 -13.6
      vertex 3.97751 -1.20104 -15.6
      vertex 3.825 -1.12583 -15.6
    endloop
  endfacet
  facet normal -0.555555 0.83148 0
    outer loop
      vertex 5.26639 -1.03136 -15.6
      vertex 5.125 -1.12583 -13.6
      vertex 5.26639 -1.03136 -13.6
    endloop
  endfacet
  facet normal -0.555555 0.83148 0
    outer loop
      vertex 5.125 -1.12583 -13.6
      vertex 5.26639 -1.03136 -15.6
      vertex 5.125 -1.12583 -15.6
    endloop
  endfacet
  facet normal 0.555555 0.83148 -0
    outer loop
      vertex 3.825 -1.12583 -15.6
      vertex 3.68361 -1.03136 -13.6
      vertex 3.825 -1.12583 -13.6
    endloop
  endfacet
  facet normal 0.555555 0.83148 0
    outer loop
      vertex 3.68361 -1.03136 -13.6
      vertex 3.825 -1.12583 -15.6
      vertex 3.68361 -1.03136 -15.6
    endloop
  endfacet
  facet normal 0.19511 0.980781 -0
    outer loop
      vertex 4.30532 -1.28888 -15.6
      vertex 4.13853 -1.2557 -13.6
      vertex 4.30532 -1.28888 -13.6
    endloop
  endfacet
  facet normal 0.19511 0.980781 0
    outer loop
      vertex 4.13853 -1.2557 -13.6
      vertex 4.30532 -1.28888 -15.6
      vertex 4.13853 -1.2557 -15.6
    endloop
  endfacet
  facet normal 0 1 0
    outer loop
      vertex 3.175 0 -13.6
      vertex 3.175 0 -15.6
      vertex -6.7 0 -13.6
    endloop
  endfacet
  facet normal 0 1 0
    outer loop
      vertex 1.1 0 0
      vertex 0.924871 0 -2
      vertex -6.7 0 0
    endloop
  endfacet
  facet normal 0 1 0
    outer loop
      vertex -6.7 0 3.6
      vertex -6 0 5.6
      vertex -6 0 3.6
    endloop
  endfacet
  facet normal 0 1 0
    outer loop
      vertex -6 0 5.6
      vertex -6.7 0 3.6
      vertex -12.7 0 5.6
    endloop
  endfacet
  facet normal 0 1 -0
    outer loop
      vertex -6.7 0 0
      vertex -12.7 0 5.6
      vertex -6.7 0 3.6
    endloop
  endfacet
  facet normal 0 1 0
    outer loop
      vertex -6.7 0 -2
      vertex -6.7 0 0
      vertex 0.924871 0 -2
    endloop
  endfacet
  facet normal 0 1 0
    outer loop
      vertex -9.7 0 -4.15
      vertex -6.7 0 0
      vertex -6.7 0 -2
    endloop
  endfacet
  facet normal 0 1 0
    outer loop
      vertex -6.7 0 0
      vertex -9.7 0 -4.15
      vertex -9.81095 0 -4.15727
    endloop
  endfacet
  facet normal 0 1 0
    outer loop
      vertex -6.7 0 0
      vertex -9.81095 0 -4.15727
      vertex -9.92 0 -4.17896
    endloop
  endfacet
  facet normal 0 1 0
    outer loop
      vertex -10.0253 0 -4.2147
      vertex -6.7 0 0
      vertex -9.92 0 -4.17896
    endloop
  endfacet
  facet normal 0 1 0
    outer loop
      vertex -6.7 0 0
      vertex -10.0253 0 -4.2147
      vertex -12.7 0 5.6
    endloop
  endfacet
  facet normal 0 1 -0
    outer loop
      vertex -10.125 0 -4.26388
      vertex -12.7 0 5.6
      vertex -10.0253 0 -4.2147
    endloop
  endfacet
  facet normal 0 1 -0
    outer loop
      vertex -10.2174 0 -4.32565
      vertex -12.7 0 5.6
      vertex -10.125 0 -4.26388
    endloop
  endfacet
  facet normal 0 1 -0
    outer loop
      vertex -10.301 0 -4.39896
      vertex -12.7 0 5.6
      vertex -10.2174 0 -4.32565
    endloop
  endfacet
  facet normal 0 1 -0
    outer loop
      vertex -10.3743 0 -4.48255
      vertex -12.7 0 5.6
      vertex -10.301 0 -4.39896
    endloop
  endfacet
  facet normal 0 1 -0
    outer loop
      vertex -10.4361 0 -4.575
      vertex -12.7 0 5.6
      vertex -10.3743 0 -4.48255
    endloop
  endfacet
  facet normal 0 1 -0
    outer loop
      vertex -10.4853 0 -4.67472
      vertex -12.7 0 5.6
      vertex -10.4361 0 -4.575
    endloop
  endfacet
  facet normal 0 1 -0
    outer loop
      vertex -10.521 0 -4.78
      vertex -12.7 0 5.6
      vertex -10.4853 0 -4.67472
    endloop
  endfacet
  facet normal 0 1 -0
    outer loop
      vertex -10.5427 0 -4.88905
      vertex -12.7 0 5.6
      vertex -10.521 0 -4.78
    endloop
  endfacet
  facet normal 0 1 -0
    outer loop
      vertex -10.55 0 -5
      vertex -12.7 0 5.6
      vertex -10.5427 0 -4.88905
    endloop
  endfacet
  facet normal 0 1 0
    outer loop
      vertex -12.7 0 -15.6
      vertex -10.55 0 -5
      vertex -10.5427 0 -5.11095
    endloop
  endfacet
  facet normal 0 1 0
    outer loop
      vertex -12.7 0 -15.6
      vertex -10.5427 0 -5.11095
      vertex -10.521 0 -5.22
    endloop
  endfacet
  facet normal 0 1 0
    outer loop
      vertex -6.7 0 -13.6
      vertex -9.81095 0 -5.84273
      vertex -9.7 0 -5.85
    endloop
  endfacet
  facet normal 0 1 0
    outer loop
      vertex -6.7 0 -13.6
      vertex -9.92 0 -5.82104
      vertex -9.81095 0 -5.84273
    endloop
  endfacet
  facet normal 0 1 0
    outer loop
      vertex -12.7 0 -15.6
      vertex -9.92 0 -5.82104
      vertex -6.7 0 -13.6
    endloop
  endfacet
  facet normal 0 1 0
    outer loop
      vertex -9.92 0 -5.82104
      vertex -12.7 0 -15.6
      vertex -10.0253 0 -5.7853
    endloop
  endfacet
  facet normal 0 1 0
    outer loop
      vertex -10.0253 0 -5.7853
      vertex -12.7 0 -15.6
      vertex -10.125 0 -5.73612
    endloop
  endfacet
  facet normal 0 1 0
    outer loop
      vertex -10.125 0 -5.73612
      vertex -12.7 0 -15.6
      vertex -10.2174 0 -5.67435
    endloop
  endfacet
  facet normal 0 1 0
    outer loop
      vertex -10.2174 0 -5.67435
      vertex -12.7 0 -15.6
      vertex -10.301 0 -5.60104
    endloop
  endfacet
  facet normal 0 1 0
    outer loop
      vertex -10.301 0 -5.60104
      vertex -12.7 0 -15.6
      vertex -10.3743 0 -5.51745
    endloop
  endfacet
  facet normal 0 1 0
    outer loop
      vertex -10.3743 0 -5.51745
      vertex -12.7 0 -15.6
      vertex -10.4361 0 -5.425
    endloop
  endfacet
  facet normal 0 1 0
    outer loop
      vertex -10.55 0 -5
      vertex -12.7 0 -15.6
      vertex -12.7 0 5.6
    endloop
  endfacet
  facet normal 0 1 0
    outer loop
      vertex -10.4853 0 -5.32528
      vertex -12.7 0 -15.6
      vertex -10.521 0 -5.22
    endloop
  endfacet
  facet normal 0 1 0
    outer loop
      vertex -10.4361 0 -5.425
      vertex -12.7 0 -15.6
      vertex -10.4853 0 -5.32528
    endloop
  endfacet
  facet normal 0 1 0
    outer loop
      vertex -12.7 0 -15.6
      vertex -6.7 0 -13.6
      vertex 3.175 0 -15.6
    endloop
  endfacet
  facet normal 0 1 0
    outer loop
      vertex -6.7 0 -2
      vertex -9.58905 0 -4.15727
      vertex -9.7 0 -4.15
    endloop
  endfacet
  facet normal 0 1 0
    outer loop
      vertex -6.7 0 -2
      vertex -9.48 0 -4.17896
      vertex -9.58905 0 -4.15727
    endloop
  endfacet
  facet normal 0 1 0
    outer loop
      vertex -6.7 0 -2
      vertex -9.37472 0 -4.2147
      vertex -9.48 0 -4.17896
    endloop
  endfacet
  facet normal 0 1 0
    outer loop
      vertex -6.7 0 -2
      vertex -9.275 0 -4.26388
      vertex -9.37472 0 -4.2147
    endloop
  endfacet
  facet normal 0 1 0
    outer loop
      vertex -6.7 0 -2
      vertex -9.18255 0 -4.32565
      vertex -9.275 0 -4.26388
    endloop
  endfacet
  facet normal 0 1 0
    outer loop
      vertex -6.7 0 -2
      vertex -9.09896 0 -4.39896
      vertex -9.18255 0 -4.32565
    endloop
  endfacet
  facet normal 0 1 0
    outer loop
      vertex -6.7 0 -2
      vertex -9.02565 0 -4.48255
      vertex -9.09896 0 -4.39896
    endloop
  endfacet
  facet normal 0 1 0
    outer loop
      vertex -6.7 0 -2
      vertex -8.96388 0 -4.575
      vertex -9.02565 0 -4.48255
    endloop
  endfacet
  facet normal 0 1 0
    outer loop
      vertex -6.7 0 -2
      vertex -8.9147 0 -4.67472
      vertex -8.96388 0 -4.575
    endloop
  endfacet
  facet normal 0 1 0
    outer loop
      vertex -6.7 0 -2
      vertex -8.87896 0 -4.78
      vertex -8.9147 0 -4.67472
    endloop
  endfacet
  facet normal 0 1 0
    outer loop
      vertex -6.7 0 -2
      vertex -8.85727 0 -4.88905
      vertex -8.87896 0 -4.78
    endloop
  endfacet
  facet normal 0 1 0
    outer loop
      vertex -6.7 0 -2
      vertex -8.85 0 -5
      vertex -8.85727 0 -4.88905
    endloop
  endfacet
  facet normal 0 1 0
    outer loop
      vertex -6.7 0 -2
      vertex -8.85727 0 -5.11095
      vertex -8.85 0 -5
    endloop
  endfacet
  facet normal 0 1 0
    outer loop
      vertex -6.7 0 -2
      vertex -8.87896 0 -5.22
      vertex -8.85727 0 -5.11095
    endloop
  endfacet
  facet normal 0 1 0
    outer loop
      vertex -6.7 0 -2
      vertex -8.9147 0 -5.32528
      vertex -8.87896 0 -5.22
    endloop
  endfacet
  facet normal 0 1 -0
    outer loop
      vertex -6.7 0 -13.6
      vertex -8.9147 0 -5.32528
      vertex -6.7 0 -2
    endloop
  endfacet
  facet normal 0 1 0
    outer loop
      vertex -9.58905 0 -5.84273
      vertex -6.7 0 -13.6
      vertex -9.7 0 -5.85
    endloop
  endfacet
  facet normal 0 1 0
    outer loop
      vertex -9.48 0 -5.82104
      vertex -6.7 0 -13.6
      vertex -9.58905 0 -5.84273
    endloop
  endfacet
  facet normal 0 1 0
    outer loop
      vertex -9.37472 0 -5.7853
      vertex -6.7 0 -13.6
      vertex -9.48 0 -5.82104
    endloop
  endfacet
  facet normal 0 1 0
    outer loop
      vertex -9.275 0 -5.73612
      vertex -6.7 0 -13.6
      vertex -9.37472 0 -5.7853
    endloop
  endfacet
  facet normal 0 1 0
    outer loop
      vertex -9.18255 0 -5.67435
      vertex -6.7 0 -13.6
      vertex -9.275 0 -5.73612
    endloop
  endfacet
  facet normal 0 1 0
    outer loop
      vertex -9.09896 0 -5.60104
      vertex -6.7 0 -13.6
      vertex -9.18255 0 -5.67435
    endloop
  endfacet
  facet normal 0 1 0
    outer loop
      vertex -9.02565 0 -5.51745
      vertex -6.7 0 -13.6
      vertex -9.09896 0 -5.60104
    endloop
  endfacet
  facet normal 0 1 0
    outer loop
      vertex -8.96388 0 -5.425
      vertex -6.7 0 -13.6
      vertex -9.02565 0 -5.51745
    endloop
  endfacet
  facet normal 0 1 0
    outer loop
      vertex -8.9147 0 -5.32528
      vertex -6.7 0 -13.6
      vertex -8.96388 0 -5.425
    endloop
  endfacet
  facet normal 0 1 0
    outer loop
      vertex 13.85 0 5.6
      vertex 6.7 0 3.6
      vertex 6 0 5.6
    endloop
  endfacet
  facet normal 0 1 0
    outer loop
      vertex 13.85 0 5.6
      vertex 7.85 0 0
      vertex 6.7 0 3.6
    endloop
  endfacet
  facet normal 0 1 -0
    outer loop
      vertex 11.1753 0 -4.2147
      vertex 7.85 0 0
      vertex 13.85 0 5.6
    endloop
  endfacet
  facet normal 0 1 0
    outer loop
      vertex 7.85 0 0
      vertex 10.9609 0 -4.15727
      vertex 10.85 0 -4.15
    endloop
  endfacet
  facet normal 0 1 0
    outer loop
      vertex 7.85 0 0
      vertex 11.07 0 -4.17896
      vertex 10.9609 0 -4.15727
    endloop
  endfacet
  facet normal 0 1 0
    outer loop
      vertex 7.85 0 0
      vertex 11.1753 0 -4.2147
      vertex 11.07 0 -4.17896
    endloop
  endfacet
  facet normal 0 1 0
    outer loop
      vertex 13.85 0 5.6
      vertex 11.275 0 -4.26388
      vertex 11.1753 0 -4.2147
    endloop
  endfacet
  facet normal 0 1 0
    outer loop
      vertex 13.85 0 5.6
      vertex 11.3674 0 -4.32565
      vertex 11.275 0 -4.26388
    endloop
  endfacet
  facet normal 0 1 0
    outer loop
      vertex 13.85 0 5.6
      vertex 11.451 0 -4.39896
      vertex 11.3674 0 -4.32565
    endloop
  endfacet
  facet normal 0 1 0
    outer loop
      vertex 13.85 0 5.6
      vertex 11.5244 0 -4.48255
      vertex 11.451 0 -4.39896
    endloop
  endfacet
  facet normal 0 1 0
    outer loop
      vertex 13.85 0 5.6
      vertex 11.5861 0 -4.575
      vertex 11.5244 0 -4.48255
    endloop
  endfacet
  facet normal 0 1 0
    outer loop
      vertex 13.85 0 5.6
      vertex 11.6353 0 -4.67472
      vertex 11.5861 0 -4.575
    endloop
  endfacet
  facet normal 0 1 0
    outer loop
      vertex 13.85 0 5.6
      vertex 11.671 0 -4.78
      vertex 11.6353 0 -4.67472
    endloop
  endfacet
  facet normal 0 1 0
    outer loop
      vertex 13.85 0 5.6
      vertex 11.6927 0 -4.88905
      vertex 11.671 0 -4.78
    endloop
  endfacet
  facet normal 0 1 0
    outer loop
      vertex 13.85 0 5.6
      vertex 11.7 0 -5
      vertex 11.6927 0 -4.88905
    endloop
  endfacet
  facet normal 0 1 -0
    outer loop
      vertex 13.85 0 -15.6
      vertex 11.7 0 -5
      vertex 13.85 0 5.6
    endloop
  endfacet
  facet normal 0 1 0
    outer loop
      vertex 11.7 0 -5
      vertex 13.85 0 -15.6
      vertex 11.6927 0 -5.11095
    endloop
  endfacet
  facet normal 0 1 0
    outer loop
      vertex 10.9609 0 -5.84273
      vertex 8.86487 0 -11.59
      vertex 10.85 0 -5.85
    endloop
  endfacet
  facet normal 0 1 0
    outer loop
      vertex 11.07 0 -5.82104
      vertex 8.86487 0 -11.59
      vertex 10.9609 0 -5.84273
    endloop
  endfacet
  facet normal 0 1 0
    outer loop
      vertex 11.1753 0 -5.7853
      vertex 8.86487 0 -11.59
      vertex 11.07 0 -5.82104
    endloop
  endfacet
  facet normal 0 1 0
    outer loop
      vertex 11.275 0 -5.73612
      vertex 8.86487 0 -11.59
      vertex 11.1753 0 -5.7853
    endloop
  endfacet
  facet normal 0 1 0
    outer loop
      vertex 13.85 0 -15.6
      vertex 11.275 0 -5.73612
      vertex 11.3674 0 -5.67435
    endloop
  endfacet
  facet normal 0 1 0
    outer loop
      vertex 13.85 0 -15.6
      vertex 11.3674 0 -5.67435
      vertex 11.451 0 -5.60104
    endloop
  endfacet
  facet normal 0 1 0
    outer loop
      vertex 13.85 0 -15.6
      vertex 11.451 0 -5.60104
      vertex 11.5244 0 -5.51745
    endloop
  endfacet
  facet normal 0 1 0
    outer loop
      vertex 13.85 0 -15.6
      vertex 11.5244 0 -5.51745
      vertex 11.5861 0 -5.425
    endloop
  endfacet
  facet normal 0 1 0
    outer loop
      vertex 13.85 0 -15.6
      vertex 11.5861 0 -5.425
      vertex 11.6353 0 -5.32528
    endloop
  endfacet
  facet normal 0 1 0
    outer loop
      vertex 11.275 0 -5.73612
      vertex 13.85 0 -15.6
      vertex 8.86487 0 -11.59
    endloop
  endfacet
  facet normal 0 1 0
    outer loop
      vertex 8.86487 0 -11.6
      vertex 7.85 0 -13.6
      vertex 7.85 0 -11.6
    endloop
  endfacet
  facet normal 0 1 0
    outer loop
      vertex 11.6927 0 -5.11095
      vertex 13.85 0 -15.6
      vertex 11.671 0 -5.22
    endloop
  endfacet
  facet normal 0 1 0
    outer loop
      vertex 13.85 0 -15.6
      vertex 11.6353 0 -5.32528
      vertex 11.671 0 -5.22
    endloop
  endfacet
  facet normal 0 1 0
    outer loop
      vertex 8.86487 0 -11.59
      vertex 13.85 0 -15.6
      vertex 8.86487 0 -11.6
    endloop
  endfacet
  facet normal 0 1 0
    outer loop
      vertex 13.85 0 -15.6
      vertex 7.85 0 -13.6
      vertex 8.86487 0 -11.6
    endloop
  endfacet
  facet normal 0 1 0
    outer loop
      vertex 5.775 0 -15.6
      vertex 7.85 0 -13.6
      vertex 13.85 0 -15.6
    endloop
  endfacet
  facet normal 0 1 0
    outer loop
      vertex 7.85 0 -13.6
      vertex 5.775 0 -15.6
      vertex 5.775 0 -13.6
    endloop
  endfacet
  facet normal 0 1 0
    outer loop
      vertex 6 0 5.6
      vertex 6.7 0 3.6
      vertex 6 0 3.6
    endloop
  endfacet
  facet normal 0 1 0
    outer loop
      vertex 6.7 0 3.6
      vertex 7.85 0 0
      vertex 6.7 0 0
    endloop
  endfacet
  facet normal 0 1 -0
    outer loop
      vertex 10.7391 0 -4.15727
      vertex 7.85 0 0
      vertex 10.85 0 -4.15
    endloop
  endfacet
  facet normal 0 1 -0
    outer loop
      vertex 10.63 0 -4.17896
      vertex 7.85 0 0
      vertex 10.7391 0 -4.15727
    endloop
  endfacet
  facet normal 0 1 -0
    outer loop
      vertex 10.5247 0 -4.2147
      vertex 7.85 0 0
      vertex 10.63 0 -4.17896
    endloop
  endfacet
  facet normal 0 1 -0
    outer loop
      vertex 10.425 0 -4.26388
      vertex 7.85 0 0
      vertex 10.5247 0 -4.2147
    endloop
  endfacet
  facet normal 0 1 -0
    outer loop
      vertex 10.3326 0 -4.32565
      vertex 7.85 0 0
      vertex 10.425 0 -4.26388
    endloop
  endfacet
  facet normal 0 1 -0
    outer loop
      vertex 10.249 0 -4.39896
      vertex 7.85 0 0
      vertex 10.3326 0 -4.32565
    endloop
  endfacet
  facet normal 0 1 -0
    outer loop
      vertex 10.1756 0 -4.48255
      vertex 7.85 0 0
      vertex 10.249 0 -4.39896
    endloop
  endfacet
  facet normal 0 1 -0
    outer loop
      vertex 10.1139 0 -4.575
      vertex 7.85 0 0
      vertex 10.1756 0 -4.48255
    endloop
  endfacet
  facet normal 0 1 -0
    outer loop
      vertex 10.0647 0 -4.67472
      vertex 7.85 0 0
      vertex 10.1139 0 -4.575
    endloop
  endfacet
  facet normal 0 1 -0
    outer loop
      vertex 10.029 0 -4.78
      vertex 7.85 0 0
      vertex 10.0647 0 -4.67472
    endloop
  endfacet
  facet normal 0 1 -0
    outer loop
      vertex 10.0073 0 -4.88905
      vertex 7.85 0 0
      vertex 10.029 0 -4.78
    endloop
  endfacet
  facet normal 0 1 -0
    outer loop
      vertex 10 0 -5
      vertex 7.85 0 0
      vertex 10.0073 0 -4.88905
    endloop
  endfacet
  facet normal 0 1 0
    outer loop
      vertex 10.0073 0 -5.11095
      vertex 7.85 0 0
      vertex 10 0 -5
    endloop
  endfacet
  facet normal 0 1 0
    outer loop
      vertex 8.86487 0 -11.59
      vertex 10.0073 0 -5.11095
      vertex 10.029 0 -5.22
    endloop
  endfacet
  facet normal 0 1 0
    outer loop
      vertex 8.86487 0 -11.59
      vertex 10.029 0 -5.22
      vertex 10.0647 0 -5.32528
    endloop
  endfacet
  facet normal 0 1 0
    outer loop
      vertex 10.0073 0 -5.11095
      vertex 8.86487 0 -11.59
      vertex 7.85 0 0
    endloop
  endfacet
  facet normal 0 1 0
    outer loop
      vertex 10.1139 0 -5.425
      vertex 8.86487 0 -11.59
      vertex 10.0647 0 -5.32528
    endloop
  endfacet
  facet normal 0 1 0
    outer loop
      vertex 10.1756 0 -5.51745
      vertex 8.86487 0 -11.59
      vertex 10.1139 0 -5.425
    endloop
  endfacet
  facet normal 0 1 0
    outer loop
      vertex 10.249 0 -5.60104
      vertex 8.86487 0 -11.59
      vertex 10.1756 0 -5.51745
    endloop
  endfacet
  facet normal 0 1 0
    outer loop
      vertex 10.3326 0 -5.67435
      vertex 8.86487 0 -11.59
      vertex 10.249 0 -5.60104
    endloop
  endfacet
  facet normal 0 1 0
    outer loop
      vertex 10.425 0 -5.73612
      vertex 8.86487 0 -11.59
      vertex 10.3326 0 -5.67435
    endloop
  endfacet
  facet normal 0 1 0
    outer loop
      vertex 10.5247 0 -5.7853
      vertex 8.86487 0 -11.59
      vertex 10.425 0 -5.73612
    endloop
  endfacet
  facet normal 0 1 0
    outer loop
      vertex 10.63 0 -5.82104
      vertex 8.86487 0 -11.59
      vertex 10.5247 0 -5.7853
    endloop
  endfacet
  facet normal 0 1 0
    outer loop
      vertex 10.7391 0 -5.84273
      vertex 8.86487 0 -11.59
      vertex 10.63 0 -5.82104
    endloop
  endfacet
  facet normal 0 1 0
    outer loop
      vertex 8.86487 0 -11.59
      vertex 10.7391 0 -5.84273
      vertex 10.85 0 -5.85
    endloop
  endfacet
  facet normal 0 1 -0
    outer loop
      vertex -3.4 0 3.6
      vertex -4.4 0 5.6
      vertex -3.4 0 5.6
    endloop
  endfacet
  facet normal 0 1 0
    outer loop
      vertex -4.4 0 5.6
      vertex -3.4 0 3.6
      vertex -4.4 0 3.6
    endloop
  endfacet
  facet normal 0 1 -0
    outer loop
      vertex -0.799999 0 3.6
      vertex -1.8 0 5.6
      vertex -0.799999 0 5.6
    endloop
  endfacet
  facet normal 0 1 0
    outer loop
      vertex -1.8 0 5.6
      vertex -0.799999 0 3.6
      vertex -1.8 0 3.6
    endloop
  endfacet
  facet normal 0 1 -0
    outer loop
      vertex 1.8 0 3.6
      vertex 0.799999 0 5.6
      vertex 1.8 0 5.6
    endloop
  endfacet
  facet normal 0 1 0
    outer loop
      vertex 0.799999 0 5.6
      vertex 1.8 0 3.6
      vertex 0.799999 0 3.6
    endloop
  endfacet
  facet normal 0 1 -0
    outer loop
      vertex 4.4 0 3.6
      vertex 3.4 0 5.6
      vertex 4.4 0 5.6
    endloop
  endfacet
  facet normal 0 1 0
    outer loop
      vertex 3.4 0 5.6
      vertex 4.4 0 3.6
      vertex 3.4 0 3.6
    endloop
  endfacet
  facet normal -0.442314 0 0.89686
    outer loop
      vertex -9.37472 0 -5.7853
      vertex -9.275 -8 -5.73612
      vertex -9.275 0 -5.73612
    endloop
  endfacet
  facet normal -0.442314 0 0.89686
    outer loop
      vertex -9.275 -8 -5.73612
      vertex -9.37472 0 -5.7853
      vertex -9.37472 -8 -5.7853
    endloop
  endfacet
  facet normal 0.442386 0 0.896825
    outer loop
      vertex -10.125 0 -5.73612
      vertex -10.0253 -8 -5.7853
      vertex -10.0253 0 -5.7853
    endloop
  endfacet
  facet normal 0.442386 0 0.896825
    outer loop
      vertex -10.0253 -8 -5.7853
      vertex -10.125 0 -5.73612
      vertex -10.125 -8 -5.73612
    endloop
  endfacet
  facet normal 0.896789 0 -0.442459
    outer loop
      vertex -10.4361 -8 -4.575
      vertex -10.4853 0 -4.67472
      vertex -10.4361 0 -4.575
    endloop
  endfacet
  facet normal 0.896789 0 -0.442459
    outer loop
      vertex -10.4853 0 -4.67472
      vertex -10.4361 -8 -4.575
      vertex -10.4853 -8 -4.67472
    endloop
  endfacet
  facet normal -0.99786 0 0.0653848
    outer loop
      vertex -8.85727 -8 -5.11095
      vertex -8.85 0 -5
      vertex -8.85727 0 -5.11095
    endloop
  endfacet
  facet normal -0.99786 0 0.0653848
    outer loop
      vertex -8.85 0 -5
      vertex -8.85727 -8 -5.11095
      vertex -8.85 -8 -5
    endloop
  endfacet
  facet normal -0.195078 0 0.980788
    outer loop
      vertex -9.58905 0 -5.84273
      vertex -9.48 -8 -5.82104
      vertex -9.48 0 -5.82104
    endloop
  endfacet
  facet normal -0.195078 0 0.980788
    outer loop
      vertex -9.48 -8 -5.82104
      vertex -9.58905 0 -5.84273
      vertex -9.58905 -8 -5.84273
    endloop
  endfacet
  facet normal 0.947033 0 -0.321135
    outer loop
      vertex -10.4853 -8 -4.67472
      vertex -10.521 0 -4.78
      vertex -10.4853 0 -4.67472
    endloop
  endfacet
  facet normal 0.947033 0 -0.321135
    outer loop
      vertex -10.521 0 -4.78
      vertex -10.4853 -8 -4.67472
      vertex -10.521 -8 -4.78
    endloop
  endfacet
  facet normal -0.89686 0 -0.442314
    outer loop
      vertex -8.9147 -8 -4.67472
      vertex -8.96388 0 -4.575
      vertex -8.9147 0 -4.67472
    endloop
  endfacet
  facet normal -0.89686 -0 -0.442314
    outer loop
      vertex -8.96388 0 -4.575
      vertex -8.9147 -8 -4.67472
      vertex -8.96388 -8 -4.575
    endloop
  endfacet
  facet normal 0.195078 0 -0.980788
    outer loop
      vertex -9.92 -8 -4.17896
      vertex -9.81095 0 -4.15727
      vertex -9.81095 -8 -4.15727
    endloop
  endfacet
  facet normal 0.195078 0 -0.980788
    outer loop
      vertex -9.81095 0 -4.15727
      vertex -9.92 -8 -4.17896
      vertex -9.92 0 -4.17896
    endloop
  endfacet
  facet normal -0.831483 0 0.555551
    outer loop
      vertex -9.02565 -8 -5.51745
      vertex -8.96388 0 -5.425
      vertex -9.02565 0 -5.51745
    endloop
  endfacet
  facet normal -0.831483 0 0.555551
    outer loop
      vertex -8.96388 0 -5.425
      vertex -9.02565 -8 -5.51745
      vertex -8.96388 -8 -5.425
    endloop
  endfacet
  facet normal -0.980788 0 -0.195078
    outer loop
      vertex -8.85727 -8 -4.88905
      vertex -8.87896 0 -4.78
      vertex -8.85727 0 -4.88905
    endloop
  endfacet
  facet normal -0.980788 -0 -0.195078
    outer loop
      vertex -8.87896 0 -4.78
      vertex -8.85727 -8 -4.88905
      vertex -8.87896 -8 -4.78
    endloop
  endfacet
  facet normal -0.659364 0 -0.751824
    outer loop
      vertex -9.18255 -8 -4.32565
      vertex -9.09896 0 -4.39896
      vertex -9.09896 -8 -4.39896
    endloop
  endfacet
  facet normal -0.659364 0 -0.751824
    outer loop
      vertex -9.09896 0 -4.39896
      vertex -9.18255 -8 -4.32565
      vertex -9.18255 0 -4.32565
    endloop
  endfacet
  facet normal 0.997842 0 -0.0656534
    outer loop
      vertex -10.5427 -8 -4.88905
      vertex -10.55 0 -5
      vertex -10.5427 0 -4.88905
    endloop
  endfacet
  facet normal 0.997842 0 -0.0656534
    outer loop
      vertex -10.55 0 -5
      vertex -10.5427 -8 -4.88905
      vertex -10.55 -8 -5
    endloop
  endfacet
  facet normal -0.751824 0 -0.659364
    outer loop
      vertex -9.02565 -8 -4.48255
      vertex -9.09896 0 -4.39896
      vertex -9.02565 0 -4.48255
    endloop
  endfacet
  facet normal -0.751824 -0 -0.659364
    outer loop
      vertex -9.09896 0 -4.39896
      vertex -9.02565 -8 -4.48255
      vertex -9.09896 -8 -4.39896
    endloop
  endfacet
  facet normal -0.195078 0 -0.980788
    outer loop
      vertex -9.58905 -8 -4.15727
      vertex -9.48 0 -4.17896
      vertex -9.48 -8 -4.17896
    endloop
  endfacet
  facet normal -0.195078 0 -0.980788
    outer loop
      vertex -9.48 0 -4.17896
      vertex -9.58905 -8 -4.15727
      vertex -9.58905 0 -4.15727
    endloop
  endfacet
  facet normal 0.0653848 0 0.99786
    outer loop
      vertex -9.81095 0 -5.84273
      vertex -9.7 -8 -5.85
      vertex -9.7 0 -5.85
    endloop
  endfacet
  facet normal 0.0653848 0 0.99786
    outer loop
      vertex -9.7 -8 -5.85
      vertex -9.81095 0 -5.84273
      vertex -9.81095 -8 -5.84273
    endloop
  endfacet
  facet normal 0.896789 -0 0.442459
    outer loop
      vertex -10.4853 -8 -5.32528
      vertex -10.4361 0 -5.425
      vertex -10.4853 0 -5.32528
    endloop
  endfacet
  facet normal 0.896789 0 0.442459
    outer loop
      vertex -10.4361 0 -5.425
      vertex -10.4853 -8 -5.32528
      vertex -10.4361 -8 -5.425
    endloop
  endfacet
  facet normal 0.947033 -0 0.321135
    outer loop
      vertex -10.521 -8 -5.22
      vertex -10.4853 0 -5.32528
      vertex -10.521 0 -5.22
    endloop
  endfacet
  facet normal 0.947033 0 0.321135
    outer loop
      vertex -10.4853 0 -5.32528
      vertex -10.521 -8 -5.22
      vertex -10.4853 -8 -5.32528
    endloop
  endfacet
  facet normal 0.831358 -0 0.555737
    outer loop
      vertex -10.4361 -8 -5.425
      vertex -10.3743 0 -5.51745
      vertex -10.4361 0 -5.425
    endloop
  endfacet
  facet normal 0.831358 0 0.555737
    outer loop
      vertex -10.3743 0 -5.51745
      vertex -10.4361 -8 -5.425
      vertex -10.3743 -8 -5.51745
    endloop
  endfacet
  facet normal 0.98077 -0 0.195165
    outer loop
      vertex -10.5427 -8 -5.11095
      vertex -10.521 0 -5.22
      vertex -10.5427 0 -5.11095
    endloop
  endfacet
  facet normal 0.98077 0 0.195165
    outer loop
      vertex -10.521 0 -5.22
      vertex -10.5427 -8 -5.11095
      vertex -10.521 -8 -5.22
    endloop
  endfacet
  facet normal -0.946924 0 -0.321458
    outer loop
      vertex -8.87896 -8 -4.78
      vertex -8.9147 0 -4.67472
      vertex -8.87896 0 -4.78
    endloop
  endfacet
  facet normal -0.946924 -0 -0.321458
    outer loop
      vertex -8.9147 0 -4.67472
      vertex -8.87896 -8 -4.78
      vertex -8.9147 -8 -4.67472
    endloop
  endfacet
  facet normal -0.321458 0 0.946924
    outer loop
      vertex -9.48 0 -5.82104
      vertex -9.37472 -8 -5.7853
      vertex -9.37472 0 -5.7853
    endloop
  endfacet
  facet normal -0.321458 0 0.946924
    outer loop
      vertex -9.37472 -8 -5.7853
      vertex -9.48 0 -5.82104
      vertex -9.48 -8 -5.82104
    endloop
  endfacet
  facet normal -0.555551 0 0.831483
    outer loop
      vertex -9.275 0 -5.73612
      vertex -9.18255 -8 -5.67435
      vertex -9.18255 0 -5.67435
    endloop
  endfacet
  facet normal -0.555551 0 0.831483
    outer loop
      vertex -9.18255 -8 -5.67435
      vertex -9.275 0 -5.73612
      vertex -9.275 -8 -5.73612
    endloop
  endfacet
  facet normal -0.0653848 0 -0.99786
    outer loop
      vertex -9.7 -8 -4.15
      vertex -9.58905 0 -4.15727
      vertex -9.58905 -8 -4.15727
    endloop
  endfacet
  facet normal -0.0653848 0 -0.99786
    outer loop
      vertex -9.58905 0 -4.15727
      vertex -9.7 -8 -4.15
      vertex -9.7 0 -4.15
    endloop
  endfacet
  facet normal -0.99786 0 -0.0653848
    outer loop
      vertex -8.85 -8 -5
      vertex -8.85727 0 -4.88905
      vertex -8.85 0 -5
    endloop
  endfacet
  facet normal -0.99786 -0 -0.0653848
    outer loop
      vertex -8.85727 0 -4.88905
      vertex -8.85 -8 -5
      vertex -8.85727 -8 -4.88905
    endloop
  endfacet
  facet normal 0.555759 0 -0.831344
    outer loop
      vertex -10.2174 -8 -4.32565
      vertex -10.125 0 -4.26388
      vertex -10.125 -8 -4.26388
    endloop
  endfacet
  facet normal 0.555759 0 -0.831344
    outer loop
      vertex -10.125 0 -4.26388
      vertex -10.2174 -8 -4.32565
      vertex -10.2174 0 -4.32565
    endloop
  endfacet
  facet normal 0.659319 0 -0.751863
    outer loop
      vertex -10.301 -8 -4.39896
      vertex -10.2174 0 -4.32565
      vertex -10.2174 -8 -4.32565
    endloop
  endfacet
  facet normal 0.659319 0 -0.751863
    outer loop
      vertex -10.2174 0 -4.32565
      vertex -10.301 -8 -4.39896
      vertex -10.301 0 -4.39896
    endloop
  endfacet
  facet normal -0.946924 0 0.321458
    outer loop
      vertex -8.9147 -8 -5.32528
      vertex -8.87896 0 -5.22
      vertex -8.9147 0 -5.32528
    endloop
  endfacet
  facet normal -0.946924 0 0.321458
    outer loop
      vertex -8.87896 0 -5.22
      vertex -8.9147 -8 -5.32528
      vertex -8.87896 -8 -5.22
    endloop
  endfacet
  facet normal -0.89686 0 0.442314
    outer loop
      vertex -8.96388 -8 -5.425
      vertex -8.9147 0 -5.32528
      vertex -8.96388 0 -5.425
    endloop
  endfacet
  facet normal -0.89686 0 0.442314
    outer loop
      vertex -8.9147 0 -5.32528
      vertex -8.96388 -8 -5.425
      vertex -8.9147 -8 -5.32528
    endloop
  endfacet
  facet normal -0.831483 0 -0.555551
    outer loop
      vertex -8.96388 -8 -4.575
      vertex -9.02565 0 -4.48255
      vertex -8.96388 0 -4.575
    endloop
  endfacet
  facet normal -0.831483 -0 -0.555551
    outer loop
      vertex -9.02565 0 -4.48255
      vertex -8.96388 -8 -4.575
      vertex -9.02565 -8 -4.48255
    endloop
  endfacet
  facet normal -0.321458 0 -0.946924
    outer loop
      vertex -9.48 -8 -4.17896
      vertex -9.37472 0 -4.2147
      vertex -9.37472 -8 -4.2147
    endloop
  endfacet
  facet normal -0.321458 0 -0.946924
    outer loop
      vertex -9.37472 0 -4.2147
      vertex -9.48 -8 -4.17896
      vertex -9.48 0 -4.17896
    endloop
  endfacet
  facet normal 0.659319 0 0.751863
    outer loop
      vertex -10.301 0 -5.60104
      vertex -10.2174 -8 -5.67435
      vertex -10.2174 0 -5.67435
    endloop
  endfacet
  facet normal 0.659319 0 0.751863
    outer loop
      vertex -10.2174 -8 -5.67435
      vertex -10.301 0 -5.60104
      vertex -10.301 -8 -5.60104
    endloop
  endfacet
  facet normal -0.0653848 0 0.99786
    outer loop
      vertex -9.7 0 -5.85
      vertex -9.58905 -8 -5.84273
      vertex -9.58905 0 -5.84273
    endloop
  endfacet
  facet normal -0.0653848 0 0.99786
    outer loop
      vertex -9.58905 -8 -5.84273
      vertex -9.7 0 -5.85
      vertex -9.7 -8 -5.85
    endloop
  endfacet
  facet normal 0.555759 0 0.831344
    outer loop
      vertex -10.2174 0 -5.67435
      vertex -10.125 -8 -5.73612
      vertex -10.125 0 -5.73612
    endloop
  endfacet
  facet normal 0.555759 0 0.831344
    outer loop
      vertex -10.125 -8 -5.73612
      vertex -10.2174 0 -5.67435
      vertex -10.2174 -8 -5.67435
    endloop
  endfacet
  facet normal 0.321403 0 0.946943
    outer loop
      vertex -10.0253 0 -5.7853
      vertex -9.92 -8 -5.82104
      vertex -9.92 0 -5.82104
    endloop
  endfacet
  facet normal 0.321403 0 0.946943
    outer loop
      vertex -9.92 -8 -5.82104
      vertex -10.0253 0 -5.7853
      vertex -10.0253 -8 -5.7853
    endloop
  endfacet
  facet normal 0.98077 0 -0.195165
    outer loop
      vertex -10.521 -8 -4.78
      vertex -10.5427 0 -4.88905
      vertex -10.521 0 -4.78
    endloop
  endfacet
  facet normal 0.98077 0 -0.195165
    outer loop
      vertex -10.5427 0 -4.88905
      vertex -10.521 -8 -4.78
      vertex -10.5427 -8 -4.88905
    endloop
  endfacet
  facet normal 0.442386 0 -0.896825
    outer loop
      vertex -10.125 -8 -4.26388
      vertex -10.0253 0 -4.2147
      vertex -10.0253 -8 -4.2147
    endloop
  endfacet
  facet normal 0.442386 0 -0.896825
    outer loop
      vertex -10.0253 0 -4.2147
      vertex -10.125 -8 -4.26388
      vertex -10.125 0 -4.26388
    endloop
  endfacet
  facet normal -0.980788 0 0.195078
    outer loop
      vertex -8.87896 -8 -5.22
      vertex -8.85727 0 -5.11095
      vertex -8.87896 0 -5.22
    endloop
  endfacet
  facet normal -0.980788 0 0.195078
    outer loop
      vertex -8.85727 0 -5.11095
      vertex -8.87896 -8 -5.22
      vertex -8.85727 -8 -5.11095
    endloop
  endfacet
  facet normal 0.997842 -0 0.0656534
    outer loop
      vertex -10.55 -8 -5
      vertex -10.5427 0 -5.11095
      vertex -10.55 0 -5
    endloop
  endfacet
  facet normal 0.997842 0 0.0656534
    outer loop
      vertex -10.5427 0 -5.11095
      vertex -10.55 -8 -5
      vertex -10.5427 -8 -5.11095
    endloop
  endfacet
  facet normal 0.751869 -0 0.659313
    outer loop
      vertex -10.3743 -8 -5.51745
      vertex -10.301 0 -5.60104
      vertex -10.3743 0 -5.51745
    endloop
  endfacet
  facet normal 0.751869 0 0.659313
    outer loop
      vertex -10.301 0 -5.60104
      vertex -10.3743 -8 -5.51745
      vertex -10.301 -8 -5.60104
    endloop
  endfacet
  facet normal 0.0653848 0 -0.99786
    outer loop
      vertex -9.81095 -8 -4.15727
      vertex -9.7 0 -4.15
      vertex -9.7 -8 -4.15
    endloop
  endfacet
  facet normal 0.0653848 0 -0.99786
    outer loop
      vertex -9.7 0 -4.15
      vertex -9.81095 -8 -4.15727
      vertex -9.81095 0 -4.15727
    endloop
  endfacet
  facet normal -0.555551 0 -0.831483
    outer loop
      vertex -9.275 -8 -4.26388
      vertex -9.18255 0 -4.32565
      vertex -9.18255 -8 -4.32565
    endloop
  endfacet
  facet normal -0.555551 0 -0.831483
    outer loop
      vertex -9.18255 0 -4.32565
      vertex -9.275 -8 -4.26388
      vertex -9.275 0 -4.26388
    endloop
  endfacet
  facet normal -0.442314 0 -0.89686
    outer loop
      vertex -9.37472 -8 -4.2147
      vertex -9.275 0 -4.26388
      vertex -9.275 -8 -4.26388
    endloop
  endfacet
  facet normal -0.442314 0 -0.89686
    outer loop
      vertex -9.275 0 -4.26388
      vertex -9.37472 -8 -4.2147
      vertex -9.37472 0 -4.2147
    endloop
  endfacet
  facet normal 0.321403 0 -0.946943
    outer loop
      vertex -10.0253 -8 -4.2147
      vertex -9.92 0 -4.17896
      vertex -9.92 -8 -4.17896
    endloop
  endfacet
  facet normal 0.321403 0 -0.946943
    outer loop
      vertex -9.92 0 -4.17896
      vertex -10.0253 -8 -4.2147
      vertex -10.0253 0 -4.2147
    endloop
  endfacet
  facet normal -0.659364 0 0.751824
    outer loop
      vertex -9.18255 0 -5.67435
      vertex -9.09896 -8 -5.60104
      vertex -9.09896 0 -5.60104
    endloop
  endfacet
  facet normal -0.659364 0 0.751824
    outer loop
      vertex -9.09896 -8 -5.60104
      vertex -9.18255 0 -5.67435
      vertex -9.18255 -8 -5.67435
    endloop
  endfacet
  facet normal -0.751824 0 0.659364
    outer loop
      vertex -9.09896 -8 -5.60104
      vertex -9.02565 0 -5.51745
      vertex -9.09896 0 -5.60104
    endloop
  endfacet
  facet normal -0.751824 0 0.659364
    outer loop
      vertex -9.02565 0 -5.51745
      vertex -9.09896 -8 -5.60104
      vertex -9.02565 -8 -5.51745
    endloop
  endfacet
  facet normal 0.195078 0 0.980788
    outer loop
      vertex -9.92 0 -5.82104
      vertex -9.81095 -8 -5.84273
      vertex -9.81095 0 -5.84273
    endloop
  endfacet
  facet normal 0.195078 0 0.980788
    outer loop
      vertex -9.81095 -8 -5.84273
      vertex -9.92 0 -5.82104
      vertex -9.92 -8 -5.82104
    endloop
  endfacet
  facet normal 0.831358 0 -0.555737
    outer loop
      vertex -10.3743 -8 -4.48255
      vertex -10.4361 0 -4.575
      vertex -10.3743 0 -4.48255
    endloop
  endfacet
  facet normal 0.831358 0 -0.555737
    outer loop
      vertex -10.4361 0 -4.575
      vertex -10.3743 -8 -4.48255
      vertex -10.4361 -8 -4.575
    endloop
  endfacet
  facet normal 0.751869 0 -0.659313
    outer loop
      vertex -10.301 -8 -4.39896
      vertex -10.3743 0 -4.48255
      vertex -10.301 0 -4.39896
    endloop
  endfacet
  facet normal 0.751869 0 -0.659313
    outer loop
      vertex -10.3743 0 -4.48255
      vertex -10.301 -8 -4.39896
      vertex -10.3743 -8 -4.48255
    endloop
  endfacet
  facet normal 0 1 0
    outer loop
      vertex -9.58905 -8 -4.15727
      vertex -9.81095 -8 -4.15727
      vertex -9.7 -8 -4.15
    endloop
  endfacet
  facet normal 0 1 0
    outer loop
      vertex -9.48 -8 -4.17896
      vertex -9.81095 -8 -4.15727
      vertex -9.58905 -8 -4.15727
    endloop
  endfacet
  facet normal 0 1 0
    outer loop
      vertex -9.48 -8 -4.17896
      vertex -9.92 -8 -4.17896
      vertex -9.81095 -8 -4.15727
    endloop
  endfacet
  facet normal 0 1 0
    outer loop
      vertex -9.37472 -8 -4.2147
      vertex -9.92 -8 -4.17896
      vertex -9.48 -8 -4.17896
    endloop
  endfacet
  facet normal 0 1 0
    outer loop
      vertex -9.37472 -8 -4.2147
      vertex -10.0253 -8 -4.2147
      vertex -9.92 -8 -4.17896
    endloop
  endfacet
  facet normal 0 1 0
    outer loop
      vertex -9.275 -8 -4.26388
      vertex -10.0253 -8 -4.2147
      vertex -9.37472 -8 -4.2147
    endloop
  endfacet
  facet normal 0 1 0
    outer loop
      vertex -9.275 -8 -4.26388
      vertex -10.125 -8 -4.26388
      vertex -10.0253 -8 -4.2147
    endloop
  endfacet
  facet normal 0 1 0
    outer loop
      vertex -9.18255 -8 -4.32565
      vertex -10.125 -8 -4.26388
      vertex -9.275 -8 -4.26388
    endloop
  endfacet
  facet normal 0 1 0
    outer loop
      vertex -9.18255 -8 -4.32565
      vertex -10.2174 -8 -4.32565
      vertex -10.125 -8 -4.26388
    endloop
  endfacet
  facet normal 0 1 0
    outer loop
      vertex -9.09896 -8 -4.39896
      vertex -10.2174 -8 -4.32565
      vertex -9.18255 -8 -4.32565
    endloop
  endfacet
  facet normal 0 1 0
    outer loop
      vertex -9.09896 -8 -4.39896
      vertex -10.301 -8 -4.39896
      vertex -10.2174 -8 -4.32565
    endloop
  endfacet
  facet normal 0 1 0
    outer loop
      vertex -9.02565 -8 -4.48255
      vertex -10.301 -8 -4.39896
      vertex -9.09896 -8 -4.39896
    endloop
  endfacet
  facet normal 0 1 0
    outer loop
      vertex -9.02565 -8 -4.48255
      vertex -10.3743 -8 -4.48255
      vertex -10.301 -8 -4.39896
    endloop
  endfacet
  facet normal 0 1 0
    outer loop
      vertex -8.96388 -8 -4.575
      vertex -10.3743 -8 -4.48255
      vertex -9.02565 -8 -4.48255
    endloop
  endfacet
  facet normal 0 1 0
    outer loop
      vertex -8.96388 -8 -4.575
      vertex -10.4361 -8 -4.575
      vertex -10.3743 -8 -4.48255
    endloop
  endfacet
  facet normal 0 1 0
    outer loop
      vertex -8.9147 -8 -4.67472
      vertex -10.4361 -8 -4.575
      vertex -8.96388 -8 -4.575
    endloop
  endfacet
  facet normal 0 1 0
    outer loop
      vertex -8.9147 -8 -4.67472
      vertex -10.4853 -8 -4.67472
      vertex -10.4361 -8 -4.575
    endloop
  endfacet
  facet normal 0 1 0
    outer loop
      vertex -8.87896 -8 -4.78
      vertex -10.4853 -8 -4.67472
      vertex -8.9147 -8 -4.67472
    endloop
  endfacet
  facet normal 0 1 0
    outer loop
      vertex -8.87896 -8 -4.78
      vertex -10.521 -8 -4.78
      vertex -10.4853 -8 -4.67472
    endloop
  endfacet
  facet normal 0 1 0
    outer loop
      vertex -8.85727 -8 -4.88905
      vertex -10.521 -8 -4.78
      vertex -8.87896 -8 -4.78
    endloop
  endfacet
  facet normal 0 1 0
    outer loop
      vertex -8.85727 -8 -4.88905
      vertex -10.5427 -8 -4.88905
      vertex -10.521 -8 -4.78
    endloop
  endfacet
  facet normal 0 1 0
    outer loop
      vertex -8.85 -8 -5
      vertex -10.5427 -8 -4.88905
      vertex -8.85727 -8 -4.88905
    endloop
  endfacet
  facet normal 0 1 0
    outer loop
      vertex -8.85 -8 -5
      vertex -10.55 -8 -5
      vertex -10.5427 -8 -4.88905
    endloop
  endfacet
  facet normal 0 1 -0
    outer loop
      vertex -8.85727 -8 -5.11095
      vertex -10.55 -8 -5
      vertex -8.85 -8 -5
    endloop
  endfacet
  facet normal 0 1 0
    outer loop
      vertex -8.85727 -8 -5.11095
      vertex -10.5427 -8 -5.11095
      vertex -10.55 -8 -5
    endloop
  endfacet
  facet normal 0 1 -0
    outer loop
      vertex -8.87896 -8 -5.22
      vertex -10.5427 -8 -5.11095
      vertex -8.85727 -8 -5.11095
    endloop
  endfacet
  facet normal 0 1 0
    outer loop
      vertex -8.87896 -8 -5.22
      vertex -10.521 -8 -5.22
      vertex -10.5427 -8 -5.11095
    endloop
  endfacet
  facet normal 0 1 -0
    outer loop
      vertex -8.9147 -8 -5.32528
      vertex -10.521 -8 -5.22
      vertex -8.87896 -8 -5.22
    endloop
  endfacet
  facet normal 0 1 0
    outer loop
      vertex -8.9147 -8 -5.32528
      vertex -10.4853 -8 -5.32528
      vertex -10.521 -8 -5.22
    endloop
  endfacet
  facet normal 0 1 -0
    outer loop
      vertex -8.96388 -8 -5.425
      vertex -10.4853 -8 -5.32528
      vertex -8.9147 -8 -5.32528
    endloop
  endfacet
  facet normal 0 1 0
    outer loop
      vertex -8.96388 -8 -5.425
      vertex -10.4361 -8 -5.425
      vertex -10.4853 -8 -5.32528
    endloop
  endfacet
  facet normal 0 1 -0
    outer loop
      vertex -9.02565 -8 -5.51745
      vertex -10.4361 -8 -5.425
      vertex -8.96388 -8 -5.425
    endloop
  endfacet
  facet normal 0 1 0
    outer loop
      vertex -9.02565 -8 -5.51745
      vertex -10.3743 -8 -5.51745
      vertex -10.4361 -8 -5.425
    endloop
  endfacet
  facet normal 0 1 -0
    outer loop
      vertex -9.09896 -8 -5.60104
      vertex -10.3743 -8 -5.51745
      vertex -9.02565 -8 -5.51745
    endloop
  endfacet
  facet normal 0 1 0
    outer loop
      vertex -9.09896 -8 -5.60104
      vertex -10.301 -8 -5.60104
      vertex -10.3743 -8 -5.51745
    endloop
  endfacet
  facet normal 0 1 -0
    outer loop
      vertex -9.18255 -8 -5.67435
      vertex -10.301 -8 -5.60104
      vertex -9.09896 -8 -5.60104
    endloop
  endfacet
  facet normal 0 1 0
    outer loop
      vertex -9.18255 -8 -5.67435
      vertex -10.2174 -8 -5.67435
      vertex -10.301 -8 -5.60104
    endloop
  endfacet
  facet normal 0 1 -0
    outer loop
      vertex -9.275 -8 -5.73612
      vertex -10.2174 -8 -5.67435
      vertex -9.18255 -8 -5.67435
    endloop
  endfacet
  facet normal 0 1 0
    outer loop
      vertex -9.275 -8 -5.73612
      vertex -10.125 -8 -5.73612
      vertex -10.2174 -8 -5.67435
    endloop
  endfacet
  facet normal 0 1 -0
    outer loop
      vertex -9.37472 -8 -5.7853
      vertex -10.125 -8 -5.73612
      vertex -9.275 -8 -5.73612
    endloop
  endfacet
  facet normal 0 1 0
    outer loop
      vertex -9.37472 -8 -5.7853
      vertex -10.0253 -8 -5.7853
      vertex -10.125 -8 -5.73612
    endloop
  endfacet
  facet normal 0 1 -0
    outer loop
      vertex -9.48 -8 -5.82104
      vertex -10.0253 -8 -5.7853
      vertex -9.37472 -8 -5.7853
    endloop
  endfacet
  facet normal 0 1 0
    outer loop
      vertex -9.48 -8 -5.82104
      vertex -9.92 -8 -5.82104
      vertex -10.0253 -8 -5.7853
    endloop
  endfacet
  facet normal 0 1 -0
    outer loop
      vertex -9.58905 -8 -5.84273
      vertex -9.92 -8 -5.82104
      vertex -9.48 -8 -5.82104
    endloop
  endfacet
  facet normal 0 1 0
    outer loop
      vertex -9.58905 -8 -5.84273
      vertex -9.81095 -8 -5.84273
      vertex -9.92 -8 -5.82104
    endloop
  endfacet
  facet normal -0 1 0
    outer loop
      vertex -9.81095 -8 -5.84273
      vertex -9.58905 -8 -5.84273
      vertex -9.7 -8 -5.85
    endloop
  endfacet
  facet normal 0.555759 0 0.831344
    outer loop
      vertex 10.3326 0 -5.67435
      vertex 10.425 -8 -5.73612
      vertex 10.425 0 -5.73612
    endloop
  endfacet
  facet normal 0.555759 0 0.831344
    outer loop
      vertex 10.425 -8 -5.73612
      vertex 10.3326 0 -5.67435
      vertex 10.3326 -8 -5.67435
    endloop
  endfacet
  facet normal -0.442386 0 -0.896825
    outer loop
      vertex 11.1753 -8 -4.2147
      vertex 11.275 0 -4.26388
      vertex 11.275 -8 -4.26388
    endloop
  endfacet
  facet normal -0.442386 0 -0.896825
    outer loop
      vertex 11.275 0 -4.26388
      vertex 11.1753 -8 -4.2147
      vertex 11.1753 0 -4.2147
    endloop
  endfacet
  facet normal -0.947033 0 -0.321135
    outer loop
      vertex 11.671 -8 -4.78
      vertex 11.6353 0 -4.67472
      vertex 11.671 0 -4.78
    endloop
  endfacet
  facet normal -0.947033 -0 -0.321135
    outer loop
      vertex 11.6353 0 -4.67472
      vertex 11.671 -8 -4.78
      vertex 11.6353 -8 -4.67472
    endloop
  endfacet
  facet normal -0.997842 0 0.0656534
    outer loop
      vertex 11.6927 -8 -5.11095
      vertex 11.7 0 -5
      vertex 11.6927 0 -5.11095
    endloop
  endfacet
  facet normal -0.997842 0 0.0656534
    outer loop
      vertex 11.7 0 -5
      vertex 11.6927 -8 -5.11095
      vertex 11.7 -8 -5
    endloop
  endfacet
  facet normal 0.98077 0 -0.195165
    outer loop
      vertex 10.029 -8 -4.78
      vertex 10.0073 0 -4.88905
      vertex 10.029 0 -4.78
    endloop
  endfacet
  facet normal 0.98077 0 -0.195165
    outer loop
      vertex 10.0073 0 -4.88905
      vertex 10.029 -8 -4.78
      vertex 10.0073 -8 -4.88905
    endloop
  endfacet
  facet normal 0.997842 0 -0.0656534
    outer loop
      vertex 10.0073 -8 -4.88905
      vertex 10 0 -5
      vertex 10.0073 0 -4.88905
    endloop
  endfacet
  facet normal 0.997842 0 -0.0656534
    outer loop
      vertex 10 0 -5
      vertex 10.0073 -8 -4.88905
      vertex 10 -8 -5
    endloop
  endfacet
  facet normal 0.831773 0 -0.555115
    outer loop
      vertex 10.1756 -8 -4.48255
      vertex 10.1139 0 -4.575
      vertex 10.1756 0 -4.48255
    endloop
  endfacet
  facet normal 0.831773 0 -0.555115
    outer loop
      vertex 10.1139 0 -4.575
      vertex 10.1756 -8 -4.48255
      vertex 10.1139 -8 -4.575
    endloop
  endfacet
  facet normal 0.321403 0 0.946943
    outer loop
      vertex 10.5247 0 -5.7853
      vertex 10.63 -8 -5.82104
      vertex 10.63 0 -5.82104
    endloop
  endfacet
  facet normal 0.321403 0 0.946943
    outer loop
      vertex 10.63 -8 -5.82104
      vertex 10.5247 0 -5.7853
      vertex 10.5247 -8 -5.7853
    endloop
  endfacet
  facet normal 0.659319 0 0.751863
    outer loop
      vertex 10.249 0 -5.60104
      vertex 10.3326 -8 -5.67435
      vertex 10.3326 0 -5.67435
    endloop
  endfacet
  facet normal 0.659319 0 0.751863
    outer loop
      vertex 10.3326 -8 -5.67435
      vertex 10.249 0 -5.60104
      vertex 10.249 -8 -5.60104
    endloop
  endfacet
  facet normal 0.0654141 0 -0.997858
    outer loop
      vertex 10.7391 -8 -4.15727
      vertex 10.85 0 -4.15
      vertex 10.85 -8 -4.15
    endloop
  endfacet
  facet normal 0.0654141 0 -0.997858
    outer loop
      vertex 10.85 0 -4.15
      vertex 10.7391 -8 -4.15727
      vertex 10.7391 0 -4.15727
    endloop
  endfacet
  facet normal -0.98077 0 -0.195165
    outer loop
      vertex 11.6927 -8 -4.88905
      vertex 11.671 0 -4.78
      vertex 11.6927 0 -4.88905
    endloop
  endfacet
  facet normal -0.98077 -0 -0.195165
    outer loop
      vertex 11.671 0 -4.78
      vertex 11.6927 -8 -4.88905
      vertex 11.671 -8 -4.78
    endloop
  endfacet
  facet normal 0.0654141 0 0.997858
    outer loop
      vertex 10.7391 0 -5.84273
      vertex 10.85 -8 -5.85
      vertex 10.85 0 -5.85
    endloop
  endfacet
  facet normal 0.0654141 0 0.997858
    outer loop
      vertex 10.85 -8 -5.85
      vertex 10.7391 0 -5.84273
      vertex 10.7391 -8 -5.84273
    endloop
  endfacet
  facet normal -0.98077 0 0.195165
    outer loop
      vertex 11.671 -8 -5.22
      vertex 11.6927 0 -5.11095
      vertex 11.671 0 -5.22
    endloop
  endfacet
  facet normal -0.98077 0 0.195165
    outer loop
      vertex 11.6927 0 -5.11095
      vertex 11.671 -8 -5.22
      vertex 11.6927 -8 -5.11095
    endloop
  endfacet
  facet normal 0.896789 -0 0.442459
    outer loop
      vertex 10.0647 -8 -5.32528
      vertex 10.1139 0 -5.425
      vertex 10.0647 0 -5.32528
    endloop
  endfacet
  facet normal 0.896789 0 0.442459
    outer loop
      vertex 10.1139 0 -5.425
      vertex 10.0647 -8 -5.32528
      vertex 10.1139 -8 -5.425
    endloop
  endfacet
  facet normal 0.194992 0 -0.980805
    outer loop
      vertex 10.63 -8 -4.17896
      vertex 10.7391 0 -4.15727
      vertex 10.7391 -8 -4.15727
    endloop
  endfacet
  facet normal 0.194992 0 -0.980805
    outer loop
      vertex 10.7391 0 -4.15727
      vertex 10.63 -8 -4.17896
      vertex 10.63 0 -4.17896
    endloop
  endfacet
  facet normal -0.831773 0 0.555115
    outer loop
      vertex 11.5244 -8 -5.51745
      vertex 11.5861 0 -5.425
      vertex 11.5244 0 -5.51745
    endloop
  endfacet
  facet normal -0.831773 0 0.555115
    outer loop
      vertex 11.5861 0 -5.425
      vertex 11.5244 -8 -5.51745
      vertex 11.5861 -8 -5.425
    endloop
  endfacet
  facet normal -0.997842 0 -0.0656534
    outer loop
      vertex 11.7 -8 -5
      vertex 11.6927 0 -4.88905
      vertex 11.7 0 -5
    endloop
  endfacet
  facet normal -0.997842 -0 -0.0656534
    outer loop
      vertex 11.6927 0 -4.88905
      vertex 11.7 -8 -5
      vertex 11.6927 -8 -4.88905
    endloop
  endfacet
  facet normal 0.659319 0 -0.751863
    outer loop
      vertex 10.249 -8 -4.39896
      vertex 10.3326 0 -4.32565
      vertex 10.3326 -8 -4.32565
    endloop
  endfacet
  facet normal 0.659319 0 -0.751863
    outer loop
      vertex 10.3326 0 -4.32565
      vertex 10.249 -8 -4.39896
      vertex 10.249 0 -4.39896
    endloop
  endfacet
  facet normal -0.659319 0 -0.751863
    outer loop
      vertex 11.3674 -8 -4.32565
      vertex 11.451 0 -4.39896
      vertex 11.451 -8 -4.39896
    endloop
  endfacet
  facet normal -0.659319 0 -0.751863
    outer loop
      vertex 11.451 0 -4.39896
      vertex 11.3674 -8 -4.32565
      vertex 11.3674 0 -4.32565
    endloop
  endfacet
  facet normal 0.98077 -0 0.195165
    outer loop
      vertex 10.0073 -8 -5.11095
      vertex 10.029 0 -5.22
      vertex 10.0073 0 -5.11095
    endloop
  endfacet
  facet normal 0.98077 0 0.195165
    outer loop
      vertex 10.029 0 -5.22
      vertex 10.0073 -8 -5.11095
      vertex 10.029 -8 -5.22
    endloop
  endfacet
  facet normal 0.751423 0 -0.659821
    outer loop
      vertex 10.249 -8 -4.39896
      vertex 10.1756 0 -4.48255
      vertex 10.249 0 -4.39896
    endloop
  endfacet
  facet normal 0.751423 0 -0.659821
    outer loop
      vertex 10.1756 0 -4.48255
      vertex 10.249 -8 -4.39896
      vertex 10.1756 -8 -4.48255
    endloop
  endfacet
  facet normal 0.831773 -0 0.555115
    outer loop
      vertex 10.1139 -8 -5.425
      vertex 10.1756 0 -5.51745
      vertex 10.1139 0 -5.425
    endloop
  endfacet
  facet normal 0.831773 0 0.555115
    outer loop
      vertex 10.1756 0 -5.51745
      vertex 10.1139 -8 -5.425
      vertex 10.1756 -8 -5.51745
    endloop
  endfacet
  facet normal -0.555759 0 -0.831344
    outer loop
      vertex 11.275 -8 -4.26388
      vertex 11.3674 0 -4.32565
      vertex 11.3674 -8 -4.32565
    endloop
  endfacet
  facet normal -0.555759 0 -0.831344
    outer loop
      vertex 11.3674 0 -4.32565
      vertex 11.275 -8 -4.26388
      vertex 11.275 0 -4.26388
    endloop
  endfacet
  facet normal -0.831773 0 -0.555115
    outer loop
      vertex 11.5861 -8 -4.575
      vertex 11.5244 0 -4.48255
      vertex 11.5861 0 -4.575
    endloop
  endfacet
  facet normal -0.831773 -0 -0.555115
    outer loop
      vertex 11.5244 0 -4.48255
      vertex 11.5861 -8 -4.575
      vertex 11.5244 -8 -4.48255
    endloop
  endfacet
  facet normal -0.0654141 0 -0.997858
    outer loop
      vertex 10.85 -8 -4.15
      vertex 10.9609 0 -4.15727
      vertex 10.9609 -8 -4.15727
    endloop
  endfacet
  facet normal -0.0654141 0 -0.997858
    outer loop
      vertex 10.9609 0 -4.15727
      vertex 10.85 -8 -4.15
      vertex 10.85 0 -4.15
    endloop
  endfacet
  facet normal -0.0654141 0 0.997858
    outer loop
      vertex 10.85 0 -5.85
      vertex 10.9609 -8 -5.84273
      vertex 10.9609 0 -5.84273
    endloop
  endfacet
  facet normal -0.0654141 0 0.997858
    outer loop
      vertex 10.9609 -8 -5.84273
      vertex 10.85 0 -5.85
      vertex 10.85 -8 -5.85
    endloop
  endfacet
  facet normal -0.321403 0 -0.946943
    outer loop
      vertex 11.07 -8 -4.17896
      vertex 11.1753 0 -4.2147
      vertex 11.1753 -8 -4.2147
    endloop
  endfacet
  facet normal -0.321403 0 -0.946943
    outer loop
      vertex 11.1753 0 -4.2147
      vertex 11.07 -8 -4.17896
      vertex 11.07 0 -4.17896
    endloop
  endfacet
  facet normal 0.947033 0 -0.321135
    outer loop
      vertex 10.0647 -8 -4.67472
      vertex 10.029 0 -4.78
      vertex 10.0647 0 -4.67472
    endloop
  endfacet
  facet normal 0.947033 0 -0.321135
    outer loop
      vertex 10.029 0 -4.78
      vertex 10.0647 -8 -4.67472
      vertex 10.029 -8 -4.78
    endloop
  endfacet
  facet normal -0.194992 0 -0.980805
    outer loop
      vertex 10.9609 -8 -4.15727
      vertex 11.07 0 -4.17896
      vertex 11.07 -8 -4.17896
    endloop
  endfacet
  facet normal -0.194992 0 -0.980805
    outer loop
      vertex 11.07 0 -4.17896
      vertex 10.9609 -8 -4.15727
      vertex 10.9609 0 -4.15727
    endloop
  endfacet
  facet normal -0.194992 0 0.980805
    outer loop
      vertex 10.9609 0 -5.84273
      vertex 11.07 -8 -5.82104
      vertex 11.07 0 -5.82104
    endloop
  endfacet
  facet normal -0.194992 0 0.980805
    outer loop
      vertex 11.07 -8 -5.82104
      vertex 10.9609 0 -5.84273
      vertex 10.9609 -8 -5.84273
    endloop
  endfacet
  facet normal -0.659319 0 0.751863
    outer loop
      vertex 11.3674 0 -5.67435
      vertex 11.451 -8 -5.60104
      vertex 11.451 0 -5.60104
    endloop
  endfacet
  facet normal -0.659319 0 0.751863
    outer loop
      vertex 11.451 -8 -5.60104
      vertex 11.3674 0 -5.67435
      vertex 11.3674 -8 -5.67435
    endloop
  endfacet
  facet normal -0.321403 0 0.946943
    outer loop
      vertex 11.07 0 -5.82104
      vertex 11.1753 -8 -5.7853
      vertex 11.1753 0 -5.7853
    endloop
  endfacet
  facet normal -0.321403 0 0.946943
    outer loop
      vertex 11.1753 -8 -5.7853
      vertex 11.07 0 -5.82104
      vertex 11.07 -8 -5.82104
    endloop
  endfacet
  facet normal 0.321403 0 -0.946943
    outer loop
      vertex 10.5247 -8 -4.2147
      vertex 10.63 0 -4.17896
      vertex 10.63 -8 -4.17896
    endloop
  endfacet
  facet normal 0.321403 0 -0.946943
    outer loop
      vertex 10.63 0 -4.17896
      vertex 10.5247 -8 -4.2147
      vertex 10.5247 0 -4.2147
    endloop
  endfacet
  facet normal -0.947033 0 0.321135
    outer loop
      vertex 11.6353 -8 -5.32528
      vertex 11.671 0 -5.22
      vertex 11.6353 0 -5.32528
    endloop
  endfacet
  facet normal -0.947033 0 0.321135
    outer loop
      vertex 11.671 0 -5.22
      vertex 11.6353 -8 -5.32528
      vertex 11.671 -8 -5.22
    endloop
  endfacet
  facet normal -0.442386 0 0.896825
    outer loop
      vertex 11.1753 0 -5.7853
      vertex 11.275 -8 -5.73612
      vertex 11.275 0 -5.73612
    endloop
  endfacet
  facet normal -0.442386 0 0.896825
    outer loop
      vertex 11.275 -8 -5.73612
      vertex 11.1753 0 -5.7853
      vertex 11.1753 -8 -5.7853
    endloop
  endfacet
  facet normal 0.896789 0 -0.442459
    outer loop
      vertex 10.1139 -8 -4.575
      vertex 10.0647 0 -4.67472
      vertex 10.1139 0 -4.575
    endloop
  endfacet
  facet normal 0.896789 0 -0.442459
    outer loop
      vertex 10.0647 0 -4.67472
      vertex 10.1139 -8 -4.575
      vertex 10.0647 -8 -4.67472
    endloop
  endfacet
  facet normal -0.751423 0 0.659821
    outer loop
      vertex 11.451 -8 -5.60104
      vertex 11.5244 0 -5.51745
      vertex 11.451 0 -5.60104
    endloop
  endfacet
  facet normal -0.751423 0 0.659821
    outer loop
      vertex 11.5244 0 -5.51745
      vertex 11.451 -8 -5.60104
      vertex 11.5244 -8 -5.51745
    endloop
  endfacet
  facet normal -0.896789 0 -0.442459
    outer loop
      vertex 11.6353 -8 -4.67472
      vertex 11.5861 0 -4.575
      vertex 11.6353 0 -4.67472
    endloop
  endfacet
  facet normal -0.896789 -0 -0.442459
    outer loop
      vertex 11.5861 0 -4.575
      vertex 11.6353 -8 -4.67472
      vertex 11.5861 -8 -4.575
    endloop
  endfacet
  facet normal -0.555759 0 0.831344
    outer loop
      vertex 11.275 0 -5.73612
      vertex 11.3674 -8 -5.67435
      vertex 11.3674 0 -5.67435
    endloop
  endfacet
  facet normal -0.555759 0 0.831344
    outer loop
      vertex 11.3674 -8 -5.67435
      vertex 11.275 0 -5.73612
      vertex 11.275 -8 -5.73612
    endloop
  endfacet
  facet normal 0.947033 -0 0.321135
    outer loop
      vertex 10.029 -8 -5.22
      vertex 10.0647 0 -5.32528
      vertex 10.029 0 -5.22
    endloop
  endfacet
  facet normal 0.947033 0 0.321135
    outer loop
      vertex 10.0647 0 -5.32528
      vertex 10.029 -8 -5.22
      vertex 10.0647 -8 -5.32528
    endloop
  endfacet
  facet normal -0.751423 0 -0.659821
    outer loop
      vertex 11.5244 -8 -4.48255
      vertex 11.451 0 -4.39896
      vertex 11.5244 0 -4.48255
    endloop
  endfacet
  facet normal -0.751423 -0 -0.659821
    outer loop
      vertex 11.451 0 -4.39896
      vertex 11.5244 -8 -4.48255
      vertex 11.451 -8 -4.39896
    endloop
  endfacet
  facet normal 0.751423 -0 0.659821
    outer loop
      vertex 10.1756 -8 -5.51745
      vertex 10.249 0 -5.60104
      vertex 10.1756 0 -5.51745
    endloop
  endfacet
  facet normal 0.751423 0 0.659821
    outer loop
      vertex 10.249 0 -5.60104
      vertex 10.1756 -8 -5.51745
      vertex 10.249 -8 -5.60104
    endloop
  endfacet
  facet normal 0.442386 0 0.896825
    outer loop
      vertex 10.425 0 -5.73612
      vertex 10.5247 -8 -5.7853
      vertex 10.5247 0 -5.7853
    endloop
  endfacet
  facet normal 0.442386 0 0.896825
    outer loop
      vertex 10.5247 -8 -5.7853
      vertex 10.425 0 -5.73612
      vertex 10.425 -8 -5.73612
    endloop
  endfacet
  facet normal 0.194992 0 0.980805
    outer loop
      vertex 10.63 0 -5.82104
      vertex 10.7391 -8 -5.84273
      vertex 10.7391 0 -5.84273
    endloop
  endfacet
  facet normal 0.194992 0 0.980805
    outer loop
      vertex 10.7391 -8 -5.84273
      vertex 10.63 0 -5.82104
      vertex 10.63 -8 -5.82104
    endloop
  endfacet
  facet normal 0.997842 -0 0.0656534
    outer loop
      vertex 10 -8 -5
      vertex 10.0073 0 -5.11095
      vertex 10 0 -5
    endloop
  endfacet
  facet normal 0.997842 0 0.0656534
    outer loop
      vertex 10.0073 0 -5.11095
      vertex 10 -8 -5
      vertex 10.0073 -8 -5.11095
    endloop
  endfacet
  facet normal -0.896789 0 0.442459
    outer loop
      vertex 11.5861 -8 -5.425
      vertex 11.6353 0 -5.32528
      vertex 11.5861 0 -5.425
    endloop
  endfacet
  facet normal -0.896789 0 0.442459
    outer loop
      vertex 11.6353 0 -5.32528
      vertex 11.5861 -8 -5.425
      vertex 11.6353 -8 -5.32528
    endloop
  endfacet
  facet normal 0.442386 0 -0.896825
    outer loop
      vertex 10.425 -8 -4.26388
      vertex 10.5247 0 -4.2147
      vertex 10.5247 -8 -4.2147
    endloop
  endfacet
  facet normal 0.442386 0 -0.896825
    outer loop
      vertex 10.5247 0 -4.2147
      vertex 10.425 -8 -4.26388
      vertex 10.425 0 -4.26388
    endloop
  endfacet
  facet normal 0.555759 0 -0.831344
    outer loop
      vertex 10.3326 -8 -4.32565
      vertex 10.425 0 -4.26388
      vertex 10.425 -8 -4.26388
    endloop
  endfacet
  facet normal 0.555759 0 -0.831344
    outer loop
      vertex 10.425 0 -4.26388
      vertex 10.3326 -8 -4.32565
      vertex 10.3326 0 -4.32565
    endloop
  endfacet
  facet normal 0 1 0
    outer loop
      vertex 10.9609 -8 -4.15727
      vertex 10.7391 -8 -4.15727
      vertex 10.85 -8 -4.15
    endloop
  endfacet
  facet normal 0 1 0
    outer loop
      vertex 11.07 -8 -4.17896
      vertex 10.7391 -8 -4.15727
      vertex 10.9609 -8 -4.15727
    endloop
  endfacet
  facet normal 0 1 0
    outer loop
      vertex 11.07 -8 -4.17896
      vertex 10.63 -8 -4.17896
      vertex 10.7391 -8 -4.15727
    endloop
  endfacet
  facet normal 0 1 0
    outer loop
      vertex 11.1753 -8 -4.2147
      vertex 10.63 -8 -4.17896
      vertex 11.07 -8 -4.17896
    endloop
  endfacet
  facet normal 0 1 0
    outer loop
      vertex 11.1753 -8 -4.2147
      vertex 10.5247 -8 -4.2147
      vertex 10.63 -8 -4.17896
    endloop
  endfacet
  facet normal 0 1 0
    outer loop
      vertex 11.275 -8 -4.26388
      vertex 10.5247 -8 -4.2147
      vertex 11.1753 -8 -4.2147
    endloop
  endfacet
  facet normal 0 1 0
    outer loop
      vertex 11.275 -8 -4.26388
      vertex 10.425 -8 -4.26388
      vertex 10.5247 -8 -4.2147
    endloop
  endfacet
  facet normal 0 1 0
    outer loop
      vertex 11.3674 -8 -4.32565
      vertex 10.425 -8 -4.26388
      vertex 11.275 -8 -4.26388
    endloop
  endfacet
  facet normal 0 1 0
    outer loop
      vertex 11.3674 -8 -4.32565
      vertex 10.3326 -8 -4.32565
      vertex 10.425 -8 -4.26388
    endloop
  endfacet
  facet normal 0 1 0
    outer loop
      vertex 11.451 -8 -4.39896
      vertex 10.3326 -8 -4.32565
      vertex 11.3674 -8 -4.32565
    endloop
  endfacet
  facet normal 0 1 0
    outer loop
      vertex 11.451 -8 -4.39896
      vertex 10.249 -8 -4.39896
      vertex 10.3326 -8 -4.32565
    endloop
  endfacet
  facet normal 0 1 0
    outer loop
      vertex 11.5244 -8 -4.48255
      vertex 10.249 -8 -4.39896
      vertex 11.451 -8 -4.39896
    endloop
  endfacet
  facet normal 0 1 0
    outer loop
      vertex 11.5244 -8 -4.48255
      vertex 10.1756 -8 -4.48255
      vertex 10.249 -8 -4.39896
    endloop
  endfacet
  facet normal 0 1 0
    outer loop
      vertex 11.5861 -8 -4.575
      vertex 10.1756 -8 -4.48255
      vertex 11.5244 -8 -4.48255
    endloop
  endfacet
  facet normal 0 1 0
    outer loop
      vertex 11.5861 -8 -4.575
      vertex 10.1139 -8 -4.575
      vertex 10.1756 -8 -4.48255
    endloop
  endfacet
  facet normal 0 1 0
    outer loop
      vertex 11.6353 -8 -4.67472
      vertex 10.1139 -8 -4.575
      vertex 11.5861 -8 -4.575
    endloop
  endfacet
  facet normal 0 1 0
    outer loop
      vertex 11.6353 -8 -4.67472
      vertex 10.0647 -8 -4.67472
      vertex 10.1139 -8 -4.575
    endloop
  endfacet
  facet normal 0 1 0
    outer loop
      vertex 11.671 -8 -4.78
      vertex 10.0647 -8 -4.67472
      vertex 11.6353 -8 -4.67472
    endloop
  endfacet
  facet normal 0 1 0
    outer loop
      vertex 11.671 -8 -4.78
      vertex 10.029 -8 -4.78
      vertex 10.0647 -8 -4.67472
    endloop
  endfacet
  facet normal 0 1 0
    outer loop
      vertex 11.6927 -8 -4.88905
      vertex 10.029 -8 -4.78
      vertex 11.671 -8 -4.78
    endloop
  endfacet
  facet normal 0 1 0
    outer loop
      vertex 11.6927 -8 -4.88905
      vertex 10.0073 -8 -4.88905
      vertex 10.029 -8 -4.78
    endloop
  endfacet
  facet normal 0 1 0
    outer loop
      vertex 11.7 -8 -5
      vertex 10.0073 -8 -4.88905
      vertex 11.6927 -8 -4.88905
    endloop
  endfacet
  facet normal 0 1 0
    outer loop
      vertex 11.7 -8 -5
      vertex 10 -8 -5
      vertex 10.0073 -8 -4.88905
    endloop
  endfacet
  facet normal 0 1 -0
    outer loop
      vertex 11.6927 -8 -5.11095
      vertex 10 -8 -5
      vertex 11.7 -8 -5
    endloop
  endfacet
  facet normal 0 1 0
    outer loop
      vertex 11.6927 -8 -5.11095
      vertex 10.0073 -8 -5.11095
      vertex 10 -8 -5
    endloop
  endfacet
  facet normal 0 1 -0
    outer loop
      vertex 11.671 -8 -5.22
      vertex 10.0073 -8 -5.11095
      vertex 11.6927 -8 -5.11095
    endloop
  endfacet
  facet normal 0 1 0
    outer loop
      vertex 11.671 -8 -5.22
      vertex 10.029 -8 -5.22
      vertex 10.0073 -8 -5.11095
    endloop
  endfacet
  facet normal 0 1 -0
    outer loop
      vertex 11.6353 -8 -5.32528
      vertex 10.029 -8 -5.22
      vertex 11.671 -8 -5.22
    endloop
  endfacet
  facet normal 0 1 0
    outer loop
      vertex 11.6353 -8 -5.32528
      vertex 10.0647 -8 -5.32528
      vertex 10.029 -8 -5.22
    endloop
  endfacet
  facet normal 0 1 -0
    outer loop
      vertex 11.5861 -8 -5.425
      vertex 10.0647 -8 -5.32528
      vertex 11.6353 -8 -5.32528
    endloop
  endfacet
  facet normal 0 1 0
    outer loop
      vertex 11.5861 -8 -5.425
      vertex 10.1139 -8 -5.425
      vertex 10.0647 -8 -5.32528
    endloop
  endfacet
  facet normal 0 1 -0
    outer loop
      vertex 11.5244 -8 -5.51745
      vertex 10.1139 -8 -5.425
      vertex 11.5861 -8 -5.425
    endloop
  endfacet
  facet normal 0 1 0
    outer loop
      vertex 11.5244 -8 -5.51745
      vertex 10.1756 -8 -5.51745
      vertex 10.1139 -8 -5.425
    endloop
  endfacet
  facet normal 0 1 -0
    outer loop
      vertex 11.451 -8 -5.60104
      vertex 10.1756 -8 -5.51745
      vertex 11.5244 -8 -5.51745
    endloop
  endfacet
  facet normal 0 1 0
    outer loop
      vertex 11.451 -8 -5.60104
      vertex 10.249 -8 -5.60104
      vertex 10.1756 -8 -5.51745
    endloop
  endfacet
  facet normal 0 1 -0
    outer loop
      vertex 11.3674 -8 -5.67435
      vertex 10.249 -8 -5.60104
      vertex 11.451 -8 -5.60104
    endloop
  endfacet
  facet normal 0 1 0
    outer loop
      vertex 11.3674 -8 -5.67435
      vertex 10.3326 -8 -5.67435
      vertex 10.249 -8 -5.60104
    endloop
  endfacet
  facet normal 0 1 -0
    outer loop
      vertex 11.275 -8 -5.73612
      vertex 10.3326 -8 -5.67435
      vertex 11.3674 -8 -5.67435
    endloop
  endfacet
  facet normal 0 1 0
    outer loop
      vertex 11.275 -8 -5.73612
      vertex 10.425 -8 -5.73612
      vertex 10.3326 -8 -5.67435
    endloop
  endfacet
  facet normal 0 1 -0
    outer loop
      vertex 11.1753 -8 -5.7853
      vertex 10.425 -8 -5.73612
      vertex 11.275 -8 -5.73612
    endloop
  endfacet
  facet normal 0 1 0
    outer loop
      vertex 11.1753 -8 -5.7853
      vertex 10.5247 -8 -5.7853
      vertex 10.425 -8 -5.73612
    endloop
  endfacet
  facet normal 0 1 -0
    outer loop
      vertex 11.07 -8 -5.82104
      vertex 10.5247 -8 -5.7853
      vertex 11.1753 -8 -5.7853
    endloop
  endfacet
  facet normal 0 1 0
    outer loop
      vertex 11.07 -8 -5.82104
      vertex 10.63 -8 -5.82104
      vertex 10.5247 -8 -5.7853
    endloop
  endfacet
  facet normal 0 1 -0
    outer loop
      vertex 10.9609 -8 -5.84273
      vertex 10.63 -8 -5.82104
      vertex 11.07 -8 -5.82104
    endloop
  endfacet
  facet normal 0 1 0
    outer loop
      vertex 10.9609 -8 -5.84273
      vertex 10.7391 -8 -5.84273
      vertex 10.63 -8 -5.82104
    endloop
  endfacet
  facet normal -0 1 0
    outer loop
      vertex 10.7391 -8 -5.84273
      vertex 10.9609 -8 -5.84273
      vertex 10.85 -8 -5.85
    endloop
  endfacet
endsolid OpenSCAD_Model
