solid OpenSCAD_Model
  facet normal -0.321388 0.946948 0
    outer loop
      vertex -30.9671 19.9727 15.7
      vertex -31.0661 19.9391 17.2
      vertex -30.9671 19.9727 17.2
    endloop
  endfacet
  facet normal -0.321388 0.946948 0
    outer loop
      vertex -31.0661 19.9391 17.2
      vertex -30.9671 19.9727 15.7
      vertex -31.0661 19.9391 15.7
    endloop
  endfacet
  facet normal -0.555362 0.831609 0
    outer loop
      vertex -31.16 19.8928 15.7
      vertex -31.247 19.8347 17.2
      vertex -31.16 19.8928 17.2
    endloop
  endfacet
  facet normal -0.555362 0.831609 0
    outer loop
      vertex -31.247 19.8347 17.2
      vertex -31.16 19.8928 15.7
      vertex -31.247 19.8347 15.7
    endloop
  endfacet
  facet normal 0 1 -0
    outer loop
      vertex -28.8268 20 15.7
      vertex -30.76 20 17.2
      vertex -28.8268 20 17.2
    endloop
  endfacet
  facet normal 0 1 0
    outer loop
      vertex -30.76 20 17.2
      vertex -28.8268 20 15.7
      vertex -30.76 20 15.7
    endloop
  endfacet
  facet normal 0 1 -0
    outer loop
      vertex 30.76 20 15.7
      vertex 28.8268 20 17.2
      vertex 30.76 20 17.2
    endloop
  endfacet
  facet normal 0 1 0
    outer loop
      vertex 28.8268 20 17.2
      vertex 30.76 20 15.7
      vertex 28.8268 20 15.7
    endloop
  endfacet
  facet normal 0 1 -0
    outer loop
      vertex 27.5132 20 15.7
      vertex -27.5132 20 17.2
      vertex 27.5132 20 17.2
    endloop
  endfacet
  facet normal 0 1 0
    outer loop
      vertex -27.5132 20 17.2
      vertex 27.5132 20 15.7
      vertex -27.5132 20 15.7
    endloop
  endfacet
  facet normal -0.980654 -0.195749 0
    outer loop
      vertex -31.5327 -19.4071 15.7
      vertex -31.5532 -19.3044 17.2
      vertex -31.5532 -19.3044 15.7
    endloop
  endfacet
  facet normal -0.980654 -0.195749 0
    outer loop
      vertex -31.5532 -19.3044 17.2
      vertex -31.5327 -19.4071 15.7
      vertex -31.5327 -19.4071 17.2
    endloop
  endfacet
  facet normal 1 -0 0
    outer loop
      vertex 31.56 -19.2 17.2
      vertex 31.56 5.12 15.7
      vertex 31.56 5.12 17.2
    endloop
  endfacet
  facet normal 1 0 0
    outer loop
      vertex 31.56 5.12 15.7
      vertex 31.56 -19.2 17.2
      vertex 31.56 -19.2 15.7
    endloop
  endfacet
  facet normal 1 -0 0
    outer loop
      vertex 31.56 10.12 17.2
      vertex 31.56 19.2 15.7
      vertex 31.56 19.2 17.2
    endloop
  endfacet
  facet normal 1 0 0
    outer loop
      vertex 31.56 19.2 15.7
      vertex 31.56 10.12 17.2
      vertex 31.56 10.12 15.7
    endloop
  endfacet
  facet normal 0.831609 0.555362 0
    outer loop
      vertex 31.4528 19.6 17.2
      vertex 31.3947 19.687 15.7
      vertex 31.3947 19.687 17.2
    endloop
  endfacet
  facet normal 0.831609 0.555362 0
    outer loop
      vertex 31.3947 19.687 15.7
      vertex 31.4528 19.6 17.2
      vertex 31.4528 19.6 15.7
    endloop
  endfacet
  facet normal 0.0649964 0.997886 -0
    outer loop
      vertex 30.8644 19.9932 15.7
      vertex 30.76 20 17.2
      vertex 30.8644 19.9932 17.2
    endloop
  endfacet
  facet normal 0.0649964 0.997886 0
    outer loop
      vertex 30.76 20 17.2
      vertex 30.8644 19.9932 15.7
      vertex 30.76 20 15.7
    endloop
  endfacet
  facet normal 0.997886 -0.0649964 0
    outer loop
      vertex 31.5532 -19.3044 17.2
      vertex 31.56 -19.2 15.7
      vertex 31.56 -19.2 17.2
    endloop
  endfacet
  facet normal 0.997886 -0.0649964 0
    outer loop
      vertex 31.56 -19.2 15.7
      vertex 31.5532 -19.3044 17.2
      vertex 31.5532 -19.3044 15.7
    endloop
  endfacet
  facet normal -0.44224 0.896897 0
    outer loop
      vertex -31.0661 19.9391 15.7
      vertex -31.16 19.8928 17.2
      vertex -31.0661 19.9391 17.2
    endloop
  endfacet
  facet normal -0.44224 0.896897 0
    outer loop
      vertex -31.16 19.8928 17.2
      vertex -31.0661 19.9391 15.7
      vertex -31.16 19.8928 15.7
    endloop
  endfacet
  facet normal 0.0649964 -0.997886 0
    outer loop
      vertex 30.76 -20 15.7
      vertex 30.8644 -19.9932 17.2
      vertex 30.76 -20 17.2
    endloop
  endfacet
  facet normal 0.0649964 -0.997886 0
    outer loop
      vertex 30.8644 -19.9932 17.2
      vertex 30.76 -20 15.7
      vertex 30.8644 -19.9932 15.7
    endloop
  endfacet
  facet normal -0.555362 -0.831609 0
    outer loop
      vertex -31.247 -19.8347 15.7
      vertex -31.16 -19.8928 17.2
      vertex -31.247 -19.8347 17.2
    endloop
  endfacet
  facet normal -0.555362 -0.831609 -0
    outer loop
      vertex -31.16 -19.8928 17.2
      vertex -31.247 -19.8347 15.7
      vertex -31.16 -19.8928 15.7
    endloop
  endfacet
  facet normal -1 0 0
    outer loop
      vertex -31.56 -19.2 15.7
      vertex -31.56 19.2 17.2
      vertex -31.56 19.2 15.7
    endloop
  endfacet
  facet normal -1 -0 0
    outer loop
      vertex -31.56 19.2 17.2
      vertex -31.56 -19.2 15.7
      vertex -31.56 -19.2 17.2
    endloop
  endfacet
  facet normal 0.555362 0.831609 -0
    outer loop
      vertex 31.247 19.8347 15.7
      vertex 31.16 19.8928 17.2
      vertex 31.247 19.8347 17.2
    endloop
  endfacet
  facet normal 0.555362 0.831609 0
    outer loop
      vertex 31.16 19.8928 17.2
      vertex 31.247 19.8347 15.7
      vertex 31.16 19.8928 15.7
    endloop
  endfacet
  facet normal 0.659248 -0.751925 0
    outer loop
      vertex 31.247 -19.8347 15.7
      vertex 31.3257 -19.7657 17.2
      vertex 31.247 -19.8347 17.2
    endloop
  endfacet
  facet normal 0.659248 -0.751925 0
    outer loop
      vertex 31.3257 -19.7657 17.2
      vertex 31.247 -19.8347 15.7
      vertex 31.3257 -19.7657 15.7
    endloop
  endfacet
  facet normal -0.659248 0.751925 0
    outer loop
      vertex -31.247 19.8347 15.7
      vertex -31.3257 19.7657 17.2
      vertex -31.247 19.8347 17.2
    endloop
  endfacet
  facet normal -0.659248 0.751925 0
    outer loop
      vertex -31.3257 19.7657 17.2
      vertex -31.247 19.8347 15.7
      vertex -31.3257 19.7657 15.7
    endloop
  endfacet
  facet normal -0.0649964 -0.997886 0
    outer loop
      vertex -30.8644 -19.9932 15.7
      vertex -30.76 -20 17.2
      vertex -30.8644 -19.9932 17.2
    endloop
  endfacet
  facet normal -0.0649964 -0.997886 -0
    outer loop
      vertex -30.76 -20 17.2
      vertex -30.8644 -19.9932 15.7
      vertex -30.76 -20 15.7
    endloop
  endfacet
  facet normal 0.195749 0.980654 -0
    outer loop
      vertex 30.9671 19.9727 15.7
      vertex 30.8644 19.9932 17.2
      vertex 30.9671 19.9727 17.2
    endloop
  endfacet
  facet normal 0.195749 0.980654 0
    outer loop
      vertex 30.8644 19.9932 17.2
      vertex 30.9671 19.9727 15.7
      vertex 30.8644 19.9932 15.7
    endloop
  endfacet
  facet normal -0.659248 -0.751925 0
    outer loop
      vertex -31.3257 -19.7657 15.7
      vertex -31.247 -19.8347 17.2
      vertex -31.3257 -19.7657 17.2
    endloop
  endfacet
  facet normal -0.659248 -0.751925 -0
    outer loop
      vertex -31.247 -19.8347 17.2
      vertex -31.3257 -19.7657 15.7
      vertex -31.247 -19.8347 15.7
    endloop
  endfacet
  facet normal 0.44224 0.896897 -0
    outer loop
      vertex 31.16 19.8928 15.7
      vertex 31.0661 19.9391 17.2
      vertex 31.16 19.8928 17.2
    endloop
  endfacet
  facet normal 0.44224 0.896897 0
    outer loop
      vertex 31.0661 19.9391 17.2
      vertex 31.16 19.8928 15.7
      vertex 31.0661 19.9391 15.7
    endloop
  endfacet
  facet normal -0.0649964 0.997886 0
    outer loop
      vertex -30.76 20 15.7
      vertex -30.8644 19.9932 17.2
      vertex -30.76 20 17.2
    endloop
  endfacet
  facet normal -0.0649964 0.997886 0
    outer loop
      vertex -30.8644 19.9932 17.2
      vertex -30.76 20 15.7
      vertex -30.8644 19.9932 15.7
    endloop
  endfacet
  facet normal 0.896897 0.44224 0
    outer loop
      vertex 31.4991 19.5061 17.2
      vertex 31.4528 19.6 15.7
      vertex 31.4528 19.6 17.2
    endloop
  endfacet
  facet normal 0.896897 0.44224 0
    outer loop
      vertex 31.4528 19.6 15.7
      vertex 31.4991 19.5061 17.2
      vertex 31.4991 19.5061 15.7
    endloop
  endfacet
  facet normal -0.751925 -0.659248 0
    outer loop
      vertex -31.3257 -19.7657 15.7
      vertex -31.3947 -19.687 17.2
      vertex -31.3947 -19.687 15.7
    endloop
  endfacet
  facet normal -0.751925 -0.659248 0
    outer loop
      vertex -31.3947 -19.687 17.2
      vertex -31.3257 -19.7657 15.7
      vertex -31.3257 -19.7657 17.2
    endloop
  endfacet
  facet normal -0.751925 0.659248 0
    outer loop
      vertex -31.3947 19.687 15.7
      vertex -31.3257 19.7657 17.2
      vertex -31.3257 19.7657 15.7
    endloop
  endfacet
  facet normal -0.751925 0.659248 0
    outer loop
      vertex -31.3257 19.7657 17.2
      vertex -31.3947 19.687 15.7
      vertex -31.3947 19.687 17.2
    endloop
  endfacet
  facet normal -0.321388 -0.946948 0
    outer loop
      vertex -31.0661 -19.9391 15.7
      vertex -30.9671 -19.9727 17.2
      vertex -31.0661 -19.9391 17.2
    endloop
  endfacet
  facet normal -0.321388 -0.946948 -0
    outer loop
      vertex -30.9671 -19.9727 17.2
      vertex -31.0661 -19.9391 15.7
      vertex -30.9671 -19.9727 15.7
    endloop
  endfacet
  facet normal 0.555362 -0.831609 0
    outer loop
      vertex 31.16 -19.8928 15.7
      vertex 31.247 -19.8347 17.2
      vertex 31.16 -19.8928 17.2
    endloop
  endfacet
  facet normal 0.555362 -0.831609 0
    outer loop
      vertex 31.247 -19.8347 17.2
      vertex 31.16 -19.8928 15.7
      vertex 31.247 -19.8347 15.7
    endloop
  endfacet
  facet normal 0.997886 0.0649964 0
    outer loop
      vertex 31.56 19.2 17.2
      vertex 31.5532 19.3044 15.7
      vertex 31.5532 19.3044 17.2
    endloop
  endfacet
  facet normal 0.997886 0.0649964 0
    outer loop
      vertex 31.5532 19.3044 15.7
      vertex 31.56 19.2 17.2
      vertex 31.56 19.2 15.7
    endloop
  endfacet
  facet normal 0.659248 0.751925 -0
    outer loop
      vertex 31.3257 19.7657 15.7
      vertex 31.247 19.8347 17.2
      vertex 31.3257 19.7657 17.2
    endloop
  endfacet
  facet normal 0.659248 0.751925 0
    outer loop
      vertex 31.247 19.8347 17.2
      vertex 31.3257 19.7657 15.7
      vertex 31.247 19.8347 15.7
    endloop
  endfacet
  facet normal 0 -1 0
    outer loop
      vertex 28.8268 -20 15.7
      vertex 30.76 -20 17.2
      vertex 28.8268 -20 17.2
    endloop
  endfacet
  facet normal 0 -1 -0
    outer loop
      vertex 30.76 -20 17.2
      vertex 28.8268 -20 15.7
      vertex 30.76 -20 15.7
    endloop
  endfacet
  facet normal 0 -1 0
    outer loop
      vertex -30.76 -20 15.7
      vertex -28.8268 -20 17.2
      vertex -30.76 -20 17.2
    endloop
  endfacet
  facet normal 0 -1 -0
    outer loop
      vertex -28.8268 -20 17.2
      vertex -30.76 -20 15.7
      vertex -28.8268 -20 15.7
    endloop
  endfacet
  facet normal 0 -1 0
    outer loop
      vertex -27.5132 -20 15.7
      vertex 27.5132 -20 17.2
      vertex -27.5132 -20 17.2
    endloop
  endfacet
  facet normal 0 -1 -0
    outer loop
      vertex 27.5132 -20 17.2
      vertex -27.5132 -20 15.7
      vertex 27.5132 -20 15.7
    endloop
  endfacet
  facet normal 0.751925 -0.659248 0
    outer loop
      vertex 31.3257 -19.7657 17.2
      vertex 31.3947 -19.687 15.7
      vertex 31.3947 -19.687 17.2
    endloop
  endfacet
  facet normal 0.751925 -0.659248 0
    outer loop
      vertex 31.3947 -19.687 15.7
      vertex 31.3257 -19.7657 17.2
      vertex 31.3257 -19.7657 15.7
    endloop
  endfacet
  facet normal 0.946948 -0.321388 0
    outer loop
      vertex 31.4991 -19.5061 17.2
      vertex 31.5327 -19.4071 15.7
      vertex 31.5327 -19.4071 17.2
    endloop
  endfacet
  facet normal 0.946948 -0.321388 0
    outer loop
      vertex 31.5327 -19.4071 15.7
      vertex 31.4991 -19.5061 17.2
      vertex 31.4991 -19.5061 15.7
    endloop
  endfacet
  facet normal -0.195749 0.980654 0
    outer loop
      vertex -30.8644 19.9932 15.7
      vertex -30.9671 19.9727 17.2
      vertex -30.8644 19.9932 17.2
    endloop
  endfacet
  facet normal -0.195749 0.980654 0
    outer loop
      vertex -30.9671 19.9727 17.2
      vertex -30.8644 19.9932 15.7
      vertex -30.9671 19.9727 15.7
    endloop
  endfacet
  facet normal 0.751925 0.659248 0
    outer loop
      vertex 31.3947 19.687 17.2
      vertex 31.3257 19.7657 15.7
      vertex 31.3257 19.7657 17.2
    endloop
  endfacet
  facet normal 0.751925 0.659248 0
    outer loop
      vertex 31.3257 19.7657 15.7
      vertex 31.3947 19.687 17.2
      vertex 31.3947 19.687 15.7
    endloop
  endfacet
  facet normal 0.321388 0.946948 -0
    outer loop
      vertex 31.0661 19.9391 15.7
      vertex 30.9671 19.9727 17.2
      vertex 31.0661 19.9391 17.2
    endloop
  endfacet
  facet normal 0.321388 0.946948 0
    outer loop
      vertex 30.9671 19.9727 17.2
      vertex 31.0661 19.9391 15.7
      vertex 30.9671 19.9727 15.7
    endloop
  endfacet
  facet normal -0.896897 0.44224 0
    outer loop
      vertex -31.4991 19.5061 15.7
      vertex -31.4528 19.6 17.2
      vertex -31.4528 19.6 15.7
    endloop
  endfacet
  facet normal -0.896897 0.44224 0
    outer loop
      vertex -31.4528 19.6 17.2
      vertex -31.4991 19.5061 15.7
      vertex -31.4991 19.5061 17.2
    endloop
  endfacet
  facet normal -0.946948 -0.321388 0
    outer loop
      vertex -31.4991 -19.5061 15.7
      vertex -31.5327 -19.4071 17.2
      vertex -31.5327 -19.4071 15.7
    endloop
  endfacet
  facet normal -0.946948 -0.321388 0
    outer loop
      vertex -31.5327 -19.4071 17.2
      vertex -31.4991 -19.5061 15.7
      vertex -31.4991 -19.5061 17.2
    endloop
  endfacet
  facet normal 0.946948 0.321388 0
    outer loop
      vertex 31.5327 19.4071 17.2
      vertex 31.4991 19.5061 15.7
      vertex 31.4991 19.5061 17.2
    endloop
  endfacet
  facet normal 0.946948 0.321388 0
    outer loop
      vertex 31.4991 19.5061 15.7
      vertex 31.5327 19.4071 17.2
      vertex 31.5327 19.4071 15.7
    endloop
  endfacet
  facet normal -0.946948 0.321388 0
    outer loop
      vertex -31.5327 19.4071 15.7
      vertex -31.4991 19.5061 17.2
      vertex -31.4991 19.5061 15.7
    endloop
  endfacet
  facet normal -0.946948 0.321388 0
    outer loop
      vertex -31.4991 19.5061 17.2
      vertex -31.5327 19.4071 15.7
      vertex -31.5327 19.4071 17.2
    endloop
  endfacet
  facet normal 0.896897 -0.44224 0
    outer loop
      vertex 31.4528 -19.6 17.2
      vertex 31.4991 -19.5061 15.7
      vertex 31.4991 -19.5061 17.2
    endloop
  endfacet
  facet normal 0.896897 -0.44224 0
    outer loop
      vertex 31.4991 -19.5061 15.7
      vertex 31.4528 -19.6 17.2
      vertex 31.4528 -19.6 15.7
    endloop
  endfacet
  facet normal -0.195749 -0.980654 0
    outer loop
      vertex -30.9671 -19.9727 15.7
      vertex -30.8644 -19.9932 17.2
      vertex -30.9671 -19.9727 17.2
    endloop
  endfacet
  facet normal -0.195749 -0.980654 -0
    outer loop
      vertex -30.8644 -19.9932 17.2
      vertex -30.9671 -19.9727 15.7
      vertex -30.8644 -19.9932 15.7
    endloop
  endfacet
  facet normal -0.831609 -0.555362 0
    outer loop
      vertex -31.3947 -19.687 15.7
      vertex -31.4528 -19.6 17.2
      vertex -31.4528 -19.6 15.7
    endloop
  endfacet
  facet normal -0.831609 -0.555362 0
    outer loop
      vertex -31.4528 -19.6 17.2
      vertex -31.3947 -19.687 15.7
      vertex -31.3947 -19.687 17.2
    endloop
  endfacet
  facet normal -0.997886 -0.0649964 0
    outer loop
      vertex -31.5532 -19.3044 15.7
      vertex -31.56 -19.2 17.2
      vertex -31.56 -19.2 15.7
    endloop
  endfacet
  facet normal -0.997886 -0.0649964 0
    outer loop
      vertex -31.56 -19.2 17.2
      vertex -31.5532 -19.3044 15.7
      vertex -31.5532 -19.3044 17.2
    endloop
  endfacet
  facet normal 0.44224 -0.896897 0
    outer loop
      vertex 31.0661 -19.9391 15.7
      vertex 31.16 -19.8928 17.2
      vertex 31.0661 -19.9391 17.2
    endloop
  endfacet
  facet normal 0.44224 -0.896897 0
    outer loop
      vertex 31.16 -19.8928 17.2
      vertex 31.0661 -19.9391 15.7
      vertex 31.16 -19.8928 15.7
    endloop
  endfacet
  facet normal -0.44224 -0.896897 0
    outer loop
      vertex -31.16 -19.8928 15.7
      vertex -31.0661 -19.9391 17.2
      vertex -31.16 -19.8928 17.2
    endloop
  endfacet
  facet normal -0.44224 -0.896897 -0
    outer loop
      vertex -31.0661 -19.9391 17.2
      vertex -31.16 -19.8928 15.7
      vertex -31.0661 -19.9391 15.7
    endloop
  endfacet
  facet normal 0.831609 -0.555362 0
    outer loop
      vertex 31.3947 -19.687 17.2
      vertex 31.4528 -19.6 15.7
      vertex 31.4528 -19.6 17.2
    endloop
  endfacet
  facet normal 0.831609 -0.555362 0
    outer loop
      vertex 31.4528 -19.6 15.7
      vertex 31.3947 -19.687 17.2
      vertex 31.3947 -19.687 15.7
    endloop
  endfacet
  facet normal -0.980654 0.195749 0
    outer loop
      vertex -31.5532 19.3044 15.7
      vertex -31.5327 19.4071 17.2
      vertex -31.5327 19.4071 15.7
    endloop
  endfacet
  facet normal -0.980654 0.195749 0
    outer loop
      vertex -31.5327 19.4071 17.2
      vertex -31.5532 19.3044 15.7
      vertex -31.5532 19.3044 17.2
    endloop
  endfacet
  facet normal 0.980654 -0.195749 0
    outer loop
      vertex 31.5327 -19.4071 17.2
      vertex 31.5532 -19.3044 15.7
      vertex 31.5532 -19.3044 17.2
    endloop
  endfacet
  facet normal 0.980654 -0.195749 0
    outer loop
      vertex 31.5532 -19.3044 15.7
      vertex 31.5327 -19.4071 17.2
      vertex 31.5327 -19.4071 15.7
    endloop
  endfacet
  facet normal 0.980654 0.195749 0
    outer loop
      vertex 31.5532 19.3044 17.2
      vertex 31.5327 19.4071 15.7
      vertex 31.5327 19.4071 17.2
    endloop
  endfacet
  facet normal 0.980654 0.195749 0
    outer loop
      vertex 31.5327 19.4071 15.7
      vertex 31.5532 19.3044 17.2
      vertex 31.5532 19.3044 15.7
    endloop
  endfacet
  facet normal -0.896897 -0.44224 0
    outer loop
      vertex -31.4528 -19.6 15.7
      vertex -31.4991 -19.5061 17.2
      vertex -31.4991 -19.5061 15.7
    endloop
  endfacet
  facet normal -0.896897 -0.44224 0
    outer loop
      vertex -31.4991 -19.5061 17.2
      vertex -31.4528 -19.6 15.7
      vertex -31.4528 -19.6 17.2
    endloop
  endfacet
  facet normal 0 0 -1
    outer loop
      vertex 31.56 -19.2 15.7
      vertex 30.3591 -18.7131 15.7
      vertex 30.36 -18.7 15.7
    endloop
  endfacet
  facet normal 0 0 -1
    outer loop
      vertex 30.8644 -19.9932 15.7
      vertex 30.3566 -18.7259 15.7
      vertex 30.3591 -18.7131 15.7
    endloop
  endfacet
  facet normal 0 0 -1
    outer loop
      vertex 30.8644 -19.9932 15.7
      vertex 30.3524 -18.7383 15.7
      vertex 30.3566 -18.7259 15.7
    endloop
  endfacet
  facet normal 0 0 -1
    outer loop
      vertex 30.8644 -19.9932 15.7
      vertex 30.3466 -18.75 15.7
      vertex 30.3524 -18.7383 15.7
    endloop
  endfacet
  facet normal 0 0 -1
    outer loop
      vertex 30.8644 -19.9932 15.7
      vertex 30.3393 -18.7609 15.7
      vertex 30.3466 -18.75 15.7
    endloop
  endfacet
  facet normal 0 0 -1
    outer loop
      vertex 30.8644 -19.9932 15.7
      vertex 30.3307 -18.7707 15.7
      vertex 30.3393 -18.7609 15.7
    endloop
  endfacet
  facet normal 0 0 -1
    outer loop
      vertex 30.8644 -19.9932 15.7
      vertex 30.3209 -18.7793 15.7
      vertex 30.3307 -18.7707 15.7
    endloop
  endfacet
  facet normal 0 0 -1
    outer loop
      vertex 30.76 -20 15.7
      vertex 30.31 -18.7866 15.7
      vertex 30.3209 -18.7793 15.7
    endloop
  endfacet
  facet normal 0 0 -1
    outer loop
      vertex 30.76 -20 15.7
      vertex 30.2983 -18.7924 15.7
      vertex 30.31 -18.7866 15.7
    endloop
  endfacet
  facet normal 0 0 -1
    outer loop
      vertex 29.9887 -19.06 15.7
      vertex 30.2983 -18.7924 15.7
      vertex 30.76 -20 15.7
    endloop
  endfacet
  facet normal 0 0 -1
    outer loop
      vertex 30.2983 -18.7924 15.7
      vertex 29.9887 -19.06 15.7
      vertex 30.2859 -18.7966 15.7
    endloop
  endfacet
  facet normal 0 0 -1
    outer loop
      vertex 30.2859 -18.7966 15.7
      vertex 29.9887 -19.06 15.7
      vertex 30.2731 -18.7991 15.7
    endloop
  endfacet
  facet normal 0 0 -1
    outer loop
      vertex 30.2731 -18.7991 15.7
      vertex 29.9887 -19.06 15.7
      vertex 30.26 -18.8 15.7
    endloop
  endfacet
  facet normal -0 0 -1
    outer loop
      vertex 30.26 -18.8 15.7
      vertex 30.1101 -18.8136 15.7
      vertex 30.1148 -18.8 15.7
    endloop
  endfacet
  facet normal 0 0 -1
    outer loop
      vertex 30.26 -18.8 15.7
      vertex 29.9887 -19.06 15.7
      vertex 30.1101 -18.8136 15.7
    endloop
  endfacet
  facet normal 0 0 -1
    outer loop
      vertex 30.76 -20 15.7
      vertex 29.836 -19.2884 15.7
      vertex 29.9887 -19.06 15.7
    endloop
  endfacet
  facet normal 0 0 -1
    outer loop
      vertex 30.76 -20 15.7
      vertex 29.6549 -19.4949 15.7
      vertex 29.836 -19.2884 15.7
    endloop
  endfacet
  facet normal 0 0 -1
    outer loop
      vertex 30.76 -20 15.7
      vertex 29.4484 -19.676 15.7
      vertex 29.6549 -19.4949 15.7
    endloop
  endfacet
  facet normal 0 0 -1
    outer loop
      vertex 30.76 -20 15.7
      vertex 29.22 -19.8287 15.7
      vertex 29.4484 -19.676 15.7
    endloop
  endfacet
  facet normal 0 0 -1
    outer loop
      vertex 30.76 -20 15.7
      vertex 28.9736 -19.9501 15.7
      vertex 29.22 -19.8287 15.7
    endloop
  endfacet
  facet normal 0 -0 -1
    outer loop
      vertex 28.9736 -19.9501 15.7
      vertex 30.76 -20 15.7
      vertex 28.8268 -20 15.7
    endloop
  endfacet
  facet normal 0 0 -1
    outer loop
      vertex 30.3591 -18.7131 15.7
      vertex 31.56 -19.2 15.7
      vertex 31.5532 -19.3044 15.7
    endloop
  endfacet
  facet normal 0 0 -1
    outer loop
      vertex 30.3591 -18.7131 15.7
      vertex 31.5532 -19.3044 15.7
      vertex 31.5327 -19.4071 15.7
    endloop
  endfacet
  facet normal 0 0 -1
    outer loop
      vertex 30.3591 -18.7131 15.7
      vertex 31.5327 -19.4071 15.7
      vertex 31.4991 -19.5061 15.7
    endloop
  endfacet
  facet normal 0 0 -1
    outer loop
      vertex 30.3591 -18.7131 15.7
      vertex 31.4991 -19.5061 15.7
      vertex 31.4528 -19.6 15.7
    endloop
  endfacet
  facet normal 0 0 -1
    outer loop
      vertex 30.3591 -18.7131 15.7
      vertex 31.4528 -19.6 15.7
      vertex 31.3947 -19.687 15.7
    endloop
  endfacet
  facet normal 0 0 -1
    outer loop
      vertex 30.3591 -18.7131 15.7
      vertex 31.3947 -19.687 15.7
      vertex 31.3257 -19.7657 15.7
    endloop
  endfacet
  facet normal 0 0 -1
    outer loop
      vertex 30.3591 -18.7131 15.7
      vertex 31.3257 -19.7657 15.7
      vertex 31.247 -19.8347 15.7
    endloop
  endfacet
  facet normal 0 0 -1
    outer loop
      vertex 30.3591 -18.7131 15.7
      vertex 31.247 -19.8347 15.7
      vertex 31.16 -19.8928 15.7
    endloop
  endfacet
  facet normal 0 0 -1
    outer loop
      vertex 30.3591 -18.7131 15.7
      vertex 31.16 -19.8928 15.7
      vertex 31.0661 -19.9391 15.7
    endloop
  endfacet
  facet normal 0 0 -1
    outer loop
      vertex 30.3591 -18.7131 15.7
      vertex 31.0661 -19.9391 15.7
      vertex 30.9671 -19.9727 15.7
    endloop
  endfacet
  facet normal 0 0 -1
    outer loop
      vertex 30.3591 -18.7131 15.7
      vertex 30.9671 -19.9727 15.7
      vertex 30.8644 -19.9932 15.7
    endloop
  endfacet
  facet normal 0 0 -1
    outer loop
      vertex 30.3209 -18.7793 15.7
      vertex 30.8644 -19.9932 15.7
      vertex 30.76 -20 15.7
    endloop
  endfacet
  facet normal 0 0 -1
    outer loop
      vertex 31.56 -19.2 15.7
      vertex 30.36 -18.7 15.7
      vertex 31.56 5.12 15.7
    endloop
  endfacet
  facet normal -0 0 -1
    outer loop
      vertex 31.56 5.12 15.7
      vertex 30.36 -18.7 15.7
      vertex 30.36 5.12 15.7
    endloop
  endfacet
  facet normal 0 0 -1
    outer loop
      vertex -30.1101 -18.8136 15.7
      vertex -30.26 -18.8 15.7
      vertex -30.1148 -18.8 15.7
    endloop
  endfacet
  facet normal 0 0 -1
    outer loop
      vertex -29.9887 -19.06 15.7
      vertex -30.26 -18.8 15.7
      vertex -30.1101 -18.8136 15.7
    endloop
  endfacet
  facet normal 0 0 -1
    outer loop
      vertex -30.76 -20 15.7
      vertex -29.9887 -19.06 15.7
      vertex -29.836 -19.2884 15.7
    endloop
  endfacet
  facet normal 0 0 -1
    outer loop
      vertex -29.9887 -19.06 15.7
      vertex -30.2731 -18.7991 15.7
      vertex -30.26 -18.8 15.7
    endloop
  endfacet
  facet normal 0 0 -1
    outer loop
      vertex -30.76 -20 15.7
      vertex -29.836 -19.2884 15.7
      vertex -29.6549 -19.4949 15.7
    endloop
  endfacet
  facet normal 0 -0 -1
    outer loop
      vertex -30.2983 -18.7924 15.7
      vertex -29.9887 -19.06 15.7
      vertex -30.76 -20 15.7
    endloop
  endfacet
  facet normal 0 0 -1
    outer loop
      vertex -29.9887 -19.06 15.7
      vertex -30.2859 -18.7966 15.7
      vertex -30.2731 -18.7991 15.7
    endloop
  endfacet
  facet normal 0 0 -1
    outer loop
      vertex -29.9887 -19.06 15.7
      vertex -30.2983 -18.7924 15.7
      vertex -30.2859 -18.7966 15.7
    endloop
  endfacet
  facet normal -0 0 -1
    outer loop
      vertex -30.2983 -18.7924 15.7
      vertex -30.76 -20 15.7
      vertex -30.31 -18.7866 15.7
    endloop
  endfacet
  facet normal -0 0 -1
    outer loop
      vertex -30.31 -18.7866 15.7
      vertex -30.76 -20 15.7
      vertex -30.3209 -18.7793 15.7
    endloop
  endfacet
  facet normal 0 0 -1
    outer loop
      vertex -31.3947 -19.687 15.7
      vertex -30.3307 -18.7707 15.7
      vertex -31.3257 -19.7657 15.7
    endloop
  endfacet
  facet normal 0 0 -1
    outer loop
      vertex -31.3257 -19.7657 15.7
      vertex -30.3307 -18.7707 15.7
      vertex -31.247 -19.8347 15.7
    endloop
  endfacet
  facet normal 0 0 -1
    outer loop
      vertex -31.247 -19.8347 15.7
      vertex -30.3307 -18.7707 15.7
      vertex -31.16 -19.8928 15.7
    endloop
  endfacet
  facet normal 0 0 -1
    outer loop
      vertex -31.16 -19.8928 15.7
      vertex -30.3307 -18.7707 15.7
      vertex -31.0661 -19.9391 15.7
    endloop
  endfacet
  facet normal 0 0 -1
    outer loop
      vertex -31.0661 -19.9391 15.7
      vertex -30.3307 -18.7707 15.7
      vertex -30.9671 -19.9727 15.7
    endloop
  endfacet
  facet normal 0 0 -1
    outer loop
      vertex -30.9671 -19.9727 15.7
      vertex -30.3307 -18.7707 15.7
      vertex -30.8644 -19.9932 15.7
    endloop
  endfacet
  facet normal -0 0 -1
    outer loop
      vertex -30.3209 -18.7793 15.7
      vertex -30.8644 -19.9932 15.7
      vertex -30.3307 -18.7707 15.7
    endloop
  endfacet
  facet normal 0 0 -1
    outer loop
      vertex -30.8644 -19.9932 15.7
      vertex -30.3209 -18.7793 15.7
      vertex -30.76 -20 15.7
    endloop
  endfacet
  facet normal -0 0 -1
    outer loop
      vertex -29.4484 -19.676 15.7
      vertex -30.76 -20 15.7
      vertex -29.6549 -19.4949 15.7
    endloop
  endfacet
  facet normal -0 0 -1
    outer loop
      vertex -29.22 -19.8287 15.7
      vertex -30.76 -20 15.7
      vertex -29.4484 -19.676 15.7
    endloop
  endfacet
  facet normal -0 0 -1
    outer loop
      vertex -28.9736 -19.9501 15.7
      vertex -30.76 -20 15.7
      vertex -29.22 -19.8287 15.7
    endloop
  endfacet
  facet normal 0 0 -1
    outer loop
      vertex -30.76 -20 15.7
      vertex -28.9736 -19.9501 15.7
      vertex -28.8268 -20 15.7
    endloop
  endfacet
  facet normal 0 0 -1
    outer loop
      vertex -30.26 18.8 15.7
      vertex -30.1101 18.8136 15.7
      vertex -30.1148 18.8 15.7
    endloop
  endfacet
  facet normal 0 0 -1
    outer loop
      vertex -30.26 18.8 15.7
      vertex -29.9887 19.06 15.7
      vertex -30.1101 18.8136 15.7
    endloop
  endfacet
  facet normal 0 0 -1
    outer loop
      vertex -30.2731 18.7991 15.7
      vertex -29.9887 19.06 15.7
      vertex -30.26 18.8 15.7
    endloop
  endfacet
  facet normal 0 0 -1
    outer loop
      vertex -30.2859 18.7966 15.7
      vertex -29.9887 19.06 15.7
      vertex -30.2731 18.7991 15.7
    endloop
  endfacet
  facet normal 0 0 -1
    outer loop
      vertex -30.2983 18.7924 15.7
      vertex -29.9887 19.06 15.7
      vertex -30.2859 18.7966 15.7
    endloop
  endfacet
  facet normal 0 0 -1
    outer loop
      vertex -29.9887 19.06 15.7
      vertex -30.76 20 15.7
      vertex -29.836 19.2884 15.7
    endloop
  endfacet
  facet normal -0 0 -1
    outer loop
      vertex -29.9887 19.06 15.7
      vertex -30.2983 18.7924 15.7
      vertex -30.76 20 15.7
    endloop
  endfacet
  facet normal 0 0 -1
    outer loop
      vertex -30.76 20 15.7
      vertex -30.2983 18.7924 15.7
      vertex -30.31 18.7866 15.7
    endloop
  endfacet
  facet normal 0 0 -1
    outer loop
      vertex -30.76 20 15.7
      vertex -30.31 18.7866 15.7
      vertex -30.3209 18.7793 15.7
    endloop
  endfacet
  facet normal 0 0 -1
    outer loop
      vertex -30.8644 19.9932 15.7
      vertex -30.3209 18.7793 15.7
      vertex -30.3307 18.7707 15.7
    endloop
  endfacet
  facet normal 0 0 -1
    outer loop
      vertex -28.9736 19.9501 15.7
      vertex -30.76 20 15.7
      vertex -28.8268 20 15.7
    endloop
  endfacet
  facet normal 0 0 -1
    outer loop
      vertex -29.22 19.8287 15.7
      vertex -30.76 20 15.7
      vertex -28.9736 19.9501 15.7
    endloop
  endfacet
  facet normal 0 0 -1
    outer loop
      vertex -29.4484 19.676 15.7
      vertex -30.76 20 15.7
      vertex -29.22 19.8287 15.7
    endloop
  endfacet
  facet normal 0 0 -1
    outer loop
      vertex -29.6549 19.4949 15.7
      vertex -30.76 20 15.7
      vertex -29.4484 19.676 15.7
    endloop
  endfacet
  facet normal 0 0 -1
    outer loop
      vertex -29.836 19.2884 15.7
      vertex -30.76 20 15.7
      vertex -29.6549 19.4949 15.7
    endloop
  endfacet
  facet normal 0 0 -1
    outer loop
      vertex -31.5327 19.4071 15.7
      vertex -30.3307 18.7707 15.7
      vertex -30.3393 18.7609 15.7
    endloop
  endfacet
  facet normal 0 0 -1
    outer loop
      vertex -31.56 19.2 15.7
      vertex -30.3393 18.7609 15.7
      vertex -30.3466 18.75 15.7
    endloop
  endfacet
  facet normal 0 0 -1
    outer loop
      vertex -31.56 19.2 15.7
      vertex -30.3466 18.75 15.7
      vertex -30.3524 18.7383 15.7
    endloop
  endfacet
  facet normal 0 0 -1
    outer loop
      vertex -31.56 19.2 15.7
      vertex -30.3524 18.7383 15.7
      vertex -30.3566 18.7259 15.7
    endloop
  endfacet
  facet normal 0 0 -1
    outer loop
      vertex -31.56 19.2 15.7
      vertex -30.3566 18.7259 15.7
      vertex -30.3591 18.7131 15.7
    endloop
  endfacet
  facet normal 0 0 -1
    outer loop
      vertex -31.56 19.2 15.7
      vertex -30.3591 18.7131 15.7
      vertex -30.36 18.7 15.7
    endloop
  endfacet
  facet normal -0 0 -1
    outer loop
      vertex -30.36 -18.7 15.7
      vertex -31.56 -19.2 15.7
      vertex -30.36 18.7 15.7
    endloop
  endfacet
  facet normal 0 0 -1
    outer loop
      vertex -31.4528 -19.6 15.7
      vertex -30.3307 -18.7707 15.7
      vertex -31.3947 -19.687 15.7
    endloop
  endfacet
  facet normal 0 0 -1
    outer loop
      vertex -31.56 19.2 15.7
      vertex -30.36 18.7 15.7
      vertex -31.56 -19.2 15.7
    endloop
  endfacet
  facet normal 0 0 -1
    outer loop
      vertex -31.4991 -19.5061 15.7
      vertex -30.3307 -18.7707 15.7
      vertex -31.4528 -19.6 15.7
    endloop
  endfacet
  facet normal 0 0 -1
    outer loop
      vertex -30.3393 18.7609 15.7
      vertex -31.56 19.2 15.7
      vertex -31.5532 19.3044 15.7
    endloop
  endfacet
  facet normal 0 0 -1
    outer loop
      vertex -31.5327 -19.4071 15.7
      vertex -30.3307 -18.7707 15.7
      vertex -31.4991 -19.5061 15.7
    endloop
  endfacet
  facet normal 0 0 -1
    outer loop
      vertex -30.3209 18.7793 15.7
      vertex -30.8644 19.9932 15.7
      vertex -30.76 20 15.7
    endloop
  endfacet
  facet normal -0 0 -1
    outer loop
      vertex -30.3307 -18.7707 15.7
      vertex -31.5327 -19.4071 15.7
      vertex -30.3393 -18.7609 15.7
    endloop
  endfacet
  facet normal 0 0 -1
    outer loop
      vertex -30.3307 18.7707 15.7
      vertex -30.9671 19.9727 15.7
      vertex -30.8644 19.9932 15.7
    endloop
  endfacet
  facet normal 0 0 -1
    outer loop
      vertex -31.5532 -19.3044 15.7
      vertex -30.3393 -18.7609 15.7
      vertex -31.5327 -19.4071 15.7
    endloop
  endfacet
  facet normal 0 0 -1
    outer loop
      vertex -30.3307 18.7707 15.7
      vertex -31.0661 19.9391 15.7
      vertex -30.9671 19.9727 15.7
    endloop
  endfacet
  facet normal 0 0 -1
    outer loop
      vertex -31.56 -19.2 15.7
      vertex -30.3393 -18.7609 15.7
      vertex -31.5532 -19.3044 15.7
    endloop
  endfacet
  facet normal 0 0 -1
    outer loop
      vertex -30.3307 18.7707 15.7
      vertex -31.16 19.8928 15.7
      vertex -31.0661 19.9391 15.7
    endloop
  endfacet
  facet normal -0 0 -1
    outer loop
      vertex -30.3393 -18.7609 15.7
      vertex -31.56 -19.2 15.7
      vertex -30.3466 -18.75 15.7
    endloop
  endfacet
  facet normal 0 0 -1
    outer loop
      vertex -30.3307 18.7707 15.7
      vertex -31.247 19.8347 15.7
      vertex -31.16 19.8928 15.7
    endloop
  endfacet
  facet normal -0 0 -1
    outer loop
      vertex -30.3466 -18.75 15.7
      vertex -31.56 -19.2 15.7
      vertex -30.3524 -18.7383 15.7
    endloop
  endfacet
  facet normal 0 0 -1
    outer loop
      vertex -30.3307 18.7707 15.7
      vertex -31.3257 19.7657 15.7
      vertex -31.247 19.8347 15.7
    endloop
  endfacet
  facet normal -0 0 -1
    outer loop
      vertex -30.3524 -18.7383 15.7
      vertex -31.56 -19.2 15.7
      vertex -30.3566 -18.7259 15.7
    endloop
  endfacet
  facet normal 0 0 -1
    outer loop
      vertex -30.3307 18.7707 15.7
      vertex -31.3947 19.687 15.7
      vertex -31.3257 19.7657 15.7
    endloop
  endfacet
  facet normal -0 0 -1
    outer loop
      vertex -30.3566 -18.7259 15.7
      vertex -31.56 -19.2 15.7
      vertex -30.3591 -18.7131 15.7
    endloop
  endfacet
  facet normal 0 0 -1
    outer loop
      vertex -30.3307 18.7707 15.7
      vertex -31.4528 19.6 15.7
      vertex -31.3947 19.687 15.7
    endloop
  endfacet
  facet normal -0 0 -1
    outer loop
      vertex -30.3591 -18.7131 15.7
      vertex -31.56 -19.2 15.7
      vertex -30.36 -18.7 15.7
    endloop
  endfacet
  facet normal 0 0 -1
    outer loop
      vertex -30.3307 18.7707 15.7
      vertex -31.4991 19.5061 15.7
      vertex -31.4528 19.6 15.7
    endloop
  endfacet
  facet normal 0 0 -1
    outer loop
      vertex -30.3307 18.7707 15.7
      vertex -31.5327 19.4071 15.7
      vertex -31.4991 19.5061 15.7
    endloop
  endfacet
  facet normal 0 0 -1
    outer loop
      vertex -30.3393 18.7609 15.7
      vertex -31.5532 19.3044 15.7
      vertex -31.5327 19.4071 15.7
    endloop
  endfacet
  facet normal 0 0 -1
    outer loop
      vertex 30.36 18.7 15.7
      vertex 31.56 19.2 15.7
      vertex 31.56 10.12 15.7
    endloop
  endfacet
  facet normal 0 0 -1
    outer loop
      vertex 30.3591 18.7131 15.7
      vertex 31.56 19.2 15.7
      vertex 30.36 18.7 15.7
    endloop
  endfacet
  facet normal 0 0 -1
    outer loop
      vertex 30.3566 18.7259 15.7
      vertex 31.56 19.2 15.7
      vertex 30.3591 18.7131 15.7
    endloop
  endfacet
  facet normal 0 0 -1
    outer loop
      vertex 30.3524 18.7383 15.7
      vertex 31.56 19.2 15.7
      vertex 30.3566 18.7259 15.7
    endloop
  endfacet
  facet normal 0 0 -1
    outer loop
      vertex 30.3466 18.75 15.7
      vertex 31.56 19.2 15.7
      vertex 30.3524 18.7383 15.7
    endloop
  endfacet
  facet normal 0 0 -1
    outer loop
      vertex 30.3393 18.7609 15.7
      vertex 31.56 19.2 15.7
      vertex 30.3466 18.75 15.7
    endloop
  endfacet
  facet normal -0 0 -1
    outer loop
      vertex 31.56 19.2 15.7
      vertex 30.3393 18.7609 15.7
      vertex 31.5532 19.3044 15.7
    endloop
  endfacet
  facet normal -0 0 -1
    outer loop
      vertex 31.5532 19.3044 15.7
      vertex 30.3393 18.7609 15.7
      vertex 31.5327 19.4071 15.7
    endloop
  endfacet
  facet normal 0 0 -1
    outer loop
      vertex 30.3307 18.7707 15.7
      vertex 31.5327 19.4071 15.7
      vertex 30.3393 18.7609 15.7
    endloop
  endfacet
  facet normal -0 0 -1
    outer loop
      vertex 31.5327 19.4071 15.7
      vertex 30.3307 18.7707 15.7
      vertex 31.4991 19.5061 15.7
    endloop
  endfacet
  facet normal -0 0 -1
    outer loop
      vertex 31.4991 19.5061 15.7
      vertex 30.3307 18.7707 15.7
      vertex 31.4528 19.6 15.7
    endloop
  endfacet
  facet normal -0 0 -1
    outer loop
      vertex 31.4528 19.6 15.7
      vertex 30.3307 18.7707 15.7
      vertex 31.3947 19.687 15.7
    endloop
  endfacet
  facet normal 0 0 -1
    outer loop
      vertex 30.36 18.7 15.7
      vertex 31.56 10.12 15.7
      vertex 30.36 10.12 15.7
    endloop
  endfacet
  facet normal -0 0 -1
    outer loop
      vertex 31.3947 19.687 15.7
      vertex 30.3307 18.7707 15.7
      vertex 31.3257 19.7657 15.7
    endloop
  endfacet
  facet normal -0 0 -1
    outer loop
      vertex 31.3257 19.7657 15.7
      vertex 30.3307 18.7707 15.7
      vertex 31.247 19.8347 15.7
    endloop
  endfacet
  facet normal -0 0 -1
    outer loop
      vertex 31.247 19.8347 15.7
      vertex 30.3307 18.7707 15.7
      vertex 31.16 19.8928 15.7
    endloop
  endfacet
  facet normal -0 0 -1
    outer loop
      vertex 31.16 19.8928 15.7
      vertex 30.3307 18.7707 15.7
      vertex 31.0661 19.9391 15.7
    endloop
  endfacet
  facet normal -0 0 -1
    outer loop
      vertex 31.0661 19.9391 15.7
      vertex 30.3307 18.7707 15.7
      vertex 30.9671 19.9727 15.7
    endloop
  endfacet
  facet normal -0 0 -1
    outer loop
      vertex 30.9671 19.9727 15.7
      vertex 30.3307 18.7707 15.7
      vertex 30.8644 19.9932 15.7
    endloop
  endfacet
  facet normal 0 0 -1
    outer loop
      vertex 30.3209 18.7793 15.7
      vertex 30.8644 19.9932 15.7
      vertex 30.3307 18.7707 15.7
    endloop
  endfacet
  facet normal -0 0 -1
    outer loop
      vertex 30.8644 19.9932 15.7
      vertex 30.3209 18.7793 15.7
      vertex 30.76 20 15.7
    endloop
  endfacet
  facet normal 0 0 -1
    outer loop
      vertex 30.31 18.7866 15.7
      vertex 30.76 20 15.7
      vertex 30.3209 18.7793 15.7
    endloop
  endfacet
  facet normal 0 0 -1
    outer loop
      vertex 30.2983 18.7924 15.7
      vertex 30.76 20 15.7
      vertex 30.31 18.7866 15.7
    endloop
  endfacet
  facet normal 0 0 -1
    outer loop
      vertex 29.9887 19.06 15.7
      vertex 30.2983 18.7924 15.7
      vertex 30.2859 18.7966 15.7
    endloop
  endfacet
  facet normal 0 0 -1
    outer loop
      vertex 29.9887 19.06 15.7
      vertex 30.2859 18.7966 15.7
      vertex 30.2731 18.7991 15.7
    endloop
  endfacet
  facet normal 0 0 -1
    outer loop
      vertex 29.9887 19.06 15.7
      vertex 30.2731 18.7991 15.7
      vertex 30.26 18.8 15.7
    endloop
  endfacet
  facet normal 0 0 -1
    outer loop
      vertex 30.1101 18.8136 15.7
      vertex 30.26 18.8 15.7
      vertex 30.1148 18.8 15.7
    endloop
  endfacet
  facet normal 0 0 -1
    outer loop
      vertex 29.9887 19.06 15.7
      vertex 30.26 18.8 15.7
      vertex 30.1101 18.8136 15.7
    endloop
  endfacet
  facet normal 0 0 -1
    outer loop
      vertex 30.2983 18.7924 15.7
      vertex 29.9887 19.06 15.7
      vertex 30.76 20 15.7
    endloop
  endfacet
  facet normal 0 0 -1
    outer loop
      vertex 29.836 19.2884 15.7
      vertex 30.76 20 15.7
      vertex 29.9887 19.06 15.7
    endloop
  endfacet
  facet normal 0 0 -1
    outer loop
      vertex 29.6549 19.4949 15.7
      vertex 30.76 20 15.7
      vertex 29.836 19.2884 15.7
    endloop
  endfacet
  facet normal 0 0 -1
    outer loop
      vertex 29.4484 19.676 15.7
      vertex 30.76 20 15.7
      vertex 29.6549 19.4949 15.7
    endloop
  endfacet
  facet normal 0 0 -1
    outer loop
      vertex 29.22 19.8287 15.7
      vertex 30.76 20 15.7
      vertex 29.4484 19.676 15.7
    endloop
  endfacet
  facet normal 0 0 -1
    outer loop
      vertex 28.9736 19.9501 15.7
      vertex 30.76 20 15.7
      vertex 29.22 19.8287 15.7
    endloop
  endfacet
  facet normal -0 0 -1
    outer loop
      vertex 30.76 20 15.7
      vertex 28.9736 19.9501 15.7
      vertex 28.8268 20 15.7
    endloop
  endfacet
  facet normal 0 0 -1
    outer loop
      vertex 26.2299 -18.8136 15.7
      vertex -26.2252 -18.8 15.7
      vertex 26.2252 -18.8 15.7
    endloop
  endfacet
  facet normal 0 0 -1
    outer loop
      vertex -26.2299 -18.8136 15.7
      vertex 26.2299 -18.8136 15.7
      vertex 26.3513 -19.06 15.7
    endloop
  endfacet
  facet normal 0 0 -1
    outer loop
      vertex -26.3513 -19.06 15.7
      vertex 26.3513 -19.06 15.7
      vertex 26.504 -19.2884 15.7
    endloop
  endfacet
  facet normal 0 0 -1
    outer loop
      vertex -26.504 -19.2884 15.7
      vertex 26.504 -19.2884 15.7
      vertex 26.6851 -19.4949 15.7
    endloop
  endfacet
  facet normal 0 0 -1
    outer loop
      vertex -26.6851 -19.4949 15.7
      vertex 26.6851 -19.4949 15.7
      vertex 26.8916 -19.676 15.7
    endloop
  endfacet
  facet normal 0 0 -1
    outer loop
      vertex -26.8916 -19.676 15.7
      vertex 26.8916 -19.676 15.7
      vertex 27.12 -19.8287 15.7
    endloop
  endfacet
  facet normal 0 0 -1
    outer loop
      vertex -27.12 -19.8287 15.7
      vertex 27.12 -19.8287 15.7
      vertex 27.3664 -19.9501 15.7
    endloop
  endfacet
  facet normal 0 0 -1
    outer loop
      vertex -27.3664 -19.9501 15.7
      vertex 27.3664 -19.9501 15.7
      vertex 27.5132 -20 15.7
    endloop
  endfacet
  facet normal 0 0 -1
    outer loop
      vertex 26.2299 -18.8136 15.7
      vertex -26.2299 -18.8136 15.7
      vertex -26.2252 -18.8 15.7
    endloop
  endfacet
  facet normal 0 0 -1
    outer loop
      vertex 26.3513 -19.06 15.7
      vertex -26.3513 -19.06 15.7
      vertex -26.2299 -18.8136 15.7
    endloop
  endfacet
  facet normal 0 0 -1
    outer loop
      vertex 26.504 -19.2884 15.7
      vertex -26.504 -19.2884 15.7
      vertex -26.3513 -19.06 15.7
    endloop
  endfacet
  facet normal 0 0 -1
    outer loop
      vertex 26.6851 -19.4949 15.7
      vertex -26.6851 -19.4949 15.7
      vertex -26.504 -19.2884 15.7
    endloop
  endfacet
  facet normal 0 0 -1
    outer loop
      vertex 26.8916 -19.676 15.7
      vertex -26.8916 -19.676 15.7
      vertex -26.6851 -19.4949 15.7
    endloop
  endfacet
  facet normal 0 0 -1
    outer loop
      vertex 27.12 -19.8287 15.7
      vertex -27.12 -19.8287 15.7
      vertex -26.8916 -19.676 15.7
    endloop
  endfacet
  facet normal 0 0 -1
    outer loop
      vertex 27.3664 -19.9501 15.7
      vertex -27.3664 -19.9501 15.7
      vertex -27.12 -19.8287 15.7
    endloop
  endfacet
  facet normal 0 -0 -1
    outer loop
      vertex -27.3664 -19.9501 15.7
      vertex 27.5132 -20 15.7
      vertex -27.5132 -20 15.7
    endloop
  endfacet
  facet normal 0 0 -1
    outer loop
      vertex -26.2252 18.8 15.7
      vertex 26.2299 18.8136 15.7
      vertex 26.2252 18.8 15.7
    endloop
  endfacet
  facet normal 0 0 -1
    outer loop
      vertex -26.2299 18.8136 15.7
      vertex 26.2299 18.8136 15.7
      vertex -26.2252 18.8 15.7
    endloop
  endfacet
  facet normal 0 0 -1
    outer loop
      vertex 26.2299 18.8136 15.7
      vertex -26.2299 18.8136 15.7
      vertex 26.3513 19.06 15.7
    endloop
  endfacet
  facet normal 0 0 -1
    outer loop
      vertex -26.3513 19.06 15.7
      vertex 26.3513 19.06 15.7
      vertex -26.2299 18.8136 15.7
    endloop
  endfacet
  facet normal 0 0 -1
    outer loop
      vertex 26.3513 19.06 15.7
      vertex -26.3513 19.06 15.7
      vertex 26.504 19.2884 15.7
    endloop
  endfacet
  facet normal 0 0 -1
    outer loop
      vertex -26.504 19.2884 15.7
      vertex 26.504 19.2884 15.7
      vertex -26.3513 19.06 15.7
    endloop
  endfacet
  facet normal 0 0 -1
    outer loop
      vertex 26.504 19.2884 15.7
      vertex -26.504 19.2884 15.7
      vertex 26.6851 19.4949 15.7
    endloop
  endfacet
  facet normal 0 0 -1
    outer loop
      vertex -26.6851 19.4949 15.7
      vertex 26.6851 19.4949 15.7
      vertex -26.504 19.2884 15.7
    endloop
  endfacet
  facet normal 0 0 -1
    outer loop
      vertex 26.6851 19.4949 15.7
      vertex -26.6851 19.4949 15.7
      vertex 26.8916 19.676 15.7
    endloop
  endfacet
  facet normal 0 0 -1
    outer loop
      vertex -26.8916 19.676 15.7
      vertex 26.8916 19.676 15.7
      vertex -26.6851 19.4949 15.7
    endloop
  endfacet
  facet normal 0 0 -1
    outer loop
      vertex 26.8916 19.676 15.7
      vertex -26.8916 19.676 15.7
      vertex 27.12 19.8287 15.7
    endloop
  endfacet
  facet normal 0 0 -1
    outer loop
      vertex -27.12 19.8287 15.7
      vertex 27.12 19.8287 15.7
      vertex -26.8916 19.676 15.7
    endloop
  endfacet
  facet normal 0 0 -1
    outer loop
      vertex 27.12 19.8287 15.7
      vertex -27.12 19.8287 15.7
      vertex 27.3664 19.9501 15.7
    endloop
  endfacet
  facet normal 0 0 -1
    outer loop
      vertex -27.3664 19.9501 15.7
      vertex 27.3664 19.9501 15.7
      vertex -27.12 19.8287 15.7
    endloop
  endfacet
  facet normal 0 0 -1
    outer loop
      vertex 27.3664 19.9501 15.7
      vertex -27.3664 19.9501 15.7
      vertex 27.5132 20 15.7
    endloop
  endfacet
  facet normal -0 0 -1
    outer loop
      vertex 27.5132 20 15.7
      vertex -27.3664 19.9501 15.7
      vertex -27.5132 20 15.7
    endloop
  endfacet
  facet normal -0.997886 0.0649964 0
    outer loop
      vertex -31.56 19.2 15.7
      vertex -31.5532 19.3044 17.2
      vertex -31.5532 19.3044 15.7
    endloop
  endfacet
  facet normal -0.997886 0.0649964 0
    outer loop
      vertex -31.5532 19.3044 17.2
      vertex -31.56 19.2 15.7
      vertex -31.56 19.2 17.2
    endloop
  endfacet
  facet normal -0.831609 0.555362 0
    outer loop
      vertex -31.4528 19.6 15.7
      vertex -31.3947 19.687 17.2
      vertex -31.3947 19.687 15.7
    endloop
  endfacet
  facet normal -0.831609 0.555362 0
    outer loop
      vertex -31.3947 19.687 17.2
      vertex -31.4528 19.6 15.7
      vertex -31.4528 19.6 17.2
    endloop
  endfacet
  facet normal 0.321388 -0.946948 0
    outer loop
      vertex 30.9671 -19.9727 15.7
      vertex 31.0661 -19.9391 17.2
      vertex 30.9671 -19.9727 17.2
    endloop
  endfacet
  facet normal 0.321388 -0.946948 0
    outer loop
      vertex 31.0661 -19.9391 17.2
      vertex 30.9671 -19.9727 15.7
      vertex 31.0661 -19.9391 15.7
    endloop
  endfacet
  facet normal 0.195749 -0.980654 0
    outer loop
      vertex 30.8644 -19.9932 15.7
      vertex 30.9671 -19.9727 17.2
      vertex 30.8644 -19.9932 17.2
    endloop
  endfacet
  facet normal 0.195749 -0.980654 0
    outer loop
      vertex 30.9671 -19.9727 17.2
      vertex 30.8644 -19.9932 15.7
      vertex 30.9671 -19.9727 15.7
    endloop
  endfacet
  facet normal 0 1 -0
    outer loop
      vertex -30.1148 -18.8 15.7
      vertex -30.26 -18.8 17.2
      vertex -30.1148 -18.8 17.2
    endloop
  endfacet
  facet normal 0 1 0
    outer loop
      vertex -30.26 -18.8 17.2
      vertex -30.1148 -18.8 15.7
      vertex -30.26 -18.8 15.7
    endloop
  endfacet
  facet normal 0 1 -0
    outer loop
      vertex 30.26 -18.8 15.7
      vertex 30.1148 -18.8 17.2
      vertex 30.26 -18.8 17.2
    endloop
  endfacet
  facet normal 0 1 0
    outer loop
      vertex 30.1148 -18.8 17.2
      vertex 30.26 -18.8 15.7
      vertex 30.1148 -18.8 15.7
    endloop
  endfacet
  facet normal 0 1 -0
    outer loop
      vertex 26.2252 -18.8 15.7
      vertex -26.2252 -18.8 17.2
      vertex 26.2252 -18.8 17.2
    endloop
  endfacet
  facet normal 0 1 0
    outer loop
      vertex -26.2252 -18.8 17.2
      vertex 26.2252 -18.8 15.7
      vertex -26.2252 -18.8 15.7
    endloop
  endfacet
  facet normal -0.751626 -0.65959 0
    outer loop
      vertex 30.3393 18.7609 15.7
      vertex 30.3307 18.7707 17.2
      vertex 30.3307 18.7707 15.7
    endloop
  endfacet
  facet normal -0.751626 -0.65959 0
    outer loop
      vertex 30.3307 18.7707 17.2
      vertex 30.3393 18.7609 15.7
      vertex 30.3393 18.7609 17.2
    endloop
  endfacet
  facet normal 0.65959 -0.751626 0
    outer loop
      vertex -30.3307 18.7707 15.7
      vertex -30.3209 18.7793 17.2
      vertex -30.3307 18.7707 17.2
    endloop
  endfacet
  facet normal 0.65959 -0.751626 0
    outer loop
      vertex -30.3209 18.7793 17.2
      vertex -30.3307 18.7707 15.7
      vertex -30.3209 18.7793 15.7
    endloop
  endfacet
  facet normal 0 -1 0
    outer loop
      vertex -30.26 18.8 15.7
      vertex -30.1148 18.8 17.2
      vertex -30.26 18.8 17.2
    endloop
  endfacet
  facet normal 0 -1 -0
    outer loop
      vertex -30.1148 18.8 17.2
      vertex -30.26 18.8 15.7
      vertex -30.1148 18.8 15.7
    endloop
  endfacet
  facet normal 0 -1 0
    outer loop
      vertex 30.1148 18.8 15.7
      vertex 30.26 18.8 17.2
      vertex 30.1148 18.8 17.2
    endloop
  endfacet
  facet normal 0 -1 -0
    outer loop
      vertex 30.26 18.8 17.2
      vertex 30.1148 18.8 15.7
      vertex 30.26 18.8 15.7
    endloop
  endfacet
  facet normal 0 -1 0
    outer loop
      vertex -26.2252 18.8 15.7
      vertex 26.2252 18.8 17.2
      vertex -26.2252 18.8 17.2
    endloop
  endfacet
  facet normal 0 -1 -0
    outer loop
      vertex 26.2252 18.8 17.2
      vertex -26.2252 18.8 15.7
      vertex 26.2252 18.8 15.7
    endloop
  endfacet
  facet normal -1 0 0
    outer loop
      vertex 30.36 10.12 15.7
      vertex 30.36 18.7 17.2
      vertex 30.36 18.7 15.7
    endloop
  endfacet
  facet normal -1 -0 0
    outer loop
      vertex 30.36 18.7 17.2
      vertex 30.36 10.12 15.7
      vertex 30.36 10.12 17.2
    endloop
  endfacet
  facet normal -1 0 0
    outer loop
      vertex 30.36 -18.7 15.7
      vertex 30.36 5.12 17.2
      vertex 30.36 5.12 15.7
    endloop
  endfacet
  facet normal -1 -0 0
    outer loop
      vertex 30.36 5.12 17.2
      vertex 30.36 -18.7 15.7
      vertex 30.36 -18.7 17.2
    endloop
  endfacet
  facet normal -0.751626 0.65959 0
    outer loop
      vertex 30.3307 -18.7707 15.7
      vertex 30.3393 -18.7609 17.2
      vertex 30.3393 -18.7609 15.7
    endloop
  endfacet
  facet normal -0.751626 0.65959 0
    outer loop
      vertex 30.3393 -18.7609 17.2
      vertex 30.3307 -18.7707 15.7
      vertex 30.3307 -18.7707 17.2
    endloop
  endfacet
  facet normal -0.947145 0.320807 0
    outer loop
      vertex 30.3524 -18.7383 15.7
      vertex 30.3566 -18.7259 17.2
      vertex 30.3566 -18.7259 15.7
    endloop
  endfacet
  facet normal -0.947145 0.320807 0
    outer loop
      vertex 30.3566 -18.7259 17.2
      vertex 30.3524 -18.7383 15.7
      vertex 30.3524 -18.7383 17.2
    endloop
  endfacet
  facet normal 0.444148 0.895953 -0
    outer loop
      vertex -30.2983 -18.7924 15.7
      vertex -30.31 -18.7866 17.2
      vertex -30.2983 -18.7924 17.2
    endloop
  endfacet
  facet normal 0.444148 0.895953 0
    outer loop
      vertex -30.31 -18.7866 17.2
      vertex -30.2983 -18.7924 15.7
      vertex -30.31 -18.7866 15.7
    endloop
  endfacet
  facet normal 0.556458 0.830876 -0
    outer loop
      vertex -30.31 -18.7866 15.7
      vertex -30.3209 -18.7793 17.2
      vertex -30.31 -18.7866 17.2
    endloop
  endfacet
  facet normal 0.556458 0.830876 0
    outer loop
      vertex -30.3209 -18.7793 17.2
      vertex -30.31 -18.7866 15.7
      vertex -30.3209 -18.7793 15.7
    endloop
  endfacet
  facet normal -0.981455 0.191691 0
    outer loop
      vertex 30.3566 -18.7259 15.7
      vertex 30.3591 -18.7131 17.2
      vertex 30.3591 -18.7131 15.7
    endloop
  endfacet
  facet normal -0.981455 0.191691 0
    outer loop
      vertex 30.3591 -18.7131 17.2
      vertex 30.3566 -18.7259 15.7
      vertex 30.3566 -18.7259 17.2
    endloop
  endfacet
  facet normal 0.320807 0.947145 -0
    outer loop
      vertex -30.2859 -18.7966 15.7
      vertex -30.2983 -18.7924 17.2
      vertex -30.2859 -18.7966 17.2
    endloop
  endfacet
  facet normal 0.320807 0.947145 0
    outer loop
      vertex -30.2983 -18.7924 17.2
      vertex -30.2859 -18.7966 15.7
      vertex -30.2983 -18.7924 15.7
    endloop
  endfacet
  facet normal -0.895953 -0.444148 0
    outer loop
      vertex 30.3524 18.7383 15.7
      vertex 30.3466 18.75 17.2
      vertex 30.3466 18.75 15.7
    endloop
  endfacet
  facet normal -0.895953 -0.444148 0
    outer loop
      vertex 30.3466 18.75 17.2
      vertex 30.3524 18.7383 15.7
      vertex 30.3524 18.7383 17.2
    endloop
  endfacet
  facet normal -0.320807 0.947145 0
    outer loop
      vertex 30.2983 -18.7924 15.7
      vertex 30.2859 -18.7966 17.2
      vertex 30.2983 -18.7924 17.2
    endloop
  endfacet
  facet normal -0.320807 0.947145 0
    outer loop
      vertex 30.2859 -18.7966 17.2
      vertex 30.2983 -18.7924 15.7
      vertex 30.2859 -18.7966 15.7
    endloop
  endfacet
  facet normal -0.65959 0.751626 0
    outer loop
      vertex 30.3307 -18.7707 15.7
      vertex 30.3209 -18.7793 17.2
      vertex 30.3307 -18.7707 17.2
    endloop
  endfacet
  facet normal -0.65959 0.751626 0
    outer loop
      vertex 30.3209 -18.7793 17.2
      vertex 30.3307 -18.7707 15.7
      vertex 30.3209 -18.7793 15.7
    endloop
  endfacet
  facet normal 1 -0 0
    outer loop
      vertex -30.36 -18.7 17.2
      vertex -30.36 18.7 15.7
      vertex -30.36 18.7 17.2
    endloop
  endfacet
  facet normal 1 0 0
    outer loop
      vertex -30.36 18.7 15.7
      vertex -30.36 -18.7 17.2
      vertex -30.36 -18.7 15.7
    endloop
  endfacet
  facet normal 0.0685407 -0.997648 0
    outer loop
      vertex -30.2731 18.7991 15.7
      vertex -30.26 18.8 17.2
      vertex -30.2731 18.7991 17.2
    endloop
  endfacet
  facet normal 0.0685407 -0.997648 0
    outer loop
      vertex -30.26 18.8 17.2
      vertex -30.2731 18.7991 15.7
      vertex -30.26 18.8 15.7
    endloop
  endfacet
  facet normal -0.444148 -0.895953 0
    outer loop
      vertex 30.2983 18.7924 15.7
      vertex 30.31 18.7866 17.2
      vertex 30.2983 18.7924 17.2
    endloop
  endfacet
  facet normal -0.444148 -0.895953 -0
    outer loop
      vertex 30.31 18.7866 17.2
      vertex 30.2983 18.7924 15.7
      vertex 30.31 18.7866 15.7
    endloop
  endfacet
  facet normal 0.65959 0.751626 -0
    outer loop
      vertex -30.3209 -18.7793 15.7
      vertex -30.3307 -18.7707 17.2
      vertex -30.3209 -18.7793 17.2
    endloop
  endfacet
  facet normal 0.65959 0.751626 0
    outer loop
      vertex -30.3307 -18.7707 17.2
      vertex -30.3209 -18.7793 15.7
      vertex -30.3307 -18.7707 15.7
    endloop
  endfacet
  facet normal -0.191691 0.981455 0
    outer loop
      vertex 30.2859 -18.7966 15.7
      vertex 30.2731 -18.7991 17.2
      vertex 30.2859 -18.7966 17.2
    endloop
  endfacet
  facet normal -0.191691 0.981455 0
    outer loop
      vertex 30.2731 -18.7991 17.2
      vertex 30.2859 -18.7966 15.7
      vertex 30.2731 -18.7991 15.7
    endloop
  endfacet
  facet normal 0.191691 -0.981455 0
    outer loop
      vertex -30.2859 18.7966 15.7
      vertex -30.2731 18.7991 17.2
      vertex -30.2859 18.7966 17.2
    endloop
  endfacet
  facet normal 0.191691 -0.981455 0
    outer loop
      vertex -30.2731 18.7991 17.2
      vertex -30.2859 18.7966 15.7
      vertex -30.2731 18.7991 15.7
    endloop
  endfacet
  facet normal -0.556458 -0.830876 0
    outer loop
      vertex 30.31 18.7866 15.7
      vertex 30.3209 18.7793 17.2
      vertex 30.31 18.7866 17.2
    endloop
  endfacet
  facet normal -0.556458 -0.830876 -0
    outer loop
      vertex 30.3209 18.7793 17.2
      vertex 30.31 18.7866 15.7
      vertex 30.3209 18.7793 15.7
    endloop
  endfacet
  facet normal -0.556458 0.830876 0
    outer loop
      vertex 30.3209 -18.7793 15.7
      vertex 30.31 -18.7866 17.2
      vertex 30.3209 -18.7793 17.2
    endloop
  endfacet
  facet normal -0.556458 0.830876 0
    outer loop
      vertex 30.31 -18.7866 17.2
      vertex 30.3209 -18.7793 15.7
      vertex 30.31 -18.7866 15.7
    endloop
  endfacet
  facet normal -0.997648 0.0685407 0
    outer loop
      vertex 30.3591 -18.7131 15.7
      vertex 30.36 -18.7 17.2
      vertex 30.36 -18.7 15.7
    endloop
  endfacet
  facet normal -0.997648 0.0685407 0
    outer loop
      vertex 30.36 -18.7 17.2
      vertex 30.3591 -18.7131 15.7
      vertex 30.3591 -18.7131 17.2
    endloop
  endfacet
  facet normal 0.997648 -0.0685407 0
    outer loop
      vertex -30.36 18.7 17.2
      vertex -30.3591 18.7131 15.7
      vertex -30.3591 18.7131 17.2
    endloop
  endfacet
  facet normal 0.997648 -0.0685407 0
    outer loop
      vertex -30.3591 18.7131 15.7
      vertex -30.36 18.7 17.2
      vertex -30.36 18.7 15.7
    endloop
  endfacet
  facet normal 0.895953 -0.444148 0
    outer loop
      vertex -30.3524 18.7383 17.2
      vertex -30.3466 18.75 15.7
      vertex -30.3466 18.75 17.2
    endloop
  endfacet
  facet normal 0.895953 -0.444148 0
    outer loop
      vertex -30.3466 18.75 15.7
      vertex -30.3524 18.7383 17.2
      vertex -30.3524 18.7383 15.7
    endloop
  endfacet
  facet normal -0.444148 0.895953 0
    outer loop
      vertex 30.31 -18.7866 15.7
      vertex 30.2983 -18.7924 17.2
      vertex 30.31 -18.7866 17.2
    endloop
  endfacet
  facet normal -0.444148 0.895953 0
    outer loop
      vertex 30.2983 -18.7924 17.2
      vertex 30.31 -18.7866 15.7
      vertex 30.2983 -18.7924 15.7
    endloop
  endfacet
  facet normal -0.0685407 0.997648 0
    outer loop
      vertex 30.2731 -18.7991 15.7
      vertex 30.26 -18.8 17.2
      vertex 30.2731 -18.7991 17.2
    endloop
  endfacet
  facet normal -0.0685407 0.997648 0
    outer loop
      vertex 30.26 -18.8 17.2
      vertex 30.2731 -18.7991 15.7
      vertex 30.26 -18.8 15.7
    endloop
  endfacet
  facet normal -0.191691 -0.981455 0
    outer loop
      vertex 30.2731 18.7991 15.7
      vertex 30.2859 18.7966 17.2
      vertex 30.2731 18.7991 17.2
    endloop
  endfacet
  facet normal -0.191691 -0.981455 -0
    outer loop
      vertex 30.2859 18.7966 17.2
      vertex 30.2731 18.7991 15.7
      vertex 30.2859 18.7966 15.7
    endloop
  endfacet
  facet normal 0.444148 -0.895953 0
    outer loop
      vertex -30.31 18.7866 15.7
      vertex -30.2983 18.7924 17.2
      vertex -30.31 18.7866 17.2
    endloop
  endfacet
  facet normal 0.444148 -0.895953 0
    outer loop
      vertex -30.2983 18.7924 17.2
      vertex -30.31 18.7866 15.7
      vertex -30.2983 18.7924 15.7
    endloop
  endfacet
  facet normal 0.0685407 0.997648 -0
    outer loop
      vertex -30.26 -18.8 15.7
      vertex -30.2731 -18.7991 17.2
      vertex -30.26 -18.8 17.2
    endloop
  endfacet
  facet normal 0.0685407 0.997648 0
    outer loop
      vertex -30.2731 -18.7991 17.2
      vertex -30.26 -18.8 15.7
      vertex -30.2731 -18.7991 15.7
    endloop
  endfacet
  facet normal 0.320807 -0.947145 0
    outer loop
      vertex -30.2983 18.7924 15.7
      vertex -30.2859 18.7966 17.2
      vertex -30.2983 18.7924 17.2
    endloop
  endfacet
  facet normal 0.320807 -0.947145 0
    outer loop
      vertex -30.2859 18.7966 17.2
      vertex -30.2983 18.7924 15.7
      vertex -30.2859 18.7966 15.7
    endloop
  endfacet
  facet normal 0.895953 0.444148 0
    outer loop
      vertex -30.3466 -18.75 17.2
      vertex -30.3524 -18.7383 15.7
      vertex -30.3524 -18.7383 17.2
    endloop
  endfacet
  facet normal 0.895953 0.444148 0
    outer loop
      vertex -30.3524 -18.7383 15.7
      vertex -30.3466 -18.75 17.2
      vertex -30.3466 -18.75 15.7
    endloop
  endfacet
  facet normal 0.830876 -0.556458 0
    outer loop
      vertex -30.3466 18.75 17.2
      vertex -30.3393 18.7609 15.7
      vertex -30.3393 18.7609 17.2
    endloop
  endfacet
  facet normal 0.830876 -0.556458 0
    outer loop
      vertex -30.3393 18.7609 15.7
      vertex -30.3466 18.75 17.2
      vertex -30.3466 18.75 15.7
    endloop
  endfacet
  facet normal -0.981455 -0.191691 0
    outer loop
      vertex 30.3591 18.7131 15.7
      vertex 30.3566 18.7259 17.2
      vertex 30.3566 18.7259 15.7
    endloop
  endfacet
  facet normal -0.981455 -0.191691 0
    outer loop
      vertex 30.3566 18.7259 17.2
      vertex 30.3591 18.7131 15.7
      vertex 30.3591 18.7131 17.2
    endloop
  endfacet
  facet normal -0.320807 -0.947145 0
    outer loop
      vertex 30.2859 18.7966 15.7
      vertex 30.2983 18.7924 17.2
      vertex 30.2859 18.7966 17.2
    endloop
  endfacet
  facet normal -0.320807 -0.947145 -0
    outer loop
      vertex 30.2983 18.7924 17.2
      vertex 30.2859 18.7966 15.7
      vertex 30.2983 18.7924 15.7
    endloop
  endfacet
  facet normal -0.895953 0.444148 0
    outer loop
      vertex 30.3466 -18.75 15.7
      vertex 30.3524 -18.7383 17.2
      vertex 30.3524 -18.7383 15.7
    endloop
  endfacet
  facet normal -0.895953 0.444148 0
    outer loop
      vertex 30.3524 -18.7383 17.2
      vertex 30.3466 -18.75 15.7
      vertex 30.3466 -18.75 17.2
    endloop
  endfacet
  facet normal 0.947145 -0.320807 0
    outer loop
      vertex -30.3566 18.7259 17.2
      vertex -30.3524 18.7383 15.7
      vertex -30.3524 18.7383 17.2
    endloop
  endfacet
  facet normal 0.947145 -0.320807 0
    outer loop
      vertex -30.3524 18.7383 15.7
      vertex -30.3566 18.7259 17.2
      vertex -30.3566 18.7259 15.7
    endloop
  endfacet
  facet normal -0.830876 -0.556458 0
    outer loop
      vertex 30.3466 18.75 15.7
      vertex 30.3393 18.7609 17.2
      vertex 30.3393 18.7609 15.7
    endloop
  endfacet
  facet normal -0.830876 -0.556458 0
    outer loop
      vertex 30.3393 18.7609 17.2
      vertex 30.3466 18.75 15.7
      vertex 30.3466 18.75 17.2
    endloop
  endfacet
  facet normal -0.947145 -0.320807 0
    outer loop
      vertex 30.3566 18.7259 15.7
      vertex 30.3524 18.7383 17.2
      vertex 30.3524 18.7383 15.7
    endloop
  endfacet
  facet normal -0.947145 -0.320807 0
    outer loop
      vertex 30.3524 18.7383 17.2
      vertex 30.3566 18.7259 15.7
      vertex 30.3566 18.7259 17.2
    endloop
  endfacet
  facet normal 0.981455 0.191691 0
    outer loop
      vertex -30.3566 -18.7259 17.2
      vertex -30.3591 -18.7131 15.7
      vertex -30.3591 -18.7131 17.2
    endloop
  endfacet
  facet normal 0.981455 0.191691 0
    outer loop
      vertex -30.3591 -18.7131 15.7
      vertex -30.3566 -18.7259 17.2
      vertex -30.3566 -18.7259 15.7
    endloop
  endfacet
  facet normal 0.556458 -0.830876 0
    outer loop
      vertex -30.3209 18.7793 15.7
      vertex -30.31 18.7866 17.2
      vertex -30.3209 18.7793 17.2
    endloop
  endfacet
  facet normal 0.556458 -0.830876 0
    outer loop
      vertex -30.31 18.7866 17.2
      vertex -30.3209 18.7793 15.7
      vertex -30.31 18.7866 15.7
    endloop
  endfacet
  facet normal 0.191691 0.981455 -0
    outer loop
      vertex -30.2731 -18.7991 15.7
      vertex -30.2859 -18.7966 17.2
      vertex -30.2731 -18.7991 17.2
    endloop
  endfacet
  facet normal 0.191691 0.981455 0
    outer loop
      vertex -30.2859 -18.7966 17.2
      vertex -30.2731 -18.7991 15.7
      vertex -30.2859 -18.7966 15.7
    endloop
  endfacet
  facet normal 0.830876 0.556458 0
    outer loop
      vertex -30.3393 -18.7609 17.2
      vertex -30.3466 -18.75 15.7
      vertex -30.3466 -18.75 17.2
    endloop
  endfacet
  facet normal 0.830876 0.556458 0
    outer loop
      vertex -30.3466 -18.75 15.7
      vertex -30.3393 -18.7609 17.2
      vertex -30.3393 -18.7609 15.7
    endloop
  endfacet
  facet normal -0.65959 -0.751626 0
    outer loop
      vertex 30.3209 18.7793 15.7
      vertex 30.3307 18.7707 17.2
      vertex 30.3209 18.7793 17.2
    endloop
  endfacet
  facet normal -0.65959 -0.751626 -0
    outer loop
      vertex 30.3307 18.7707 17.2
      vertex 30.3209 18.7793 15.7
      vertex 30.3307 18.7707 15.7
    endloop
  endfacet
  facet normal -0.830876 0.556458 0
    outer loop
      vertex 30.3393 -18.7609 15.7
      vertex 30.3466 -18.75 17.2
      vertex 30.3466 -18.75 15.7
    endloop
  endfacet
  facet normal -0.830876 0.556458 0
    outer loop
      vertex 30.3466 -18.75 17.2
      vertex 30.3393 -18.7609 15.7
      vertex 30.3393 -18.7609 17.2
    endloop
  endfacet
  facet normal 0.751626 -0.65959 0
    outer loop
      vertex -30.3393 18.7609 17.2
      vertex -30.3307 18.7707 15.7
      vertex -30.3307 18.7707 17.2
    endloop
  endfacet
  facet normal 0.751626 -0.65959 0
    outer loop
      vertex -30.3307 18.7707 15.7
      vertex -30.3393 18.7609 17.2
      vertex -30.3393 18.7609 15.7
    endloop
  endfacet
  facet normal -0.997648 -0.0685407 0
    outer loop
      vertex 30.36 18.7 15.7
      vertex 30.3591 18.7131 17.2
      vertex 30.3591 18.7131 15.7
    endloop
  endfacet
  facet normal -0.997648 -0.0685407 0
    outer loop
      vertex 30.3591 18.7131 17.2
      vertex 30.36 18.7 15.7
      vertex 30.36 18.7 17.2
    endloop
  endfacet
  facet normal 0.981455 -0.191691 0
    outer loop
      vertex -30.3591 18.7131 17.2
      vertex -30.3566 18.7259 15.7
      vertex -30.3566 18.7259 17.2
    endloop
  endfacet
  facet normal 0.981455 -0.191691 0
    outer loop
      vertex -30.3566 18.7259 15.7
      vertex -30.3591 18.7131 17.2
      vertex -30.3591 18.7131 15.7
    endloop
  endfacet
  facet normal -0.0685407 -0.997648 0
    outer loop
      vertex 30.26 18.8 15.7
      vertex 30.2731 18.7991 17.2
      vertex 30.26 18.8 17.2
    endloop
  endfacet
  facet normal -0.0685407 -0.997648 -0
    outer loop
      vertex 30.2731 18.7991 17.2
      vertex 30.26 18.8 15.7
      vertex 30.2731 18.7991 15.7
    endloop
  endfacet
  facet normal 0.997648 0.0685407 0
    outer loop
      vertex -30.3591 -18.7131 17.2
      vertex -30.36 -18.7 15.7
      vertex -30.36 -18.7 17.2
    endloop
  endfacet
  facet normal 0.997648 0.0685407 0
    outer loop
      vertex -30.36 -18.7 15.7
      vertex -30.3591 -18.7131 17.2
      vertex -30.3591 -18.7131 15.7
    endloop
  endfacet
  facet normal 0.947145 0.320807 0
    outer loop
      vertex -30.3524 -18.7383 17.2
      vertex -30.3566 -18.7259 15.7
      vertex -30.3566 -18.7259 17.2
    endloop
  endfacet
  facet normal 0.947145 0.320807 0
    outer loop
      vertex -30.3566 -18.7259 15.7
      vertex -30.3524 -18.7383 17.2
      vertex -30.3524 -18.7383 15.7
    endloop
  endfacet
  facet normal 0.751626 0.65959 0
    outer loop
      vertex -30.3307 -18.7707 17.2
      vertex -30.3393 -18.7609 15.7
      vertex -30.3393 -18.7609 17.2
    endloop
  endfacet
  facet normal 0.751626 0.65959 0
    outer loop
      vertex -30.3393 -18.7609 15.7
      vertex -30.3307 -18.7707 17.2
      vertex -30.3307 -18.7707 15.7
    endloop
  endfacet
  facet normal 0.980776 0.195136 0
    outer loop
      vertex -26.088 -17.7359 17.2
      vertex -26.1416 -17.4665 1.6
      vertex -26.1416 -17.4665 17.2
    endloop
  endfacet
  facet normal 0.980776 0.195136 0
    outer loop
      vertex -26.1416 -17.4665 1.6
      vertex -26.088 -17.7359 17.2
      vertex -26.088 -17.7359 1.6
    endloop
  endfacet
  facet normal 0.997851 0.0655283 0
    outer loop
      vertex -26.07 -18.01 17.2
      vertex -26.088 -17.7359 1.6
      vertex -26.088 -17.7359 17.2
    endloop
  endfacet
  facet normal 0.997851 0.0655283 0
    outer loop
      vertex -26.088 -17.7359 1.6
      vertex -26.07 -18.01 17.2
      vertex -26.07 -18.01 1.6
    endloop
  endfacet
  facet normal 0.555792 -0.831322 0
    outer loop
      vertex -27.12 -19.8287 1.6
      vertex -26.8916 -19.676 15.7
      vertex -27.12 -19.8287 15.7
    endloop
  endfacet
  facet normal 0.555792 -0.831322 0
    outer loop
      vertex -26.8916 -19.676 15.7
      vertex -27.12 -19.8287 1.6
      vertex -26.8916 -19.676 1.6
    endloop
  endfacet
  facet normal 0.980776 -0.195136 0
    outer loop
      vertex -26.1416 -18.5535 17.2
      vertex -26.088 -18.2841 1.6
      vertex -26.088 -18.2841 17.2
    endloop
  endfacet
  facet normal 0.980776 -0.195136 0
    outer loop
      vertex -26.088 -18.2841 1.6
      vertex -26.1416 -18.5535 17.2
      vertex -26.1416 -18.5535 1.6
    endloop
  endfacet
  facet normal 0.321465 0.946921 -0
    outer loop
      vertex -27.3664 -16.0699 1.6
      vertex -27.6265 -15.9816 17.2
      vertex -27.3664 -16.0699 17.2
    endloop
  endfacet
  facet normal 0.321465 0.946921 0
    outer loop
      vertex -27.6265 -15.9816 17.2
      vertex -27.3664 -16.0699 1.6
      vertex -27.6265 -15.9816 1.6
    endloop
  endfacet
  facet normal -0.195136 -0.980776 0
    outer loop
      vertex -28.7135 -20.0384 1.6
      vertex -28.4441 -20.092 17.2
      vertex -28.7135 -20.0384 17.2
    endloop
  endfacet
  facet normal -0.195136 -0.980776 -0
    outer loop
      vertex -28.4441 -20.092 17.2
      vertex -28.7135 -20.0384 1.6
      vertex -28.4441 -20.092 1.6
    endloop
  endfacet
  facet normal 0.0655283 -0.997851 0
    outer loop
      vertex -28.17 -20.11 1.6
      vertex -27.8959 -20.092 17.2
      vertex -28.17 -20.11 17.2
    endloop
  endfacet
  facet normal 0.0655283 -0.997851 0
    outer loop
      vertex -27.8959 -20.092 17.2
      vertex -28.17 -20.11 1.6
      vertex -27.8959 -20.092 1.6
    endloop
  endfacet
  facet normal 0 0 -1
    outer loop
      vertex -27.32 -18.01 1.6
      vertex -26.07 -18.01 1.6
      vertex -26.088 -18.2841 1.6
    endloop
  endfacet
  facet normal 0 0 -1
    outer loop
      vertex -27.3273 -18.1209 1.6
      vertex -26.088 -18.2841 1.6
      vertex -26.1416 -18.5535 1.6
    endloop
  endfacet
  facet normal 0 0 -1
    outer loop
      vertex -26.07 -18.01 1.6
      vertex -27.32 -18.01 1.6
      vertex -26.088 -17.7359 1.6
    endloop
  endfacet
  facet normal 0 0 -1
    outer loop
      vertex -27.349 -18.23 1.6
      vertex -26.1416 -18.5535 1.6
      vertex -26.2299 -18.8136 1.6
    endloop
  endfacet
  facet normal 0 0 -1
    outer loop
      vertex -27.3273 -17.8991 1.6
      vertex -26.088 -17.7359 1.6
      vertex -27.32 -18.01 1.6
    endloop
  endfacet
  facet normal 0 0 -1
    outer loop
      vertex -27.3847 -18.3353 1.6
      vertex -26.2299 -18.8136 1.6
      vertex -26.3513 -19.06 1.6
    endloop
  endfacet
  facet normal -0 0 -1
    outer loop
      vertex -26.088 -17.7359 1.6
      vertex -27.3273 -17.8991 1.6
      vertex -26.1416 -17.4665 1.6
    endloop
  endfacet
  facet normal 0 0 -1
    outer loop
      vertex -27.4339 -18.435 1.6
      vertex -26.3513 -19.06 1.6
      vertex -26.504 -19.2884 1.6
    endloop
  endfacet
  facet normal 0 0 -1
    outer loop
      vertex -27.349 -17.79 1.6
      vertex -26.1416 -17.4665 1.6
      vertex -27.3273 -17.8991 1.6
    endloop
  endfacet
  facet normal 0 0 -1
    outer loop
      vertex -27.4956 -18.5274 1.6
      vertex -26.504 -19.2884 1.6
      vertex -26.6851 -19.4949 1.6
    endloop
  endfacet
  facet normal -0 0 -1
    outer loop
      vertex -26.1416 -17.4665 1.6
      vertex -27.349 -17.79 1.6
      vertex -26.2299 -17.2064 1.6
    endloop
  endfacet
  facet normal 0 0 -1
    outer loop
      vertex -27.569 -18.611 1.6
      vertex -26.6851 -19.4949 1.6
      vertex -26.8916 -19.676 1.6
    endloop
  endfacet
  facet normal 0 0 -1
    outer loop
      vertex -27.3847 -17.6847 1.6
      vertex -26.2299 -17.2064 1.6
      vertex -27.349 -17.79 1.6
    endloop
  endfacet
  facet normal 0 0 -1
    outer loop
      vertex -27.6526 -18.6843 1.6
      vertex -26.8916 -19.676 1.6
      vertex -27.12 -19.8287 1.6
    endloop
  endfacet
  facet normal -0 0 -1
    outer loop
      vertex -26.2299 -17.2064 1.6
      vertex -27.3847 -17.6847 1.6
      vertex -26.3513 -16.96 1.6
    endloop
  endfacet
  facet normal 0 0 -1
    outer loop
      vertex -27.4339 -17.585 1.6
      vertex -26.3513 -16.96 1.6
      vertex -27.3847 -17.6847 1.6
    endloop
  endfacet
  facet normal 0 0 -1
    outer loop
      vertex -26.088 -18.2841 1.6
      vertex -27.3273 -18.1209 1.6
      vertex -27.32 -18.01 1.6
    endloop
  endfacet
  facet normal 0 0 -1
    outer loop
      vertex -26.1416 -18.5535 1.6
      vertex -27.349 -18.23 1.6
      vertex -27.3273 -18.1209 1.6
    endloop
  endfacet
  facet normal 0 0 -1
    outer loop
      vertex -27.745 -18.7461 1.6
      vertex -27.12 -19.8287 1.6
      vertex -27.3664 -19.9501 1.6
    endloop
  endfacet
  facet normal 0 0 -1
    outer loop
      vertex -26.2299 -18.8136 1.6
      vertex -27.3847 -18.3353 1.6
      vertex -27.349 -18.23 1.6
    endloop
  endfacet
  facet normal 0 0 -1
    outer loop
      vertex -26.3513 -19.06 1.6
      vertex -27.4339 -18.435 1.6
      vertex -27.3847 -18.3353 1.6
    endloop
  endfacet
  facet normal 0 0 -1
    outer loop
      vertex -26.504 -19.2884 1.6
      vertex -27.4956 -18.5274 1.6
      vertex -27.4339 -18.435 1.6
    endloop
  endfacet
  facet normal 0 0 -1
    outer loop
      vertex -26.6851 -19.4949 1.6
      vertex -27.569 -18.611 1.6
      vertex -27.4956 -18.5274 1.6
    endloop
  endfacet
  facet normal 0 0 -1
    outer loop
      vertex -27.8447 -18.7953 1.6
      vertex -27.3664 -19.9501 1.6
      vertex -27.6265 -20.0384 1.6
    endloop
  endfacet
  facet normal 0 0 -1
    outer loop
      vertex -26.8916 -19.676 1.6
      vertex -27.6526 -18.6843 1.6
      vertex -27.569 -18.611 1.6
    endloop
  endfacet
  facet normal 0 0 -1
    outer loop
      vertex -27.12 -19.8287 1.6
      vertex -27.745 -18.7461 1.6
      vertex -27.6526 -18.6843 1.6
    endloop
  endfacet
  facet normal 0 0 -1
    outer loop
      vertex -27.3664 -19.9501 1.6
      vertex -27.8447 -18.7953 1.6
      vertex -27.745 -18.7461 1.6
    endloop
  endfacet
  facet normal 0 0 -1
    outer loop
      vertex -27.95 -18.831 1.6
      vertex -27.6265 -20.0384 1.6
      vertex -27.8959 -20.092 1.6
    endloop
  endfacet
  facet normal 0 0 -1
    outer loop
      vertex -27.6265 -20.0384 1.6
      vertex -27.95 -18.831 1.6
      vertex -27.8447 -18.7953 1.6
    endloop
  endfacet
  facet normal 0 0 -1
    outer loop
      vertex -27.8959 -20.092 1.6
      vertex -28.0591 -18.8527 1.6
      vertex -27.95 -18.831 1.6
    endloop
  endfacet
  facet normal 0 0 -1
    outer loop
      vertex -28.17 -20.11 1.6
      vertex -28.0591 -18.8527 1.6
      vertex -27.8959 -20.092 1.6
    endloop
  endfacet
  facet normal 0 0 -1
    outer loop
      vertex -28.17 -20.11 1.6
      vertex -28.17 -18.86 1.6
      vertex -28.0591 -18.8527 1.6
    endloop
  endfacet
  facet normal 0 0 -1
    outer loop
      vertex -28.17 -20.11 1.6
      vertex -28.2809 -18.8527 1.6
      vertex -28.17 -18.86 1.6
    endloop
  endfacet
  facet normal 0 0 -1
    outer loop
      vertex -28.4441 -20.092 1.6
      vertex -28.2809 -18.8527 1.6
      vertex -28.17 -20.11 1.6
    endloop
  endfacet
  facet normal -0 0 -1
    outer loop
      vertex -28.2809 -18.8527 1.6
      vertex -28.4441 -20.092 1.6
      vertex -28.39 -18.831 1.6
    endloop
  endfacet
  facet normal 0 0 -1
    outer loop
      vertex -28.7135 -20.0384 1.6
      vertex -28.39 -18.831 1.6
      vertex -28.4441 -20.092 1.6
    endloop
  endfacet
  facet normal -0 0 -1
    outer loop
      vertex -28.39 -18.831 1.6
      vertex -28.7135 -20.0384 1.6
      vertex -28.4953 -18.7953 1.6
    endloop
  endfacet
  facet normal 0 0 -1
    outer loop
      vertex -28.9736 -19.9501 1.6
      vertex -28.4953 -18.7953 1.6
      vertex -28.7135 -20.0384 1.6
    endloop
  endfacet
  facet normal -0 0 -1
    outer loop
      vertex -28.4953 -18.7953 1.6
      vertex -28.9736 -19.9501 1.6
      vertex -28.595 -18.7461 1.6
    endloop
  endfacet
  facet normal 0 0 -1
    outer loop
      vertex -29.22 -19.8287 1.6
      vertex -28.595 -18.7461 1.6
      vertex -28.9736 -19.9501 1.6
    endloop
  endfacet
  facet normal -0 0 -1
    outer loop
      vertex -28.595 -18.7461 1.6
      vertex -29.22 -19.8287 1.6
      vertex -28.6874 -18.6843 1.6
    endloop
  endfacet
  facet normal 0 0 -1
    outer loop
      vertex -29.4484 -19.676 1.6
      vertex -28.6874 -18.6843 1.6
      vertex -29.22 -19.8287 1.6
    endloop
  endfacet
  facet normal -0 0 -1
    outer loop
      vertex -28.6874 -18.6843 1.6
      vertex -29.4484 -19.676 1.6
      vertex -28.771 -18.611 1.6
    endloop
  endfacet
  facet normal 0 0 -1
    outer loop
      vertex -29.6549 -19.4949 1.6
      vertex -28.771 -18.611 1.6
      vertex -29.4484 -19.676 1.6
    endloop
  endfacet
  facet normal -0 0 -1
    outer loop
      vertex -28.771 -18.611 1.6
      vertex -29.6549 -19.4949 1.6
      vertex -28.8443 -18.5274 1.6
    endloop
  endfacet
  facet normal 0 0 -1
    outer loop
      vertex -29.836 -19.2884 1.6
      vertex -28.8443 -18.5274 1.6
      vertex -29.6549 -19.4949 1.6
    endloop
  endfacet
  facet normal -0 0 -1
    outer loop
      vertex -28.8443 -18.5274 1.6
      vertex -29.836 -19.2884 1.6
      vertex -28.9061 -18.435 1.6
    endloop
  endfacet
  facet normal 0 0 -1
    outer loop
      vertex -29.9887 -19.06 1.6
      vertex -28.9061 -18.435 1.6
      vertex -29.836 -19.2884 1.6
    endloop
  endfacet
  facet normal -0 0 -1
    outer loop
      vertex -26.3513 -16.96 1.6
      vertex -27.4339 -17.585 1.6
      vertex -26.504 -16.7316 1.6
    endloop
  endfacet
  facet normal 0 0 -1
    outer loop
      vertex -27.4956 -17.4926 1.6
      vertex -26.504 -16.7316 1.6
      vertex -27.4339 -17.585 1.6
    endloop
  endfacet
  facet normal -0 0 -1
    outer loop
      vertex -26.504 -16.7316 1.6
      vertex -27.4956 -17.4926 1.6
      vertex -26.6851 -16.5251 1.6
    endloop
  endfacet
  facet normal 0 0 -1
    outer loop
      vertex -27.569 -17.409 1.6
      vertex -26.6851 -16.5251 1.6
      vertex -27.4956 -17.4926 1.6
    endloop
  endfacet
  facet normal -0 0 -1
    outer loop
      vertex -26.6851 -16.5251 1.6
      vertex -27.569 -17.409 1.6
      vertex -26.8916 -16.344 1.6
    endloop
  endfacet
  facet normal 0 0 -1
    outer loop
      vertex -27.6526 -17.3356 1.6
      vertex -26.8916 -16.344 1.6
      vertex -27.569 -17.409 1.6
    endloop
  endfacet
  facet normal -0 0 -1
    outer loop
      vertex -26.8916 -16.344 1.6
      vertex -27.6526 -17.3356 1.6
      vertex -27.12 -16.1913 1.6
    endloop
  endfacet
  facet normal 0 0 -1
    outer loop
      vertex -27.745 -17.2739 1.6
      vertex -27.12 -16.1913 1.6
      vertex -27.6526 -17.3356 1.6
    endloop
  endfacet
  facet normal -0 0 -1
    outer loop
      vertex -27.12 -16.1913 1.6
      vertex -27.745 -17.2739 1.6
      vertex -27.3664 -16.0699 1.6
    endloop
  endfacet
  facet normal 0 0 -1
    outer loop
      vertex -27.8447 -17.2247 1.6
      vertex -27.3664 -16.0699 1.6
      vertex -27.745 -17.2739 1.6
    endloop
  endfacet
  facet normal -0 0 -1
    outer loop
      vertex -27.3664 -16.0699 1.6
      vertex -27.8447 -17.2247 1.6
      vertex -27.6265 -15.9816 1.6
    endloop
  endfacet
  facet normal 0 0 -1
    outer loop
      vertex -27.95 -17.189 1.6
      vertex -27.6265 -15.9816 1.6
      vertex -27.8447 -17.2247 1.6
    endloop
  endfacet
  facet normal -0 0 -1
    outer loop
      vertex -27.6265 -15.9816 1.6
      vertex -27.95 -17.189 1.6
      vertex -27.8959 -15.928 1.6
    endloop
  endfacet
  facet normal 0 0 -1
    outer loop
      vertex -28.0591 -17.1673 1.6
      vertex -27.8959 -15.928 1.6
      vertex -27.95 -17.189 1.6
    endloop
  endfacet
  facet normal 0 0 -1
    outer loop
      vertex -28.0591 -17.1673 1.6
      vertex -28.17 -15.91 1.6
      vertex -27.8959 -15.928 1.6
    endloop
  endfacet
  facet normal 0 0 -1
    outer loop
      vertex -28.17 -17.16 1.6
      vertex -28.17 -15.91 1.6
      vertex -28.0591 -17.1673 1.6
    endloop
  endfacet
  facet normal 0 0 -1
    outer loop
      vertex -28.2809 -17.1673 1.6
      vertex -28.17 -15.91 1.6
      vertex -28.17 -17.16 1.6
    endloop
  endfacet
  facet normal 0 0 -1
    outer loop
      vertex -28.4441 -15.928 1.6
      vertex -28.2809 -17.1673 1.6
      vertex -28.39 -17.189 1.6
    endloop
  endfacet
  facet normal 0 0 -1
    outer loop
      vertex -28.2809 -17.1673 1.6
      vertex -28.4441 -15.928 1.6
      vertex -28.17 -15.91 1.6
    endloop
  endfacet
  facet normal 0 0 -1
    outer loop
      vertex -28.7135 -15.9816 1.6
      vertex -28.39 -17.189 1.6
      vertex -28.4953 -17.2247 1.6
    endloop
  endfacet
  facet normal 0 0 -1
    outer loop
      vertex -28.9736 -16.0699 1.6
      vertex -28.4953 -17.2247 1.6
      vertex -28.595 -17.2739 1.6
    endloop
  endfacet
  facet normal 0 0 -1
    outer loop
      vertex -29.22 -16.1913 1.6
      vertex -28.595 -17.2739 1.6
      vertex -28.6874 -17.3356 1.6
    endloop
  endfacet
  facet normal 0 0 -1
    outer loop
      vertex -28.39 -17.189 1.6
      vertex -28.7135 -15.9816 1.6
      vertex -28.4441 -15.928 1.6
    endloop
  endfacet
  facet normal 0 0 -1
    outer loop
      vertex -29.4484 -16.344 1.6
      vertex -28.6874 -17.3356 1.6
      vertex -28.771 -17.409 1.6
    endloop
  endfacet
  facet normal 0 0 -1
    outer loop
      vertex -29.6549 -16.5251 1.6
      vertex -28.771 -17.409 1.6
      vertex -28.8443 -17.4926 1.6
    endloop
  endfacet
  facet normal 0 0 -1
    outer loop
      vertex -29.836 -16.7316 1.6
      vertex -28.8443 -17.4926 1.6
      vertex -28.9061 -17.585 1.6
    endloop
  endfacet
  facet normal 0 0 -1
    outer loop
      vertex -29.9887 -16.96 1.6
      vertex -28.9061 -17.585 1.6
      vertex -28.9553 -17.6847 1.6
    endloop
  endfacet
  facet normal 0 0 -1
    outer loop
      vertex -28.4953 -17.2247 1.6
      vertex -28.9736 -16.0699 1.6
      vertex -28.7135 -15.9816 1.6
    endloop
  endfacet
  facet normal 0 0 -1
    outer loop
      vertex -30.1101 -17.2064 1.6
      vertex -28.9553 -17.6847 1.6
      vertex -28.991 -17.79 1.6
    endloop
  endfacet
  facet normal 0 0 -1
    outer loop
      vertex -30.1984 -17.4665 1.6
      vertex -28.991 -17.79 1.6
      vertex -29.0127 -17.8991 1.6
    endloop
  endfacet
  facet normal 0 0 -1
    outer loop
      vertex -30.252 -17.7359 1.6
      vertex -29.0127 -17.8991 1.6
      vertex -29.02 -18.01 1.6
    endloop
  endfacet
  facet normal -0 0 -1
    outer loop
      vertex -28.9061 -18.435 1.6
      vertex -29.9887 -19.06 1.6
      vertex -28.9553 -18.3353 1.6
    endloop
  endfacet
  facet normal 0 0 -1
    outer loop
      vertex -28.595 -17.2739 1.6
      vertex -29.22 -16.1913 1.6
      vertex -28.9736 -16.0699 1.6
    endloop
  endfacet
  facet normal 0 0 -1
    outer loop
      vertex -30.1101 -18.8136 1.6
      vertex -28.9553 -18.3353 1.6
      vertex -29.9887 -19.06 1.6
    endloop
  endfacet
  facet normal 0 0 -1
    outer loop
      vertex -28.6874 -17.3356 1.6
      vertex -29.4484 -16.344 1.6
      vertex -29.22 -16.1913 1.6
    endloop
  endfacet
  facet normal -0 0 -1
    outer loop
      vertex -28.9553 -18.3353 1.6
      vertex -30.1101 -18.8136 1.6
      vertex -28.991 -18.23 1.6
    endloop
  endfacet
  facet normal 0 0 -1
    outer loop
      vertex -28.771 -17.409 1.6
      vertex -29.6549 -16.5251 1.6
      vertex -29.4484 -16.344 1.6
    endloop
  endfacet
  facet normal 0 0 -1
    outer loop
      vertex -30.1984 -18.5535 1.6
      vertex -28.991 -18.23 1.6
      vertex -30.1101 -18.8136 1.6
    endloop
  endfacet
  facet normal 0 0 -1
    outer loop
      vertex -28.8443 -17.4926 1.6
      vertex -29.836 -16.7316 1.6
      vertex -29.6549 -16.5251 1.6
    endloop
  endfacet
  facet normal -0 0 -1
    outer loop
      vertex -28.991 -18.23 1.6
      vertex -30.1984 -18.5535 1.6
      vertex -29.0127 -18.1209 1.6
    endloop
  endfacet
  facet normal 0 0 -1
    outer loop
      vertex -28.9061 -17.585 1.6
      vertex -29.9887 -16.96 1.6
      vertex -29.836 -16.7316 1.6
    endloop
  endfacet
  facet normal 0 0 -1
    outer loop
      vertex -30.252 -18.2841 1.6
      vertex -29.0127 -18.1209 1.6
      vertex -30.1984 -18.5535 1.6
    endloop
  endfacet
  facet normal 0 0 -1
    outer loop
      vertex -28.9553 -17.6847 1.6
      vertex -30.1101 -17.2064 1.6
      vertex -29.9887 -16.96 1.6
    endloop
  endfacet
  facet normal -0 0 -1
    outer loop
      vertex -29.0127 -18.1209 1.6
      vertex -30.252 -18.2841 1.6
      vertex -29.02 -18.01 1.6
    endloop
  endfacet
  facet normal 0 0 -1
    outer loop
      vertex -28.991 -17.79 1.6
      vertex -30.1984 -17.4665 1.6
      vertex -30.1101 -17.2064 1.6
    endloop
  endfacet
  facet normal 0 0 -1
    outer loop
      vertex -30.27 -18.01 1.6
      vertex -29.02 -18.01 1.6
      vertex -30.252 -18.2841 1.6
    endloop
  endfacet
  facet normal 0 0 -1
    outer loop
      vertex -29.0127 -17.8991 1.6
      vertex -30.252 -17.7359 1.6
      vertex -30.1984 -17.4665 1.6
    endloop
  endfacet
  facet normal 0 0 -1
    outer loop
      vertex -29.02 -18.01 1.6
      vertex -30.27 -18.01 1.6
      vertex -30.252 -17.7359 1.6
    endloop
  endfacet
  facet normal -0.980776 -0.195136 0
    outer loop
      vertex -30.1984 -18.5535 1.6
      vertex -30.252 -18.2841 17.2
      vertex -30.252 -18.2841 1.6
    endloop
  endfacet
  facet normal -0.980776 -0.195136 0
    outer loop
      vertex -30.252 -18.2841 17.2
      vertex -30.1984 -18.5535 1.6
      vertex -30.1984 -18.5535 17.2
    endloop
  endfacet
  facet normal 0.659355 -0.751832 0
    outer loop
      vertex -26.8916 -19.676 1.6
      vertex -26.6851 -19.4949 15.7
      vertex -26.8916 -19.676 15.7
    endloop
  endfacet
  facet normal 0.659355 -0.751832 0
    outer loop
      vertex -26.6851 -19.4949 15.7
      vertex -26.8916 -19.676 1.6
      vertex -26.6851 -19.4949 1.6
    endloop
  endfacet
  facet normal 0 0 -1
    outer loop
      vertex 33.7343 -19.5916 17.2
      vertex 31.5532 -19.3044 17.2
      vertex 31.56 -19.2 17.2
    endloop
  endfacet
  facet normal 0 0 -1
    outer loop
      vertex 31.0661 -19.9391 17.2
      vertex 31.9081 -21.9716 17.2
      vertex 31.5365 -22.0978 17.2
    endloop
  endfacet
  facet normal 0 0 -1
    outer loop
      vertex 32.26 -21.7981 17.2
      vertex 31.5327 -19.4071 17.2
      vertex 31.5532 -19.3044 17.2
    endloop
  endfacet
  facet normal 0 0 -1
    outer loop
      vertex 32.26 -21.7981 17.2
      vertex 31.4991 -19.5061 17.2
      vertex 31.5327 -19.4071 17.2
    endloop
  endfacet
  facet normal 0 0 -1
    outer loop
      vertex 32.26 -21.7981 17.2
      vertex 31.4528 -19.6 17.2
      vertex 31.4991 -19.5061 17.2
    endloop
  endfacet
  facet normal 0 0 -1
    outer loop
      vertex 32.26 -21.7981 17.2
      vertex 31.3947 -19.687 17.2
      vertex 31.4528 -19.6 17.2
    endloop
  endfacet
  facet normal 0 0 -1
    outer loop
      vertex 32.26 -21.7981 17.2
      vertex 31.3257 -19.7657 17.2
      vertex 31.3947 -19.687 17.2
    endloop
  endfacet
  facet normal 0 0 -1
    outer loop
      vertex 32.26 -21.7981 17.2
      vertex 31.247 -19.8347 17.2
      vertex 31.3257 -19.7657 17.2
    endloop
  endfacet
  facet normal 0 0 -1
    outer loop
      vertex 32.26 -21.7981 17.2
      vertex 31.16 -19.8928 17.2
      vertex 31.247 -19.8347 17.2
    endloop
  endfacet
  facet normal 0 0 -1
    outer loop
      vertex 30.9671 -19.9727 17.2
      vertex 31.5365 -22.0978 17.2
      vertex 31.1516 -22.1743 17.2
    endloop
  endfacet
  facet normal 0 0 -1
    outer loop
      vertex 31.9081 -21.9716 17.2
      vertex 31.0661 -19.9391 17.2
      vertex 31.16 -19.8928 17.2
    endloop
  endfacet
  facet normal 0 0 -1
    outer loop
      vertex 31.5365 -22.0978 17.2
      vertex 30.9671 -19.9727 17.2
      vertex 31.0661 -19.9391 17.2
    endloop
  endfacet
  facet normal 0 0 -1
    outer loop
      vertex 31.1516 -22.1743 17.2
      vertex 30.8644 -19.9932 17.2
      vertex 30.9671 -19.9727 17.2
    endloop
  endfacet
  facet normal 0 0 -1
    outer loop
      vertex 30.76 -22.2 17.2
      vertex 30.8644 -19.9932 17.2
      vertex 31.1516 -22.1743 17.2
    endloop
  endfacet
  facet normal 0 0 -1
    outer loop
      vertex 30.76 -22.2 17.2
      vertex 30.76 -20 17.2
      vertex 30.8644 -19.9932 17.2
    endloop
  endfacet
  facet normal 0 0 -1
    outer loop
      vertex 30.76 -22.2 17.2
      vertex 28.8268 -20 17.2
      vertex 30.76 -20 17.2
    endloop
  endfacet
  facet normal 0 0 -1
    outer loop
      vertex 30.76 -22.2 17.2
      vertex 28.7135 -20.0384 17.2
      vertex 28.8268 -20 17.2
    endloop
  endfacet
  facet normal 0 0 -1
    outer loop
      vertex 30.76 -22.2 17.2
      vertex 28.4441 -20.092 17.2
      vertex 28.7135 -20.0384 17.2
    endloop
  endfacet
  facet normal 0 0 -1
    outer loop
      vertex 30.76 -22.2 17.2
      vertex 28.17 -20.11 17.2
      vertex 28.4441 -20.092 17.2
    endloop
  endfacet
  facet normal 0 0 -1
    outer loop
      vertex 30.76 -22.2 17.2
      vertex 27.8959 -20.092 17.2
      vertex 28.17 -20.11 17.2
    endloop
  endfacet
  facet normal 0 0 -1
    outer loop
      vertex 30.76 -22.2 17.2
      vertex 27.6265 -20.0384 17.2
      vertex 27.8959 -20.092 17.2
    endloop
  endfacet
  facet normal 0 0 -1
    outer loop
      vertex 30.76 -22.2 17.2
      vertex 27.5132 -20 17.2
      vertex 27.6265 -20.0384 17.2
    endloop
  endfacet
  facet normal 0 0 -1
    outer loop
      vertex 30.76 -22.2 17.2
      vertex -27.5132 -20 17.2
      vertex 27.5132 -20 17.2
    endloop
  endfacet
  facet normal 0 0 -1
    outer loop
      vertex -30.76 -22.2 17.2
      vertex -27.5132 -20 17.2
      vertex 30.76 -22.2 17.2
    endloop
  endfacet
  facet normal 0 0 -1
    outer loop
      vertex -27.5132 -20 17.2
      vertex -30.76 -22.2 17.2
      vertex -27.6265 -20.0384 17.2
    endloop
  endfacet
  facet normal 0 0 -1
    outer loop
      vertex -27.6265 -20.0384 17.2
      vertex -30.76 -22.2 17.2
      vertex -27.8959 -20.092 17.2
    endloop
  endfacet
  facet normal 0 0 -1
    outer loop
      vertex -27.8959 -20.092 17.2
      vertex -30.76 -22.2 17.2
      vertex -28.17 -20.11 17.2
    endloop
  endfacet
  facet normal 0 0 -1
    outer loop
      vertex -30.76 -22.2 17.2
      vertex -28.4441 -20.092 17.2
      vertex -28.17 -20.11 17.2
    endloop
  endfacet
  facet normal 0 0 -1
    outer loop
      vertex -30.76 -22.2 17.2
      vertex -28.7135 -20.0384 17.2
      vertex -28.4441 -20.092 17.2
    endloop
  endfacet
  facet normal 0 0 -1
    outer loop
      vertex -30.76 -22.2 17.2
      vertex -28.8268 -20 17.2
      vertex -28.7135 -20.0384 17.2
    endloop
  endfacet
  facet normal 0 0 -1
    outer loop
      vertex -30.76 -22.2 17.2
      vertex -30.76 -20 17.2
      vertex -28.8268 -20 17.2
    endloop
  endfacet
  facet normal 0 0 -1
    outer loop
      vertex -30.76 -22.2 17.2
      vertex -30.8644 -19.9932 17.2
      vertex -30.76 -20 17.2
    endloop
  endfacet
  facet normal 0 0 -1
    outer loop
      vertex -31.1516 -22.1743 17.2
      vertex -30.8644 -19.9932 17.2
      vertex -30.76 -22.2 17.2
    endloop
  endfacet
  facet normal -0 0 -1
    outer loop
      vertex -30.8644 -19.9932 17.2
      vertex -31.1516 -22.1743 17.2
      vertex -30.9671 -19.9727 17.2
    endloop
  endfacet
  facet normal 0 0 -1
    outer loop
      vertex -31.5365 -22.0978 17.2
      vertex -30.9671 -19.9727 17.2
      vertex -31.1516 -22.1743 17.2
    endloop
  endfacet
  facet normal -0 0 -1
    outer loop
      vertex -30.9671 -19.9727 17.2
      vertex -31.5365 -22.0978 17.2
      vertex -31.0661 -19.9391 17.2
    endloop
  endfacet
  facet normal 0 0 -1
    outer loop
      vertex -31.9081 -21.9716 17.2
      vertex -31.0661 -19.9391 17.2
      vertex -31.5365 -22.0978 17.2
    endloop
  endfacet
  facet normal -0 0 -1
    outer loop
      vertex -31.0661 -19.9391 17.2
      vertex -31.9081 -21.9716 17.2
      vertex -31.16 -19.8928 17.2
    endloop
  endfacet
  facet normal 0 0 -1
    outer loop
      vertex -32.26 -21.7981 17.2
      vertex -31.16 -19.8928 17.2
      vertex -31.9081 -21.9716 17.2
    endloop
  endfacet
  facet normal -0 0 -1
    outer loop
      vertex -31.16 -19.8928 17.2
      vertex -32.26 -21.7981 17.2
      vertex -31.247 -19.8347 17.2
    endloop
  endfacet
  facet normal 0 0 -1
    outer loop
      vertex -32.5863 -21.5801 17.2
      vertex -31.247 -19.8347 17.2
      vertex -32.26 -21.7981 17.2
    endloop
  endfacet
  facet normal -0 0 -1
    outer loop
      vertex -31.247 -19.8347 17.2
      vertex -32.5863 -21.5801 17.2
      vertex -31.3257 -19.7657 17.2
    endloop
  endfacet
  facet normal 0 0 -1
    outer loop
      vertex -32.8813 -21.3213 17.2
      vertex -31.3257 -19.7657 17.2
      vertex -32.5863 -21.5801 17.2
    endloop
  endfacet
  facet normal -0 0 -1
    outer loop
      vertex -31.3257 -19.7657 17.2
      vertex -32.8813 -21.3213 17.2
      vertex -31.3947 -19.687 17.2
    endloop
  endfacet
  facet normal 0 0 -1
    outer loop
      vertex -33.1401 -21.0263 17.2
      vertex -31.3947 -19.687 17.2
      vertex -32.8813 -21.3213 17.2
    endloop
  endfacet
  facet normal 0 0 -1
    outer loop
      vertex -33.3581 -20.7 17.2
      vertex -31.4528 -19.6 17.2
      vertex -33.1401 -21.0263 17.2
    endloop
  endfacet
  facet normal -0 0 -1
    outer loop
      vertex -31.3947 -19.687 17.2
      vertex -33.1401 -21.0263 17.2
      vertex -31.4528 -19.6 17.2
    endloop
  endfacet
  facet normal 0 0 -1
    outer loop
      vertex 31.56 -19.2 17.2
      vertex 33.76 -19.2 17.2
      vertex 33.7343 -19.5916 17.2
    endloop
  endfacet
  facet normal 0 0 -1
    outer loop
      vertex 31.5532 -19.3044 17.2
      vertex 33.7343 -19.5916 17.2
      vertex 33.6578 -19.9765 17.2
    endloop
  endfacet
  facet normal 0 0 -1
    outer loop
      vertex 31.5532 -19.3044 17.2
      vertex 33.6578 -19.9765 17.2
      vertex 33.5316 -20.348 17.2
    endloop
  endfacet
  facet normal 0 0 -1
    outer loop
      vertex 31.5532 -19.3044 17.2
      vertex 33.5316 -20.348 17.2
      vertex 33.3581 -20.7 17.2
    endloop
  endfacet
  facet normal 0 0 -1
    outer loop
      vertex 31.5532 -19.3044 17.2
      vertex 33.3581 -20.7 17.2
      vertex 33.1401 -21.0263 17.2
    endloop
  endfacet
  facet normal 0 0 -1
    outer loop
      vertex 31.5532 -19.3044 17.2
      vertex 33.1401 -21.0263 17.2
      vertex 32.8813 -21.3213 17.2
    endloop
  endfacet
  facet normal 0 0 -1
    outer loop
      vertex 31.5532 -19.3044 17.2
      vertex 32.8813 -21.3213 17.2
      vertex 32.5863 -21.5801 17.2
    endloop
  endfacet
  facet normal 0 0 -1
    outer loop
      vertex 31.5532 -19.3044 17.2
      vertex 32.5863 -21.5801 17.2
      vertex 32.26 -21.7981 17.2
    endloop
  endfacet
  facet normal 0 0 -1
    outer loop
      vertex 31.16 -19.8928 17.2
      vertex 32.26 -21.7981 17.2
      vertex 31.9081 -21.9716 17.2
    endloop
  endfacet
  facet normal 0 0 -1
    outer loop
      vertex 33.76 -19.2 17.2
      vertex 31.56 -19.2 17.2
      vertex 33.76 5.12 17.2
    endloop
  endfacet
  facet normal -0 0 -1
    outer loop
      vertex 33.76 5.12 17.2
      vertex 31.56 -19.2 17.2
      vertex 31.56 5.12 17.2
    endloop
  endfacet
  facet normal 0 0 -1
    outer loop
      vertex 31.56 19.2 17.2
      vertex 33.76 19.2 17.2
      vertex 33.76 10.12 17.2
    endloop
  endfacet
  facet normal 0 0 -1
    outer loop
      vertex 33.76 19.2 17.2
      vertex 31.56 19.2 17.2
      vertex 33.7343 19.5916 17.2
    endloop
  endfacet
  facet normal 0 0 -1
    outer loop
      vertex 31.5532 19.3044 17.2
      vertex 33.7343 19.5916 17.2
      vertex 31.56 19.2 17.2
    endloop
  endfacet
  facet normal -0 0 -1
    outer loop
      vertex 33.7343 19.5916 17.2
      vertex 31.5532 19.3044 17.2
      vertex 33.6578 19.9765 17.2
    endloop
  endfacet
  facet normal 0 0 -1
    outer loop
      vertex 31.5327 19.4071 17.2
      vertex 33.6578 19.9765 17.2
      vertex 31.5532 19.3044 17.2
    endloop
  endfacet
  facet normal -0 0 -1
    outer loop
      vertex 33.6578 19.9765 17.2
      vertex 31.5327 19.4071 17.2
      vertex 33.5316 20.348 17.2
    endloop
  endfacet
  facet normal 0 0 -1
    outer loop
      vertex 31.4991 19.5061 17.2
      vertex 33.5316 20.348 17.2
      vertex 31.5327 19.4071 17.2
    endloop
  endfacet
  facet normal -0 0 -1
    outer loop
      vertex 33.5316 20.348 17.2
      vertex 31.4991 19.5061 17.2
      vertex 33.3581 20.7 17.2
    endloop
  endfacet
  facet normal 0 0 -1
    outer loop
      vertex 31.4528 19.6 17.2
      vertex 33.3581 20.7 17.2
      vertex 31.4991 19.5061 17.2
    endloop
  endfacet
  facet normal 0 0 -1
    outer loop
      vertex 31.56 19.2 17.2
      vertex 33.76 10.12 17.2
      vertex 31.56 10.12 17.2
    endloop
  endfacet
  facet normal -0 0 -1
    outer loop
      vertex 33.3581 20.7 17.2
      vertex 31.4528 19.6 17.2
      vertex 33.1401 21.0263 17.2
    endloop
  endfacet
  facet normal 0 0 -1
    outer loop
      vertex 31.3947 19.687 17.2
      vertex 33.1401 21.0263 17.2
      vertex 31.4528 19.6 17.2
    endloop
  endfacet
  facet normal -0 0 -1
    outer loop
      vertex 33.1401 21.0263 17.2
      vertex 31.3947 19.687 17.2
      vertex 32.8813 21.3213 17.2
    endloop
  endfacet
  facet normal 0 0 -1
    outer loop
      vertex 31.3257 19.7657 17.2
      vertex 32.8813 21.3213 17.2
      vertex 31.3947 19.687 17.2
    endloop
  endfacet
  facet normal -0 0 -1
    outer loop
      vertex 32.8813 21.3213 17.2
      vertex 31.3257 19.7657 17.2
      vertex 32.5863 21.5801 17.2
    endloop
  endfacet
  facet normal 0 0 -1
    outer loop
      vertex 31.247 19.8347 17.2
      vertex 32.5863 21.5801 17.2
      vertex 31.3257 19.7657 17.2
    endloop
  endfacet
  facet normal -0 0 -1
    outer loop
      vertex 32.5863 21.5801 17.2
      vertex 31.247 19.8347 17.2
      vertex 32.26 21.7981 17.2
    endloop
  endfacet
  facet normal 0 0 -1
    outer loop
      vertex 31.16 19.8928 17.2
      vertex 32.26 21.7981 17.2
      vertex 31.247 19.8347 17.2
    endloop
  endfacet
  facet normal -0 0 -1
    outer loop
      vertex 32.26 21.7981 17.2
      vertex 31.16 19.8928 17.2
      vertex 31.9081 21.9716 17.2
    endloop
  endfacet
  facet normal 0 0 -1
    outer loop
      vertex 31.0661 19.9391 17.2
      vertex 31.9081 21.9716 17.2
      vertex 31.16 19.8928 17.2
    endloop
  endfacet
  facet normal -0 0 -1
    outer loop
      vertex 31.9081 21.9716 17.2
      vertex 31.0661 19.9391 17.2
      vertex 31.5365 22.0978 17.2
    endloop
  endfacet
  facet normal 0 0 -1
    outer loop
      vertex 30.9671 19.9727 17.2
      vertex 31.5365 22.0978 17.2
      vertex 31.0661 19.9391 17.2
    endloop
  endfacet
  facet normal -0 0 -1
    outer loop
      vertex 31.5365 22.0978 17.2
      vertex 30.9671 19.9727 17.2
      vertex 31.1516 22.1743 17.2
    endloop
  endfacet
  facet normal 0 0 -1
    outer loop
      vertex 30.8644 19.9932 17.2
      vertex 31.1516 22.1743 17.2
      vertex 30.9671 19.9727 17.2
    endloop
  endfacet
  facet normal 0 0 -1
    outer loop
      vertex 30.76 20 17.2
      vertex 31.1516 22.1743 17.2
      vertex 30.8644 19.9932 17.2
    endloop
  endfacet
  facet normal 0 0 -1
    outer loop
      vertex 30.76 20 17.2
      vertex 30.76 22.2 17.2
      vertex 31.1516 22.1743 17.2
    endloop
  endfacet
  facet normal 0 0 -1
    outer loop
      vertex 28.8268 20 17.2
      vertex 30.76 22.2 17.2
      vertex 30.76 20 17.2
    endloop
  endfacet
  facet normal 0 0 -1
    outer loop
      vertex 28.7135 20.0384 17.2
      vertex 30.76 22.2 17.2
      vertex 28.8268 20 17.2
    endloop
  endfacet
  facet normal 0 0 -1
    outer loop
      vertex 28.4441 20.092 17.2
      vertex 30.76 22.2 17.2
      vertex 28.7135 20.0384 17.2
    endloop
  endfacet
  facet normal 0 0 -1
    outer loop
      vertex 28.17 20.11 17.2
      vertex 30.76 22.2 17.2
      vertex 28.4441 20.092 17.2
    endloop
  endfacet
  facet normal 0 0 -1
    outer loop
      vertex 27.8959 20.092 17.2
      vertex 30.76 22.2 17.2
      vertex 28.17 20.11 17.2
    endloop
  endfacet
  facet normal 0 0 -1
    outer loop
      vertex 27.6265 20.0384 17.2
      vertex 30.76 22.2 17.2
      vertex 27.8959 20.092 17.2
    endloop
  endfacet
  facet normal 0 0 -1
    outer loop
      vertex 27.5132 20 17.2
      vertex 30.76 22.2 17.2
      vertex 27.6265 20.0384 17.2
    endloop
  endfacet
  facet normal 0 0 -1
    outer loop
      vertex -27.5132 20 17.2
      vertex 30.76 22.2 17.2
      vertex 27.5132 20 17.2
    endloop
  endfacet
  facet normal 0 0 -1
    outer loop
      vertex -30.76 22.2 17.2
      vertex -27.5132 20 17.2
      vertex -27.6265 20.0384 17.2
    endloop
  endfacet
  facet normal 0 0 -1
    outer loop
      vertex -30.76 22.2 17.2
      vertex -27.6265 20.0384 17.2
      vertex -27.8959 20.092 17.2
    endloop
  endfacet
  facet normal 0 0 -1
    outer loop
      vertex -30.76 22.2 17.2
      vertex -27.8959 20.092 17.2
      vertex -28.17 20.11 17.2
    endloop
  endfacet
  facet normal 0 0 -1
    outer loop
      vertex -30.76 22.2 17.2
      vertex -28.8268 20 17.2
      vertex -30.76 20 17.2
    endloop
  endfacet
  facet normal 0 0 -1
    outer loop
      vertex -28.8268 20 17.2
      vertex -30.76 22.2 17.2
      vertex -28.7135 20.0384 17.2
    endloop
  endfacet
  facet normal 0 0 -1
    outer loop
      vertex -28.7135 20.0384 17.2
      vertex -30.76 22.2 17.2
      vertex -28.4441 20.092 17.2
    endloop
  endfacet
  facet normal 0 0 -1
    outer loop
      vertex -27.5132 20 17.2
      vertex -30.76 22.2 17.2
      vertex 30.76 22.2 17.2
    endloop
  endfacet
  facet normal 0 0 -1
    outer loop
      vertex -28.4441 20.092 17.2
      vertex -30.76 22.2 17.2
      vertex -28.17 20.11 17.2
    endloop
  endfacet
  facet normal 0 0 -1
    outer loop
      vertex -30.8644 19.9932 17.2
      vertex -30.76 22.2 17.2
      vertex -30.76 20 17.2
    endloop
  endfacet
  facet normal 0 0 -1
    outer loop
      vertex -31.1516 22.1743 17.2
      vertex -30.8644 19.9932 17.2
      vertex -30.9671 19.9727 17.2
    endloop
  endfacet
  facet normal 0 0 -1
    outer loop
      vertex -31.5365 22.0978 17.2
      vertex -30.9671 19.9727 17.2
      vertex -31.0661 19.9391 17.2
    endloop
  endfacet
  facet normal 0 0 -1
    outer loop
      vertex -30.8644 19.9932 17.2
      vertex -31.1516 22.1743 17.2
      vertex -30.76 22.2 17.2
    endloop
  endfacet
  facet normal 0 0 -1
    outer loop
      vertex -31.9081 21.9716 17.2
      vertex -31.0661 19.9391 17.2
      vertex -31.16 19.8928 17.2
    endloop
  endfacet
  facet normal 0 0 -1
    outer loop
      vertex -32.26 21.7981 17.2
      vertex -31.16 19.8928 17.2
      vertex -31.247 19.8347 17.2
    endloop
  endfacet
  facet normal 0 0 -1
    outer loop
      vertex -32.5863 21.5801 17.2
      vertex -31.247 19.8347 17.2
      vertex -31.3257 19.7657 17.2
    endloop
  endfacet
  facet normal 0 0 -1
    outer loop
      vertex -32.8813 21.3213 17.2
      vertex -31.3257 19.7657 17.2
      vertex -31.3947 19.687 17.2
    endloop
  endfacet
  facet normal 0 0 -1
    outer loop
      vertex -33.1401 21.0263 17.2
      vertex -31.3947 19.687 17.2
      vertex -31.4528 19.6 17.2
    endloop
  endfacet
  facet normal 0 0 -1
    outer loop
      vertex -33.3581 20.7 17.2
      vertex -31.4528 19.6 17.2
      vertex -31.4991 19.5061 17.2
    endloop
  endfacet
  facet normal 0 0 -1
    outer loop
      vertex -33.5316 20.348 17.2
      vertex -31.4991 19.5061 17.2
      vertex -31.5327 19.4071 17.2
    endloop
  endfacet
  facet normal 0 0 -1
    outer loop
      vertex -30.9671 19.9727 17.2
      vertex -31.5365 22.0978 17.2
      vertex -31.1516 22.1743 17.2
    endloop
  endfacet
  facet normal 0 0 -1
    outer loop
      vertex -33.6578 19.9765 17.2
      vertex -31.5327 19.4071 17.2
      vertex -31.5532 19.3044 17.2
    endloop
  endfacet
  facet normal 0 0 -1
    outer loop
      vertex -33.7343 19.5916 17.2
      vertex -31.5532 19.3044 17.2
      vertex -31.56 19.2 17.2
    endloop
  endfacet
  facet normal 0 0 -1
    outer loop
      vertex -31.56 -19.2 17.2
      vertex -33.76 -19.2 17.2
      vertex -31.56 19.2 17.2
    endloop
  endfacet
  facet normal 0 0 -1
    outer loop
      vertex -33.76 19.2 17.2
      vertex -31.56 19.2 17.2
      vertex -33.76 -19.2 17.2
    endloop
  endfacet
  facet normal -0 0 -1
    outer loop
      vertex -31.4528 -19.6 17.2
      vertex -33.3581 -20.7 17.2
      vertex -31.4991 -19.5061 17.2
    endloop
  endfacet
  facet normal 0 -0 -1
    outer loop
      vertex -33.7343 19.5916 17.2
      vertex -31.56 19.2 17.2
      vertex -33.76 19.2 17.2
    endloop
  endfacet
  facet normal 0 0 -1
    outer loop
      vertex -33.5316 -20.348 17.2
      vertex -31.4991 -19.5061 17.2
      vertex -33.3581 -20.7 17.2
    endloop
  endfacet
  facet normal 0 0 -1
    outer loop
      vertex -31.0661 19.9391 17.2
      vertex -31.9081 21.9716 17.2
      vertex -31.5365 22.0978 17.2
    endloop
  endfacet
  facet normal -0 0 -1
    outer loop
      vertex -31.4991 -19.5061 17.2
      vertex -33.5316 -20.348 17.2
      vertex -31.5327 -19.4071 17.2
    endloop
  endfacet
  facet normal 0 0 -1
    outer loop
      vertex -31.16 19.8928 17.2
      vertex -32.26 21.7981 17.2
      vertex -31.9081 21.9716 17.2
    endloop
  endfacet
  facet normal 0 0 -1
    outer loop
      vertex -33.6578 -19.9765 17.2
      vertex -31.5327 -19.4071 17.2
      vertex -33.5316 -20.348 17.2
    endloop
  endfacet
  facet normal 0 0 -1
    outer loop
      vertex -31.247 19.8347 17.2
      vertex -32.5863 21.5801 17.2
      vertex -32.26 21.7981 17.2
    endloop
  endfacet
  facet normal -0 0 -1
    outer loop
      vertex -31.5327 -19.4071 17.2
      vertex -33.6578 -19.9765 17.2
      vertex -31.5532 -19.3044 17.2
    endloop
  endfacet
  facet normal 0 0 -1
    outer loop
      vertex -31.3257 19.7657 17.2
      vertex -32.8813 21.3213 17.2
      vertex -32.5863 21.5801 17.2
    endloop
  endfacet
  facet normal 0 0 -1
    outer loop
      vertex -33.7343 -19.5916 17.2
      vertex -31.5532 -19.3044 17.2
      vertex -33.6578 -19.9765 17.2
    endloop
  endfacet
  facet normal 0 0 -1
    outer loop
      vertex -31.3947 19.687 17.2
      vertex -33.1401 21.0263 17.2
      vertex -32.8813 21.3213 17.2
    endloop
  endfacet
  facet normal -0 0 -1
    outer loop
      vertex -31.5532 -19.3044 17.2
      vertex -33.7343 -19.5916 17.2
      vertex -31.56 -19.2 17.2
    endloop
  endfacet
  facet normal 0 0 -1
    outer loop
      vertex -31.4528 19.6 17.2
      vertex -33.3581 20.7 17.2
      vertex -33.1401 21.0263 17.2
    endloop
  endfacet
  facet normal -0 0 -1
    outer loop
      vertex -31.56 -19.2 17.2
      vertex -33.7343 -19.5916 17.2
      vertex -33.76 -19.2 17.2
    endloop
  endfacet
  facet normal 0 0 -1
    outer loop
      vertex -31.4991 19.5061 17.2
      vertex -33.5316 20.348 17.2
      vertex -33.3581 20.7 17.2
    endloop
  endfacet
  facet normal 0 0 -1
    outer loop
      vertex -31.5327 19.4071 17.2
      vertex -33.6578 19.9765 17.2
      vertex -33.5316 20.348 17.2
    endloop
  endfacet
  facet normal 0 0 -1
    outer loop
      vertex -31.5532 19.3044 17.2
      vertex -33.7343 19.5916 17.2
      vertex -33.6578 19.9765 17.2
    endloop
  endfacet
  facet normal 0 0 -1
    outer loop
      vertex -30.26 -18.8 17.2
      vertex -30.1984 -18.5535 17.2
      vertex -30.1148 -18.8 17.2
    endloop
  endfacet
  facet normal 0 0 -1
    outer loop
      vertex -30.36 -18.7 17.2
      vertex -30.1984 -18.5535 17.2
      vertex -30.26 -18.8 17.2
    endloop
  endfacet
  facet normal -0 0 -1
    outer loop
      vertex -30.1984 -18.5535 17.2
      vertex -30.36 -18.7 17.2
      vertex -30.252 -18.2841 17.2
    endloop
  endfacet
  facet normal -0 0 -1
    outer loop
      vertex -30.252 -18.2841 17.2
      vertex -30.36 -18.7 17.2
      vertex -30.27 -18.01 17.2
    endloop
  endfacet
  facet normal 0 0 -1
    outer loop
      vertex -30.36 -18.7 17.2
      vertex -30.26 -18.8 17.2
      vertex -30.2731 -18.7991 17.2
    endloop
  endfacet
  facet normal 0 0 -1
    outer loop
      vertex -26.2299 -17.2064 17.2
      vertex 26.2299 -17.2064 17.2
      vertex -26.1416 -17.4665 17.2
    endloop
  endfacet
  facet normal 0 0 -1
    outer loop
      vertex 27.76 5.12 17.2
      vertex -26.088 17.7359 17.2
      vertex -26.07 18.01 17.2
    endloop
  endfacet
  facet normal 0 0 -1
    outer loop
      vertex 26.2299 -17.2064 17.2
      vertex -26.2299 -17.2064 17.2
      vertex 27.76 5.12 17.2
    endloop
  endfacet
  facet normal 0 0 -1
    outer loop
      vertex 27.76 5.12 17.2
      vertex -26.1416 17.4665 17.2
      vertex -26.088 17.7359 17.2
    endloop
  endfacet
  facet normal 0 0 -1
    outer loop
      vertex -26.3513 -16.96 17.2
      vertex 27.76 5.12 17.2
      vertex -26.2299 -17.2064 17.2
    endloop
  endfacet
  facet normal 0 0 -1
    outer loop
      vertex 27.76 5.12 17.2
      vertex -26.2299 17.2064 17.2
      vertex -26.1416 17.4665 17.2
    endloop
  endfacet
  facet normal 0 0 -1
    outer loop
      vertex -26.3513 16.96 17.2
      vertex 27.76 5.12 17.2
      vertex -26.3513 -16.96 17.2
    endloop
  endfacet
  facet normal 0 0 -1
    outer loop
      vertex 27.76 5.12 17.2
      vertex -26.3513 16.96 17.2
      vertex -26.2299 17.2064 17.2
    endloop
  endfacet
  facet normal 0 0 -1
    outer loop
      vertex -26.504 -16.7316 17.2
      vertex -26.3513 16.96 17.2
      vertex -26.3513 -16.96 17.2
    endloop
  endfacet
  facet normal 0 0 -1
    outer loop
      vertex -26.504 -16.7316 17.2
      vertex -26.504 16.7316 17.2
      vertex -26.3513 16.96 17.2
    endloop
  endfacet
  facet normal 0 0 -1
    outer loop
      vertex -26.6851 -16.5251 17.2
      vertex -26.504 16.7316 17.2
      vertex -26.504 -16.7316 17.2
    endloop
  endfacet
  facet normal 0 0 -1
    outer loop
      vertex -26.6851 -16.5251 17.2
      vertex -26.6851 16.5251 17.2
      vertex -26.504 16.7316 17.2
    endloop
  endfacet
  facet normal 0 0 -1
    outer loop
      vertex -26.8916 -16.344 17.2
      vertex -26.6851 16.5251 17.2
      vertex -26.6851 -16.5251 17.2
    endloop
  endfacet
  facet normal 0 0 -1
    outer loop
      vertex -26.8916 -16.344 17.2
      vertex -26.8916 16.344 17.2
      vertex -26.6851 16.5251 17.2
    endloop
  endfacet
  facet normal 0 0 -1
    outer loop
      vertex -27.12 -16.1913 17.2
      vertex -26.8916 16.344 17.2
      vertex -26.8916 -16.344 17.2
    endloop
  endfacet
  facet normal 0 0 -1
    outer loop
      vertex -27.12 -16.1913 17.2
      vertex -27.12 16.1913 17.2
      vertex -26.8916 16.344 17.2
    endloop
  endfacet
  facet normal 0 0 -1
    outer loop
      vertex -27.3664 -16.0699 17.2
      vertex -27.12 16.1913 17.2
      vertex -27.12 -16.1913 17.2
    endloop
  endfacet
  facet normal 0 0 -1
    outer loop
      vertex -27.3664 -16.0699 17.2
      vertex -27.3664 16.0699 17.2
      vertex -27.12 16.1913 17.2
    endloop
  endfacet
  facet normal 0 0 -1
    outer loop
      vertex -27.6265 -15.9816 17.2
      vertex -27.3664 16.0699 17.2
      vertex -27.3664 -16.0699 17.2
    endloop
  endfacet
  facet normal 0 0 -1
    outer loop
      vertex -27.6265 -15.9816 17.2
      vertex -27.6265 15.9816 17.2
      vertex -27.3664 16.0699 17.2
    endloop
  endfacet
  facet normal 0 0 -1
    outer loop
      vertex -27.8959 -15.928 17.2
      vertex -27.6265 15.9816 17.2
      vertex -27.6265 -15.9816 17.2
    endloop
  endfacet
  facet normal 0 0 -1
    outer loop
      vertex -27.8959 -15.928 17.2
      vertex -27.8959 15.928 17.2
      vertex -27.6265 15.9816 17.2
    endloop
  endfacet
  facet normal 0 0 -1
    outer loop
      vertex -28.17 -15.91 17.2
      vertex -27.8959 15.928 17.2
      vertex -27.8959 -15.928 17.2
    endloop
  endfacet
  facet normal 0 0 -1
    outer loop
      vertex -28.17 -15.91 17.2
      vertex -28.17 15.91 17.2
      vertex -27.8959 15.928 17.2
    endloop
  endfacet
  facet normal 0 0 -1
    outer loop
      vertex -28.4441 -15.928 17.2
      vertex -28.17 15.91 17.2
      vertex -28.17 -15.91 17.2
    endloop
  endfacet
  facet normal 0 0 -1
    outer loop
      vertex -28.4441 -15.928 17.2
      vertex -28.4441 15.928 17.2
      vertex -28.17 15.91 17.2
    endloop
  endfacet
  facet normal 0 0 -1
    outer loop
      vertex -28.7135 -15.9816 17.2
      vertex -28.4441 15.928 17.2
      vertex -28.4441 -15.928 17.2
    endloop
  endfacet
  facet normal 0 0 -1
    outer loop
      vertex -28.7135 -15.9816 17.2
      vertex -28.7135 15.9816 17.2
      vertex -28.4441 15.928 17.2
    endloop
  endfacet
  facet normal 0 0 -1
    outer loop
      vertex -28.9736 -16.0699 17.2
      vertex -28.7135 15.9816 17.2
      vertex -28.7135 -15.9816 17.2
    endloop
  endfacet
  facet normal 0 0 -1
    outer loop
      vertex -28.9736 -16.0699 17.2
      vertex -28.9736 16.0699 17.2
      vertex -28.7135 15.9816 17.2
    endloop
  endfacet
  facet normal 0 0 -1
    outer loop
      vertex -29.22 -16.1913 17.2
      vertex -28.9736 16.0699 17.2
      vertex -28.9736 -16.0699 17.2
    endloop
  endfacet
  facet normal 0 0 -1
    outer loop
      vertex -29.22 -16.1913 17.2
      vertex -29.22 16.1913 17.2
      vertex -28.9736 16.0699 17.2
    endloop
  endfacet
  facet normal 0 0 -1
    outer loop
      vertex -29.4484 -16.344 17.2
      vertex -29.22 16.1913 17.2
      vertex -29.22 -16.1913 17.2
    endloop
  endfacet
  facet normal 0 0 -1
    outer loop
      vertex -29.4484 -16.344 17.2
      vertex -29.4484 16.344 17.2
      vertex -29.22 16.1913 17.2
    endloop
  endfacet
  facet normal 0 0 -1
    outer loop
      vertex -29.6549 -16.5251 17.2
      vertex -29.4484 16.344 17.2
      vertex -29.4484 -16.344 17.2
    endloop
  endfacet
  facet normal 0 0 -1
    outer loop
      vertex -29.6549 -16.5251 17.2
      vertex -29.6549 16.5251 17.2
      vertex -29.4484 16.344 17.2
    endloop
  endfacet
  facet normal 0 0 -1
    outer loop
      vertex -29.836 -16.7316 17.2
      vertex -29.6549 16.5251 17.2
      vertex -29.6549 -16.5251 17.2
    endloop
  endfacet
  facet normal 0 0 -1
    outer loop
      vertex -29.836 -16.7316 17.2
      vertex -29.836 16.7316 17.2
      vertex -29.6549 16.5251 17.2
    endloop
  endfacet
  facet normal 0 0 -1
    outer loop
      vertex -29.9887 -16.96 17.2
      vertex -29.836 16.7316 17.2
      vertex -29.836 -16.7316 17.2
    endloop
  endfacet
  facet normal 0 0 -1
    outer loop
      vertex -29.9887 -16.96 17.2
      vertex -29.9887 16.96 17.2
      vertex -29.836 16.7316 17.2
    endloop
  endfacet
  facet normal 0 0 -1
    outer loop
      vertex -30.1101 -17.2064 17.2
      vertex -29.9887 16.96 17.2
      vertex -29.9887 -16.96 17.2
    endloop
  endfacet
  facet normal 0 0 -1
    outer loop
      vertex -30.1101 -17.2064 17.2
      vertex -30.1101 17.2064 17.2
      vertex -29.9887 16.96 17.2
    endloop
  endfacet
  facet normal 0 0 -1
    outer loop
      vertex -30.1984 -17.4665 17.2
      vertex -30.1101 17.2064 17.2
      vertex -30.1101 -17.2064 17.2
    endloop
  endfacet
  facet normal 0 0 -1
    outer loop
      vertex -30.1984 -17.4665 17.2
      vertex -30.1984 17.4665 17.2
      vertex -30.1101 17.2064 17.2
    endloop
  endfacet
  facet normal 0 0 -1
    outer loop
      vertex -30.252 -17.7359 17.2
      vertex -30.1984 17.4665 17.2
      vertex -30.1984 -17.4665 17.2
    endloop
  endfacet
  facet normal 0 0 -1
    outer loop
      vertex -30.252 -17.7359 17.2
      vertex -30.252 17.7359 17.2
      vertex -30.1984 17.4665 17.2
    endloop
  endfacet
  facet normal 0 0 -1
    outer loop
      vertex -30.27 -18.01 17.2
      vertex -30.252 17.7359 17.2
      vertex -30.252 -17.7359 17.2
    endloop
  endfacet
  facet normal -0 0 -1
    outer loop
      vertex -30.252 17.7359 17.2
      vertex -30.27 -18.01 17.2
      vertex -30.27 18.01 17.2
    endloop
  endfacet
  facet normal 0 0 -1
    outer loop
      vertex 26.1416 17.4665 17.2
      vertex -26.07 18.01 17.2
      vertex 26.088 17.7359 17.2
    endloop
  endfacet
  facet normal 0 0 -1
    outer loop
      vertex 26.088 -18.2841 17.2
      vertex -26.07 -18.01 17.2
      vertex 26.07 -18.01 17.2
    endloop
  endfacet
  facet normal 0 0 -1
    outer loop
      vertex -26.088 -18.2841 17.2
      vertex 26.088 -18.2841 17.2
      vertex 26.1416 -18.5535 17.2
    endloop
  endfacet
  facet normal 0 0 -1
    outer loop
      vertex -26.1416 -18.5535 17.2
      vertex 26.1416 -18.5535 17.2
      vertex 26.2252 -18.8 17.2
    endloop
  endfacet
  facet normal 0 0 -1
    outer loop
      vertex 26.088 -18.2841 17.2
      vertex -26.088 -18.2841 17.2
      vertex -26.07 -18.01 17.2
    endloop
  endfacet
  facet normal 0 0 -1
    outer loop
      vertex 26.1416 -18.5535 17.2
      vertex -26.1416 -18.5535 17.2
      vertex -26.088 -18.2841 17.2
    endloop
  endfacet
  facet normal 0 -0 -1
    outer loop
      vertex -26.1416 -18.5535 17.2
      vertex 26.2252 -18.8 17.2
      vertex -26.2252 -18.8 17.2
    endloop
  endfacet
  facet normal 0 0 -1
    outer loop
      vertex 26.088 17.7359 17.2
      vertex -26.07 18.01 17.2
      vertex 26.07 18.01 17.2
    endloop
  endfacet
  facet normal 0 0 -1
    outer loop
      vertex 26.07 18.01 17.2
      vertex -26.07 18.01 17.2
      vertex 26.088 18.2841 17.2
    endloop
  endfacet
  facet normal 0 0 -1
    outer loop
      vertex -26.088 18.2841 17.2
      vertex 26.088 18.2841 17.2
      vertex -26.07 18.01 17.2
    endloop
  endfacet
  facet normal 0 0 -1
    outer loop
      vertex 26.088 18.2841 17.2
      vertex -26.088 18.2841 17.2
      vertex 26.1416 18.5535 17.2
    endloop
  endfacet
  facet normal 0 0 -1
    outer loop
      vertex -26.1416 18.5535 17.2
      vertex 26.1416 18.5535 17.2
      vertex -26.088 18.2841 17.2
    endloop
  endfacet
  facet normal 0 0 -1
    outer loop
      vertex 26.1416 18.5535 17.2
      vertex -26.1416 18.5535 17.2
      vertex 26.2252 18.8 17.2
    endloop
  endfacet
  facet normal -0 0 -1
    outer loop
      vertex 26.2252 18.8 17.2
      vertex -26.1416 18.5535 17.2
      vertex -26.2252 18.8 17.2
    endloop
  endfacet
  facet normal 0 0 -1
    outer loop
      vertex 30.1984 -18.5535 17.2
      vertex 30.36 -18.7 17.2
      vertex 30.26 -18.8 17.2
    endloop
  endfacet
  facet normal 0 0 -1
    outer loop
      vertex 30.36 -18.7 17.2
      vertex 30.252 -18.2841 17.2
      vertex 30.27 -18.01 17.2
    endloop
  endfacet
  facet normal 0 0 -1
    outer loop
      vertex 30.36 -18.7 17.2
      vertex 30.1984 -18.5535 17.2
      vertex 30.252 -18.2841 17.2
    endloop
  endfacet
  facet normal 0 -0 -1
    outer loop
      vertex 30.1984 -18.5535 17.2
      vertex 30.26 -18.8 17.2
      vertex 30.1148 -18.8 17.2
    endloop
  endfacet
  facet normal 0 0 -1
    outer loop
      vertex 30.2731 -18.7991 17.2
      vertex 30.36 -18.7 17.2
      vertex 30.3591 -18.7131 17.2
    endloop
  endfacet
  facet normal 0 0 -1
    outer loop
      vertex 30.2731 -18.7991 17.2
      vertex 30.3591 -18.7131 17.2
      vertex 30.3566 -18.7259 17.2
    endloop
  endfacet
  facet normal 0 0 -1
    outer loop
      vertex 30.2731 -18.7991 17.2
      vertex 30.3566 -18.7259 17.2
      vertex 30.3524 -18.7383 17.2
    endloop
  endfacet
  facet normal 0 0 -1
    outer loop
      vertex 30.2731 -18.7991 17.2
      vertex 30.3524 -18.7383 17.2
      vertex 30.3466 -18.75 17.2
    endloop
  endfacet
  facet normal 0 0 -1
    outer loop
      vertex 30.2731 -18.7991 17.2
      vertex 30.3466 -18.75 17.2
      vertex 30.3393 -18.7609 17.2
    endloop
  endfacet
  facet normal 0 0 -1
    outer loop
      vertex 30.2731 -18.7991 17.2
      vertex 30.3393 -18.7609 17.2
      vertex 30.3307 -18.7707 17.2
    endloop
  endfacet
  facet normal 0 0 -1
    outer loop
      vertex 30.2731 -18.7991 17.2
      vertex 30.3307 -18.7707 17.2
      vertex 30.3209 -18.7793 17.2
    endloop
  endfacet
  facet normal 0 0 -1
    outer loop
      vertex 30.2731 -18.7991 17.2
      vertex 30.3209 -18.7793 17.2
      vertex 30.31 -18.7866 17.2
    endloop
  endfacet
  facet normal 0 0 -1
    outer loop
      vertex 30.2731 -18.7991 17.2
      vertex 30.31 -18.7866 17.2
      vertex 30.2983 -18.7924 17.2
    endloop
  endfacet
  facet normal 0 0 -1
    outer loop
      vertex 30.2731 -18.7991 17.2
      vertex 30.2983 -18.7924 17.2
      vertex 30.2859 -18.7966 17.2
    endloop
  endfacet
  facet normal 0 0 -1
    outer loop
      vertex 30.26 -18.8 17.2
      vertex 30.36 -18.7 17.2
      vertex 30.2731 -18.7991 17.2
    endloop
  endfacet
  facet normal 0 0 -1
    outer loop
      vertex 30.36 -18.7 17.2
      vertex 30.27 -18.01 17.2
      vertex 30.252 -17.7359 17.2
    endloop
  endfacet
  facet normal 0 0 -1
    outer loop
      vertex 30.36 -18.7 17.2
      vertex 30.252 -17.7359 17.2
      vertex 30.36 5.12 17.2
    endloop
  endfacet
  facet normal 0 0 -1
    outer loop
      vertex 30.1984 -17.4665 17.2
      vertex 30.36 5.12 17.2
      vertex 30.252 -17.7359 17.2
    endloop
  endfacet
  facet normal 0 0 -1
    outer loop
      vertex 30.1101 -17.2064 17.2
      vertex 30.36 5.12 17.2
      vertex 30.1984 -17.4665 17.2
    endloop
  endfacet
  facet normal 0 0 -1
    outer loop
      vertex 29.9887 -16.96 17.2
      vertex 30.36 5.12 17.2
      vertex 30.1101 -17.2064 17.2
    endloop
  endfacet
  facet normal 0 0 -1
    outer loop
      vertex 29.836 -16.7316 17.2
      vertex 30.36 5.12 17.2
      vertex 29.9887 -16.96 17.2
    endloop
  endfacet
  facet normal 0 0 -1
    outer loop
      vertex 29.6549 -16.5251 17.2
      vertex 30.36 5.12 17.2
      vertex 29.836 -16.7316 17.2
    endloop
  endfacet
  facet normal 0 0 -1
    outer loop
      vertex 29.4484 -16.344 17.2
      vertex 30.36 5.12 17.2
      vertex 29.6549 -16.5251 17.2
    endloop
  endfacet
  facet normal 0 0 -1
    outer loop
      vertex 29.22 -16.1913 17.2
      vertex 30.36 5.12 17.2
      vertex 29.4484 -16.344 17.2
    endloop
  endfacet
  facet normal 0 0 -1
    outer loop
      vertex 28.9736 -16.0699 17.2
      vertex 30.36 5.12 17.2
      vertex 29.22 -16.1913 17.2
    endloop
  endfacet
  facet normal 0 0 -1
    outer loop
      vertex 28.7135 -15.9816 17.2
      vertex 30.36 5.12 17.2
      vertex 28.9736 -16.0699 17.2
    endloop
  endfacet
  facet normal 0 0 -1
    outer loop
      vertex 28.4441 -15.928 17.2
      vertex 30.36 5.12 17.2
      vertex 28.7135 -15.9816 17.2
    endloop
  endfacet
  facet normal 0 0 -1
    outer loop
      vertex 28.17 -15.91 17.2
      vertex 30.36 5.12 17.2
      vertex 28.4441 -15.928 17.2
    endloop
  endfacet
  facet normal 0 0 -1
    outer loop
      vertex 27.76 5.12 17.2
      vertex 28.17 -15.91 17.2
      vertex 27.8959 -15.928 17.2
    endloop
  endfacet
  facet normal 0 0 -1
    outer loop
      vertex 28.17 -15.91 17.2
      vertex 27.76 5.12 17.2
      vertex 30.36 5.12 17.2
    endloop
  endfacet
  facet normal 0 0 -1
    outer loop
      vertex 27.3664 -16.0699 17.2
      vertex 27.76 5.12 17.2
      vertex 27.6265 -15.9816 17.2
    endloop
  endfacet
  facet normal 0 0 -1
    outer loop
      vertex 27.6265 -15.9816 17.2
      vertex 27.76 5.12 17.2
      vertex 27.8959 -15.928 17.2
    endloop
  endfacet
  facet normal 0 0 -1
    outer loop
      vertex 30.252 17.7359 17.2
      vertex 30.36 18.7 17.2
      vertex 30.36 10.12 17.2
    endloop
  endfacet
  facet normal 0 -0 -1
    outer loop
      vertex 30.27 18.01 17.2
      vertex 30.36 18.7 17.2
      vertex 30.252 17.7359 17.2
    endloop
  endfacet
  facet normal 0 0 -1
    outer loop
      vertex 30.252 18.2841 17.2
      vertex 30.36 18.7 17.2
      vertex 30.27 18.01 17.2
    endloop
  endfacet
  facet normal 0 0 -1
    outer loop
      vertex 30.1984 18.5535 17.2
      vertex 30.36 18.7 17.2
      vertex 30.252 18.2841 17.2
    endloop
  endfacet
  facet normal 0 -0 -1
    outer loop
      vertex 30.26 18.8 17.2
      vertex 30.36 18.7 17.2
      vertex 30.1984 18.5535 17.2
    endloop
  endfacet
  facet normal 0 0 -1
    outer loop
      vertex 30.36 18.7 17.2
      vertex 30.26 18.8 17.2
      vertex 30.3591 18.7131 17.2
    endloop
  endfacet
  facet normal 0 0 -1
    outer loop
      vertex 30.3566 18.7259 17.2
      vertex 30.26 18.8 17.2
      vertex 30.3524 18.7383 17.2
    endloop
  endfacet
  facet normal 0 0 -1
    outer loop
      vertex 30.3524 18.7383 17.2
      vertex 30.26 18.8 17.2
      vertex 30.3466 18.75 17.2
    endloop
  endfacet
  facet normal 0 0 -1
    outer loop
      vertex 30.3466 18.75 17.2
      vertex 30.26 18.8 17.2
      vertex 30.3393 18.7609 17.2
    endloop
  endfacet
  facet normal 0 0 -1
    outer loop
      vertex 30.3393 18.7609 17.2
      vertex 30.26 18.8 17.2
      vertex 30.3307 18.7707 17.2
    endloop
  endfacet
  facet normal 0 0 -1
    outer loop
      vertex 30.3307 18.7707 17.2
      vertex 30.26 18.8 17.2
      vertex 30.3209 18.7793 17.2
    endloop
  endfacet
  facet normal 0 0 -1
    outer loop
      vertex 30.3209 18.7793 17.2
      vertex 30.26 18.8 17.2
      vertex 30.31 18.7866 17.2
    endloop
  endfacet
  facet normal 0 0 -1
    outer loop
      vertex 30.3591 18.7131 17.2
      vertex 30.26 18.8 17.2
      vertex 30.3566 18.7259 17.2
    endloop
  endfacet
  facet normal 0 0 -1
    outer loop
      vertex 30.36 10.12 17.2
      vertex 30.1984 17.4665 17.2
      vertex 30.252 17.7359 17.2
    endloop
  endfacet
  facet normal 0 0 -1
    outer loop
      vertex 30.36 10.12 17.2
      vertex 30.1101 17.2064 17.2
      vertex 30.1984 17.4665 17.2
    endloop
  endfacet
  facet normal 0 0 -1
    outer loop
      vertex 30.36 10.12 17.2
      vertex 29.9887 16.96 17.2
      vertex 30.1101 17.2064 17.2
    endloop
  endfacet
  facet normal 0 0 -1
    outer loop
      vertex 30.36 10.12 17.2
      vertex 29.836 16.7316 17.2
      vertex 29.9887 16.96 17.2
    endloop
  endfacet
  facet normal 0 0 -1
    outer loop
      vertex 30.36 10.12 17.2
      vertex 29.6549 16.5251 17.2
      vertex 29.836 16.7316 17.2
    endloop
  endfacet
  facet normal 0 0 -1
    outer loop
      vertex 30.36 10.12 17.2
      vertex 29.4484 16.344 17.2
      vertex 29.6549 16.5251 17.2
    endloop
  endfacet
  facet normal 0 0 -1
    outer loop
      vertex 30.36 10.12 17.2
      vertex 29.22 16.1913 17.2
      vertex 29.4484 16.344 17.2
    endloop
  endfacet
  facet normal 0 0 -1
    outer loop
      vertex 30.36 10.12 17.2
      vertex 28.9736 16.0699 17.2
      vertex 29.22 16.1913 17.2
    endloop
  endfacet
  facet normal 0 0 -1
    outer loop
      vertex 30.36 10.12 17.2
      vertex 28.7135 15.9816 17.2
      vertex 28.9736 16.0699 17.2
    endloop
  endfacet
  facet normal 0 0 -1
    outer loop
      vertex 30.36 10.12 17.2
      vertex 28.4441 15.928 17.2
      vertex 28.7135 15.9816 17.2
    endloop
  endfacet
  facet normal 0 0 -1
    outer loop
      vertex 27.76 10.12 17.2
      vertex 28.4441 15.928 17.2
      vertex 30.36 10.12 17.2
    endloop
  endfacet
  facet normal 0 0 -1
    outer loop
      vertex 28.4441 15.928 17.2
      vertex 27.76 10.12 17.2
      vertex 28.17 15.91 17.2
    endloop
  endfacet
  facet normal -0 0 -1
    outer loop
      vertex 28.17 15.91 17.2
      vertex 27.76 10.12 17.2
      vertex 27.8959 15.928 17.2
    endloop
  endfacet
  facet normal 0 0 -1
    outer loop
      vertex 27.76 10.12 17.2
      vertex 27.6265 15.9816 17.2
      vertex 27.8959 15.928 17.2
    endloop
  endfacet
  facet normal 0 0 -1
    outer loop
      vertex 27.12 -16.1913 17.2
      vertex 27.76 5.12 17.2
      vertex 27.3664 -16.0699 17.2
    endloop
  endfacet
  facet normal 0 0 -1
    outer loop
      vertex 26.8916 -16.344 17.2
      vertex 27.76 5.12 17.2
      vertex 27.12 -16.1913 17.2
    endloop
  endfacet
  facet normal 0 0 -1
    outer loop
      vertex 27.76 10.12 17.2
      vertex 27.3664 16.0699 17.2
      vertex 27.6265 15.9816 17.2
    endloop
  endfacet
  facet normal 0 0 -1
    outer loop
      vertex 26.6851 -16.5251 17.2
      vertex 27.76 5.12 17.2
      vertex 26.8916 -16.344 17.2
    endloop
  endfacet
  facet normal 0 0 -1
    outer loop
      vertex 27.76 10.12 17.2
      vertex 27.12 16.1913 17.2
      vertex 27.3664 16.0699 17.2
    endloop
  endfacet
  facet normal 0 0 -1
    outer loop
      vertex 26.504 -16.7316 17.2
      vertex 27.76 5.12 17.2
      vertex 26.6851 -16.5251 17.2
    endloop
  endfacet
  facet normal 0 0 -1
    outer loop
      vertex 27.76 10.12 17.2
      vertex 26.8916 16.344 17.2
      vertex 27.12 16.1913 17.2
    endloop
  endfacet
  facet normal 0 0 -1
    outer loop
      vertex 26.3513 -16.96 17.2
      vertex 27.76 5.12 17.2
      vertex 26.504 -16.7316 17.2
    endloop
  endfacet
  facet normal 0 0 -1
    outer loop
      vertex 27.76 10.12 17.2
      vertex 26.6851 16.5251 17.2
      vertex 26.8916 16.344 17.2
    endloop
  endfacet
  facet normal 0 0 -1
    outer loop
      vertex 26.2299 -17.2064 17.2
      vertex 27.76 5.12 17.2
      vertex 26.3513 -16.96 17.2
    endloop
  endfacet
  facet normal 0 0 -1
    outer loop
      vertex 27.76 10.12 17.2
      vertex 26.504 16.7316 17.2
      vertex 26.6851 16.5251 17.2
    endloop
  endfacet
  facet normal 0 0 -1
    outer loop
      vertex 26.088 -17.7359 17.2
      vertex -26.088 -17.7359 17.2
      vertex 26.1416 -17.4665 17.2
    endloop
  endfacet
  facet normal 0 0 -1
    outer loop
      vertex 27.76 10.12 17.2
      vertex 26.3513 16.96 17.2
      vertex 26.504 16.7316 17.2
    endloop
  endfacet
  facet normal 0 0 -1
    outer loop
      vertex -26.1416 -17.4665 17.2
      vertex 26.1416 -17.4665 17.2
      vertex -26.088 -17.7359 17.2
    endloop
  endfacet
  facet normal 0 0 -1
    outer loop
      vertex 27.76 10.12 17.2
      vertex 26.2299 17.2064 17.2
      vertex 26.3513 16.96 17.2
    endloop
  endfacet
  facet normal 0 0 -1
    outer loop
      vertex -26.07 18.01 17.2
      vertex 26.2299 17.2064 17.2
      vertex 27.76 5.12 17.2
    endloop
  endfacet
  facet normal 0 0 -1
    outer loop
      vertex 27.76 5.12 17.2
      vertex 26.2299 17.2064 17.2
      vertex 27.76 10.12 17.2
    endloop
  endfacet
  facet normal 0 0 -1
    outer loop
      vertex -26.088 -17.7359 17.2
      vertex 26.088 -17.7359 17.2
      vertex -26.07 -18.01 17.2
    endloop
  endfacet
  facet normal 0 0 -1
    outer loop
      vertex 26.1416 -17.4665 17.2
      vertex -26.1416 -17.4665 17.2
      vertex 26.2299 -17.2064 17.2
    endloop
  endfacet
  facet normal 0 0 -1
    outer loop
      vertex -26.07 -18.01 17.2
      vertex 26.088 -17.7359 17.2
      vertex 26.07 -18.01 17.2
    endloop
  endfacet
  facet normal 0 0 -1
    outer loop
      vertex 26.2299 17.2064 17.2
      vertex -26.07 18.01 17.2
      vertex 26.1416 17.4665 17.2
    endloop
  endfacet
  facet normal 0 0 -1
    outer loop
      vertex 30.31 18.7866 17.2
      vertex 30.26 18.8 17.2
      vertex 30.2983 18.7924 17.2
    endloop
  endfacet
  facet normal 0 0 -1
    outer loop
      vertex 30.2983 18.7924 17.2
      vertex 30.26 18.8 17.2
      vertex 30.2859 18.7966 17.2
    endloop
  endfacet
  facet normal 0 0 -1
    outer loop
      vertex 30.2859 18.7966 17.2
      vertex 30.26 18.8 17.2
      vertex 30.2731 18.7991 17.2
    endloop
  endfacet
  facet normal -0 0 -1
    outer loop
      vertex 30.26 18.8 17.2
      vertex 30.1984 18.5535 17.2
      vertex 30.1148 18.8 17.2
    endloop
  endfacet
  facet normal 0 0 -1
    outer loop
      vertex -30.1984 18.5535 17.2
      vertex -30.26 18.8 17.2
      vertex -30.1148 18.8 17.2
    endloop
  endfacet
  facet normal 0 0 -1
    outer loop
      vertex -30.36 18.7 17.2
      vertex -30.1984 18.5535 17.2
      vertex -30.252 18.2841 17.2
    endloop
  endfacet
  facet normal 0 0 -1
    outer loop
      vertex -30.36 18.7 17.2
      vertex -30.252 18.2841 17.2
      vertex -30.27 18.01 17.2
    endloop
  endfacet
  facet normal 0 0 -1
    outer loop
      vertex -30.1984 18.5535 17.2
      vertex -30.36 18.7 17.2
      vertex -30.26 18.8 17.2
    endloop
  endfacet
  facet normal -0 0 -1
    outer loop
      vertex -30.27 -18.01 17.2
      vertex -30.36 -18.7 17.2
      vertex -30.27 18.01 17.2
    endloop
  endfacet
  facet normal 0 0 -1
    outer loop
      vertex -30.36 -18.7 17.2
      vertex -30.2731 -18.7991 17.2
      vertex -30.2859 -18.7966 17.2
    endloop
  endfacet
  facet normal 0 0 -1
    outer loop
      vertex -30.36 18.7 17.2
      vertex -30.27 18.01 17.2
      vertex -30.36 -18.7 17.2
    endloop
  endfacet
  facet normal 0 0 -1
    outer loop
      vertex -30.36 -18.7 17.2
      vertex -30.2859 -18.7966 17.2
      vertex -30.2983 -18.7924 17.2
    endloop
  endfacet
  facet normal 0 0 -1
    outer loop
      vertex -30.26 18.8 17.2
      vertex -30.36 18.7 17.2
      vertex -30.2731 18.7991 17.2
    endloop
  endfacet
  facet normal 0 0 -1
    outer loop
      vertex -30.36 -18.7 17.2
      vertex -30.2983 -18.7924 17.2
      vertex -30.31 -18.7866 17.2
    endloop
  endfacet
  facet normal 0 0 -1
    outer loop
      vertex -30.2731 18.7991 17.2
      vertex -30.36 18.7 17.2
      vertex -30.2859 18.7966 17.2
    endloop
  endfacet
  facet normal 0 0 -1
    outer loop
      vertex -30.36 -18.7 17.2
      vertex -30.31 -18.7866 17.2
      vertex -30.3209 -18.7793 17.2
    endloop
  endfacet
  facet normal 0 0 -1
    outer loop
      vertex -30.2859 18.7966 17.2
      vertex -30.36 18.7 17.2
      vertex -30.2983 18.7924 17.2
    endloop
  endfacet
  facet normal 0 0 -1
    outer loop
      vertex -30.36 -18.7 17.2
      vertex -30.3209 -18.7793 17.2
      vertex -30.3307 -18.7707 17.2
    endloop
  endfacet
  facet normal 0 0 -1
    outer loop
      vertex -30.2983 18.7924 17.2
      vertex -30.36 18.7 17.2
      vertex -30.31 18.7866 17.2
    endloop
  endfacet
  facet normal 0 0 -1
    outer loop
      vertex -30.36 -18.7 17.2
      vertex -30.3307 -18.7707 17.2
      vertex -30.3393 -18.7609 17.2
    endloop
  endfacet
  facet normal 0 0 -1
    outer loop
      vertex -30.31 18.7866 17.2
      vertex -30.36 18.7 17.2
      vertex -30.3209 18.7793 17.2
    endloop
  endfacet
  facet normal 0 0 -1
    outer loop
      vertex -30.36 -18.7 17.2
      vertex -30.3393 -18.7609 17.2
      vertex -30.3466 -18.75 17.2
    endloop
  endfacet
  facet normal 0 0 -1
    outer loop
      vertex -30.3209 18.7793 17.2
      vertex -30.36 18.7 17.2
      vertex -30.3307 18.7707 17.2
    endloop
  endfacet
  facet normal 0 0 -1
    outer loop
      vertex -30.36 -18.7 17.2
      vertex -30.3466 -18.75 17.2
      vertex -30.3524 -18.7383 17.2
    endloop
  endfacet
  facet normal 0 0 -1
    outer loop
      vertex -30.3307 18.7707 17.2
      vertex -30.36 18.7 17.2
      vertex -30.3393 18.7609 17.2
    endloop
  endfacet
  facet normal 0 0 -1
    outer loop
      vertex -30.36 -18.7 17.2
      vertex -30.3524 -18.7383 17.2
      vertex -30.3566 -18.7259 17.2
    endloop
  endfacet
  facet normal 0 0 -1
    outer loop
      vertex -30.3393 18.7609 17.2
      vertex -30.36 18.7 17.2
      vertex -30.3466 18.75 17.2
    endloop
  endfacet
  facet normal 0 0 -1
    outer loop
      vertex -30.36 -18.7 17.2
      vertex -30.3566 -18.7259 17.2
      vertex -30.3591 -18.7131 17.2
    endloop
  endfacet
  facet normal 0 0 -1
    outer loop
      vertex -30.3466 18.75 17.2
      vertex -30.36 18.7 17.2
      vertex -30.3524 18.7383 17.2
    endloop
  endfacet
  facet normal 0 0 -1
    outer loop
      vertex -30.3524 18.7383 17.2
      vertex -30.36 18.7 17.2
      vertex -30.3566 18.7259 17.2
    endloop
  endfacet
  facet normal 0 0 -1
    outer loop
      vertex -30.3566 18.7259 17.2
      vertex -30.36 18.7 17.2
      vertex -30.3591 18.7131 17.2
    endloop
  endfacet
  facet normal 0.897033 0.441964 0
    outer loop
      vertex -26.2299 -17.2064 17.2
      vertex -26.3513 -16.96 1.6
      vertex -26.3513 -16.96 17.2
    endloop
  endfacet
  facet normal 0.897033 0.441964 0
    outer loop
      vertex -26.3513 -16.96 1.6
      vertex -26.2299 -17.2064 17.2
      vertex -26.2299 -17.2064 1.6
    endloop
  endfacet
  facet normal 0.441964 -0.897033 0
    outer loop
      vertex -27.3664 -19.9501 1.6
      vertex -27.12 -19.8287 15.7
      vertex -27.3664 -19.9501 15.7
    endloop
  endfacet
  facet normal 0.441964 -0.897033 0
    outer loop
      vertex -27.12 -19.8287 15.7
      vertex -27.3664 -19.9501 1.6
      vertex -27.12 -19.8287 1.6
    endloop
  endfacet
  facet normal 0.831322 -0.555792 0
    outer loop
      vertex -26.504 -19.2884 15.7
      vertex -26.3513 -19.06 1.6
      vertex -26.3513 -19.06 15.7
    endloop
  endfacet
  facet normal 0.831322 -0.555792 0
    outer loop
      vertex -26.3513 -19.06 1.6
      vertex -26.504 -19.2884 15.7
      vertex -26.504 -19.2884 1.6
    endloop
  endfacet
  facet normal 0.441964 0.897033 -0
    outer loop
      vertex -27.12 -16.1913 1.6
      vertex -27.3664 -16.0699 17.2
      vertex -27.12 -16.1913 17.2
    endloop
  endfacet
  facet normal 0.441964 0.897033 0
    outer loop
      vertex -27.3664 -16.0699 17.2
      vertex -27.12 -16.1913 1.6
      vertex -27.3664 -16.0699 1.6
    endloop
  endfacet
  facet normal 0.320988 -0.947083 0
    outer loop
      vertex -27.6265 -20.0384 17.2
      vertex -27.5132 -20 15.7
      vertex -27.5132 -20 17.2
    endloop
  endfacet
  facet normal 0.320988 -0.947083 0
    outer loop
      vertex -27.6265 -20.0384 1.6
      vertex -27.5132 -20 15.7
      vertex -27.6265 -20.0384 17.2
    endloop
  endfacet
  facet normal 0.321833 -0.946796 -7.57024e-06
    outer loop
      vertex -27.6265 -20.0384 1.6
      vertex -27.3664 -19.9501 15.7
      vertex -27.5132 -20 15.7
    endloop
  endfacet
  facet normal 0.321465 -0.946921 0
    outer loop
      vertex -27.3664 -19.9501 15.7
      vertex -27.6265 -20.0384 1.6
      vertex -27.3664 -19.9501 1.6
    endloop
  endfacet
  facet normal -0.659355 0.751832 0
    outer loop
      vertex -29.4484 -16.344 1.6
      vertex -29.6549 -16.5251 17.2
      vertex -29.4484 -16.344 17.2
    endloop
  endfacet
  facet normal -0.659355 0.751832 0
    outer loop
      vertex -29.6549 -16.5251 17.2
      vertex -29.4484 -16.344 1.6
      vertex -29.6549 -16.5251 1.6
    endloop
  endfacet
  facet normal 0.947018 -0.321179 0
    outer loop
      vertex -26.2252 -18.8 15.7
      vertex -26.1416 -18.5535 17.2
      vertex -26.2252 -18.8 17.2
    endloop
  endfacet
  facet normal 0.947018 -0.321179 0
    outer loop
      vertex -26.1416 -18.5535 17.2
      vertex -26.2252 -18.8 15.7
      vertex -26.1416 -18.5535 1.6
    endloop
  endfacet
  facet normal 0.945151 -0.326633 0
    outer loop
      vertex -26.2299 -18.8136 1.6
      vertex -26.2252 -18.8 15.7
      vertex -26.2299 -18.8136 15.7
    endloop
  endfacet
  facet normal 0.946921 -0.321465 -5.57451e-06
    outer loop
      vertex -26.2252 -18.8 15.7
      vertex -26.2299 -18.8136 1.6
      vertex -26.1416 -18.5535 1.6
    endloop
  endfacet
  facet normal -0.321465 0.946921 0
    outer loop
      vertex -28.7135 -15.9816 1.6
      vertex -28.9736 -16.0699 17.2
      vertex -28.7135 -15.9816 17.2
    endloop
  endfacet
  facet normal -0.321465 0.946921 0
    outer loop
      vertex -28.9736 -16.0699 17.2
      vertex -28.7135 -15.9816 1.6
      vertex -28.9736 -16.0699 1.6
    endloop
  endfacet
  facet normal -0.659355 -0.751832 0
    outer loop
      vertex -29.6549 -19.4949 1.6
      vertex -29.4484 -19.676 15.7
      vertex -29.6549 -19.4949 15.7
    endloop
  endfacet
  facet normal -0.659355 -0.751832 -0
    outer loop
      vertex -29.4484 -19.676 15.7
      vertex -29.6549 -19.4949 1.6
      vertex -29.4484 -19.676 1.6
    endloop
  endfacet
  facet normal 0.195136 0.980776 -0
    outer loop
      vertex -27.6265 -15.9816 1.6
      vertex -27.8959 -15.928 17.2
      vertex -27.6265 -15.9816 17.2
    endloop
  endfacet
  facet normal 0.195136 0.980776 0
    outer loop
      vertex -27.8959 -15.928 17.2
      vertex -27.6265 -15.9816 1.6
      vertex -27.8959 -15.928 1.6
    endloop
  endfacet
  facet normal -0.997851 0.0655283 0
    outer loop
      vertex -30.27 -18.01 1.6
      vertex -30.252 -17.7359 17.2
      vertex -30.252 -17.7359 1.6
    endloop
  endfacet
  facet normal -0.997851 0.0655283 0
    outer loop
      vertex -30.252 -17.7359 17.2
      vertex -30.27 -18.01 1.6
      vertex -30.27 -18.01 17.2
    endloop
  endfacet
  facet normal 0.751832 -0.659355 0
    outer loop
      vertex -26.6851 -19.4949 15.7
      vertex -26.504 -19.2884 1.6
      vertex -26.504 -19.2884 15.7
    endloop
  endfacet
  facet normal 0.751832 -0.659355 0
    outer loop
      vertex -26.504 -19.2884 1.6
      vertex -26.6851 -19.4949 15.7
      vertex -26.6851 -19.4949 1.6
    endloop
  endfacet
  facet normal -0.831322 0.555792 0
    outer loop
      vertex -29.9887 -16.96 1.6
      vertex -29.836 -16.7316 17.2
      vertex -29.836 -16.7316 1.6
    endloop
  endfacet
  facet normal -0.831322 0.555792 0
    outer loop
      vertex -29.836 -16.7316 17.2
      vertex -29.9887 -16.96 1.6
      vertex -29.9887 -16.96 17.2
    endloop
  endfacet
  facet normal -0.555792 0.831322 0
    outer loop
      vertex -29.22 -16.1913 1.6
      vertex -29.4484 -16.344 17.2
      vertex -29.22 -16.1913 17.2
    endloop
  endfacet
  facet normal -0.555792 0.831322 0
    outer loop
      vertex -29.4484 -16.344 17.2
      vertex -29.22 -16.1913 1.6
      vertex -29.4484 -16.344 1.6
    endloop
  endfacet
  facet normal -0.897033 0.441964 0
    outer loop
      vertex -30.1101 -17.2064 1.6
      vertex -29.9887 -16.96 17.2
      vertex -29.9887 -16.96 1.6
    endloop
  endfacet
  facet normal -0.897033 0.441964 0
    outer loop
      vertex -29.9887 -16.96 17.2
      vertex -30.1101 -17.2064 1.6
      vertex -30.1101 -17.2064 17.2
    endloop
  endfacet
  facet normal 0.897033 -0.441964 0
    outer loop
      vertex -26.3513 -19.06 15.7
      vertex -26.2299 -18.8136 1.6
      vertex -26.2299 -18.8136 15.7
    endloop
  endfacet
  facet normal 0.897033 -0.441964 0
    outer loop
      vertex -26.2299 -18.8136 1.6
      vertex -26.3513 -19.06 15.7
      vertex -26.3513 -19.06 1.6
    endloop
  endfacet
  facet normal 0.997851 -0.0655283 0
    outer loop
      vertex -26.088 -18.2841 17.2
      vertex -26.07 -18.01 1.6
      vertex -26.07 -18.01 17.2
    endloop
  endfacet
  facet normal 0.997851 -0.0655283 0
    outer loop
      vertex -26.07 -18.01 1.6
      vertex -26.088 -18.2841 17.2
      vertex -26.088 -18.2841 1.6
    endloop
  endfacet
  facet normal 0.659355 0.751832 -0
    outer loop
      vertex -26.6851 -16.5251 1.6
      vertex -26.8916 -16.344 17.2
      vertex -26.6851 -16.5251 17.2
    endloop
  endfacet
  facet normal 0.659355 0.751832 0
    outer loop
      vertex -26.8916 -16.344 17.2
      vertex -26.6851 -16.5251 1.6
      vertex -26.8916 -16.344 1.6
    endloop
  endfacet
  facet normal 0.195136 -0.980776 0
    outer loop
      vertex -27.8959 -20.092 1.6
      vertex -27.6265 -20.0384 17.2
      vertex -27.8959 -20.092 17.2
    endloop
  endfacet
  facet normal 0.195136 -0.980776 0
    outer loop
      vertex -27.6265 -20.0384 17.2
      vertex -27.8959 -20.092 1.6
      vertex -27.6265 -20.0384 1.6
    endloop
  endfacet
  facet normal -0.195136 0.980776 0
    outer loop
      vertex -28.4441 -15.928 1.6
      vertex -28.7135 -15.9816 17.2
      vertex -28.4441 -15.928 17.2
    endloop
  endfacet
  facet normal -0.195136 0.980776 0
    outer loop
      vertex -28.7135 -15.9816 17.2
      vertex -28.4441 -15.928 1.6
      vertex -28.7135 -15.9816 1.6
    endloop
  endfacet
  facet normal 0.555792 0.831322 -0
    outer loop
      vertex -26.8916 -16.344 1.6
      vertex -27.12 -16.1913 17.2
      vertex -26.8916 -16.344 17.2
    endloop
  endfacet
  facet normal 0.555792 0.831322 0
    outer loop
      vertex -27.12 -16.1913 17.2
      vertex -26.8916 -16.344 1.6
      vertex -27.12 -16.1913 1.6
    endloop
  endfacet
  facet normal 0.831322 0.555792 0
    outer loop
      vertex -26.3513 -16.96 17.2
      vertex -26.504 -16.7316 1.6
      vertex -26.504 -16.7316 17.2
    endloop
  endfacet
  facet normal 0.831322 0.555792 0
    outer loop
      vertex -26.504 -16.7316 1.6
      vertex -26.3513 -16.96 17.2
      vertex -26.3513 -16.96 1.6
    endloop
  endfacet
  facet normal -0.946921 0.321465 0
    outer loop
      vertex -30.1984 -17.4665 1.6
      vertex -30.1101 -17.2064 17.2
      vertex -30.1101 -17.2064 1.6
    endloop
  endfacet
  facet normal -0.946921 0.321465 0
    outer loop
      vertex -30.1101 -17.2064 17.2
      vertex -30.1984 -17.4665 1.6
      vertex -30.1984 -17.4665 17.2
    endloop
  endfacet
  facet normal 0.946921 0.321465 0
    outer loop
      vertex -26.1416 -17.4665 17.2
      vertex -26.2299 -17.2064 1.6
      vertex -26.2299 -17.2064 17.2
    endloop
  endfacet
  facet normal 0.946921 0.321465 0
    outer loop
      vertex -26.2299 -17.2064 1.6
      vertex -26.1416 -17.4665 17.2
      vertex -26.1416 -17.4665 1.6
    endloop
  endfacet
  facet normal -0.441964 -0.897033 0
    outer loop
      vertex -29.22 -19.8287 1.6
      vertex -28.9736 -19.9501 15.7
      vertex -29.22 -19.8287 15.7
    endloop
  endfacet
  facet normal -0.441964 -0.897033 -0
    outer loop
      vertex -28.9736 -19.9501 15.7
      vertex -29.22 -19.8287 1.6
      vertex -28.9736 -19.9501 1.6
    endloop
  endfacet
  facet normal -0.897033 -0.441964 0
    outer loop
      vertex -29.9887 -19.06 1.6
      vertex -30.1101 -18.8136 15.7
      vertex -30.1101 -18.8136 1.6
    endloop
  endfacet
  facet normal -0.897033 -0.441964 0
    outer loop
      vertex -30.1101 -18.8136 15.7
      vertex -29.9887 -19.06 1.6
      vertex -29.9887 -19.06 15.7
    endloop
  endfacet
  facet normal -0.441964 0.897033 0
    outer loop
      vertex -28.9736 -16.0699 1.6
      vertex -29.22 -16.1913 17.2
      vertex -28.9736 -16.0699 17.2
    endloop
  endfacet
  facet normal -0.441964 0.897033 0
    outer loop
      vertex -29.22 -16.1913 17.2
      vertex -28.9736 -16.0699 1.6
      vertex -29.22 -16.1913 1.6
    endloop
  endfacet
  facet normal 0.0655283 0.997851 -0
    outer loop
      vertex -27.8959 -15.928 1.6
      vertex -28.17 -15.91 17.2
      vertex -27.8959 -15.928 17.2
    endloop
  endfacet
  facet normal 0.0655283 0.997851 0
    outer loop
      vertex -28.17 -15.91 17.2
      vertex -27.8959 -15.928 1.6
      vertex -28.17 -15.91 1.6
    endloop
  endfacet
  facet normal -0.751832 0.659355 0
    outer loop
      vertex -29.836 -16.7316 1.6
      vertex -29.6549 -16.5251 17.2
      vertex -29.6549 -16.5251 1.6
    endloop
  endfacet
  facet normal -0.751832 0.659355 0
    outer loop
      vertex -29.6549 -16.5251 17.2
      vertex -29.836 -16.7316 1.6
      vertex -29.836 -16.7316 17.2
    endloop
  endfacet
  facet normal -0.997851 -0.0655283 0
    outer loop
      vertex -30.252 -18.2841 1.6
      vertex -30.27 -18.01 17.2
      vertex -30.27 -18.01 1.6
    endloop
  endfacet
  facet normal -0.997851 -0.0655283 0
    outer loop
      vertex -30.27 -18.01 17.2
      vertex -30.252 -18.2841 1.6
      vertex -30.252 -18.2841 17.2
    endloop
  endfacet
  facet normal -0.555792 -0.831322 0
    outer loop
      vertex -29.4484 -19.676 1.6
      vertex -29.22 -19.8287 15.7
      vertex -29.4484 -19.676 15.7
    endloop
  endfacet
  facet normal -0.555792 -0.831322 -0
    outer loop
      vertex -29.22 -19.8287 15.7
      vertex -29.4484 -19.676 1.6
      vertex -29.22 -19.8287 1.6
    endloop
  endfacet
  facet normal 0.751832 0.659355 0
    outer loop
      vertex -26.504 -16.7316 17.2
      vertex -26.6851 -16.5251 1.6
      vertex -26.6851 -16.5251 17.2
    endloop
  endfacet
  facet normal 0.751832 0.659355 0
    outer loop
      vertex -26.6851 -16.5251 1.6
      vertex -26.504 -16.7316 17.2
      vertex -26.504 -16.7316 1.6
    endloop
  endfacet
  facet normal -0.947018 -0.321179 0
    outer loop
      vertex -30.1984 -18.5535 1.6
      vertex -30.1148 -18.8 15.7
      vertex -30.1984 -18.5535 17.2
    endloop
  endfacet
  facet normal -0.946921 -0.321465 -5.57451e-06
    outer loop
      vertex -30.1101 -18.8136 1.6
      vertex -30.1148 -18.8 15.7
      vertex -30.1984 -18.5535 1.6
    endloop
  endfacet
  facet normal -0.945151 -0.326633 0
    outer loop
      vertex -30.1148 -18.8 15.7
      vertex -30.1101 -18.8136 1.6
      vertex -30.1101 -18.8136 15.7
    endloop
  endfacet
  facet normal -0.947018 -0.321179 0
    outer loop
      vertex -30.1984 -18.5535 17.2
      vertex -30.1148 -18.8 15.7
      vertex -30.1148 -18.8 17.2
    endloop
  endfacet
  facet normal -0.831322 -0.555792 0
    outer loop
      vertex -29.836 -19.2884 1.6
      vertex -29.9887 -19.06 15.7
      vertex -29.9887 -19.06 1.6
    endloop
  endfacet
  facet normal -0.831322 -0.555792 0
    outer loop
      vertex -29.9887 -19.06 15.7
      vertex -29.836 -19.2884 1.6
      vertex -29.836 -19.2884 15.7
    endloop
  endfacet
  facet normal -0.980776 0.195136 0
    outer loop
      vertex -30.252 -17.7359 1.6
      vertex -30.1984 -17.4665 17.2
      vertex -30.1984 -17.4665 1.6
    endloop
  endfacet
  facet normal -0.980776 0.195136 0
    outer loop
      vertex -30.1984 -17.4665 17.2
      vertex -30.252 -17.7359 1.6
      vertex -30.252 -17.7359 17.2
    endloop
  endfacet
  facet normal -0.321833 -0.946796 -0
    outer loop
      vertex -28.9736 -19.9501 15.7
      vertex -28.9736 -19.9501 1.6
      vertex -28.8268 -20 15.7
    endloop
  endfacet
  facet normal -0.320988 -0.947083 0
    outer loop
      vertex -28.8268 -20 15.7
      vertex -28.7135 -20.0384 17.2
      vertex -28.8268 -20 17.2
    endloop
  endfacet
  facet normal -0.321465 -0.946921 -4.27319e-06
    outer loop
      vertex -28.7135 -20.0384 1.6
      vertex -28.8268 -20 15.7
      vertex -28.9736 -19.9501 1.6
    endloop
  endfacet
  facet normal -0.320988 -0.947083 0
    outer loop
      vertex -28.8268 -20 15.7
      vertex -28.7135 -20.0384 1.6
      vertex -28.7135 -20.0384 17.2
    endloop
  endfacet
  facet normal -0.751832 -0.659355 0
    outer loop
      vertex -29.6549 -19.4949 1.6
      vertex -29.836 -19.2884 15.7
      vertex -29.836 -19.2884 1.6
    endloop
  endfacet
  facet normal -0.751832 -0.659355 0
    outer loop
      vertex -29.836 -19.2884 15.7
      vertex -29.6549 -19.4949 1.6
      vertex -29.6549 -19.4949 15.7
    endloop
  endfacet
  facet normal -0.0655283 0.997851 0
    outer loop
      vertex -28.17 -15.91 1.6
      vertex -28.4441 -15.928 17.2
      vertex -28.17 -15.91 17.2
    endloop
  endfacet
  facet normal -0.0655283 0.997851 0
    outer loop
      vertex -28.4441 -15.928 17.2
      vertex -28.17 -15.91 1.6
      vertex -28.4441 -15.928 1.6
    endloop
  endfacet
  facet normal -0.0655283 -0.997851 0
    outer loop
      vertex -28.4441 -20.092 1.6
      vertex -28.17 -20.11 17.2
      vertex -28.4441 -20.092 17.2
    endloop
  endfacet
  facet normal -0.0655283 -0.997851 -0
    outer loop
      vertex -28.17 -20.11 17.2
      vertex -28.4441 -20.092 1.6
      vertex -28.17 -20.11 1.6
    endloop
  endfacet
  facet normal 0.980776 0.195136 0
    outer loop
      vertex -26.088 18.2841 17.2
      vertex -26.1416 18.5535 1.6
      vertex -26.1416 18.5535 17.2
    endloop
  endfacet
  facet normal 0.980776 0.195136 0
    outer loop
      vertex -26.1416 18.5535 1.6
      vertex -26.088 18.2841 17.2
      vertex -26.088 18.2841 1.6
    endloop
  endfacet
  facet normal 0.997851 0.0655283 0
    outer loop
      vertex -26.07 18.01 17.2
      vertex -26.088 18.2841 1.6
      vertex -26.088 18.2841 17.2
    endloop
  endfacet
  facet normal 0.997851 0.0655283 0
    outer loop
      vertex -26.088 18.2841 1.6
      vertex -26.07 18.01 17.2
      vertex -26.07 18.01 1.6
    endloop
  endfacet
  facet normal 0.195136 0.980776 -0
    outer loop
      vertex -27.6265 20.0384 1.6
      vertex -27.8959 20.092 17.2
      vertex -27.6265 20.0384 17.2
    endloop
  endfacet
  facet normal 0.195136 0.980776 0
    outer loop
      vertex -27.8959 20.092 17.2
      vertex -27.6265 20.0384 1.6
      vertex -27.8959 20.092 1.6
    endloop
  endfacet
  facet normal -0.195136 0.980776 0
    outer loop
      vertex -28.4441 20.092 1.6
      vertex -28.7135 20.0384 17.2
      vertex -28.4441 20.092 17.2
    endloop
  endfacet
  facet normal -0.195136 0.980776 0
    outer loop
      vertex -28.7135 20.0384 17.2
      vertex -28.4441 20.092 1.6
      vertex -28.7135 20.0384 1.6
    endloop
  endfacet
  facet normal 0.751832 0.659355 0
    outer loop
      vertex -26.504 19.2884 15.7
      vertex -26.6851 19.4949 1.6
      vertex -26.6851 19.4949 15.7
    endloop
  endfacet
  facet normal 0.751832 0.659355 0
    outer loop
      vertex -26.6851 19.4949 1.6
      vertex -26.504 19.2884 15.7
      vertex -26.504 19.2884 1.6
    endloop
  endfacet
  facet normal 0.441964 -0.897033 0
    outer loop
      vertex -27.3664 16.0699 1.6
      vertex -27.12 16.1913 17.2
      vertex -27.3664 16.0699 17.2
    endloop
  endfacet
  facet normal 0.441964 -0.897033 0
    outer loop
      vertex -27.12 16.1913 17.2
      vertex -27.3664 16.0699 1.6
      vertex -27.12 16.1913 1.6
    endloop
  endfacet
  facet normal 0.555792 -0.831322 0
    outer loop
      vertex -27.12 16.1913 1.6
      vertex -26.8916 16.344 17.2
      vertex -27.12 16.1913 17.2
    endloop
  endfacet
  facet normal 0.555792 -0.831322 0
    outer loop
      vertex -26.8916 16.344 17.2
      vertex -27.12 16.1913 1.6
      vertex -26.8916 16.344 1.6
    endloop
  endfacet
  facet normal 0.195136 -0.980776 0
    outer loop
      vertex -27.8959 15.928 1.6
      vertex -27.6265 15.9816 17.2
      vertex -27.8959 15.928 17.2
    endloop
  endfacet
  facet normal 0.195136 -0.980776 0
    outer loop
      vertex -27.6265 15.9816 17.2
      vertex -27.8959 15.928 1.6
      vertex -27.6265 15.9816 1.6
    endloop
  endfacet
  facet normal 0.997851 -0.0655283 0
    outer loop
      vertex -26.088 17.7359 17.2
      vertex -26.07 18.01 1.6
      vertex -26.07 18.01 17.2
    endloop
  endfacet
  facet normal 0.997851 -0.0655283 0
    outer loop
      vertex -26.07 18.01 1.6
      vertex -26.088 17.7359 17.2
      vertex -26.088 17.7359 1.6
    endloop
  endfacet
  facet normal 0.659355 0.751832 -0
    outer loop
      vertex -26.6851 19.4949 1.6
      vertex -26.8916 19.676 15.7
      vertex -26.6851 19.4949 15.7
    endloop
  endfacet
  facet normal 0.659355 0.751832 0
    outer loop
      vertex -26.8916 19.676 15.7
      vertex -26.6851 19.4949 1.6
      vertex -26.8916 19.676 1.6
    endloop
  endfacet
  facet normal 0.659355 -0.751832 0
    outer loop
      vertex -26.8916 16.344 1.6
      vertex -26.6851 16.5251 17.2
      vertex -26.8916 16.344 17.2
    endloop
  endfacet
  facet normal 0.659355 -0.751832 0
    outer loop
      vertex -26.6851 16.5251 17.2
      vertex -26.8916 16.344 1.6
      vertex -26.6851 16.5251 1.6
    endloop
  endfacet
  facet normal 0.441964 0.897033 -0
    outer loop
      vertex -27.12 19.8287 1.6
      vertex -27.3664 19.9501 15.7
      vertex -27.12 19.8287 15.7
    endloop
  endfacet
  facet normal 0.441964 0.897033 0
    outer loop
      vertex -27.3664 19.9501 15.7
      vertex -27.12 19.8287 1.6
      vertex -27.3664 19.9501 1.6
    endloop
  endfacet
  facet normal -0.321465 -0.946921 0
    outer loop
      vertex -28.9736 16.0699 1.6
      vertex -28.7135 15.9816 17.2
      vertex -28.9736 16.0699 17.2
    endloop
  endfacet
  facet normal -0.321465 -0.946921 -0
    outer loop
      vertex -28.7135 15.9816 17.2
      vertex -28.9736 16.0699 1.6
      vertex -28.7135 15.9816 1.6
    endloop
  endfacet
  facet normal -0.555792 0.831322 0
    outer loop
      vertex -29.22 19.8287 1.6
      vertex -29.4484 19.676 15.7
      vertex -29.22 19.8287 15.7
    endloop
  endfacet
  facet normal -0.555792 0.831322 0
    outer loop
      vertex -29.4484 19.676 15.7
      vertex -29.22 19.8287 1.6
      vertex -29.4484 19.676 1.6
    endloop
  endfacet
  facet normal -0.897033 -0.441964 0
    outer loop
      vertex -29.9887 16.96 1.6
      vertex -30.1101 17.2064 17.2
      vertex -30.1101 17.2064 1.6
    endloop
  endfacet
  facet normal -0.897033 -0.441964 0
    outer loop
      vertex -30.1101 17.2064 17.2
      vertex -29.9887 16.96 1.6
      vertex -29.9887 16.96 17.2
    endloop
  endfacet
  facet normal -0.945151 0.326633 0
    outer loop
      vertex -30.1101 18.8136 1.6
      vertex -30.1148 18.8 15.7
      vertex -30.1101 18.8136 15.7
    endloop
  endfacet
  facet normal -0.946921 0.321465 -5.57451e-06
    outer loop
      vertex -30.1984 18.5535 1.6
      vertex -30.1148 18.8 15.7
      vertex -30.1101 18.8136 1.6
    endloop
  endfacet
  facet normal -0.947018 0.321179 0
    outer loop
      vertex -30.1984 18.5535 17.2
      vertex -30.1148 18.8 15.7
      vertex -30.1984 18.5535 1.6
    endloop
  endfacet
  facet normal -0.947018 0.321179 0
    outer loop
      vertex -30.1148 18.8 15.7
      vertex -30.1984 18.5535 17.2
      vertex -30.1148 18.8 17.2
    endloop
  endfacet
  facet normal 0.751832 -0.659355 0
    outer loop
      vertex -26.6851 16.5251 17.2
      vertex -26.504 16.7316 1.6
      vertex -26.504 16.7316 17.2
    endloop
  endfacet
  facet normal 0.751832 -0.659355 0
    outer loop
      vertex -26.504 16.7316 1.6
      vertex -26.6851 16.5251 17.2
      vertex -26.6851 16.5251 1.6
    endloop
  endfacet
  facet normal 0.555792 0.831322 -0
    outer loop
      vertex -26.8916 19.676 1.6
      vertex -27.12 19.8287 15.7
      vertex -26.8916 19.676 15.7
    endloop
  endfacet
  facet normal 0.555792 0.831322 0
    outer loop
      vertex -27.12 19.8287 15.7
      vertex -26.8916 19.676 1.6
      vertex -27.12 19.8287 1.6
    endloop
  endfacet
  facet normal 0.831322 0.555792 0
    outer loop
      vertex -26.3513 19.06 15.7
      vertex -26.504 19.2884 1.6
      vertex -26.504 19.2884 15.7
    endloop
  endfacet
  facet normal 0.831322 0.555792 0
    outer loop
      vertex -26.504 19.2884 1.6
      vertex -26.3513 19.06 15.7
      vertex -26.3513 19.06 1.6
    endloop
  endfacet
  facet normal -0.555792 -0.831322 0
    outer loop
      vertex -29.4484 16.344 1.6
      vertex -29.22 16.1913 17.2
      vertex -29.4484 16.344 17.2
    endloop
  endfacet
  facet normal -0.555792 -0.831322 -0
    outer loop
      vertex -29.22 16.1913 17.2
      vertex -29.4484 16.344 1.6
      vertex -29.22 16.1913 1.6
    endloop
  endfacet
  facet normal 0.980776 -0.195136 0
    outer loop
      vertex -26.1416 17.4665 17.2
      vertex -26.088 17.7359 1.6
      vertex -26.088 17.7359 17.2
    endloop
  endfacet
  facet normal 0.980776 -0.195136 0
    outer loop
      vertex -26.088 17.7359 1.6
      vertex -26.1416 17.4665 17.2
      vertex -26.1416 17.4665 1.6
    endloop
  endfacet
  facet normal 0.321465 -0.946921 0
    outer loop
      vertex -27.6265 15.9816 1.6
      vertex -27.3664 16.0699 17.2
      vertex -27.6265 15.9816 17.2
    endloop
  endfacet
  facet normal 0.321465 -0.946921 0
    outer loop
      vertex -27.3664 16.0699 17.2
      vertex -27.6265 15.9816 1.6
      vertex -27.3664 16.0699 1.6
    endloop
  endfacet
  facet normal -0.659355 0.751832 0
    outer loop
      vertex -29.4484 19.676 1.6
      vertex -29.6549 19.4949 15.7
      vertex -29.4484 19.676 15.7
    endloop
  endfacet
  facet normal -0.659355 0.751832 0
    outer loop
      vertex -29.6549 19.4949 15.7
      vertex -29.4484 19.676 1.6
      vertex -29.6549 19.4949 1.6
    endloop
  endfacet
  facet normal -0.441964 0.897033 0
    outer loop
      vertex -28.9736 19.9501 1.6
      vertex -29.22 19.8287 15.7
      vertex -28.9736 19.9501 15.7
    endloop
  endfacet
  facet normal -0.441964 0.897033 0
    outer loop
      vertex -29.22 19.8287 15.7
      vertex -28.9736 19.9501 1.6
      vertex -29.22 19.8287 1.6
    endloop
  endfacet
  facet normal -0.0655283 -0.997851 0
    outer loop
      vertex -28.4441 15.928 1.6
      vertex -28.17 15.91 17.2
      vertex -28.4441 15.928 17.2
    endloop
  endfacet
  facet normal -0.0655283 -0.997851 -0
    outer loop
      vertex -28.17 15.91 17.2
      vertex -28.4441 15.928 1.6
      vertex -28.17 15.91 1.6
    endloop
  endfacet
  facet normal 0 0 -1
    outer loop
      vertex -27.32 18.01 1.6
      vertex -26.07 18.01 1.6
      vertex -26.088 17.7359 1.6
    endloop
  endfacet
  facet normal 0 0 -1
    outer loop
      vertex -27.3273 17.8991 1.6
      vertex -26.088 17.7359 1.6
      vertex -26.1416 17.4665 1.6
    endloop
  endfacet
  facet normal 0 0 -1
    outer loop
      vertex -26.07 18.01 1.6
      vertex -27.32 18.01 1.6
      vertex -26.088 18.2841 1.6
    endloop
  endfacet
  facet normal 0 0 -1
    outer loop
      vertex -27.349 17.79 1.6
      vertex -26.1416 17.4665 1.6
      vertex -26.2299 17.2064 1.6
    endloop
  endfacet
  facet normal 0 0 -1
    outer loop
      vertex -27.3273 18.1209 1.6
      vertex -26.088 18.2841 1.6
      vertex -27.32 18.01 1.6
    endloop
  endfacet
  facet normal 0 0 -1
    outer loop
      vertex -27.3847 17.6847 1.6
      vertex -26.2299 17.2064 1.6
      vertex -26.3513 16.96 1.6
    endloop
  endfacet
  facet normal -0 0 -1
    outer loop
      vertex -26.088 18.2841 1.6
      vertex -27.3273 18.1209 1.6
      vertex -26.1416 18.5535 1.6
    endloop
  endfacet
  facet normal 0 0 -1
    outer loop
      vertex -27.4339 17.585 1.6
      vertex -26.3513 16.96 1.6
      vertex -26.504 16.7316 1.6
    endloop
  endfacet
  facet normal 0 0 -1
    outer loop
      vertex -27.349 18.23 1.6
      vertex -26.1416 18.5535 1.6
      vertex -27.3273 18.1209 1.6
    endloop
  endfacet
  facet normal 0 0 -1
    outer loop
      vertex -27.4956 17.4926 1.6
      vertex -26.504 16.7316 1.6
      vertex -26.6851 16.5251 1.6
    endloop
  endfacet
  facet normal -0 0 -1
    outer loop
      vertex -26.1416 18.5535 1.6
      vertex -27.349 18.23 1.6
      vertex -26.2299 18.8136 1.6
    endloop
  endfacet
  facet normal 0 0 -1
    outer loop
      vertex -27.569 17.409 1.6
      vertex -26.6851 16.5251 1.6
      vertex -26.8916 16.344 1.6
    endloop
  endfacet
  facet normal 0 0 -1
    outer loop
      vertex -27.3847 18.3353 1.6
      vertex -26.2299 18.8136 1.6
      vertex -27.349 18.23 1.6
    endloop
  endfacet
  facet normal 0 0 -1
    outer loop
      vertex -27.6526 17.3356 1.6
      vertex -26.8916 16.344 1.6
      vertex -27.12 16.1913 1.6
    endloop
  endfacet
  facet normal -0 0 -1
    outer loop
      vertex -26.2299 18.8136 1.6
      vertex -27.3847 18.3353 1.6
      vertex -26.3513 19.06 1.6
    endloop
  endfacet
  facet normal 0 0 -1
    outer loop
      vertex -27.4339 18.435 1.6
      vertex -26.3513 19.06 1.6
      vertex -27.3847 18.3353 1.6
    endloop
  endfacet
  facet normal 0 0 -1
    outer loop
      vertex -26.088 17.7359 1.6
      vertex -27.3273 17.8991 1.6
      vertex -27.32 18.01 1.6
    endloop
  endfacet
  facet normal 0 0 -1
    outer loop
      vertex -26.1416 17.4665 1.6
      vertex -27.349 17.79 1.6
      vertex -27.3273 17.8991 1.6
    endloop
  endfacet
  facet normal 0 0 -1
    outer loop
      vertex -27.745 17.2739 1.6
      vertex -27.12 16.1913 1.6
      vertex -27.3664 16.0699 1.6
    endloop
  endfacet
  facet normal 0 0 -1
    outer loop
      vertex -26.2299 17.2064 1.6
      vertex -27.3847 17.6847 1.6
      vertex -27.349 17.79 1.6
    endloop
  endfacet
  facet normal 0 0 -1
    outer loop
      vertex -26.3513 16.96 1.6
      vertex -27.4339 17.585 1.6
      vertex -27.3847 17.6847 1.6
    endloop
  endfacet
  facet normal 0 0 -1
    outer loop
      vertex -26.504 16.7316 1.6
      vertex -27.4956 17.4926 1.6
      vertex -27.4339 17.585 1.6
    endloop
  endfacet
  facet normal 0 0 -1
    outer loop
      vertex -26.6851 16.5251 1.6
      vertex -27.569 17.409 1.6
      vertex -27.4956 17.4926 1.6
    endloop
  endfacet
  facet normal 0 0 -1
    outer loop
      vertex -27.8447 17.2247 1.6
      vertex -27.3664 16.0699 1.6
      vertex -27.6265 15.9816 1.6
    endloop
  endfacet
  facet normal 0 0 -1
    outer loop
      vertex -26.8916 16.344 1.6
      vertex -27.6526 17.3356 1.6
      vertex -27.569 17.409 1.6
    endloop
  endfacet
  facet normal 0 0 -1
    outer loop
      vertex -27.12 16.1913 1.6
      vertex -27.745 17.2739 1.6
      vertex -27.6526 17.3356 1.6
    endloop
  endfacet
  facet normal 0 0 -1
    outer loop
      vertex -27.3664 16.0699 1.6
      vertex -27.8447 17.2247 1.6
      vertex -27.745 17.2739 1.6
    endloop
  endfacet
  facet normal 0 0 -1
    outer loop
      vertex -27.95 17.189 1.6
      vertex -27.6265 15.9816 1.6
      vertex -27.8959 15.928 1.6
    endloop
  endfacet
  facet normal 0 0 -1
    outer loop
      vertex -27.6265 15.9816 1.6
      vertex -27.95 17.189 1.6
      vertex -27.8447 17.2247 1.6
    endloop
  endfacet
  facet normal 0 0 -1
    outer loop
      vertex -27.8959 15.928 1.6
      vertex -28.0591 17.1673 1.6
      vertex -27.95 17.189 1.6
    endloop
  endfacet
  facet normal 0 0 -1
    outer loop
      vertex -28.17 15.91 1.6
      vertex -28.0591 17.1673 1.6
      vertex -27.8959 15.928 1.6
    endloop
  endfacet
  facet normal 0 0 -1
    outer loop
      vertex -28.17 15.91 1.6
      vertex -28.17 17.16 1.6
      vertex -28.0591 17.1673 1.6
    endloop
  endfacet
  facet normal 0 0 -1
    outer loop
      vertex -28.17 15.91 1.6
      vertex -28.2809 17.1673 1.6
      vertex -28.17 17.16 1.6
    endloop
  endfacet
  facet normal 0 0 -1
    outer loop
      vertex -28.4441 15.928 1.6
      vertex -28.2809 17.1673 1.6
      vertex -28.17 15.91 1.6
    endloop
  endfacet
  facet normal -0 0 -1
    outer loop
      vertex -28.2809 17.1673 1.6
      vertex -28.4441 15.928 1.6
      vertex -28.39 17.189 1.6
    endloop
  endfacet
  facet normal 0 0 -1
    outer loop
      vertex -28.7135 15.9816 1.6
      vertex -28.39 17.189 1.6
      vertex -28.4441 15.928 1.6
    endloop
  endfacet
  facet normal -0 0 -1
    outer loop
      vertex -28.39 17.189 1.6
      vertex -28.7135 15.9816 1.6
      vertex -28.4953 17.2247 1.6
    endloop
  endfacet
  facet normal 0 0 -1
    outer loop
      vertex -28.9736 16.0699 1.6
      vertex -28.4953 17.2247 1.6
      vertex -28.7135 15.9816 1.6
    endloop
  endfacet
  facet normal -0 0 -1
    outer loop
      vertex -28.4953 17.2247 1.6
      vertex -28.9736 16.0699 1.6
      vertex -28.595 17.2739 1.6
    endloop
  endfacet
  facet normal 0 0 -1
    outer loop
      vertex -29.22 16.1913 1.6
      vertex -28.595 17.2739 1.6
      vertex -28.9736 16.0699 1.6
    endloop
  endfacet
  facet normal -0 0 -1
    outer loop
      vertex -28.595 17.2739 1.6
      vertex -29.22 16.1913 1.6
      vertex -28.6874 17.3356 1.6
    endloop
  endfacet
  facet normal 0 0 -1
    outer loop
      vertex -29.4484 16.344 1.6
      vertex -28.6874 17.3356 1.6
      vertex -29.22 16.1913 1.6
    endloop
  endfacet
  facet normal -0 0 -1
    outer loop
      vertex -28.6874 17.3356 1.6
      vertex -29.4484 16.344 1.6
      vertex -28.771 17.409 1.6
    endloop
  endfacet
  facet normal 0 0 -1
    outer loop
      vertex -29.6549 16.5251 1.6
      vertex -28.771 17.409 1.6
      vertex -29.4484 16.344 1.6
    endloop
  endfacet
  facet normal -0 0 -1
    outer loop
      vertex -28.771 17.409 1.6
      vertex -29.6549 16.5251 1.6
      vertex -28.8443 17.4926 1.6
    endloop
  endfacet
  facet normal 0 0 -1
    outer loop
      vertex -29.836 16.7316 1.6
      vertex -28.8443 17.4926 1.6
      vertex -29.6549 16.5251 1.6
    endloop
  endfacet
  facet normal -0 0 -1
    outer loop
      vertex -28.8443 17.4926 1.6
      vertex -29.836 16.7316 1.6
      vertex -28.9061 17.585 1.6
    endloop
  endfacet
  facet normal 0 0 -1
    outer loop
      vertex -29.9887 16.96 1.6
      vertex -28.9061 17.585 1.6
      vertex -29.836 16.7316 1.6
    endloop
  endfacet
  facet normal -0 0 -1
    outer loop
      vertex -26.3513 19.06 1.6
      vertex -27.4339 18.435 1.6
      vertex -26.504 19.2884 1.6
    endloop
  endfacet
  facet normal 0 0 -1
    outer loop
      vertex -27.4956 18.5274 1.6
      vertex -26.504 19.2884 1.6
      vertex -27.4339 18.435 1.6
    endloop
  endfacet
  facet normal -0 0 -1
    outer loop
      vertex -26.504 19.2884 1.6
      vertex -27.4956 18.5274 1.6
      vertex -26.6851 19.4949 1.6
    endloop
  endfacet
  facet normal 0 0 -1
    outer loop
      vertex -27.569 18.611 1.6
      vertex -26.6851 19.4949 1.6
      vertex -27.4956 18.5274 1.6
    endloop
  endfacet
  facet normal -0 0 -1
    outer loop
      vertex -26.6851 19.4949 1.6
      vertex -27.569 18.611 1.6
      vertex -26.8916 19.676 1.6
    endloop
  endfacet
  facet normal 0 0 -1
    outer loop
      vertex -27.6526 18.6843 1.6
      vertex -26.8916 19.676 1.6
      vertex -27.569 18.611 1.6
    endloop
  endfacet
  facet normal -0 0 -1
    outer loop
      vertex -26.8916 19.676 1.6
      vertex -27.6526 18.6843 1.6
      vertex -27.12 19.8287 1.6
    endloop
  endfacet
  facet normal 0 0 -1
    outer loop
      vertex -27.745 18.7461 1.6
      vertex -27.12 19.8287 1.6
      vertex -27.6526 18.6843 1.6
    endloop
  endfacet
  facet normal -0 0 -1
    outer loop
      vertex -27.12 19.8287 1.6
      vertex -27.745 18.7461 1.6
      vertex -27.3664 19.9501 1.6
    endloop
  endfacet
  facet normal 0 0 -1
    outer loop
      vertex -27.8447 18.7953 1.6
      vertex -27.3664 19.9501 1.6
      vertex -27.745 18.7461 1.6
    endloop
  endfacet
  facet normal -0 0 -1
    outer loop
      vertex -27.3664 19.9501 1.6
      vertex -27.8447 18.7953 1.6
      vertex -27.6265 20.0384 1.6
    endloop
  endfacet
  facet normal 0 0 -1
    outer loop
      vertex -27.95 18.831 1.6
      vertex -27.6265 20.0384 1.6
      vertex -27.8447 18.7953 1.6
    endloop
  endfacet
  facet normal -0 0 -1
    outer loop
      vertex -27.6265 20.0384 1.6
      vertex -27.95 18.831 1.6
      vertex -27.8959 20.092 1.6
    endloop
  endfacet
  facet normal 0 0 -1
    outer loop
      vertex -28.0591 18.8527 1.6
      vertex -27.8959 20.092 1.6
      vertex -27.95 18.831 1.6
    endloop
  endfacet
  facet normal 0 0 -1
    outer loop
      vertex -28.0591 18.8527 1.6
      vertex -28.17 20.11 1.6
      vertex -27.8959 20.092 1.6
    endloop
  endfacet
  facet normal 0 0 -1
    outer loop
      vertex -28.17 18.86 1.6
      vertex -28.17 20.11 1.6
      vertex -28.0591 18.8527 1.6
    endloop
  endfacet
  facet normal 0 0 -1
    outer loop
      vertex -28.2809 18.8527 1.6
      vertex -28.17 20.11 1.6
      vertex -28.17 18.86 1.6
    endloop
  endfacet
  facet normal 0 0 -1
    outer loop
      vertex -28.4441 20.092 1.6
      vertex -28.2809 18.8527 1.6
      vertex -28.39 18.831 1.6
    endloop
  endfacet
  facet normal 0 0 -1
    outer loop
      vertex -28.2809 18.8527 1.6
      vertex -28.4441 20.092 1.6
      vertex -28.17 20.11 1.6
    endloop
  endfacet
  facet normal 0 0 -1
    outer loop
      vertex -28.7135 20.0384 1.6
      vertex -28.39 18.831 1.6
      vertex -28.4953 18.7953 1.6
    endloop
  endfacet
  facet normal 0 0 -1
    outer loop
      vertex -28.9736 19.9501 1.6
      vertex -28.4953 18.7953 1.6
      vertex -28.595 18.7461 1.6
    endloop
  endfacet
  facet normal 0 0 -1
    outer loop
      vertex -29.22 19.8287 1.6
      vertex -28.595 18.7461 1.6
      vertex -28.6874 18.6843 1.6
    endloop
  endfacet
  facet normal 0 0 -1
    outer loop
      vertex -28.39 18.831 1.6
      vertex -28.7135 20.0384 1.6
      vertex -28.4441 20.092 1.6
    endloop
  endfacet
  facet normal 0 0 -1
    outer loop
      vertex -29.4484 19.676 1.6
      vertex -28.6874 18.6843 1.6
      vertex -28.771 18.611 1.6
    endloop
  endfacet
  facet normal 0 0 -1
    outer loop
      vertex -29.6549 19.4949 1.6
      vertex -28.771 18.611 1.6
      vertex -28.8443 18.5274 1.6
    endloop
  endfacet
  facet normal 0 0 -1
    outer loop
      vertex -29.836 19.2884 1.6
      vertex -28.8443 18.5274 1.6
      vertex -28.9061 18.435 1.6
    endloop
  endfacet
  facet normal 0 0 -1
    outer loop
      vertex -29.9887 19.06 1.6
      vertex -28.9061 18.435 1.6
      vertex -28.9553 18.3353 1.6
    endloop
  endfacet
  facet normal 0 0 -1
    outer loop
      vertex -28.4953 18.7953 1.6
      vertex -28.9736 19.9501 1.6
      vertex -28.7135 20.0384 1.6
    endloop
  endfacet
  facet normal 0 0 -1
    outer loop
      vertex -30.1101 18.8136 1.6
      vertex -28.9553 18.3353 1.6
      vertex -28.991 18.23 1.6
    endloop
  endfacet
  facet normal 0 0 -1
    outer loop
      vertex -30.1984 18.5535 1.6
      vertex -28.991 18.23 1.6
      vertex -29.0127 18.1209 1.6
    endloop
  endfacet
  facet normal 0 0 -1
    outer loop
      vertex -30.252 18.2841 1.6
      vertex -29.0127 18.1209 1.6
      vertex -29.02 18.01 1.6
    endloop
  endfacet
  facet normal -0 0 -1
    outer loop
      vertex -28.9061 17.585 1.6
      vertex -29.9887 16.96 1.6
      vertex -28.9553 17.6847 1.6
    endloop
  endfacet
  facet normal 0 0 -1
    outer loop
      vertex -28.595 18.7461 1.6
      vertex -29.22 19.8287 1.6
      vertex -28.9736 19.9501 1.6
    endloop
  endfacet
  facet normal 0 0 -1
    outer loop
      vertex -30.1101 17.2064 1.6
      vertex -28.9553 17.6847 1.6
      vertex -29.9887 16.96 1.6
    endloop
  endfacet
  facet normal 0 0 -1
    outer loop
      vertex -28.6874 18.6843 1.6
      vertex -29.4484 19.676 1.6
      vertex -29.22 19.8287 1.6
    endloop
  endfacet
  facet normal -0 0 -1
    outer loop
      vertex -28.9553 17.6847 1.6
      vertex -30.1101 17.2064 1.6
      vertex -28.991 17.79 1.6
    endloop
  endfacet
  facet normal 0 0 -1
    outer loop
      vertex -28.771 18.611 1.6
      vertex -29.6549 19.4949 1.6
      vertex -29.4484 19.676 1.6
    endloop
  endfacet
  facet normal 0 0 -1
    outer loop
      vertex -30.1984 17.4665 1.6
      vertex -28.991 17.79 1.6
      vertex -30.1101 17.2064 1.6
    endloop
  endfacet
  facet normal 0 0 -1
    outer loop
      vertex -28.8443 18.5274 1.6
      vertex -29.836 19.2884 1.6
      vertex -29.6549 19.4949 1.6
    endloop
  endfacet
  facet normal -0 0 -1
    outer loop
      vertex -28.991 17.79 1.6
      vertex -30.1984 17.4665 1.6
      vertex -29.0127 17.8991 1.6
    endloop
  endfacet
  facet normal 0 0 -1
    outer loop
      vertex -28.9061 18.435 1.6
      vertex -29.9887 19.06 1.6
      vertex -29.836 19.2884 1.6
    endloop
  endfacet
  facet normal 0 0 -1
    outer loop
      vertex -30.252 17.7359 1.6
      vertex -29.0127 17.8991 1.6
      vertex -30.1984 17.4665 1.6
    endloop
  endfacet
  facet normal 0 0 -1
    outer loop
      vertex -28.9553 18.3353 1.6
      vertex -30.1101 18.8136 1.6
      vertex -29.9887 19.06 1.6
    endloop
  endfacet
  facet normal -0 0 -1
    outer loop
      vertex -29.0127 17.8991 1.6
      vertex -30.252 17.7359 1.6
      vertex -29.02 18.01 1.6
    endloop
  endfacet
  facet normal 0 0 -1
    outer loop
      vertex -28.991 18.23 1.6
      vertex -30.1984 18.5535 1.6
      vertex -30.1101 18.8136 1.6
    endloop
  endfacet
  facet normal 0 0 -1
    outer loop
      vertex -30.27 18.01 1.6
      vertex -29.02 18.01 1.6
      vertex -30.252 17.7359 1.6
    endloop
  endfacet
  facet normal 0 0 -1
    outer loop
      vertex -29.0127 18.1209 1.6
      vertex -30.252 18.2841 1.6
      vertex -30.1984 18.5535 1.6
    endloop
  endfacet
  facet normal 0 0 -1
    outer loop
      vertex -29.02 18.01 1.6
      vertex -30.27 18.01 1.6
      vertex -30.252 18.2841 1.6
    endloop
  endfacet
  facet normal -0.0655283 0.997851 0
    outer loop
      vertex -28.17 20.11 1.6
      vertex -28.4441 20.092 17.2
      vertex -28.17 20.11 17.2
    endloop
  endfacet
  facet normal -0.0655283 0.997851 0
    outer loop
      vertex -28.4441 20.092 17.2
      vertex -28.17 20.11 1.6
      vertex -28.4441 20.092 1.6
    endloop
  endfacet
  facet normal -0.441964 -0.897033 0
    outer loop
      vertex -29.22 16.1913 1.6
      vertex -28.9736 16.0699 17.2
      vertex -29.22 16.1913 17.2
    endloop
  endfacet
  facet normal -0.441964 -0.897033 -0
    outer loop
      vertex -28.9736 16.0699 17.2
      vertex -29.22 16.1913 1.6
      vertex -28.9736 16.0699 1.6
    endloop
  endfacet
  facet normal -0.195136 -0.980776 0
    outer loop
      vertex -28.7135 15.9816 1.6
      vertex -28.4441 15.928 17.2
      vertex -28.7135 15.9816 17.2
    endloop
  endfacet
  facet normal -0.195136 -0.980776 -0
    outer loop
      vertex -28.4441 15.928 17.2
      vertex -28.7135 15.9816 1.6
      vertex -28.4441 15.928 1.6
    endloop
  endfacet
  facet normal -0.320988 0.947083 0
    outer loop
      vertex -28.7135 20.0384 17.2
      vertex -28.8268 20 15.7
      vertex -28.8268 20 17.2
    endloop
  endfacet
  facet normal -0.320988 0.947083 0
    outer loop
      vertex -28.7135 20.0384 1.6
      vertex -28.8268 20 15.7
      vertex -28.7135 20.0384 17.2
    endloop
  endfacet
  facet normal -0.321833 0.946796 -7.57024e-06
    outer loop
      vertex -28.7135 20.0384 1.6
      vertex -28.9736 19.9501 15.7
      vertex -28.8268 20 15.7
    endloop
  endfacet
  facet normal -0.321465 0.946921 0
    outer loop
      vertex -28.9736 19.9501 15.7
      vertex -28.7135 20.0384 1.6
      vertex -28.9736 19.9501 1.6
    endloop
  endfacet
  facet normal 0.0655283 0.997851 -0
    outer loop
      vertex -27.8959 20.092 1.6
      vertex -28.17 20.11 17.2
      vertex -27.8959 20.092 17.2
    endloop
  endfacet
  facet normal 0.0655283 0.997851 0
    outer loop
      vertex -28.17 20.11 17.2
      vertex -27.8959 20.092 1.6
      vertex -28.17 20.11 1.6
    endloop
  endfacet
  facet normal -0.946921 -0.321465 0
    outer loop
      vertex -30.1101 17.2064 1.6
      vertex -30.1984 17.4665 17.2
      vertex -30.1984 17.4665 1.6
    endloop
  endfacet
  facet normal -0.946921 -0.321465 0
    outer loop
      vertex -30.1984 17.4665 17.2
      vertex -30.1101 17.2064 1.6
      vertex -30.1101 17.2064 17.2
    endloop
  endfacet
  facet normal -0.980776 -0.195136 0
    outer loop
      vertex -30.1984 17.4665 1.6
      vertex -30.252 17.7359 17.2
      vertex -30.252 17.7359 1.6
    endloop
  endfacet
  facet normal -0.980776 -0.195136 0
    outer loop
      vertex -30.252 17.7359 17.2
      vertex -30.1984 17.4665 1.6
      vertex -30.1984 17.4665 17.2
    endloop
  endfacet
  facet normal 0.897033 0.441964 0
    outer loop
      vertex -26.2299 18.8136 15.7
      vertex -26.3513 19.06 1.6
      vertex -26.3513 19.06 15.7
    endloop
  endfacet
  facet normal 0.897033 0.441964 0
    outer loop
      vertex -26.3513 19.06 1.6
      vertex -26.2299 18.8136 15.7
      vertex -26.2299 18.8136 1.6
    endloop
  endfacet
  facet normal 0.831322 -0.555792 0
    outer loop
      vertex -26.504 16.7316 17.2
      vertex -26.3513 16.96 1.6
      vertex -26.3513 16.96 17.2
    endloop
  endfacet
  facet normal 0.831322 -0.555792 0
    outer loop
      vertex -26.3513 16.96 1.6
      vertex -26.504 16.7316 17.2
      vertex -26.504 16.7316 1.6
    endloop
  endfacet
  facet normal -0.659355 -0.751832 0
    outer loop
      vertex -29.6549 16.5251 1.6
      vertex -29.4484 16.344 17.2
      vertex -29.6549 16.5251 17.2
    endloop
  endfacet
  facet normal -0.659355 -0.751832 -0
    outer loop
      vertex -29.4484 16.344 17.2
      vertex -29.6549 16.5251 1.6
      vertex -29.4484 16.344 1.6
    endloop
  endfacet
  facet normal -0.997851 0.0655283 0
    outer loop
      vertex -30.27 18.01 1.6
      vertex -30.252 18.2841 17.2
      vertex -30.252 18.2841 1.6
    endloop
  endfacet
  facet normal -0.997851 0.0655283 0
    outer loop
      vertex -30.252 18.2841 17.2
      vertex -30.27 18.01 1.6
      vertex -30.27 18.01 17.2
    endloop
  endfacet
  facet normal 0.946921 -0.321465 0
    outer loop
      vertex -26.2299 17.2064 17.2
      vertex -26.1416 17.4665 1.6
      vertex -26.1416 17.4665 17.2
    endloop
  endfacet
  facet normal 0.946921 -0.321465 0
    outer loop
      vertex -26.1416 17.4665 1.6
      vertex -26.2299 17.2064 17.2
      vertex -26.2299 17.2064 1.6
    endloop
  endfacet
  facet normal 0.321833 0.946796 0
    outer loop
      vertex -27.3664 19.9501 15.7
      vertex -27.3664 19.9501 1.6
      vertex -27.5132 20 15.7
    endloop
  endfacet
  facet normal 0.320988 0.947083 -0
    outer loop
      vertex -27.5132 20 15.7
      vertex -27.6265 20.0384 17.2
      vertex -27.5132 20 17.2
    endloop
  endfacet
  facet normal 0.321465 0.946921 -4.27319e-06
    outer loop
      vertex -27.6265 20.0384 1.6
      vertex -27.5132 20 15.7
      vertex -27.3664 19.9501 1.6
    endloop
  endfacet
  facet normal 0.320988 0.947083 0
    outer loop
      vertex -27.5132 20 15.7
      vertex -27.6265 20.0384 1.6
      vertex -27.6265 20.0384 17.2
    endloop
  endfacet
  facet normal -0.997851 -0.0655283 0
    outer loop
      vertex -30.252 17.7359 1.6
      vertex -30.27 18.01 17.2
      vertex -30.27 18.01 1.6
    endloop
  endfacet
  facet normal -0.997851 -0.0655283 0
    outer loop
      vertex -30.27 18.01 17.2
      vertex -30.252 17.7359 1.6
      vertex -30.252 17.7359 17.2
    endloop
  endfacet
  facet normal -0.831322 0.555792 0
    outer loop
      vertex -29.9887 19.06 1.6
      vertex -29.836 19.2884 15.7
      vertex -29.836 19.2884 1.6
    endloop
  endfacet
  facet normal -0.831322 0.555792 0
    outer loop
      vertex -29.836 19.2884 15.7
      vertex -29.9887 19.06 1.6
      vertex -29.9887 19.06 15.7
    endloop
  endfacet
  facet normal -0.980776 0.195136 0
    outer loop
      vertex -30.252 18.2841 1.6
      vertex -30.1984 18.5535 17.2
      vertex -30.1984 18.5535 1.6
    endloop
  endfacet
  facet normal -0.980776 0.195136 0
    outer loop
      vertex -30.1984 18.5535 17.2
      vertex -30.252 18.2841 1.6
      vertex -30.252 18.2841 17.2
    endloop
  endfacet
  facet normal 0.947018 0.321179 0
    outer loop
      vertex -26.2252 18.8 17.2
      vertex -26.1416 18.5535 17.2
      vertex -26.2252 18.8 15.7
    endloop
  endfacet
  facet normal 0.945151 0.326633 0
    outer loop
      vertex -26.2252 18.8 15.7
      vertex -26.2299 18.8136 1.6
      vertex -26.2299 18.8136 15.7
    endloop
  endfacet
  facet normal 0.947018 0.321179 -0
    outer loop
      vertex -26.1416 18.5535 1.6
      vertex -26.2252 18.8 15.7
      vertex -26.1416 18.5535 17.2
    endloop
  endfacet
  facet normal 0.946921 0.321465 -5.57451e-06
    outer loop
      vertex -26.2252 18.8 15.7
      vertex -26.1416 18.5535 1.6
      vertex -26.2299 18.8136 1.6
    endloop
  endfacet
  facet normal -0.751832 -0.659355 0
    outer loop
      vertex -29.6549 16.5251 1.6
      vertex -29.836 16.7316 17.2
      vertex -29.836 16.7316 1.6
    endloop
  endfacet
  facet normal -0.751832 -0.659355 0
    outer loop
      vertex -29.836 16.7316 17.2
      vertex -29.6549 16.5251 1.6
      vertex -29.6549 16.5251 17.2
    endloop
  endfacet
  facet normal -0.831322 -0.555792 0
    outer loop
      vertex -29.836 16.7316 1.6
      vertex -29.9887 16.96 17.2
      vertex -29.9887 16.96 1.6
    endloop
  endfacet
  facet normal -0.831322 -0.555792 0
    outer loop
      vertex -29.9887 16.96 17.2
      vertex -29.836 16.7316 1.6
      vertex -29.836 16.7316 17.2
    endloop
  endfacet
  facet normal 0.0655283 -0.997851 0
    outer loop
      vertex -28.17 15.91 1.6
      vertex -27.8959 15.928 17.2
      vertex -28.17 15.91 17.2
    endloop
  endfacet
  facet normal 0.0655283 -0.997851 0
    outer loop
      vertex -27.8959 15.928 17.2
      vertex -28.17 15.91 1.6
      vertex -27.8959 15.928 1.6
    endloop
  endfacet
  facet normal 0.897033 -0.441964 0
    outer loop
      vertex -26.3513 16.96 17.2
      vertex -26.2299 17.2064 1.6
      vertex -26.2299 17.2064 17.2
    endloop
  endfacet
  facet normal 0.897033 -0.441964 0
    outer loop
      vertex -26.2299 17.2064 1.6
      vertex -26.3513 16.96 17.2
      vertex -26.3513 16.96 1.6
    endloop
  endfacet
  facet normal -0.897033 0.441964 0
    outer loop
      vertex -30.1101 18.8136 1.6
      vertex -29.9887 19.06 15.7
      vertex -29.9887 19.06 1.6
    endloop
  endfacet
  facet normal -0.897033 0.441964 0
    outer loop
      vertex -29.9887 19.06 15.7
      vertex -30.1101 18.8136 1.6
      vertex -30.1101 18.8136 15.7
    endloop
  endfacet
  facet normal -0.751832 0.659355 0
    outer loop
      vertex -29.836 19.2884 1.6
      vertex -29.6549 19.4949 15.7
      vertex -29.6549 19.4949 1.6
    endloop
  endfacet
  facet normal -0.751832 0.659355 0
    outer loop
      vertex -29.6549 19.4949 15.7
      vertex -29.836 19.2884 1.6
      vertex -29.836 19.2884 15.7
    endloop
  endfacet
  facet normal -0.659355 -0.751832 0
    outer loop
      vertex 26.6851 -19.4949 1.6
      vertex 26.8916 -19.676 15.7
      vertex 26.6851 -19.4949 15.7
    endloop
  endfacet
  facet normal -0.659355 -0.751832 -0
    outer loop
      vertex 26.8916 -19.676 15.7
      vertex 26.6851 -19.4949 1.6
      vertex 26.8916 -19.676 1.6
    endloop
  endfacet
  facet normal 0.980776 0.195136 0
    outer loop
      vertex 30.252 -17.7359 17.2
      vertex 30.1984 -17.4665 1.6
      vertex 30.1984 -17.4665 17.2
    endloop
  endfacet
  facet normal 0.980776 0.195136 0
    outer loop
      vertex 30.1984 -17.4665 1.6
      vertex 30.252 -17.7359 17.2
      vertex 30.252 -17.7359 1.6
    endloop
  endfacet
  facet normal 0.997851 0.0655283 0
    outer loop
      vertex 30.27 -18.01 17.2
      vertex 30.252 -17.7359 1.6
      vertex 30.252 -17.7359 17.2
    endloop
  endfacet
  facet normal 0.997851 0.0655283 0
    outer loop
      vertex 30.252 -17.7359 1.6
      vertex 30.27 -18.01 17.2
      vertex 30.27 -18.01 1.6
    endloop
  endfacet
  facet normal 0.946921 0.321465 0
    outer loop
      vertex 30.1984 -17.4665 17.2
      vertex 30.1101 -17.2064 1.6
      vertex 30.1101 -17.2064 17.2
    endloop
  endfacet
  facet normal 0.946921 0.321465 0
    outer loop
      vertex 30.1101 -17.2064 1.6
      vertex 30.1984 -17.4665 17.2
      vertex 30.1984 -17.4665 1.6
    endloop
  endfacet
  facet normal 0.980776 -0.195136 0
    outer loop
      vertex 30.1984 -18.5535 17.2
      vertex 30.252 -18.2841 1.6
      vertex 30.252 -18.2841 17.2
    endloop
  endfacet
  facet normal 0.980776 -0.195136 0
    outer loop
      vertex 30.252 -18.2841 1.6
      vertex 30.1984 -18.5535 17.2
      vertex 30.1984 -18.5535 1.6
    endloop
  endfacet
  facet normal 0.0655283 -0.997851 0
    outer loop
      vertex 28.17 -20.11 1.6
      vertex 28.4441 -20.092 17.2
      vertex 28.17 -20.11 17.2
    endloop
  endfacet
  facet normal 0.0655283 -0.997851 0
    outer loop
      vertex 28.4441 -20.092 17.2
      vertex 28.17 -20.11 1.6
      vertex 28.4441 -20.092 1.6
    endloop
  endfacet
  facet normal 0.555792 0.831322 -0
    outer loop
      vertex 29.4484 -16.344 1.6
      vertex 29.22 -16.1913 17.2
      vertex 29.4484 -16.344 17.2
    endloop
  endfacet
  facet normal 0.555792 0.831322 0
    outer loop
      vertex 29.22 -16.1913 17.2
      vertex 29.4484 -16.344 1.6
      vertex 29.22 -16.1913 1.6
    endloop
  endfacet
  facet normal -0.0655283 0.997851 0
    outer loop
      vertex 28.17 -15.91 1.6
      vertex 27.8959 -15.928 17.2
      vertex 28.17 -15.91 17.2
    endloop
  endfacet
  facet normal -0.0655283 0.997851 0
    outer loop
      vertex 27.8959 -15.928 17.2
      vertex 28.17 -15.91 1.6
      vertex 27.8959 -15.928 1.6
    endloop
  endfacet
  facet normal -0.980776 0.195136 0
    outer loop
      vertex 26.088 -17.7359 1.6
      vertex 26.1416 -17.4665 17.2
      vertex 26.1416 -17.4665 1.6
    endloop
  endfacet
  facet normal -0.980776 0.195136 0
    outer loop
      vertex 26.1416 -17.4665 17.2
      vertex 26.088 -17.7359 1.6
      vertex 26.088 -17.7359 17.2
    endloop
  endfacet
  facet normal 0.195136 0.980776 -0
    outer loop
      vertex 28.7135 -15.9816 1.6
      vertex 28.4441 -15.928 17.2
      vertex 28.7135 -15.9816 17.2
    endloop
  endfacet
  facet normal 0.195136 0.980776 0
    outer loop
      vertex 28.4441 -15.928 17.2
      vertex 28.7135 -15.9816 1.6
      vertex 28.4441 -15.928 1.6
    endloop
  endfacet
  facet normal 0.897033 0.441964 0
    outer loop
      vertex 30.1101 -17.2064 17.2
      vertex 29.9887 -16.96 1.6
      vertex 29.9887 -16.96 17.2
    endloop
  endfacet
  facet normal 0.897033 0.441964 0
    outer loop
      vertex 29.9887 -16.96 1.6
      vertex 30.1101 -17.2064 17.2
      vertex 30.1101 -17.2064 1.6
    endloop
  endfacet
  facet normal -0.659355 0.751832 0
    outer loop
      vertex 26.8916 -16.344 1.6
      vertex 26.6851 -16.5251 17.2
      vertex 26.8916 -16.344 17.2
    endloop
  endfacet
  facet normal -0.659355 0.751832 0
    outer loop
      vertex 26.6851 -16.5251 17.2
      vertex 26.8916 -16.344 1.6
      vertex 26.6851 -16.5251 1.6
    endloop
  endfacet
  facet normal -0.831322 -0.555792 0
    outer loop
      vertex 26.504 -19.2884 1.6
      vertex 26.3513 -19.06 15.7
      vertex 26.3513 -19.06 1.6
    endloop
  endfacet
  facet normal -0.831322 -0.555792 0
    outer loop
      vertex 26.3513 -19.06 15.7
      vertex 26.504 -19.2884 1.6
      vertex 26.504 -19.2884 15.7
    endloop
  endfacet
  facet normal -0.946921 0.321465 0
    outer loop
      vertex 26.1416 -17.4665 1.6
      vertex 26.2299 -17.2064 17.2
      vertex 26.2299 -17.2064 1.6
    endloop
  endfacet
  facet normal -0.946921 0.321465 0
    outer loop
      vertex 26.2299 -17.2064 17.2
      vertex 26.1416 -17.4665 1.6
      vertex 26.1416 -17.4665 17.2
    endloop
  endfacet
  facet normal 0.831322 -0.555792 0
    outer loop
      vertex 29.836 -19.2884 15.7
      vertex 29.9887 -19.06 1.6
      vertex 29.9887 -19.06 15.7
    endloop
  endfacet
  facet normal 0.831322 -0.555792 0
    outer loop
      vertex 29.9887 -19.06 1.6
      vertex 29.836 -19.2884 15.7
      vertex 29.836 -19.2884 1.6
    endloop
  endfacet
  facet normal -0.751832 -0.659355 0
    outer loop
      vertex 26.6851 -19.4949 1.6
      vertex 26.504 -19.2884 15.7
      vertex 26.504 -19.2884 1.6
    endloop
  endfacet
  facet normal -0.751832 -0.659355 0
    outer loop
      vertex 26.504 -19.2884 15.7
      vertex 26.6851 -19.4949 1.6
      vertex 26.6851 -19.4949 15.7
    endloop
  endfacet
  facet normal 0.195136 -0.980776 0
    outer loop
      vertex 28.4441 -20.092 1.6
      vertex 28.7135 -20.0384 17.2
      vertex 28.4441 -20.092 17.2
    endloop
  endfacet
  facet normal 0.195136 -0.980776 0
    outer loop
      vertex 28.7135 -20.0384 17.2
      vertex 28.4441 -20.092 1.6
      vertex 28.7135 -20.0384 1.6
    endloop
  endfacet
  facet normal 0.321465 0.946921 -0
    outer loop
      vertex 28.9736 -16.0699 1.6
      vertex 28.7135 -15.9816 17.2
      vertex 28.9736 -16.0699 17.2
    endloop
  endfacet
  facet normal 0.321465 0.946921 0
    outer loop
      vertex 28.7135 -15.9816 17.2
      vertex 28.9736 -16.0699 1.6
      vertex 28.7135 -15.9816 1.6
    endloop
  endfacet
  facet normal -0.441964 -0.897033 0
    outer loop
      vertex 27.12 -19.8287 1.6
      vertex 27.3664 -19.9501 15.7
      vertex 27.12 -19.8287 15.7
    endloop
  endfacet
  facet normal -0.441964 -0.897033 -0
    outer loop
      vertex 27.3664 -19.9501 15.7
      vertex 27.12 -19.8287 1.6
      vertex 27.3664 -19.9501 1.6
    endloop
  endfacet
  facet normal 0 0 -1
    outer loop
      vertex 29.02 -18.01 1.6
      vertex 30.27 -18.01 1.6
      vertex 30.252 -18.2841 1.6
    endloop
  endfacet
  facet normal 0 0 -1
    outer loop
      vertex 29.0127 -18.1209 1.6
      vertex 30.252 -18.2841 1.6
      vertex 30.1984 -18.5535 1.6
    endloop
  endfacet
  facet normal 0 0 -1
    outer loop
      vertex 30.27 -18.01 1.6
      vertex 29.02 -18.01 1.6
      vertex 30.252 -17.7359 1.6
    endloop
  endfacet
  facet normal 0 0 -1
    outer loop
      vertex 28.991 -18.23 1.6
      vertex 30.1984 -18.5535 1.6
      vertex 30.1101 -18.8136 1.6
    endloop
  endfacet
  facet normal 0 0 -1
    outer loop
      vertex 29.0127 -17.8991 1.6
      vertex 30.252 -17.7359 1.6
      vertex 29.02 -18.01 1.6
    endloop
  endfacet
  facet normal 0 0 -1
    outer loop
      vertex 28.9553 -18.3353 1.6
      vertex 30.1101 -18.8136 1.6
      vertex 29.9887 -19.06 1.6
    endloop
  endfacet
  facet normal -0 0 -1
    outer loop
      vertex 30.252 -17.7359 1.6
      vertex 29.0127 -17.8991 1.6
      vertex 30.1984 -17.4665 1.6
    endloop
  endfacet
  facet normal 0 0 -1
    outer loop
      vertex 28.9061 -18.435 1.6
      vertex 29.9887 -19.06 1.6
      vertex 29.836 -19.2884 1.6
    endloop
  endfacet
  facet normal 0 0 -1
    outer loop
      vertex 28.991 -17.79 1.6
      vertex 30.1984 -17.4665 1.6
      vertex 29.0127 -17.8991 1.6
    endloop
  endfacet
  facet normal 0 0 -1
    outer loop
      vertex 28.8443 -18.5274 1.6
      vertex 29.836 -19.2884 1.6
      vertex 29.6549 -19.4949 1.6
    endloop
  endfacet
  facet normal -0 0 -1
    outer loop
      vertex 30.1984 -17.4665 1.6
      vertex 28.991 -17.79 1.6
      vertex 30.1101 -17.2064 1.6
    endloop
  endfacet
  facet normal 0 0 -1
    outer loop
      vertex 28.771 -18.611 1.6
      vertex 29.6549 -19.4949 1.6
      vertex 29.4484 -19.676 1.6
    endloop
  endfacet
  facet normal 0 0 -1
    outer loop
      vertex 28.9553 -17.6847 1.6
      vertex 30.1101 -17.2064 1.6
      vertex 28.991 -17.79 1.6
    endloop
  endfacet
  facet normal 0 0 -1
    outer loop
      vertex 28.6874 -18.6843 1.6
      vertex 29.4484 -19.676 1.6
      vertex 29.22 -19.8287 1.6
    endloop
  endfacet
  facet normal -0 0 -1
    outer loop
      vertex 30.1101 -17.2064 1.6
      vertex 28.9553 -17.6847 1.6
      vertex 29.9887 -16.96 1.6
    endloop
  endfacet
  facet normal 0 0 -1
    outer loop
      vertex 28.9061 -17.585 1.6
      vertex 29.9887 -16.96 1.6
      vertex 28.9553 -17.6847 1.6
    endloop
  endfacet
  facet normal 0 0 -1
    outer loop
      vertex 30.252 -18.2841 1.6
      vertex 29.0127 -18.1209 1.6
      vertex 29.02 -18.01 1.6
    endloop
  endfacet
  facet normal 0 0 -1
    outer loop
      vertex 30.1984 -18.5535 1.6
      vertex 28.991 -18.23 1.6
      vertex 29.0127 -18.1209 1.6
    endloop
  endfacet
  facet normal 0 0 -1
    outer loop
      vertex 28.595 -18.7461 1.6
      vertex 29.22 -19.8287 1.6
      vertex 28.9736 -19.9501 1.6
    endloop
  endfacet
  facet normal 0 0 -1
    outer loop
      vertex 30.1101 -18.8136 1.6
      vertex 28.9553 -18.3353 1.6
      vertex 28.991 -18.23 1.6
    endloop
  endfacet
  facet normal 0 0 -1
    outer loop
      vertex 29.9887 -19.06 1.6
      vertex 28.9061 -18.435 1.6
      vertex 28.9553 -18.3353 1.6
    endloop
  endfacet
  facet normal 0 0 -1
    outer loop
      vertex 29.836 -19.2884 1.6
      vertex 28.8443 -18.5274 1.6
      vertex 28.9061 -18.435 1.6
    endloop
  endfacet
  facet normal 0 0 -1
    outer loop
      vertex 29.6549 -19.4949 1.6
      vertex 28.771 -18.611 1.6
      vertex 28.8443 -18.5274 1.6
    endloop
  endfacet
  facet normal 0 0 -1
    outer loop
      vertex 28.4953 -18.7953 1.6
      vertex 28.9736 -19.9501 1.6
      vertex 28.7135 -20.0384 1.6
    endloop
  endfacet
  facet normal 0 0 -1
    outer loop
      vertex 29.4484 -19.676 1.6
      vertex 28.6874 -18.6843 1.6
      vertex 28.771 -18.611 1.6
    endloop
  endfacet
  facet normal 0 0 -1
    outer loop
      vertex 29.22 -19.8287 1.6
      vertex 28.595 -18.7461 1.6
      vertex 28.6874 -18.6843 1.6
    endloop
  endfacet
  facet normal 0 0 -1
    outer loop
      vertex 28.9736 -19.9501 1.6
      vertex 28.4953 -18.7953 1.6
      vertex 28.595 -18.7461 1.6
    endloop
  endfacet
  facet normal 0 0 -1
    outer loop
      vertex 28.39 -18.831 1.6
      vertex 28.7135 -20.0384 1.6
      vertex 28.4441 -20.092 1.6
    endloop
  endfacet
  facet normal 0 0 -1
    outer loop
      vertex 28.7135 -20.0384 1.6
      vertex 28.39 -18.831 1.6
      vertex 28.4953 -18.7953 1.6
    endloop
  endfacet
  facet normal 0 0 -1
    outer loop
      vertex 28.4441 -20.092 1.6
      vertex 28.2809 -18.8527 1.6
      vertex 28.39 -18.831 1.6
    endloop
  endfacet
  facet normal 0 0 -1
    outer loop
      vertex 28.4441 -20.092 1.6
      vertex 28.17 -18.86 1.6
      vertex 28.2809 -18.8527 1.6
    endloop
  endfacet
  facet normal 0 0 -1
    outer loop
      vertex 28.17 -20.11 1.6
      vertex 28.17 -18.86 1.6
      vertex 28.4441 -20.092 1.6
    endloop
  endfacet
  facet normal 0 0 -1
    outer loop
      vertex 28.17 -20.11 1.6
      vertex 28.0591 -18.8527 1.6
      vertex 28.17 -18.86 1.6
    endloop
  endfacet
  facet normal 0 0 -1
    outer loop
      vertex 27.8959 -20.092 1.6
      vertex 28.0591 -18.8527 1.6
      vertex 28.17 -20.11 1.6
    endloop
  endfacet
  facet normal -0 0 -1
    outer loop
      vertex 28.0591 -18.8527 1.6
      vertex 27.8959 -20.092 1.6
      vertex 27.95 -18.831 1.6
    endloop
  endfacet
  facet normal 0 0 -1
    outer loop
      vertex 27.6265 -20.0384 1.6
      vertex 27.95 -18.831 1.6
      vertex 27.8959 -20.092 1.6
    endloop
  endfacet
  facet normal -0 0 -1
    outer loop
      vertex 27.95 -18.831 1.6
      vertex 27.6265 -20.0384 1.6
      vertex 27.8447 -18.7953 1.6
    endloop
  endfacet
  facet normal 0 0 -1
    outer loop
      vertex 27.3664 -19.9501 1.6
      vertex 27.8447 -18.7953 1.6
      vertex 27.6265 -20.0384 1.6
    endloop
  endfacet
  facet normal -0 0 -1
    outer loop
      vertex 27.8447 -18.7953 1.6
      vertex 27.3664 -19.9501 1.6
      vertex 27.745 -18.7461 1.6
    endloop
  endfacet
  facet normal 0 0 -1
    outer loop
      vertex 27.12 -19.8287 1.6
      vertex 27.745 -18.7461 1.6
      vertex 27.3664 -19.9501 1.6
    endloop
  endfacet
  facet normal -0 0 -1
    outer loop
      vertex 27.745 -18.7461 1.6
      vertex 27.12 -19.8287 1.6
      vertex 27.6526 -18.6843 1.6
    endloop
  endfacet
  facet normal 0 0 -1
    outer loop
      vertex 26.8916 -19.676 1.6
      vertex 27.6526 -18.6843 1.6
      vertex 27.12 -19.8287 1.6
    endloop
  endfacet
  facet normal -0 0 -1
    outer loop
      vertex 27.6526 -18.6843 1.6
      vertex 26.8916 -19.676 1.6
      vertex 27.569 -18.611 1.6
    endloop
  endfacet
  facet normal 0 0 -1
    outer loop
      vertex 26.6851 -19.4949 1.6
      vertex 27.569 -18.611 1.6
      vertex 26.8916 -19.676 1.6
    endloop
  endfacet
  facet normal -0 0 -1
    outer loop
      vertex 27.569 -18.611 1.6
      vertex 26.6851 -19.4949 1.6
      vertex 27.4956 -18.5274 1.6
    endloop
  endfacet
  facet normal 0 0 -1
    outer loop
      vertex 26.504 -19.2884 1.6
      vertex 27.4956 -18.5274 1.6
      vertex 26.6851 -19.4949 1.6
    endloop
  endfacet
  facet normal -0 0 -1
    outer loop
      vertex 27.4956 -18.5274 1.6
      vertex 26.504 -19.2884 1.6
      vertex 27.4339 -18.435 1.6
    endloop
  endfacet
  facet normal 0 0 -1
    outer loop
      vertex 26.3513 -19.06 1.6
      vertex 27.4339 -18.435 1.6
      vertex 26.504 -19.2884 1.6
    endloop
  endfacet
  facet normal -0 0 -1
    outer loop
      vertex 29.9887 -16.96 1.6
      vertex 28.9061 -17.585 1.6
      vertex 29.836 -16.7316 1.6
    endloop
  endfacet
  facet normal 0 0 -1
    outer loop
      vertex 28.8443 -17.4926 1.6
      vertex 29.836 -16.7316 1.6
      vertex 28.9061 -17.585 1.6
    endloop
  endfacet
  facet normal -0 0 -1
    outer loop
      vertex 29.836 -16.7316 1.6
      vertex 28.8443 -17.4926 1.6
      vertex 29.6549 -16.5251 1.6
    endloop
  endfacet
  facet normal 0 0 -1
    outer loop
      vertex 28.771 -17.409 1.6
      vertex 29.6549 -16.5251 1.6
      vertex 28.8443 -17.4926 1.6
    endloop
  endfacet
  facet normal -0 0 -1
    outer loop
      vertex 29.6549 -16.5251 1.6
      vertex 28.771 -17.409 1.6
      vertex 29.4484 -16.344 1.6
    endloop
  endfacet
  facet normal 0 0 -1
    outer loop
      vertex 28.6874 -17.3356 1.6
      vertex 29.4484 -16.344 1.6
      vertex 28.771 -17.409 1.6
    endloop
  endfacet
  facet normal -0 0 -1
    outer loop
      vertex 29.4484 -16.344 1.6
      vertex 28.6874 -17.3356 1.6
      vertex 29.22 -16.1913 1.6
    endloop
  endfacet
  facet normal 0 0 -1
    outer loop
      vertex 28.595 -17.2739 1.6
      vertex 29.22 -16.1913 1.6
      vertex 28.6874 -17.3356 1.6
    endloop
  endfacet
  facet normal -0 0 -1
    outer loop
      vertex 29.22 -16.1913 1.6
      vertex 28.595 -17.2739 1.6
      vertex 28.9736 -16.0699 1.6
    endloop
  endfacet
  facet normal 0 0 -1
    outer loop
      vertex 28.4953 -17.2247 1.6
      vertex 28.9736 -16.0699 1.6
      vertex 28.595 -17.2739 1.6
    endloop
  endfacet
  facet normal -0 0 -1
    outer loop
      vertex 28.9736 -16.0699 1.6
      vertex 28.4953 -17.2247 1.6
      vertex 28.7135 -15.9816 1.6
    endloop
  endfacet
  facet normal 0 0 -1
    outer loop
      vertex 28.39 -17.189 1.6
      vertex 28.7135 -15.9816 1.6
      vertex 28.4953 -17.2247 1.6
    endloop
  endfacet
  facet normal -0 0 -1
    outer loop
      vertex 28.7135 -15.9816 1.6
      vertex 28.39 -17.189 1.6
      vertex 28.4441 -15.928 1.6
    endloop
  endfacet
  facet normal 0 0 -1
    outer loop
      vertex 28.2809 -17.1673 1.6
      vertex 28.4441 -15.928 1.6
      vertex 28.39 -17.189 1.6
    endloop
  endfacet
  facet normal 0 0 -1
    outer loop
      vertex 28.17 -17.16 1.6
      vertex 28.4441 -15.928 1.6
      vertex 28.2809 -17.1673 1.6
    endloop
  endfacet
  facet normal 0 0 -1
    outer loop
      vertex 28.17 -17.16 1.6
      vertex 28.17 -15.91 1.6
      vertex 28.4441 -15.928 1.6
    endloop
  endfacet
  facet normal 0 0 -1
    outer loop
      vertex 28.0591 -17.1673 1.6
      vertex 28.17 -15.91 1.6
      vertex 28.17 -17.16 1.6
    endloop
  endfacet
  facet normal 0 0 -1
    outer loop
      vertex 27.8959 -15.928 1.6
      vertex 28.0591 -17.1673 1.6
      vertex 27.95 -17.189 1.6
    endloop
  endfacet
  facet normal 0 0 -1
    outer loop
      vertex 28.0591 -17.1673 1.6
      vertex 27.8959 -15.928 1.6
      vertex 28.17 -15.91 1.6
    endloop
  endfacet
  facet normal 0 0 -1
    outer loop
      vertex 27.6265 -15.9816 1.6
      vertex 27.95 -17.189 1.6
      vertex 27.8447 -17.2247 1.6
    endloop
  endfacet
  facet normal 0 0 -1
    outer loop
      vertex 27.3664 -16.0699 1.6
      vertex 27.8447 -17.2247 1.6
      vertex 27.745 -17.2739 1.6
    endloop
  endfacet
  facet normal 0 0 -1
    outer loop
      vertex 27.12 -16.1913 1.6
      vertex 27.745 -17.2739 1.6
      vertex 27.6526 -17.3356 1.6
    endloop
  endfacet
  facet normal 0 0 -1
    outer loop
      vertex 27.95 -17.189 1.6
      vertex 27.6265 -15.9816 1.6
      vertex 27.8959 -15.928 1.6
    endloop
  endfacet
  facet normal 0 0 -1
    outer loop
      vertex 26.8916 -16.344 1.6
      vertex 27.6526 -17.3356 1.6
      vertex 27.569 -17.409 1.6
    endloop
  endfacet
  facet normal 0 0 -1
    outer loop
      vertex 26.6851 -16.5251 1.6
      vertex 27.569 -17.409 1.6
      vertex 27.4956 -17.4926 1.6
    endloop
  endfacet
  facet normal 0 0 -1
    outer loop
      vertex 26.504 -16.7316 1.6
      vertex 27.4956 -17.4926 1.6
      vertex 27.4339 -17.585 1.6
    endloop
  endfacet
  facet normal 0 0 -1
    outer loop
      vertex 26.3513 -16.96 1.6
      vertex 27.4339 -17.585 1.6
      vertex 27.3847 -17.6847 1.6
    endloop
  endfacet
  facet normal 0 0 -1
    outer loop
      vertex 27.8447 -17.2247 1.6
      vertex 27.3664 -16.0699 1.6
      vertex 27.6265 -15.9816 1.6
    endloop
  endfacet
  facet normal 0 0 -1
    outer loop
      vertex 26.2299 -17.2064 1.6
      vertex 27.3847 -17.6847 1.6
      vertex 27.349 -17.79 1.6
    endloop
  endfacet
  facet normal 0 0 -1
    outer loop
      vertex 26.1416 -17.4665 1.6
      vertex 27.349 -17.79 1.6
      vertex 27.3273 -17.8991 1.6
    endloop
  endfacet
  facet normal 0 0 -1
    outer loop
      vertex 26.088 -17.7359 1.6
      vertex 27.3273 -17.8991 1.6
      vertex 27.32 -18.01 1.6
    endloop
  endfacet
  facet normal -0 0 -1
    outer loop
      vertex 27.4339 -18.435 1.6
      vertex 26.3513 -19.06 1.6
      vertex 27.3847 -18.3353 1.6
    endloop
  endfacet
  facet normal 0 0 -1
    outer loop
      vertex 27.745 -17.2739 1.6
      vertex 27.12 -16.1913 1.6
      vertex 27.3664 -16.0699 1.6
    endloop
  endfacet
  facet normal 0 0 -1
    outer loop
      vertex 26.2299 -18.8136 1.6
      vertex 27.3847 -18.3353 1.6
      vertex 26.3513 -19.06 1.6
    endloop
  endfacet
  facet normal 0 0 -1
    outer loop
      vertex 27.6526 -17.3356 1.6
      vertex 26.8916 -16.344 1.6
      vertex 27.12 -16.1913 1.6
    endloop
  endfacet
  facet normal -0 0 -1
    outer loop
      vertex 27.3847 -18.3353 1.6
      vertex 26.2299 -18.8136 1.6
      vertex 27.349 -18.23 1.6
    endloop
  endfacet
  facet normal 0 0 -1
    outer loop
      vertex 27.569 -17.409 1.6
      vertex 26.6851 -16.5251 1.6
      vertex 26.8916 -16.344 1.6
    endloop
  endfacet
  facet normal 0 0 -1
    outer loop
      vertex 26.1416 -18.5535 1.6
      vertex 27.349 -18.23 1.6
      vertex 26.2299 -18.8136 1.6
    endloop
  endfacet
  facet normal 0 0 -1
    outer loop
      vertex 27.4956 -17.4926 1.6
      vertex 26.504 -16.7316 1.6
      vertex 26.6851 -16.5251 1.6
    endloop
  endfacet
  facet normal -0 0 -1
    outer loop
      vertex 27.349 -18.23 1.6
      vertex 26.1416 -18.5535 1.6
      vertex 27.3273 -18.1209 1.6
    endloop
  endfacet
  facet normal 0 0 -1
    outer loop
      vertex 27.4339 -17.585 1.6
      vertex 26.3513 -16.96 1.6
      vertex 26.504 -16.7316 1.6
    endloop
  endfacet
  facet normal 0 0 -1
    outer loop
      vertex 26.088 -18.2841 1.6
      vertex 27.3273 -18.1209 1.6
      vertex 26.1416 -18.5535 1.6
    endloop
  endfacet
  facet normal 0 0 -1
    outer loop
      vertex 27.3847 -17.6847 1.6
      vertex 26.2299 -17.2064 1.6
      vertex 26.3513 -16.96 1.6
    endloop
  endfacet
  facet normal -0 0 -1
    outer loop
      vertex 27.3273 -18.1209 1.6
      vertex 26.088 -18.2841 1.6
      vertex 27.32 -18.01 1.6
    endloop
  endfacet
  facet normal 0 0 -1
    outer loop
      vertex 27.349 -17.79 1.6
      vertex 26.1416 -17.4665 1.6
      vertex 26.2299 -17.2064 1.6
    endloop
  endfacet
  facet normal 0 0 -1
    outer loop
      vertex 26.07 -18.01 1.6
      vertex 27.32 -18.01 1.6
      vertex 26.088 -18.2841 1.6
    endloop
  endfacet
  facet normal 0 0 -1
    outer loop
      vertex 27.3273 -17.8991 1.6
      vertex 26.088 -17.7359 1.6
      vertex 26.1416 -17.4665 1.6
    endloop
  endfacet
  facet normal 0 0 -1
    outer loop
      vertex 27.32 -18.01 1.6
      vertex 26.07 -18.01 1.6
      vertex 26.088 -17.7359 1.6
    endloop
  endfacet
  facet normal 0.441964 0.897033 -0
    outer loop
      vertex 29.22 -16.1913 1.6
      vertex 28.9736 -16.0699 17.2
      vertex 29.22 -16.1913 17.2
    endloop
  endfacet
  facet normal 0.441964 0.897033 0
    outer loop
      vertex 28.9736 -16.0699 17.2
      vertex 29.22 -16.1913 1.6
      vertex 28.9736 -16.0699 1.6
    endloop
  endfacet
  facet normal -0.555792 0.831322 0
    outer loop
      vertex 27.12 -16.1913 1.6
      vertex 26.8916 -16.344 17.2
      vertex 27.12 -16.1913 17.2
    endloop
  endfacet
  facet normal -0.555792 0.831322 0
    outer loop
      vertex 26.8916 -16.344 17.2
      vertex 27.12 -16.1913 1.6
      vertex 26.8916 -16.344 1.6
    endloop
  endfacet
  facet normal 0.831322 0.555792 0
    outer loop
      vertex 29.9887 -16.96 17.2
      vertex 29.836 -16.7316 1.6
      vertex 29.836 -16.7316 17.2
    endloop
  endfacet
  facet normal 0.831322 0.555792 0
    outer loop
      vertex 29.836 -16.7316 1.6
      vertex 29.9887 -16.96 17.2
      vertex 29.9887 -16.96 1.6
    endloop
  endfacet
  facet normal -0.897033 0.441964 0
    outer loop
      vertex 26.2299 -17.2064 1.6
      vertex 26.3513 -16.96 17.2
      vertex 26.3513 -16.96 1.6
    endloop
  endfacet
  facet normal -0.897033 0.441964 0
    outer loop
      vertex 26.3513 -16.96 17.2
      vertex 26.2299 -17.2064 1.6
      vertex 26.2299 -17.2064 17.2
    endloop
  endfacet
  facet normal 0.659355 -0.751832 0
    outer loop
      vertex 29.4484 -19.676 1.6
      vertex 29.6549 -19.4949 15.7
      vertex 29.4484 -19.676 15.7
    endloop
  endfacet
  facet normal 0.659355 -0.751832 0
    outer loop
      vertex 29.6549 -19.4949 15.7
      vertex 29.4484 -19.676 1.6
      vertex 29.6549 -19.4949 1.6
    endloop
  endfacet
  facet normal 0.751832 0.659355 0
    outer loop
      vertex 29.836 -16.7316 17.2
      vertex 29.6549 -16.5251 1.6
      vertex 29.6549 -16.5251 17.2
    endloop
  endfacet
  facet normal 0.751832 0.659355 0
    outer loop
      vertex 29.6549 -16.5251 1.6
      vertex 29.836 -16.7316 17.2
      vertex 29.836 -16.7316 1.6
    endloop
  endfacet
  facet normal 0.997851 -0.0655283 0
    outer loop
      vertex 30.252 -18.2841 17.2
      vertex 30.27 -18.01 1.6
      vertex 30.27 -18.01 17.2
    endloop
  endfacet
  facet normal 0.997851 -0.0655283 0
    outer loop
      vertex 30.27 -18.01 1.6
      vertex 30.252 -18.2841 17.2
      vertex 30.252 -18.2841 1.6
    endloop
  endfacet
  facet normal 0.659355 0.751832 -0
    outer loop
      vertex 29.6549 -16.5251 1.6
      vertex 29.4484 -16.344 17.2
      vertex 29.6549 -16.5251 17.2
    endloop
  endfacet
  facet normal 0.659355 0.751832 0
    outer loop
      vertex 29.4484 -16.344 17.2
      vertex 29.6549 -16.5251 1.6
      vertex 29.4484 -16.344 1.6
    endloop
  endfacet
  facet normal 0.947018 -0.321179 0
    outer loop
      vertex 30.1148 -18.8 15.7
      vertex 30.1984 -18.5535 17.2
      vertex 30.1148 -18.8 17.2
    endloop
  endfacet
  facet normal 0.947018 -0.321179 0
    outer loop
      vertex 30.1984 -18.5535 17.2
      vertex 30.1148 -18.8 15.7
      vertex 30.1984 -18.5535 1.6
    endloop
  endfacet
  facet normal 0.945151 -0.326633 0
    outer loop
      vertex 30.1101 -18.8136 1.6
      vertex 30.1148 -18.8 15.7
      vertex 30.1101 -18.8136 15.7
    endloop
  endfacet
  facet normal 0.946921 -0.321465 -5.57451e-06
    outer loop
      vertex 30.1148 -18.8 15.7
      vertex 30.1101 -18.8136 1.6
      vertex 30.1984 -18.5535 1.6
    endloop
  endfacet
  facet normal 0.441964 -0.897033 0
    outer loop
      vertex 28.9736 -19.9501 1.6
      vertex 29.22 -19.8287 15.7
      vertex 28.9736 -19.9501 15.7
    endloop
  endfacet
  facet normal 0.441964 -0.897033 0
    outer loop
      vertex 29.22 -19.8287 15.7
      vertex 28.9736 -19.9501 1.6
      vertex 29.22 -19.8287 1.6
    endloop
  endfacet
  facet normal -0.195136 0.980776 0
    outer loop
      vertex 27.8959 -15.928 1.6
      vertex 27.6265 -15.9816 17.2
      vertex 27.8959 -15.928 17.2
    endloop
  endfacet
  facet normal -0.195136 0.980776 0
    outer loop
      vertex 27.6265 -15.9816 17.2
      vertex 27.8959 -15.928 1.6
      vertex 27.6265 -15.9816 1.6
    endloop
  endfacet
  facet normal -0.897033 -0.441964 0
    outer loop
      vertex 26.3513 -19.06 1.6
      vertex 26.2299 -18.8136 15.7
      vertex 26.2299 -18.8136 1.6
    endloop
  endfacet
  facet normal -0.897033 -0.441964 0
    outer loop
      vertex 26.2299 -18.8136 15.7
      vertex 26.3513 -19.06 1.6
      vertex 26.3513 -19.06 15.7
    endloop
  endfacet
  facet normal -0.947018 -0.321179 0
    outer loop
      vertex 26.1416 -18.5535 1.6
      vertex 26.2252 -18.8 15.7
      vertex 26.1416 -18.5535 17.2
    endloop
  endfacet
  facet normal -0.946921 -0.321465 -5.57451e-06
    outer loop
      vertex 26.2299 -18.8136 1.6
      vertex 26.2252 -18.8 15.7
      vertex 26.1416 -18.5535 1.6
    endloop
  endfacet
  facet normal -0.945151 -0.326633 0
    outer loop
      vertex 26.2252 -18.8 15.7
      vertex 26.2299 -18.8136 1.6
      vertex 26.2299 -18.8136 15.7
    endloop
  endfacet
  facet normal -0.947018 -0.321179 0
    outer loop
      vertex 26.1416 -18.5535 17.2
      vertex 26.2252 -18.8 15.7
      vertex 26.2252 -18.8 17.2
    endloop
  endfacet
  facet normal -0.321465 0.946921 0
    outer loop
      vertex 27.6265 -15.9816 1.6
      vertex 27.3664 -16.0699 17.2
      vertex 27.6265 -15.9816 17.2
    endloop
  endfacet
  facet normal -0.321465 0.946921 0
    outer loop
      vertex 27.3664 -16.0699 17.2
      vertex 27.6265 -15.9816 1.6
      vertex 27.3664 -16.0699 1.6
    endloop
  endfacet
  facet normal 0.897033 -0.441964 0
    outer loop
      vertex 29.9887 -19.06 15.7
      vertex 30.1101 -18.8136 1.6
      vertex 30.1101 -18.8136 15.7
    endloop
  endfacet
  facet normal 0.897033 -0.441964 0
    outer loop
      vertex 30.1101 -18.8136 1.6
      vertex 29.9887 -19.06 15.7
      vertex 29.9887 -19.06 1.6
    endloop
  endfacet
  facet normal 0.555792 -0.831322 0
    outer loop
      vertex 29.22 -19.8287 1.6
      vertex 29.4484 -19.676 15.7
      vertex 29.22 -19.8287 15.7
    endloop
  endfacet
  facet normal 0.555792 -0.831322 0
    outer loop
      vertex 29.4484 -19.676 15.7
      vertex 29.22 -19.8287 1.6
      vertex 29.4484 -19.676 1.6
    endloop
  endfacet
  facet normal -0.751832 0.659355 0
    outer loop
      vertex 26.504 -16.7316 1.6
      vertex 26.6851 -16.5251 17.2
      vertex 26.6851 -16.5251 1.6
    endloop
  endfacet
  facet normal -0.751832 0.659355 0
    outer loop
      vertex 26.6851 -16.5251 17.2
      vertex 26.504 -16.7316 1.6
      vertex 26.504 -16.7316 17.2
    endloop
  endfacet
  facet normal 0.0655283 0.997851 -0
    outer loop
      vertex 28.4441 -15.928 1.6
      vertex 28.17 -15.91 17.2
      vertex 28.4441 -15.928 17.2
    endloop
  endfacet
  facet normal 0.0655283 0.997851 0
    outer loop
      vertex 28.17 -15.91 17.2
      vertex 28.4441 -15.928 1.6
      vertex 28.17 -15.91 1.6
    endloop
  endfacet
  facet normal 0.320988 -0.947083 0
    outer loop
      vertex 28.7135 -20.0384 17.2
      vertex 28.8268 -20 15.7
      vertex 28.8268 -20 17.2
    endloop
  endfacet
  facet normal 0.320988 -0.947083 0
    outer loop
      vertex 28.7135 -20.0384 1.6
      vertex 28.8268 -20 15.7
      vertex 28.7135 -20.0384 17.2
    endloop
  endfacet
  facet normal 0.321833 -0.946796 -7.57024e-06
    outer loop
      vertex 28.7135 -20.0384 1.6
      vertex 28.9736 -19.9501 15.7
      vertex 28.8268 -20 15.7
    endloop
  endfacet
  facet normal 0.321465 -0.946921 0
    outer loop
      vertex 28.9736 -19.9501 15.7
      vertex 28.7135 -20.0384 1.6
      vertex 28.9736 -19.9501 1.6
    endloop
  endfacet
  facet normal -0.441964 0.897033 0
    outer loop
      vertex 27.3664 -16.0699 1.6
      vertex 27.12 -16.1913 17.2
      vertex 27.3664 -16.0699 17.2
    endloop
  endfacet
  facet normal -0.441964 0.897033 0
    outer loop
      vertex 27.12 -16.1913 17.2
      vertex 27.3664 -16.0699 1.6
      vertex 27.12 -16.1913 1.6
    endloop
  endfacet
  facet normal -0.0655283 -0.997851 0
    outer loop
      vertex 27.8959 -20.092 1.6
      vertex 28.17 -20.11 17.2
      vertex 27.8959 -20.092 17.2
    endloop
  endfacet
  facet normal -0.0655283 -0.997851 -0
    outer loop
      vertex 28.17 -20.11 17.2
      vertex 27.8959 -20.092 1.6
      vertex 28.17 -20.11 1.6
    endloop
  endfacet
  facet normal -0.997851 0.0655283 0
    outer loop
      vertex 26.07 -18.01 1.6
      vertex 26.088 -17.7359 17.2
      vertex 26.088 -17.7359 1.6
    endloop
  endfacet
  facet normal -0.997851 0.0655283 0
    outer loop
      vertex 26.088 -17.7359 17.2
      vertex 26.07 -18.01 1.6
      vertex 26.07 -18.01 17.2
    endloop
  endfacet
  facet normal -0.997851 -0.0655283 0
    outer loop
      vertex 26.088 -18.2841 1.6
      vertex 26.07 -18.01 17.2
      vertex 26.07 -18.01 1.6
    endloop
  endfacet
  facet normal -0.997851 -0.0655283 0
    outer loop
      vertex 26.07 -18.01 17.2
      vertex 26.088 -18.2841 1.6
      vertex 26.088 -18.2841 17.2
    endloop
  endfacet
  facet normal -0.980776 -0.195136 0
    outer loop
      vertex 26.1416 -18.5535 1.6
      vertex 26.088 -18.2841 17.2
      vertex 26.088 -18.2841 1.6
    endloop
  endfacet
  facet normal -0.980776 -0.195136 0
    outer loop
      vertex 26.088 -18.2841 17.2
      vertex 26.1416 -18.5535 1.6
      vertex 26.1416 -18.5535 17.2
    endloop
  endfacet
  facet normal -0.321833 -0.946796 -0
    outer loop
      vertex 27.3664 -19.9501 15.7
      vertex 27.3664 -19.9501 1.6
      vertex 27.5132 -20 15.7
    endloop
  endfacet
  facet normal -0.320988 -0.947083 0
    outer loop
      vertex 27.5132 -20 15.7
      vertex 27.6265 -20.0384 17.2
      vertex 27.5132 -20 17.2
    endloop
  endfacet
  facet normal -0.321465 -0.946921 -4.27319e-06
    outer loop
      vertex 27.6265 -20.0384 1.6
      vertex 27.5132 -20 15.7
      vertex 27.3664 -19.9501 1.6
    endloop
  endfacet
  facet normal -0.320988 -0.947083 0
    outer loop
      vertex 27.5132 -20 15.7
      vertex 27.6265 -20.0384 1.6
      vertex 27.6265 -20.0384 17.2
    endloop
  endfacet
  facet normal -0.555792 -0.831322 0
    outer loop
      vertex 26.8916 -19.676 1.6
      vertex 27.12 -19.8287 15.7
      vertex 26.8916 -19.676 15.7
    endloop
  endfacet
  facet normal -0.555792 -0.831322 -0
    outer loop
      vertex 27.12 -19.8287 15.7
      vertex 26.8916 -19.676 1.6
      vertex 27.12 -19.8287 1.6
    endloop
  endfacet
  facet normal -0.195136 -0.980776 0
    outer loop
      vertex 27.6265 -20.0384 1.6
      vertex 27.8959 -20.092 17.2
      vertex 27.6265 -20.0384 17.2
    endloop
  endfacet
  facet normal -0.195136 -0.980776 -0
    outer loop
      vertex 27.8959 -20.092 17.2
      vertex 27.6265 -20.0384 1.6
      vertex 27.8959 -20.092 1.6
    endloop
  endfacet
  facet normal -0.831322 0.555792 0
    outer loop
      vertex 26.3513 -16.96 1.6
      vertex 26.504 -16.7316 17.2
      vertex 26.504 -16.7316 1.6
    endloop
  endfacet
  facet normal -0.831322 0.555792 0
    outer loop
      vertex 26.504 -16.7316 17.2
      vertex 26.3513 -16.96 1.6
      vertex 26.3513 -16.96 17.2
    endloop
  endfacet
  facet normal 0.751832 -0.659355 0
    outer loop
      vertex 29.6549 -19.4949 15.7
      vertex 29.836 -19.2884 1.6
      vertex 29.836 -19.2884 15.7
    endloop
  endfacet
  facet normal 0.751832 -0.659355 0
    outer loop
      vertex 29.836 -19.2884 1.6
      vertex 29.6549 -19.4949 15.7
      vertex 29.6549 -19.4949 1.6
    endloop
  endfacet
  facet normal -0.897033 -0.441964 0
    outer loop
      vertex 26.3513 16.96 1.6
      vertex 26.2299 17.2064 17.2
      vertex 26.2299 17.2064 1.6
    endloop
  endfacet
  facet normal -0.897033 -0.441964 0
    outer loop
      vertex 26.2299 17.2064 17.2
      vertex 26.3513 16.96 1.6
      vertex 26.3513 16.96 17.2
    endloop
  endfacet
  facet normal 0 0 -1
    outer loop
      vertex 29.02 18.01 1.6
      vertex 30.27 18.01 1.6
      vertex 30.252 17.7359 1.6
    endloop
  endfacet
  facet normal 0 0 -1
    outer loop
      vertex 29.0127 17.8991 1.6
      vertex 30.252 17.7359 1.6
      vertex 30.1984 17.4665 1.6
    endloop
  endfacet
  facet normal 0 0 -1
    outer loop
      vertex 30.27 18.01 1.6
      vertex 29.02 18.01 1.6
      vertex 30.252 18.2841 1.6
    endloop
  endfacet
  facet normal 0 0 -1
    outer loop
      vertex 28.991 17.79 1.6
      vertex 30.1984 17.4665 1.6
      vertex 30.1101 17.2064 1.6
    endloop
  endfacet
  facet normal 0 0 -1
    outer loop
      vertex 29.0127 18.1209 1.6
      vertex 30.252 18.2841 1.6
      vertex 29.02 18.01 1.6
    endloop
  endfacet
  facet normal 0 0 -1
    outer loop
      vertex 28.9553 17.6847 1.6
      vertex 30.1101 17.2064 1.6
      vertex 29.9887 16.96 1.6
    endloop
  endfacet
  facet normal -0 0 -1
    outer loop
      vertex 30.252 18.2841 1.6
      vertex 29.0127 18.1209 1.6
      vertex 30.1984 18.5535 1.6
    endloop
  endfacet
  facet normal 0 0 -1
    outer loop
      vertex 28.9061 17.585 1.6
      vertex 29.9887 16.96 1.6
      vertex 29.836 16.7316 1.6
    endloop
  endfacet
  facet normal 0 0 -1
    outer loop
      vertex 28.991 18.23 1.6
      vertex 30.1984 18.5535 1.6
      vertex 29.0127 18.1209 1.6
    endloop
  endfacet
  facet normal 0 0 -1
    outer loop
      vertex 28.8443 17.4926 1.6
      vertex 29.836 16.7316 1.6
      vertex 29.6549 16.5251 1.6
    endloop
  endfacet
  facet normal -0 0 -1
    outer loop
      vertex 30.1984 18.5535 1.6
      vertex 28.991 18.23 1.6
      vertex 30.1101 18.8136 1.6
    endloop
  endfacet
  facet normal 0 0 -1
    outer loop
      vertex 28.771 17.409 1.6
      vertex 29.6549 16.5251 1.6
      vertex 29.4484 16.344 1.6
    endloop
  endfacet
  facet normal 0 0 -1
    outer loop
      vertex 28.9553 18.3353 1.6
      vertex 30.1101 18.8136 1.6
      vertex 28.991 18.23 1.6
    endloop
  endfacet
  facet normal 0 0 -1
    outer loop
      vertex 28.6874 17.3356 1.6
      vertex 29.4484 16.344 1.6
      vertex 29.22 16.1913 1.6
    endloop
  endfacet
  facet normal -0 0 -1
    outer loop
      vertex 30.1101 18.8136 1.6
      vertex 28.9553 18.3353 1.6
      vertex 29.9887 19.06 1.6
    endloop
  endfacet
  facet normal 0 0 -1
    outer loop
      vertex 28.9061 18.435 1.6
      vertex 29.9887 19.06 1.6
      vertex 28.9553 18.3353 1.6
    endloop
  endfacet
  facet normal 0 0 -1
    outer loop
      vertex 30.252 17.7359 1.6
      vertex 29.0127 17.8991 1.6
      vertex 29.02 18.01 1.6
    endloop
  endfacet
  facet normal 0 0 -1
    outer loop
      vertex 30.1984 17.4665 1.6
      vertex 28.991 17.79 1.6
      vertex 29.0127 17.8991 1.6
    endloop
  endfacet
  facet normal 0 0 -1
    outer loop
      vertex 28.595 17.2739 1.6
      vertex 29.22 16.1913 1.6
      vertex 28.9736 16.0699 1.6
    endloop
  endfacet
  facet normal 0 0 -1
    outer loop
      vertex 30.1101 17.2064 1.6
      vertex 28.9553 17.6847 1.6
      vertex 28.991 17.79 1.6
    endloop
  endfacet
  facet normal 0 0 -1
    outer loop
      vertex 29.9887 16.96 1.6
      vertex 28.9061 17.585 1.6
      vertex 28.9553 17.6847 1.6
    endloop
  endfacet
  facet normal 0 0 -1
    outer loop
      vertex 29.836 16.7316 1.6
      vertex 28.8443 17.4926 1.6
      vertex 28.9061 17.585 1.6
    endloop
  endfacet
  facet normal 0 0 -1
    outer loop
      vertex 29.6549 16.5251 1.6
      vertex 28.771 17.409 1.6
      vertex 28.8443 17.4926 1.6
    endloop
  endfacet
  facet normal 0 0 -1
    outer loop
      vertex 28.4953 17.2247 1.6
      vertex 28.9736 16.0699 1.6
      vertex 28.7135 15.9816 1.6
    endloop
  endfacet
  facet normal 0 0 -1
    outer loop
      vertex 29.4484 16.344 1.6
      vertex 28.6874 17.3356 1.6
      vertex 28.771 17.409 1.6
    endloop
  endfacet
  facet normal 0 0 -1
    outer loop
      vertex 29.22 16.1913 1.6
      vertex 28.595 17.2739 1.6
      vertex 28.6874 17.3356 1.6
    endloop
  endfacet
  facet normal 0 0 -1
    outer loop
      vertex 28.9736 16.0699 1.6
      vertex 28.4953 17.2247 1.6
      vertex 28.595 17.2739 1.6
    endloop
  endfacet
  facet normal 0 0 -1
    outer loop
      vertex 28.39 17.189 1.6
      vertex 28.7135 15.9816 1.6
      vertex 28.4441 15.928 1.6
    endloop
  endfacet
  facet normal 0 0 -1
    outer loop
      vertex 28.7135 15.9816 1.6
      vertex 28.39 17.189 1.6
      vertex 28.4953 17.2247 1.6
    endloop
  endfacet
  facet normal 0 0 -1
    outer loop
      vertex 28.4441 15.928 1.6
      vertex 28.2809 17.1673 1.6
      vertex 28.39 17.189 1.6
    endloop
  endfacet
  facet normal 0 0 -1
    outer loop
      vertex 28.4441 15.928 1.6
      vertex 28.17 17.16 1.6
      vertex 28.2809 17.1673 1.6
    endloop
  endfacet
  facet normal 0 0 -1
    outer loop
      vertex 28.17 15.91 1.6
      vertex 28.17 17.16 1.6
      vertex 28.4441 15.928 1.6
    endloop
  endfacet
  facet normal 0 0 -1
    outer loop
      vertex 28.17 15.91 1.6
      vertex 28.0591 17.1673 1.6
      vertex 28.17 17.16 1.6
    endloop
  endfacet
  facet normal 0 0 -1
    outer loop
      vertex 27.8959 15.928 1.6
      vertex 28.0591 17.1673 1.6
      vertex 28.17 15.91 1.6
    endloop
  endfacet
  facet normal -0 0 -1
    outer loop
      vertex 28.0591 17.1673 1.6
      vertex 27.8959 15.928 1.6
      vertex 27.95 17.189 1.6
    endloop
  endfacet
  facet normal 0 0 -1
    outer loop
      vertex 27.6265 15.9816 1.6
      vertex 27.95 17.189 1.6
      vertex 27.8959 15.928 1.6
    endloop
  endfacet
  facet normal -0 0 -1
    outer loop
      vertex 27.95 17.189 1.6
      vertex 27.6265 15.9816 1.6
      vertex 27.8447 17.2247 1.6
    endloop
  endfacet
  facet normal 0 0 -1
    outer loop
      vertex 27.3664 16.0699 1.6
      vertex 27.8447 17.2247 1.6
      vertex 27.6265 15.9816 1.6
    endloop
  endfacet
  facet normal -0 0 -1
    outer loop
      vertex 27.8447 17.2247 1.6
      vertex 27.3664 16.0699 1.6
      vertex 27.745 17.2739 1.6
    endloop
  endfacet
  facet normal 0 0 -1
    outer loop
      vertex 27.12 16.1913 1.6
      vertex 27.745 17.2739 1.6
      vertex 27.3664 16.0699 1.6
    endloop
  endfacet
  facet normal -0 0 -1
    outer loop
      vertex 27.745 17.2739 1.6
      vertex 27.12 16.1913 1.6
      vertex 27.6526 17.3356 1.6
    endloop
  endfacet
  facet normal 0 0 -1
    outer loop
      vertex 26.8916 16.344 1.6
      vertex 27.6526 17.3356 1.6
      vertex 27.12 16.1913 1.6
    endloop
  endfacet
  facet normal -0 0 -1
    outer loop
      vertex 27.6526 17.3356 1.6
      vertex 26.8916 16.344 1.6
      vertex 27.569 17.409 1.6
    endloop
  endfacet
  facet normal 0 0 -1
    outer loop
      vertex 26.6851 16.5251 1.6
      vertex 27.569 17.409 1.6
      vertex 26.8916 16.344 1.6
    endloop
  endfacet
  facet normal -0 0 -1
    outer loop
      vertex 27.569 17.409 1.6
      vertex 26.6851 16.5251 1.6
      vertex 27.4956 17.4926 1.6
    endloop
  endfacet
  facet normal 0 0 -1
    outer loop
      vertex 26.504 16.7316 1.6
      vertex 27.4956 17.4926 1.6
      vertex 26.6851 16.5251 1.6
    endloop
  endfacet
  facet normal -0 0 -1
    outer loop
      vertex 27.4956 17.4926 1.6
      vertex 26.504 16.7316 1.6
      vertex 27.4339 17.585 1.6
    endloop
  endfacet
  facet normal 0 0 -1
    outer loop
      vertex 26.3513 16.96 1.6
      vertex 27.4339 17.585 1.6
      vertex 26.504 16.7316 1.6
    endloop
  endfacet
  facet normal -0 0 -1
    outer loop
      vertex 29.9887 19.06 1.6
      vertex 28.9061 18.435 1.6
      vertex 29.836 19.2884 1.6
    endloop
  endfacet
  facet normal 0 0 -1
    outer loop
      vertex 28.8443 18.5274 1.6
      vertex 29.836 19.2884 1.6
      vertex 28.9061 18.435 1.6
    endloop
  endfacet
  facet normal -0 0 -1
    outer loop
      vertex 29.836 19.2884 1.6
      vertex 28.8443 18.5274 1.6
      vertex 29.6549 19.4949 1.6
    endloop
  endfacet
  facet normal 0 0 -1
    outer loop
      vertex 28.771 18.611 1.6
      vertex 29.6549 19.4949 1.6
      vertex 28.8443 18.5274 1.6
    endloop
  endfacet
  facet normal -0 0 -1
    outer loop
      vertex 29.6549 19.4949 1.6
      vertex 28.771 18.611 1.6
      vertex 29.4484 19.676 1.6
    endloop
  endfacet
  facet normal 0 0 -1
    outer loop
      vertex 28.6874 18.6843 1.6
      vertex 29.4484 19.676 1.6
      vertex 28.771 18.611 1.6
    endloop
  endfacet
  facet normal -0 0 -1
    outer loop
      vertex 29.4484 19.676 1.6
      vertex 28.6874 18.6843 1.6
      vertex 29.22 19.8287 1.6
    endloop
  endfacet
  facet normal 0 0 -1
    outer loop
      vertex 28.595 18.7461 1.6
      vertex 29.22 19.8287 1.6
      vertex 28.6874 18.6843 1.6
    endloop
  endfacet
  facet normal -0 0 -1
    outer loop
      vertex 29.22 19.8287 1.6
      vertex 28.595 18.7461 1.6
      vertex 28.9736 19.9501 1.6
    endloop
  endfacet
  facet normal 0 0 -1
    outer loop
      vertex 28.4953 18.7953 1.6
      vertex 28.9736 19.9501 1.6
      vertex 28.595 18.7461 1.6
    endloop
  endfacet
  facet normal -0 0 -1
    outer loop
      vertex 28.9736 19.9501 1.6
      vertex 28.4953 18.7953 1.6
      vertex 28.7135 20.0384 1.6
    endloop
  endfacet
  facet normal 0 0 -1
    outer loop
      vertex 28.39 18.831 1.6
      vertex 28.7135 20.0384 1.6
      vertex 28.4953 18.7953 1.6
    endloop
  endfacet
  facet normal -0 0 -1
    outer loop
      vertex 28.7135 20.0384 1.6
      vertex 28.39 18.831 1.6
      vertex 28.4441 20.092 1.6
    endloop
  endfacet
  facet normal 0 0 -1
    outer loop
      vertex 28.2809 18.8527 1.6
      vertex 28.4441 20.092 1.6
      vertex 28.39 18.831 1.6
    endloop
  endfacet
  facet normal 0 0 -1
    outer loop
      vertex 28.17 18.86 1.6
      vertex 28.4441 20.092 1.6
      vertex 28.2809 18.8527 1.6
    endloop
  endfacet
  facet normal 0 0 -1
    outer loop
      vertex 28.17 18.86 1.6
      vertex 28.17 20.11 1.6
      vertex 28.4441 20.092 1.6
    endloop
  endfacet
  facet normal 0 0 -1
    outer loop
      vertex 28.0591 18.8527 1.6
      vertex 28.17 20.11 1.6
      vertex 28.17 18.86 1.6
    endloop
  endfacet
  facet normal 0 0 -1
    outer loop
      vertex 27.8959 20.092 1.6
      vertex 28.0591 18.8527 1.6
      vertex 27.95 18.831 1.6
    endloop
  endfacet
  facet normal 0 0 -1
    outer loop
      vertex 28.0591 18.8527 1.6
      vertex 27.8959 20.092 1.6
      vertex 28.17 20.11 1.6
    endloop
  endfacet
  facet normal 0 0 -1
    outer loop
      vertex 27.6265 20.0384 1.6
      vertex 27.95 18.831 1.6
      vertex 27.8447 18.7953 1.6
    endloop
  endfacet
  facet normal 0 0 -1
    outer loop
      vertex 27.3664 19.9501 1.6
      vertex 27.8447 18.7953 1.6
      vertex 27.745 18.7461 1.6
    endloop
  endfacet
  facet normal 0 0 -1
    outer loop
      vertex 27.12 19.8287 1.6
      vertex 27.745 18.7461 1.6
      vertex 27.6526 18.6843 1.6
    endloop
  endfacet
  facet normal 0 0 -1
    outer loop
      vertex 27.95 18.831 1.6
      vertex 27.6265 20.0384 1.6
      vertex 27.8959 20.092 1.6
    endloop
  endfacet
  facet normal 0 0 -1
    outer loop
      vertex 26.8916 19.676 1.6
      vertex 27.6526 18.6843 1.6
      vertex 27.569 18.611 1.6
    endloop
  endfacet
  facet normal 0 0 -1
    outer loop
      vertex 26.6851 19.4949 1.6
      vertex 27.569 18.611 1.6
      vertex 27.4956 18.5274 1.6
    endloop
  endfacet
  facet normal 0 0 -1
    outer loop
      vertex 26.504 19.2884 1.6
      vertex 27.4956 18.5274 1.6
      vertex 27.4339 18.435 1.6
    endloop
  endfacet
  facet normal 0 0 -1
    outer loop
      vertex 26.3513 19.06 1.6
      vertex 27.4339 18.435 1.6
      vertex 27.3847 18.3353 1.6
    endloop
  endfacet
  facet normal 0 0 -1
    outer loop
      vertex 27.8447 18.7953 1.6
      vertex 27.3664 19.9501 1.6
      vertex 27.6265 20.0384 1.6
    endloop
  endfacet
  facet normal 0 0 -1
    outer loop
      vertex 26.2299 18.8136 1.6
      vertex 27.3847 18.3353 1.6
      vertex 27.349 18.23 1.6
    endloop
  endfacet
  facet normal 0 0 -1
    outer loop
      vertex 26.1416 18.5535 1.6
      vertex 27.349 18.23 1.6
      vertex 27.3273 18.1209 1.6
    endloop
  endfacet
  facet normal 0 0 -1
    outer loop
      vertex 26.088 18.2841 1.6
      vertex 27.3273 18.1209 1.6
      vertex 27.32 18.01 1.6
    endloop
  endfacet
  facet normal -0 0 -1
    outer loop
      vertex 27.4339 17.585 1.6
      vertex 26.3513 16.96 1.6
      vertex 27.3847 17.6847 1.6
    endloop
  endfacet
  facet normal 0 0 -1
    outer loop
      vertex 27.745 18.7461 1.6
      vertex 27.12 19.8287 1.6
      vertex 27.3664 19.9501 1.6
    endloop
  endfacet
  facet normal 0 0 -1
    outer loop
      vertex 26.2299 17.2064 1.6
      vertex 27.3847 17.6847 1.6
      vertex 26.3513 16.96 1.6
    endloop
  endfacet
  facet normal 0 0 -1
    outer loop
      vertex 27.6526 18.6843 1.6
      vertex 26.8916 19.676 1.6
      vertex 27.12 19.8287 1.6
    endloop
  endfacet
  facet normal -0 0 -1
    outer loop
      vertex 27.3847 17.6847 1.6
      vertex 26.2299 17.2064 1.6
      vertex 27.349 17.79 1.6
    endloop
  endfacet
  facet normal 0 0 -1
    outer loop
      vertex 27.569 18.611 1.6
      vertex 26.6851 19.4949 1.6
      vertex 26.8916 19.676 1.6
    endloop
  endfacet
  facet normal 0 0 -1
    outer loop
      vertex 26.1416 17.4665 1.6
      vertex 27.349 17.79 1.6
      vertex 26.2299 17.2064 1.6
    endloop
  endfacet
  facet normal 0 0 -1
    outer loop
      vertex 27.4956 18.5274 1.6
      vertex 26.504 19.2884 1.6
      vertex 26.6851 19.4949 1.6
    endloop
  endfacet
  facet normal -0 0 -1
    outer loop
      vertex 27.349 17.79 1.6
      vertex 26.1416 17.4665 1.6
      vertex 27.3273 17.8991 1.6
    endloop
  endfacet
  facet normal 0 0 -1
    outer loop
      vertex 27.4339 18.435 1.6
      vertex 26.3513 19.06 1.6
      vertex 26.504 19.2884 1.6
    endloop
  endfacet
  facet normal 0 0 -1
    outer loop
      vertex 26.088 17.7359 1.6
      vertex 27.3273 17.8991 1.6
      vertex 26.1416 17.4665 1.6
    endloop
  endfacet
  facet normal 0 0 -1
    outer loop
      vertex 27.3847 18.3353 1.6
      vertex 26.2299 18.8136 1.6
      vertex 26.3513 19.06 1.6
    endloop
  endfacet
  facet normal -0 0 -1
    outer loop
      vertex 27.3273 17.8991 1.6
      vertex 26.088 17.7359 1.6
      vertex 27.32 18.01 1.6
    endloop
  endfacet
  facet normal 0 0 -1
    outer loop
      vertex 27.349 18.23 1.6
      vertex 26.1416 18.5535 1.6
      vertex 26.2299 18.8136 1.6
    endloop
  endfacet
  facet normal 0 0 -1
    outer loop
      vertex 26.07 18.01 1.6
      vertex 27.32 18.01 1.6
      vertex 26.088 17.7359 1.6
    endloop
  endfacet
  facet normal 0 0 -1
    outer loop
      vertex 27.3273 18.1209 1.6
      vertex 26.088 18.2841 1.6
      vertex 26.1416 18.5535 1.6
    endloop
  endfacet
  facet normal 0 0 -1
    outer loop
      vertex 27.32 18.01 1.6
      vertex 26.07 18.01 1.6
      vertex 26.088 18.2841 1.6
    endloop
  endfacet
  facet normal 0.980776 0.195136 0
    outer loop
      vertex 30.252 18.2841 17.2
      vertex 30.1984 18.5535 1.6
      vertex 30.1984 18.5535 17.2
    endloop
  endfacet
  facet normal 0.980776 0.195136 0
    outer loop
      vertex 30.1984 18.5535 1.6
      vertex 30.252 18.2841 17.2
      vertex 30.252 18.2841 1.6
    endloop
  endfacet
  facet normal 0.997851 0.0655283 0
    outer loop
      vertex 30.27 18.01 17.2
      vertex 30.252 18.2841 1.6
      vertex 30.252 18.2841 17.2
    endloop
  endfacet
  facet normal 0.997851 0.0655283 0
    outer loop
      vertex 30.252 18.2841 1.6
      vertex 30.27 18.01 17.2
      vertex 30.27 18.01 1.6
    endloop
  endfacet
  facet normal 0.947018 0.321179 0
    outer loop
      vertex 30.1148 18.8 17.2
      vertex 30.1984 18.5535 17.2
      vertex 30.1148 18.8 15.7
    endloop
  endfacet
  facet normal 0.945151 0.326633 0
    outer loop
      vertex 30.1148 18.8 15.7
      vertex 30.1101 18.8136 1.6
      vertex 30.1101 18.8136 15.7
    endloop
  endfacet
  facet normal 0.947018 0.321179 -0
    outer loop
      vertex 30.1984 18.5535 1.6
      vertex 30.1148 18.8 15.7
      vertex 30.1984 18.5535 17.2
    endloop
  endfacet
  facet normal 0.946921 0.321465 -5.57451e-06
    outer loop
      vertex 30.1148 18.8 15.7
      vertex 30.1984 18.5535 1.6
      vertex 30.1101 18.8136 1.6
    endloop
  endfacet
  facet normal 0.441964 0.897033 -0
    outer loop
      vertex 29.22 19.8287 1.6
      vertex 28.9736 19.9501 15.7
      vertex 29.22 19.8287 15.7
    endloop
  endfacet
  facet normal 0.441964 0.897033 0
    outer loop
      vertex 28.9736 19.9501 15.7
      vertex 29.22 19.8287 1.6
      vertex 28.9736 19.9501 1.6
    endloop
  endfacet
  facet normal 0.980776 -0.195136 0
    outer loop
      vertex 30.1984 17.4665 17.2
      vertex 30.252 17.7359 1.6
      vertex 30.252 17.7359 17.2
    endloop
  endfacet
  facet normal 0.980776 -0.195136 0
    outer loop
      vertex 30.252 17.7359 1.6
      vertex 30.1984 17.4665 17.2
      vertex 30.1984 17.4665 1.6
    endloop
  endfacet
  facet normal 0.659355 -0.751832 0
    outer loop
      vertex 29.4484 16.344 1.6
      vertex 29.6549 16.5251 17.2
      vertex 29.4484 16.344 17.2
    endloop
  endfacet
  facet normal 0.659355 -0.751832 0
    outer loop
      vertex 29.6549 16.5251 17.2
      vertex 29.4484 16.344 1.6
      vertex 29.6549 16.5251 1.6
    endloop
  endfacet
  facet normal -0.945151 0.326633 0
    outer loop
      vertex 26.2299 18.8136 1.6
      vertex 26.2252 18.8 15.7
      vertex 26.2299 18.8136 15.7
    endloop
  endfacet
  facet normal -0.946921 0.321465 -5.57451e-06
    outer loop
      vertex 26.1416 18.5535 1.6
      vertex 26.2252 18.8 15.7
      vertex 26.2299 18.8136 1.6
    endloop
  endfacet
  facet normal -0.947018 0.321179 0
    outer loop
      vertex 26.1416 18.5535 17.2
      vertex 26.2252 18.8 15.7
      vertex 26.1416 18.5535 1.6
    endloop
  endfacet
  facet normal -0.947018 0.321179 0
    outer loop
      vertex 26.2252 18.8 15.7
      vertex 26.1416 18.5535 17.2
      vertex 26.2252 18.8 17.2
    endloop
  endfacet
  facet normal 0.997851 -0.0655283 0
    outer loop
      vertex 30.252 17.7359 17.2
      vertex 30.27 18.01 1.6
      vertex 30.27 18.01 17.2
    endloop
  endfacet
  facet normal 0.997851 -0.0655283 0
    outer loop
      vertex 30.27 18.01 1.6
      vertex 30.252 17.7359 17.2
      vertex 30.252 17.7359 1.6
    endloop
  endfacet
  facet normal 0.321465 -0.946921 0
    outer loop
      vertex 28.7135 15.9816 1.6
      vertex 28.9736 16.0699 17.2
      vertex 28.7135 15.9816 17.2
    endloop
  endfacet
  facet normal 0.321465 -0.946921 0
    outer loop
      vertex 28.9736 16.0699 17.2
      vertex 28.7135 15.9816 1.6
      vertex 28.9736 16.0699 1.6
    endloop
  endfacet
  facet normal 0.831322 0.555792 0
    outer loop
      vertex 29.9887 19.06 15.7
      vertex 29.836 19.2884 1.6
      vertex 29.836 19.2884 15.7
    endloop
  endfacet
  facet normal 0.831322 0.555792 0
    outer loop
      vertex 29.836 19.2884 1.6
      vertex 29.9887 19.06 15.7
      vertex 29.9887 19.06 1.6
    endloop
  endfacet
  facet normal 0.897033 0.441964 0
    outer loop
      vertex 30.1101 18.8136 15.7
      vertex 29.9887 19.06 1.6
      vertex 29.9887 19.06 15.7
    endloop
  endfacet
  facet normal 0.897033 0.441964 0
    outer loop
      vertex 29.9887 19.06 1.6
      vertex 30.1101 18.8136 15.7
      vertex 30.1101 18.8136 1.6
    endloop
  endfacet
  facet normal -0.897033 0.441964 0
    outer loop
      vertex 26.2299 18.8136 1.6
      vertex 26.3513 19.06 15.7
      vertex 26.3513 19.06 1.6
    endloop
  endfacet
  facet normal -0.897033 0.441964 0
    outer loop
      vertex 26.3513 19.06 15.7
      vertex 26.2299 18.8136 1.6
      vertex 26.2299 18.8136 15.7
    endloop
  endfacet
  facet normal -0.831322 0.555792 0
    outer loop
      vertex 26.3513 19.06 1.6
      vertex 26.504 19.2884 15.7
      vertex 26.504 19.2884 1.6
    endloop
  endfacet
  facet normal -0.831322 0.555792 0
    outer loop
      vertex 26.504 19.2884 15.7
      vertex 26.3513 19.06 1.6
      vertex 26.3513 19.06 15.7
    endloop
  endfacet
  facet normal 0.659355 0.751832 -0
    outer loop
      vertex 29.6549 19.4949 1.6
      vertex 29.4484 19.676 15.7
      vertex 29.6549 19.4949 15.7
    endloop
  endfacet
  facet normal 0.659355 0.751832 0
    outer loop
      vertex 29.4484 19.676 15.7
      vertex 29.6549 19.4949 1.6
      vertex 29.4484 19.676 1.6
    endloop
  endfacet
  facet normal 0.897033 -0.441964 0
    outer loop
      vertex 29.9887 16.96 17.2
      vertex 30.1101 17.2064 1.6
      vertex 30.1101 17.2064 17.2
    endloop
  endfacet
  facet normal 0.897033 -0.441964 0
    outer loop
      vertex 30.1101 17.2064 1.6
      vertex 29.9887 16.96 17.2
      vertex 29.9887 16.96 1.6
    endloop
  endfacet
  facet normal -0.195136 0.980776 0
    outer loop
      vertex 27.8959 20.092 1.6
      vertex 27.6265 20.0384 17.2
      vertex 27.8959 20.092 17.2
    endloop
  endfacet
  facet normal -0.195136 0.980776 0
    outer loop
      vertex 27.6265 20.0384 17.2
      vertex 27.8959 20.092 1.6
      vertex 27.6265 20.0384 1.6
    endloop
  endfacet
  facet normal -0.0655283 0.997851 0
    outer loop
      vertex 28.17 20.11 1.6
      vertex 27.8959 20.092 17.2
      vertex 28.17 20.11 17.2
    endloop
  endfacet
  facet normal -0.0655283 0.997851 0
    outer loop
      vertex 27.8959 20.092 17.2
      vertex 28.17 20.11 1.6
      vertex 27.8959 20.092 1.6
    endloop
  endfacet
  facet normal 0.441964 -0.897033 0
    outer loop
      vertex 28.9736 16.0699 1.6
      vertex 29.22 16.1913 17.2
      vertex 28.9736 16.0699 17.2
    endloop
  endfacet
  facet normal 0.441964 -0.897033 0
    outer loop
      vertex 29.22 16.1913 17.2
      vertex 28.9736 16.0699 1.6
      vertex 29.22 16.1913 1.6
    endloop
  endfacet
  facet normal -0.320988 0.947083 0
    outer loop
      vertex 27.6265 20.0384 17.2
      vertex 27.5132 20 15.7
      vertex 27.5132 20 17.2
    endloop
  endfacet
  facet normal -0.320988 0.947083 0
    outer loop
      vertex 27.6265 20.0384 1.6
      vertex 27.5132 20 15.7
      vertex 27.6265 20.0384 17.2
    endloop
  endfacet
  facet normal -0.321833 0.946796 -7.57024e-06
    outer loop
      vertex 27.6265 20.0384 1.6
      vertex 27.3664 19.9501 15.7
      vertex 27.5132 20 15.7
    endloop
  endfacet
  facet normal -0.321465 0.946921 0
    outer loop
      vertex 27.3664 19.9501 15.7
      vertex 27.6265 20.0384 1.6
      vertex 27.3664 19.9501 1.6
    endloop
  endfacet
  facet normal -0.980776 -0.195136 0
    outer loop
      vertex 26.1416 17.4665 1.6
      vertex 26.088 17.7359 17.2
      vertex 26.088 17.7359 1.6
    endloop
  endfacet
  facet normal -0.980776 -0.195136 0
    outer loop
      vertex 26.088 17.7359 17.2
      vertex 26.1416 17.4665 1.6
      vertex 26.1416 17.4665 17.2
    endloop
  endfacet
  facet normal -0.659355 0.751832 0
    outer loop
      vertex 26.8916 19.676 1.6
      vertex 26.6851 19.4949 15.7
      vertex 26.8916 19.676 15.7
    endloop
  endfacet
  facet normal -0.659355 0.751832 0
    outer loop
      vertex 26.6851 19.4949 15.7
      vertex 26.8916 19.676 1.6
      vertex 26.6851 19.4949 1.6
    endloop
  endfacet
  facet normal 0.751832 -0.659355 0
    outer loop
      vertex 29.6549 16.5251 17.2
      vertex 29.836 16.7316 1.6
      vertex 29.836 16.7316 17.2
    endloop
  endfacet
  facet normal 0.751832 -0.659355 0
    outer loop
      vertex 29.836 16.7316 1.6
      vertex 29.6549 16.5251 17.2
      vertex 29.6549 16.5251 1.6
    endloop
  endfacet
  facet normal 0.195136 -0.980776 0
    outer loop
      vertex 28.4441 15.928 1.6
      vertex 28.7135 15.9816 17.2
      vertex 28.4441 15.928 17.2
    endloop
  endfacet
  facet normal 0.195136 -0.980776 0
    outer loop
      vertex 28.7135 15.9816 17.2
      vertex 28.4441 15.928 1.6
      vertex 28.7135 15.9816 1.6
    endloop
  endfacet
  facet normal 0.555792 0.831322 -0
    outer loop
      vertex 29.4484 19.676 1.6
      vertex 29.22 19.8287 15.7
      vertex 29.4484 19.676 15.7
    endloop
  endfacet
  facet normal 0.555792 0.831322 0
    outer loop
      vertex 29.22 19.8287 15.7
      vertex 29.4484 19.676 1.6
      vertex 29.22 19.8287 1.6
    endloop
  endfacet
  facet normal -0.441964 0.897033 0
    outer loop
      vertex 27.3664 19.9501 1.6
      vertex 27.12 19.8287 15.7
      vertex 27.3664 19.9501 15.7
    endloop
  endfacet
  facet normal -0.441964 0.897033 0
    outer loop
      vertex 27.12 19.8287 15.7
      vertex 27.3664 19.9501 1.6
      vertex 27.12 19.8287 1.6
    endloop
  endfacet
  facet normal -0.659355 -0.751832 0
    outer loop
      vertex 26.6851 16.5251 1.6
      vertex 26.8916 16.344 17.2
      vertex 26.6851 16.5251 17.2
    endloop
  endfacet
  facet normal -0.659355 -0.751832 -0
    outer loop
      vertex 26.8916 16.344 17.2
      vertex 26.6851 16.5251 1.6
      vertex 26.8916 16.344 1.6
    endloop
  endfacet
  facet normal -0.997851 -0.0655283 0
    outer loop
      vertex 26.088 17.7359 1.6
      vertex 26.07 18.01 17.2
      vertex 26.07 18.01 1.6
    endloop
  endfacet
  facet normal -0.997851 -0.0655283 0
    outer loop
      vertex 26.07 18.01 17.2
      vertex 26.088 17.7359 1.6
      vertex 26.088 17.7359 17.2
    endloop
  endfacet
  facet normal 0.555792 -0.831322 0
    outer loop
      vertex 29.22 16.1913 1.6
      vertex 29.4484 16.344 17.2
      vertex 29.22 16.1913 17.2
    endloop
  endfacet
  facet normal 0.555792 -0.831322 0
    outer loop
      vertex 29.4484 16.344 17.2
      vertex 29.22 16.1913 1.6
      vertex 29.4484 16.344 1.6
    endloop
  endfacet
  facet normal 0.831322 -0.555792 0
    outer loop
      vertex 29.836 16.7316 17.2
      vertex 29.9887 16.96 1.6
      vertex 29.9887 16.96 17.2
    endloop
  endfacet
  facet normal 0.831322 -0.555792 0
    outer loop
      vertex 29.9887 16.96 1.6
      vertex 29.836 16.7316 17.2
      vertex 29.836 16.7316 1.6
    endloop
  endfacet
  facet normal -0.555792 0.831322 0
    outer loop
      vertex 27.12 19.8287 1.6
      vertex 26.8916 19.676 15.7
      vertex 27.12 19.8287 15.7
    endloop
  endfacet
  facet normal -0.555792 0.831322 0
    outer loop
      vertex 26.8916 19.676 15.7
      vertex 27.12 19.8287 1.6
      vertex 26.8916 19.676 1.6
    endloop
  endfacet
  facet normal -0.751832 -0.659355 0
    outer loop
      vertex 26.6851 16.5251 1.6
      vertex 26.504 16.7316 17.2
      vertex 26.504 16.7316 1.6
    endloop
  endfacet
  facet normal -0.751832 -0.659355 0
    outer loop
      vertex 26.504 16.7316 17.2
      vertex 26.6851 16.5251 1.6
      vertex 26.6851 16.5251 17.2
    endloop
  endfacet
  facet normal -0.195136 -0.980776 0
    outer loop
      vertex 27.6265 15.9816 1.6
      vertex 27.8959 15.928 17.2
      vertex 27.6265 15.9816 17.2
    endloop
  endfacet
  facet normal -0.195136 -0.980776 -0
    outer loop
      vertex 27.8959 15.928 17.2
      vertex 27.6265 15.9816 1.6
      vertex 27.8959 15.928 1.6
    endloop
  endfacet
  facet normal -0.946921 -0.321465 0
    outer loop
      vertex 26.2299 17.2064 1.6
      vertex 26.1416 17.4665 17.2
      vertex 26.1416 17.4665 1.6
    endloop
  endfacet
  facet normal -0.946921 -0.321465 0
    outer loop
      vertex 26.1416 17.4665 17.2
      vertex 26.2299 17.2064 1.6
      vertex 26.2299 17.2064 17.2
    endloop
  endfacet
  facet normal -0.0655283 -0.997851 0
    outer loop
      vertex 27.8959 15.928 1.6
      vertex 28.17 15.91 17.2
      vertex 27.8959 15.928 17.2
    endloop
  endfacet
  facet normal -0.0655283 -0.997851 -0
    outer loop
      vertex 28.17 15.91 17.2
      vertex 27.8959 15.928 1.6
      vertex 28.17 15.91 1.6
    endloop
  endfacet
  facet normal 0.321833 0.946796 0
    outer loop
      vertex 28.9736 19.9501 15.7
      vertex 28.9736 19.9501 1.6
      vertex 28.8268 20 15.7
    endloop
  endfacet
  facet normal 0.320988 0.947083 -0
    outer loop
      vertex 28.8268 20 15.7
      vertex 28.7135 20.0384 17.2
      vertex 28.8268 20 17.2
    endloop
  endfacet
  facet normal 0.321465 0.946921 -4.27319e-06
    outer loop
      vertex 28.7135 20.0384 1.6
      vertex 28.8268 20 15.7
      vertex 28.9736 19.9501 1.6
    endloop
  endfacet
  facet normal 0.320988 0.947083 0
    outer loop
      vertex 28.8268 20 15.7
      vertex 28.7135 20.0384 1.6
      vertex 28.7135 20.0384 17.2
    endloop
  endfacet
  facet normal 0.751832 0.659355 0
    outer loop
      vertex 29.836 19.2884 15.7
      vertex 29.6549 19.4949 1.6
      vertex 29.6549 19.4949 15.7
    endloop
  endfacet
  facet normal 0.751832 0.659355 0
    outer loop
      vertex 29.6549 19.4949 1.6
      vertex 29.836 19.2884 15.7
      vertex 29.836 19.2884 1.6
    endloop
  endfacet
  facet normal -0.980776 0.195136 0
    outer loop
      vertex 26.088 18.2841 1.6
      vertex 26.1416 18.5535 17.2
      vertex 26.1416 18.5535 1.6
    endloop
  endfacet
  facet normal -0.980776 0.195136 0
    outer loop
      vertex 26.1416 18.5535 17.2
      vertex 26.088 18.2841 1.6
      vertex 26.088 18.2841 17.2
    endloop
  endfacet
  facet normal 0.946921 -0.321465 0
    outer loop
      vertex 30.1101 17.2064 17.2
      vertex 30.1984 17.4665 1.6
      vertex 30.1984 17.4665 17.2
    endloop
  endfacet
  facet normal 0.946921 -0.321465 0
    outer loop
      vertex 30.1984 17.4665 1.6
      vertex 30.1101 17.2064 17.2
      vertex 30.1101 17.2064 1.6
    endloop
  endfacet
  facet normal 0.0655283 0.997851 -0
    outer loop
      vertex 28.4441 20.092 1.6
      vertex 28.17 20.11 17.2
      vertex 28.4441 20.092 17.2
    endloop
  endfacet
  facet normal 0.0655283 0.997851 0
    outer loop
      vertex 28.17 20.11 17.2
      vertex 28.4441 20.092 1.6
      vertex 28.17 20.11 1.6
    endloop
  endfacet
  facet normal 0.0655283 -0.997851 0
    outer loop
      vertex 28.17 15.91 1.6
      vertex 28.4441 15.928 17.2
      vertex 28.17 15.91 17.2
    endloop
  endfacet
  facet normal 0.0655283 -0.997851 0
    outer loop
      vertex 28.4441 15.928 17.2
      vertex 28.17 15.91 1.6
      vertex 28.4441 15.928 1.6
    endloop
  endfacet
  facet normal -0.321465 -0.946921 0
    outer loop
      vertex 27.3664 16.0699 1.6
      vertex 27.6265 15.9816 17.2
      vertex 27.3664 16.0699 17.2
    endloop
  endfacet
  facet normal -0.321465 -0.946921 -0
    outer loop
      vertex 27.6265 15.9816 17.2
      vertex 27.3664 16.0699 1.6
      vertex 27.6265 15.9816 1.6
    endloop
  endfacet
  facet normal -0.555792 -0.831322 0
    outer loop
      vertex 26.8916 16.344 1.6
      vertex 27.12 16.1913 17.2
      vertex 26.8916 16.344 17.2
    endloop
  endfacet
  facet normal -0.555792 -0.831322 -0
    outer loop
      vertex 27.12 16.1913 17.2
      vertex 26.8916 16.344 1.6
      vertex 27.12 16.1913 1.6
    endloop
  endfacet
  facet normal -0.831322 -0.555792 0
    outer loop
      vertex 26.504 16.7316 1.6
      vertex 26.3513 16.96 17.2
      vertex 26.3513 16.96 1.6
    endloop
  endfacet
  facet normal -0.831322 -0.555792 0
    outer loop
      vertex 26.3513 16.96 17.2
      vertex 26.504 16.7316 1.6
      vertex 26.504 16.7316 17.2
    endloop
  endfacet
  facet normal 0.195136 0.980776 -0
    outer loop
      vertex 28.7135 20.0384 1.6
      vertex 28.4441 20.092 17.2
      vertex 28.7135 20.0384 17.2
    endloop
  endfacet
  facet normal 0.195136 0.980776 0
    outer loop
      vertex 28.4441 20.092 17.2
      vertex 28.7135 20.0384 1.6
      vertex 28.4441 20.092 1.6
    endloop
  endfacet
  facet normal -0.997851 0.0655283 0
    outer loop
      vertex 26.07 18.01 1.6
      vertex 26.088 18.2841 17.2
      vertex 26.088 18.2841 1.6
    endloop
  endfacet
  facet normal -0.997851 0.0655283 0
    outer loop
      vertex 26.088 18.2841 17.2
      vertex 26.07 18.01 1.6
      vertex 26.07 18.01 17.2
    endloop
  endfacet
  facet normal -0.441964 -0.897033 0
    outer loop
      vertex 27.12 16.1913 1.6
      vertex 27.3664 16.0699 17.2
      vertex 27.12 16.1913 17.2
    endloop
  endfacet
  facet normal -0.441964 -0.897033 -0
    outer loop
      vertex 27.3664 16.0699 17.2
      vertex 27.12 16.1913 1.6
      vertex 27.3664 16.0699 1.6
    endloop
  endfacet
  facet normal -0.751832 0.659355 0
    outer loop
      vertex 26.504 19.2884 1.6
      vertex 26.6851 19.4949 15.7
      vertex 26.6851 19.4949 1.6
    endloop
  endfacet
  facet normal -0.751832 0.659355 0
    outer loop
      vertex 26.6851 19.4949 15.7
      vertex 26.504 19.2884 1.6
      vertex 26.504 19.2884 15.7
    endloop
  endfacet
  facet normal -0.321574 0.946885 0
    outer loop
      vertex -31.5365 22.0978 17.2
      vertex -31.9081 21.9716 19.2
      vertex -31.5365 22.0978 19.2
    endloop
  endfacet
  facet normal -0.321574 0.946885 0
    outer loop
      vertex -31.9081 21.9716 19.2
      vertex -31.5365 22.0978 17.2
      vertex -31.9081 21.9716 17.2
    endloop
  endfacet
  facet normal -0.997853 -0.0654873 0
    outer loop
      vertex -33.7343 -19.5916 17.2
      vertex -33.76 -19.2 19.2
      vertex -33.76 -19.2 17.2
    endloop
  endfacet
  facet normal -0.997853 -0.0654873 0
    outer loop
      vertex -33.76 -19.2 19.2
      vertex -33.7343 -19.5916 17.2
      vertex -33.7343 -19.5916 19.2
    endloop
  endfacet
  facet normal -1 0 0
    outer loop
      vertex -33.76 -19.2 17.2
      vertex -33.76 19.2 19.2
      vertex -33.76 19.2 17.2
    endloop
  endfacet
  facet normal -1 -0 0
    outer loop
      vertex -33.76 19.2 19.2
      vertex -33.76 -19.2 17.2
      vertex -33.76 -19.2 19.2
    endloop
  endfacet
  facet normal -0.659478 -0.751724 0
    outer loop
      vertex -32.8813 -21.3213 17.2
      vertex -32.5863 -21.5801 19.2
      vertex -32.8813 -21.3213 19.2
    endloop
  endfacet
  facet normal -0.659478 -0.751724 -0
    outer loop
      vertex -32.5863 -21.5801 19.2
      vertex -32.8813 -21.3213 17.2
      vertex -32.5863 -21.5801 17.2
    endloop
  endfacet
  facet normal -0.751724 0.659478 0
    outer loop
      vertex -33.1401 21.0263 17.2
      vertex -32.8813 21.3213 19.2
      vertex -32.8813 21.3213 17.2
    endloop
  endfacet
  facet normal -0.751724 0.659478 0
    outer loop
      vertex -32.8813 21.3213 19.2
      vertex -33.1401 21.0263 17.2
      vertex -33.1401 21.0263 19.2
    endloop
  endfacet
  facet normal 0 -1 0
    outer loop
      vertex -30.76 -22.2 17.2
      vertex 30.76 -22.2 19.2
      vertex -30.76 -22.2 19.2
    endloop
  endfacet
  facet normal 0 -1 -0
    outer loop
      vertex 30.76 -22.2 19.2
      vertex -30.76 -22.2 17.2
      vertex 30.76 -22.2 17.2
    endloop
  endfacet
  facet normal 1 0 0
    outer loop
      vertex 33.76 19.2 19.2
      vertex 33.76 10.12 17.2
      vertex 33.76 19.2 17.2
    endloop
  endfacet
  facet normal 1 0 0
    outer loop
      vertex 33.76 19.2 19.2
      vertex 33.76 7.94631 17.5786
      vertex 33.76 10.12 17.2
    endloop
  endfacet
  facet normal 1 0 0
    outer loop
      vertex 33.76 19.2 19.2
      vertex 33.76 7.62 17.6
      vertex 33.76 7.94631 17.5786
    endloop
  endfacet
  facet normal 1 0 0
    outer loop
      vertex 33.76 19.2 19.2
      vertex 33.76 7.29368 17.5786
      vertex 33.76 7.62 17.6
    endloop
  endfacet
  facet normal 1 -0 0
    outer loop
      vertex 33.76 -19.2 19.2
      vertex 33.76 7.29368 17.5786
      vertex 33.76 19.2 19.2
    endloop
  endfacet
  facet normal 1 0 0
    outer loop
      vertex 33.76 -19.2 19.2
      vertex 33.76 5.12 17.2
      vertex 33.76 7.29368 17.5786
    endloop
  endfacet
  facet normal 1 0 0
    outer loop
      vertex 33.76 5.12 17.2
      vertex 33.76 -19.2 19.2
      vertex 33.76 -19.2 17.2
    endloop
  endfacet
  facet normal 0.751724 -0.659478 0
    outer loop
      vertex 32.8813 -21.3213 19.2
      vertex 33.1401 -21.0263 17.2
      vertex 33.1401 -21.0263 19.2
    endloop
  endfacet
  facet normal 0.751724 -0.659478 0
    outer loop
      vertex 33.1401 -21.0263 17.2
      vertex 32.8813 -21.3213 19.2
      vertex 32.8813 -21.3213 17.2
    endloop
  endfacet
  facet normal -0.997853 0.0654873 0
    outer loop
      vertex -33.76 19.2 17.2
      vertex -33.7343 19.5916 19.2
      vertex -33.7343 19.5916 17.2
    endloop
  endfacet
  facet normal -0.997853 0.0654873 0
    outer loop
      vertex -33.7343 19.5916 19.2
      vertex -33.76 19.2 17.2
      vertex -33.76 19.2 19.2
    endloop
  endfacet
  facet normal -0.555523 -0.831501 0
    outer loop
      vertex -32.5863 -21.5801 17.2
      vertex -32.26 -21.7981 19.2
      vertex -32.5863 -21.5801 19.2
    endloop
  endfacet
  facet normal -0.555523 -0.831501 -0
    outer loop
      vertex -32.26 -21.7981 19.2
      vertex -32.5863 -21.5801 17.2
      vertex -32.26 -21.7981 17.2
    endloop
  endfacet
  facet normal -0.19494 0.980815 0
    outer loop
      vertex -31.1516 22.1743 17.2
      vertex -31.5365 22.0978 19.2
      vertex -31.1516 22.1743 19.2
    endloop
  endfacet
  facet normal -0.19494 0.980815 0
    outer loop
      vertex -31.5365 22.0978 19.2
      vertex -31.1516 22.1743 17.2
      vertex -31.5365 22.0978 17.2
    endloop
  endfacet
  facet normal 0 0 1
    outer loop
      vertex 30.76 22.2 19.2
      vertex 33.76 19.2 19.2
      vertex 33.7343 19.5916 19.2
    endloop
  endfacet
  facet normal 0 0 1
    outer loop
      vertex 33.76 19.2 19.2
      vertex 30.76 22.2 19.2
      vertex 33.76 -19.2 19.2
    endloop
  endfacet
  facet normal 0 0 1
    outer loop
      vertex 30.76 22.2 19.2
      vertex 33.7343 19.5916 19.2
      vertex 33.6578 19.9765 19.2
    endloop
  endfacet
  facet normal 0 0 1
    outer loop
      vertex 30.76 -22.2 19.2
      vertex 33.76 -19.2 19.2
      vertex 30.76 22.2 19.2
    endloop
  endfacet
  facet normal 0 0 1
    outer loop
      vertex 30.76 22.2 19.2
      vertex 33.6578 19.9765 19.2
      vertex 33.5316 20.348 19.2
    endloop
  endfacet
  facet normal 0 0 1
    outer loop
      vertex 33.76 -19.2 19.2
      vertex 30.76 -22.2 19.2
      vertex 33.7343 -19.5916 19.2
    endloop
  endfacet
  facet normal 0 0 1
    outer loop
      vertex 30.76 22.2 19.2
      vertex 33.5316 20.348 19.2
      vertex 33.3581 20.7 19.2
    endloop
  endfacet
  facet normal 0 0 1
    outer loop
      vertex 33.7343 -19.5916 19.2
      vertex 30.76 -22.2 19.2
      vertex 33.6578 -19.9765 19.2
    endloop
  endfacet
  facet normal 0 0 1
    outer loop
      vertex 30.76 22.2 19.2
      vertex 33.3581 20.7 19.2
      vertex 33.1401 21.0263 19.2
    endloop
  endfacet
  facet normal 0 0 1
    outer loop
      vertex 33.6578 -19.9765 19.2
      vertex 30.76 -22.2 19.2
      vertex 33.5316 -20.348 19.2
    endloop
  endfacet
  facet normal 0 0 1
    outer loop
      vertex 30.76 22.2 19.2
      vertex 33.1401 21.0263 19.2
      vertex 32.8813 21.3213 19.2
    endloop
  endfacet
  facet normal 0 0 1
    outer loop
      vertex 33.5316 -20.348 19.2
      vertex 30.76 -22.2 19.2
      vertex 33.3581 -20.7 19.2
    endloop
  endfacet
  facet normal 0 0 1
    outer loop
      vertex 30.76 22.2 19.2
      vertex 32.8813 21.3213 19.2
      vertex 32.5863 21.5801 19.2
    endloop
  endfacet
  facet normal 0 0 1
    outer loop
      vertex 33.3581 -20.7 19.2
      vertex 30.76 -22.2 19.2
      vertex 33.1401 -21.0263 19.2
    endloop
  endfacet
  facet normal 0 0 1
    outer loop
      vertex 30.76 22.2 19.2
      vertex 32.5863 21.5801 19.2
      vertex 32.26 21.7981 19.2
    endloop
  endfacet
  facet normal 0 0 1
    outer loop
      vertex 33.1401 -21.0263 19.2
      vertex 30.76 -22.2 19.2
      vertex 32.8813 -21.3213 19.2
    endloop
  endfacet
  facet normal 0 0 1
    outer loop
      vertex 30.76 22.2 19.2
      vertex 32.26 21.7981 19.2
      vertex 31.9081 21.9716 19.2
    endloop
  endfacet
  facet normal 0 0 1
    outer loop
      vertex 32.8813 -21.3213 19.2
      vertex 30.76 -22.2 19.2
      vertex 32.5863 -21.5801 19.2
    endloop
  endfacet
  facet normal 0 0 1
    outer loop
      vertex 30.76 22.2 19.2
      vertex 31.9081 21.9716 19.2
      vertex 31.5365 22.0978 19.2
    endloop
  endfacet
  facet normal 0 0 1
    outer loop
      vertex 32.5863 -21.5801 19.2
      vertex 30.76 -22.2 19.2
      vertex 32.26 -21.7981 19.2
    endloop
  endfacet
  facet normal 0 0 1
    outer loop
      vertex 30.76 22.2 19.2
      vertex 31.5365 22.0978 19.2
      vertex 31.1516 22.1743 19.2
    endloop
  endfacet
  facet normal 0 0 1
    outer loop
      vertex 32.26 -21.7981 19.2
      vertex 30.76 -22.2 19.2
      vertex 31.9081 -21.9716 19.2
    endloop
  endfacet
  facet normal 0 0 1
    outer loop
      vertex 31.9081 -21.9716 19.2
      vertex 30.76 -22.2 19.2
      vertex 31.5365 -22.0978 19.2
    endloop
  endfacet
  facet normal 0 0 1
    outer loop
      vertex 31.5365 -22.0978 19.2
      vertex 30.76 -22.2 19.2
      vertex 31.1516 -22.1743 19.2
    endloop
  endfacet
  facet normal -0 0 1
    outer loop
      vertex -30.76 22.2 19.2
      vertex 30.76 -22.2 19.2
      vertex 30.76 22.2 19.2
    endloop
  endfacet
  facet normal 0 0 1
    outer loop
      vertex -30.76 22.2 19.2
      vertex -30.76 -22.2 19.2
      vertex 30.76 -22.2 19.2
    endloop
  endfacet
  facet normal 0 0 1
    outer loop
      vertex -33.76 19.2 19.2
      vertex -30.76 22.2 19.2
      vertex -31.1516 22.1743 19.2
    endloop
  endfacet
  facet normal 0 0 1
    outer loop
      vertex -30.76 22.2 19.2
      vertex -33.76 19.2 19.2
      vertex -30.76 -22.2 19.2
    endloop
  endfacet
  facet normal 0 0 1
    outer loop
      vertex -33.76 19.2 19.2
      vertex -31.1516 22.1743 19.2
      vertex -31.5365 22.0978 19.2
    endloop
  endfacet
  facet normal -0 0 1
    outer loop
      vertex -33.76 -19.2 19.2
      vertex -30.76 -22.2 19.2
      vertex -33.76 19.2 19.2
    endloop
  endfacet
  facet normal 0 0 1
    outer loop
      vertex -33.76 19.2 19.2
      vertex -31.5365 22.0978 19.2
      vertex -31.9081 21.9716 19.2
    endloop
  endfacet
  facet normal 0 0 1
    outer loop
      vertex -30.76 -22.2 19.2
      vertex -33.76 -19.2 19.2
      vertex -31.1516 -22.1743 19.2
    endloop
  endfacet
  facet normal 0 0 1
    outer loop
      vertex -33.76 19.2 19.2
      vertex -31.9081 21.9716 19.2
      vertex -32.26 21.7981 19.2
    endloop
  endfacet
  facet normal 0 0 1
    outer loop
      vertex -31.1516 -22.1743 19.2
      vertex -33.76 -19.2 19.2
      vertex -31.5365 -22.0978 19.2
    endloop
  endfacet
  facet normal 0 0 1
    outer loop
      vertex -33.76 19.2 19.2
      vertex -32.26 21.7981 19.2
      vertex -32.5863 21.5801 19.2
    endloop
  endfacet
  facet normal 0 0 1
    outer loop
      vertex -31.5365 -22.0978 19.2
      vertex -33.76 -19.2 19.2
      vertex -31.9081 -21.9716 19.2
    endloop
  endfacet
  facet normal 0 0 1
    outer loop
      vertex -33.76 19.2 19.2
      vertex -32.5863 21.5801 19.2
      vertex -32.8813 21.3213 19.2
    endloop
  endfacet
  facet normal 0 0 1
    outer loop
      vertex -31.9081 -21.9716 19.2
      vertex -33.76 -19.2 19.2
      vertex -32.26 -21.7981 19.2
    endloop
  endfacet
  facet normal 0 0 1
    outer loop
      vertex -33.76 19.2 19.2
      vertex -32.8813 21.3213 19.2
      vertex -33.1401 21.0263 19.2
    endloop
  endfacet
  facet normal 0 0 1
    outer loop
      vertex -32.26 -21.7981 19.2
      vertex -33.76 -19.2 19.2
      vertex -32.5863 -21.5801 19.2
    endloop
  endfacet
  facet normal 0 0 1
    outer loop
      vertex -33.76 19.2 19.2
      vertex -33.1401 21.0263 19.2
      vertex -33.3581 20.7 19.2
    endloop
  endfacet
  facet normal 0 0 1
    outer loop
      vertex -32.5863 -21.5801 19.2
      vertex -33.76 -19.2 19.2
      vertex -32.8813 -21.3213 19.2
    endloop
  endfacet
  facet normal 0 0 1
    outer loop
      vertex -33.76 19.2 19.2
      vertex -33.3581 20.7 19.2
      vertex -33.5316 20.348 19.2
    endloop
  endfacet
  facet normal 0 0 1
    outer loop
      vertex -32.8813 -21.3213 19.2
      vertex -33.76 -19.2 19.2
      vertex -33.1401 -21.0263 19.2
    endloop
  endfacet
  facet normal 0 0 1
    outer loop
      vertex -33.76 19.2 19.2
      vertex -33.5316 20.348 19.2
      vertex -33.6578 19.9765 19.2
    endloop
  endfacet
  facet normal 0 0 1
    outer loop
      vertex -33.1401 -21.0263 19.2
      vertex -33.76 -19.2 19.2
      vertex -33.3581 -20.7 19.2
    endloop
  endfacet
  facet normal 0 0 1
    outer loop
      vertex -33.76 19.2 19.2
      vertex -33.6578 19.9765 19.2
      vertex -33.7343 19.5916 19.2
    endloop
  endfacet
  facet normal 0 0 1
    outer loop
      vertex -33.3581 -20.7 19.2
      vertex -33.76 -19.2 19.2
      vertex -33.5316 -20.348 19.2
    endloop
  endfacet
  facet normal 0 0 1
    outer loop
      vertex -33.5316 -20.348 19.2
      vertex -33.76 -19.2 19.2
      vertex -33.6578 -19.9765 19.2
    endloop
  endfacet
  facet normal 0 0 1
    outer loop
      vertex -33.6578 -19.9765 19.2
      vertex -33.76 -19.2 19.2
      vertex -33.7343 -19.5916 19.2
    endloop
  endfacet
  facet normal 0.896961 0.44211 0
    outer loop
      vertex 33.5316 20.348 19.2
      vertex 33.3581 20.7 17.2
      vertex 33.3581 20.7 19.2
    endloop
  endfacet
  facet normal 0.896961 0.44211 0
    outer loop
      vertex 33.3581 20.7 17.2
      vertex 33.5316 20.348 19.2
      vertex 33.5316 20.348 17.2
    endloop
  endfacet
  facet normal -0.831501 -0.555523 0
    outer loop
      vertex -33.1401 -21.0263 17.2
      vertex -33.3581 -20.7 19.2
      vertex -33.3581 -20.7 17.2
    endloop
  endfacet
  facet normal -0.831501 -0.555523 0
    outer loop
      vertex -33.3581 -20.7 19.2
      vertex -33.1401 -21.0263 17.2
      vertex -33.1401 -21.0263 19.2
    endloop
  endfacet
  facet normal 0.442211 0.896911 -0
    outer loop
      vertex 32.26 21.7981 17.2
      vertex 31.9081 21.9716 19.2
      vertex 32.26 21.7981 19.2
    endloop
  endfacet
  facet normal 0.442211 0.896911 0
    outer loop
      vertex 31.9081 21.9716 19.2
      vertex 32.26 21.7981 17.2
      vertex 31.9081 21.9716 17.2
    endloop
  endfacet
  facet normal 0.19494 0.980815 -0
    outer loop
      vertex 31.5365 22.0978 17.2
      vertex 31.1516 22.1743 19.2
      vertex 31.5365 22.0978 19.2
    endloop
  endfacet
  facet normal 0.19494 0.980815 0
    outer loop
      vertex 31.1516 22.1743 19.2
      vertex 31.5365 22.0978 17.2
      vertex 31.1516 22.1743 17.2
    endloop
  endfacet
  facet normal 0.659478 0.751724 -0
    outer loop
      vertex 32.8813 21.3213 17.2
      vertex 32.5863 21.5801 19.2
      vertex 32.8813 21.3213 19.2
    endloop
  endfacet
  facet normal 0.659478 0.751724 0
    outer loop
      vertex 32.5863 21.5801 19.2
      vertex 32.8813 21.3213 17.2
      vertex 32.5863 21.5801 17.2
    endloop
  endfacet
  facet normal -0.555523 0.831501 0
    outer loop
      vertex -32.26 21.7981 17.2
      vertex -32.5863 21.5801 19.2
      vertex -32.26 21.7981 19.2
    endloop
  endfacet
  facet normal -0.555523 0.831501 0
    outer loop
      vertex -32.5863 21.5801 19.2
      vertex -32.26 21.7981 17.2
      vertex -32.5863 21.5801 17.2
    endloop
  endfacet
  facet normal -0.659478 0.751724 0
    outer loop
      vertex -32.5863 21.5801 17.2
      vertex -32.8813 21.3213 19.2
      vertex -32.5863 21.5801 19.2
    endloop
  endfacet
  facet normal -0.659478 0.751724 0
    outer loop
      vertex -32.8813 21.3213 19.2
      vertex -32.5863 21.5801 17.2
      vertex -32.8813 21.3213 17.2
    endloop
  endfacet
  facet normal -0.896961 0.44211 0
    outer loop
      vertex -33.5316 20.348 17.2
      vertex -33.3581 20.7 19.2
      vertex -33.3581 20.7 17.2
    endloop
  endfacet
  facet normal -0.896961 0.44211 0
    outer loop
      vertex -33.3581 20.7 19.2
      vertex -33.5316 20.348 17.2
      vertex -33.5316 20.348 19.2
    endloop
  endfacet
  facet normal 0 1 -0
    outer loop
      vertex 30.76 22.2 17.2
      vertex -30.76 22.2 19.2
      vertex 30.76 22.2 19.2
    endloop
  endfacet
  facet normal 0 1 0
    outer loop
      vertex -30.76 22.2 19.2
      vertex 30.76 22.2 17.2
      vertex -30.76 22.2 17.2
    endloop
  endfacet
  facet normal 0.555523 -0.831501 0
    outer loop
      vertex 32.26 -21.7981 17.2
      vertex 32.5863 -21.5801 19.2
      vertex 32.26 -21.7981 19.2
    endloop
  endfacet
  facet normal 0.555523 -0.831501 0
    outer loop
      vertex 32.5863 -21.5801 19.2
      vertex 32.26 -21.7981 17.2
      vertex 32.5863 -21.5801 17.2
    endloop
  endfacet
  facet normal -0.321574 -0.946885 0
    outer loop
      vertex -31.9081 -21.9716 17.2
      vertex -31.5365 -22.0978 19.2
      vertex -31.9081 -21.9716 19.2
    endloop
  endfacet
  facet normal -0.321574 -0.946885 -0
    outer loop
      vertex -31.5365 -22.0978 19.2
      vertex -31.9081 -21.9716 17.2
      vertex -31.5365 -22.0978 17.2
    endloop
  endfacet
  facet normal -0.442211 -0.896911 0
    outer loop
      vertex -32.26 -21.7981 17.2
      vertex -31.9081 -21.9716 19.2
      vertex -32.26 -21.7981 19.2
    endloop
  endfacet
  facet normal -0.442211 -0.896911 -0
    outer loop
      vertex -31.9081 -21.9716 19.2
      vertex -32.26 -21.7981 17.2
      vertex -31.9081 -21.9716 17.2
    endloop
  endfacet
  facet normal 0.997853 -0.0654873 0
    outer loop
      vertex 33.7343 -19.5916 19.2
      vertex 33.76 -19.2 17.2
      vertex 33.76 -19.2 19.2
    endloop
  endfacet
  facet normal 0.997853 -0.0654873 0
    outer loop
      vertex 33.76 -19.2 17.2
      vertex 33.7343 -19.5916 19.2
      vertex 33.7343 -19.5916 17.2
    endloop
  endfacet
  facet normal -0.0654873 0.997853 0
    outer loop
      vertex -30.76 22.2 17.2
      vertex -31.1516 22.1743 19.2
      vertex -30.76 22.2 19.2
    endloop
  endfacet
  facet normal -0.0654873 0.997853 0
    outer loop
      vertex -31.1516 22.1743 19.2
      vertex -30.76 22.2 17.2
      vertex -31.1516 22.1743 17.2
    endloop
  endfacet
  facet normal 0.19494 -0.980815 0
    outer loop
      vertex 31.1516 -22.1743 17.2
      vertex 31.5365 -22.0978 19.2
      vertex 31.1516 -22.1743 19.2
    endloop
  endfacet
  facet normal 0.19494 -0.980815 0
    outer loop
      vertex 31.5365 -22.0978 19.2
      vertex 31.1516 -22.1743 17.2
      vertex 31.5365 -22.0978 17.2
    endloop
  endfacet
  facet normal -0.751724 -0.659478 0
    outer loop
      vertex -32.8813 -21.3213 17.2
      vertex -33.1401 -21.0263 19.2
      vertex -33.1401 -21.0263 17.2
    endloop
  endfacet
  facet normal -0.751724 -0.659478 0
    outer loop
      vertex -33.1401 -21.0263 19.2
      vertex -32.8813 -21.3213 17.2
      vertex -32.8813 -21.3213 19.2
    endloop
  endfacet
  facet normal -0.946858 -0.321651 0
    outer loop
      vertex -33.5316 -20.348 17.2
      vertex -33.6578 -19.9765 19.2
      vertex -33.6578 -19.9765 17.2
    endloop
  endfacet
  facet normal -0.946858 -0.321651 0
    outer loop
      vertex -33.6578 -19.9765 19.2
      vertex -33.5316 -20.348 17.2
      vertex -33.5316 -20.348 19.2
    endloop
  endfacet
  facet normal -0.980815 0.19494 0
    outer loop
      vertex -33.7343 19.5916 17.2
      vertex -33.6578 19.9765 19.2
      vertex -33.6578 19.9765 17.2
    endloop
  endfacet
  facet normal -0.980815 0.19494 0
    outer loop
      vertex -33.6578 19.9765 19.2
      vertex -33.7343 19.5916 17.2
      vertex -33.7343 19.5916 19.2
    endloop
  endfacet
  facet normal -0.896961 -0.44211 0
    outer loop
      vertex -33.3581 -20.7 17.2
      vertex -33.5316 -20.348 19.2
      vertex -33.5316 -20.348 17.2
    endloop
  endfacet
  facet normal -0.896961 -0.44211 0
    outer loop
      vertex -33.5316 -20.348 19.2
      vertex -33.3581 -20.7 17.2
      vertex -33.3581 -20.7 19.2
    endloop
  endfacet
  facet normal 0.659478 -0.751724 0
    outer loop
      vertex 32.5863 -21.5801 17.2
      vertex 32.8813 -21.3213 19.2
      vertex 32.5863 -21.5801 19.2
    endloop
  endfacet
  facet normal 0.659478 -0.751724 0
    outer loop
      vertex 32.8813 -21.3213 19.2
      vertex 32.5863 -21.5801 17.2
      vertex 32.8813 -21.3213 17.2
    endloop
  endfacet
  facet normal 0.321574 0.946885 -0
    outer loop
      vertex 31.9081 21.9716 17.2
      vertex 31.5365 22.0978 19.2
      vertex 31.9081 21.9716 19.2
    endloop
  endfacet
  facet normal 0.321574 0.946885 0
    outer loop
      vertex 31.5365 22.0978 19.2
      vertex 31.9081 21.9716 17.2
      vertex 31.5365 22.0978 17.2
    endloop
  endfacet
  facet normal -0.831501 0.555523 0
    outer loop
      vertex -33.3581 20.7 17.2
      vertex -33.1401 21.0263 19.2
      vertex -33.1401 21.0263 17.2
    endloop
  endfacet
  facet normal -0.831501 0.555523 0
    outer loop
      vertex -33.1401 21.0263 19.2
      vertex -33.3581 20.7 17.2
      vertex -33.3581 20.7 19.2
    endloop
  endfacet
  facet normal -0.19494 -0.980815 0
    outer loop
      vertex -31.5365 -22.0978 17.2
      vertex -31.1516 -22.1743 19.2
      vertex -31.5365 -22.0978 19.2
    endloop
  endfacet
  facet normal -0.19494 -0.980815 -0
    outer loop
      vertex -31.1516 -22.1743 19.2
      vertex -31.5365 -22.0978 17.2
      vertex -31.1516 -22.1743 17.2
    endloop
  endfacet
  facet normal -0.0654873 -0.997853 0
    outer loop
      vertex -31.1516 -22.1743 17.2
      vertex -30.76 -22.2 19.2
      vertex -31.1516 -22.1743 19.2
    endloop
  endfacet
  facet normal -0.0654873 -0.997853 -0
    outer loop
      vertex -30.76 -22.2 19.2
      vertex -31.1516 -22.1743 17.2
      vertex -30.76 -22.2 17.2
    endloop
  endfacet
  facet normal 0.442211 -0.896911 0
    outer loop
      vertex 31.9081 -21.9716 17.2
      vertex 32.26 -21.7981 19.2
      vertex 31.9081 -21.9716 19.2
    endloop
  endfacet
  facet normal 0.442211 -0.896911 0
    outer loop
      vertex 32.26 -21.7981 19.2
      vertex 31.9081 -21.9716 17.2
      vertex 32.26 -21.7981 17.2
    endloop
  endfacet
  facet normal 0.0654873 -0.997853 0
    outer loop
      vertex 30.76 -22.2 17.2
      vertex 31.1516 -22.1743 19.2
      vertex 30.76 -22.2 19.2
    endloop
  endfacet
  facet normal 0.0654873 -0.997853 0
    outer loop
      vertex 31.1516 -22.1743 19.2
      vertex 30.76 -22.2 17.2
      vertex 31.1516 -22.1743 17.2
    endloop
  endfacet
  facet normal 0.555523 0.831501 -0
    outer loop
      vertex 32.5863 21.5801 17.2
      vertex 32.26 21.7981 19.2
      vertex 32.5863 21.5801 19.2
    endloop
  endfacet
  facet normal 0.555523 0.831501 0
    outer loop
      vertex 32.26 21.7981 19.2
      vertex 32.5863 21.5801 17.2
      vertex 32.26 21.7981 17.2
    endloop
  endfacet
  facet normal -0.980815 -0.19494 0
    outer loop
      vertex -33.6578 -19.9765 17.2
      vertex -33.7343 -19.5916 19.2
      vertex -33.7343 -19.5916 17.2
    endloop
  endfacet
  facet normal -0.980815 -0.19494 0
    outer loop
      vertex -33.7343 -19.5916 19.2
      vertex -33.6578 -19.9765 17.2
      vertex -33.6578 -19.9765 19.2
    endloop
  endfacet
  facet normal 0.0654873 0.997853 -0
    outer loop
      vertex 31.1516 22.1743 17.2
      vertex 30.76 22.2 19.2
      vertex 31.1516 22.1743 19.2
    endloop
  endfacet
  facet normal 0.0654873 0.997853 0
    outer loop
      vertex 30.76 22.2 19.2
      vertex 31.1516 22.1743 17.2
      vertex 30.76 22.2 17.2
    endloop
  endfacet
  facet normal 0.896961 -0.44211 0
    outer loop
      vertex 33.3581 -20.7 19.2
      vertex 33.5316 -20.348 17.2
      vertex 33.5316 -20.348 19.2
    endloop
  endfacet
  facet normal 0.896961 -0.44211 0
    outer loop
      vertex 33.5316 -20.348 17.2
      vertex 33.3581 -20.7 19.2
      vertex 33.3581 -20.7 17.2
    endloop
  endfacet
  facet normal 0.946858 0.321651 0
    outer loop
      vertex 33.6578 19.9765 19.2
      vertex 33.5316 20.348 17.2
      vertex 33.5316 20.348 19.2
    endloop
  endfacet
  facet normal 0.946858 0.321651 0
    outer loop
      vertex 33.5316 20.348 17.2
      vertex 33.6578 19.9765 19.2
      vertex 33.6578 19.9765 17.2
    endloop
  endfacet
  facet normal -0.442211 0.896911 0
    outer loop
      vertex -31.9081 21.9716 17.2
      vertex -32.26 21.7981 19.2
      vertex -31.9081 21.9716 19.2
    endloop
  endfacet
  facet normal -0.442211 0.896911 0
    outer loop
      vertex -32.26 21.7981 19.2
      vertex -31.9081 21.9716 17.2
      vertex -32.26 21.7981 17.2
    endloop
  endfacet
  facet normal -0.946858 0.321651 0
    outer loop
      vertex -33.6578 19.9765 17.2
      vertex -33.5316 20.348 19.2
      vertex -33.5316 20.348 17.2
    endloop
  endfacet
  facet normal -0.946858 0.321651 0
    outer loop
      vertex -33.5316 20.348 19.2
      vertex -33.6578 19.9765 17.2
      vertex -33.6578 19.9765 19.2
    endloop
  endfacet
  facet normal 0.321574 -0.946885 0
    outer loop
      vertex 31.5365 -22.0978 17.2
      vertex 31.9081 -21.9716 19.2
      vertex 31.5365 -22.0978 19.2
    endloop
  endfacet
  facet normal 0.321574 -0.946885 0
    outer loop
      vertex 31.9081 -21.9716 19.2
      vertex 31.5365 -22.0978 17.2
      vertex 31.9081 -21.9716 17.2
    endloop
  endfacet
  facet normal 0.946858 -0.321651 0
    outer loop
      vertex 33.5316 -20.348 19.2
      vertex 33.6578 -19.9765 17.2
      vertex 33.6578 -19.9765 19.2
    endloop
  endfacet
  facet normal 0.946858 -0.321651 0
    outer loop
      vertex 33.6578 -19.9765 17.2
      vertex 33.5316 -20.348 19.2
      vertex 33.5316 -20.348 17.2
    endloop
  endfacet
  facet normal 0.831501 -0.555523 0
    outer loop
      vertex 33.1401 -21.0263 19.2
      vertex 33.3581 -20.7 17.2
      vertex 33.3581 -20.7 19.2
    endloop
  endfacet
  facet normal 0.831501 -0.555523 0
    outer loop
      vertex 33.3581 -20.7 17.2
      vertex 33.1401 -21.0263 19.2
      vertex 33.1401 -21.0263 17.2
    endloop
  endfacet
  facet normal 0.831501 0.555523 0
    outer loop
      vertex 33.3581 20.7 19.2
      vertex 33.1401 21.0263 17.2
      vertex 33.1401 21.0263 19.2
    endloop
  endfacet
  facet normal 0.831501 0.555523 0
    outer loop
      vertex 33.1401 21.0263 17.2
      vertex 33.3581 20.7 19.2
      vertex 33.3581 20.7 17.2
    endloop
  endfacet
  facet normal 0.751724 0.659478 0
    outer loop
      vertex 33.1401 21.0263 19.2
      vertex 32.8813 21.3213 17.2
      vertex 32.8813 21.3213 19.2
    endloop
  endfacet
  facet normal 0.751724 0.659478 0
    outer loop
      vertex 32.8813 21.3213 17.2
      vertex 33.1401 21.0263 19.2
      vertex 33.1401 21.0263 17.2
    endloop
  endfacet
  facet normal 0.980815 -0.19494 0
    outer loop
      vertex 33.6578 -19.9765 19.2
      vertex 33.7343 -19.5916 17.2
      vertex 33.7343 -19.5916 19.2
    endloop
  endfacet
  facet normal 0.980815 -0.19494 0
    outer loop
      vertex 33.7343 -19.5916 17.2
      vertex 33.6578 -19.9765 19.2
      vertex 33.6578 -19.9765 17.2
    endloop
  endfacet
  facet normal 0.997853 0.0654873 0
    outer loop
      vertex 33.76 19.2 19.2
      vertex 33.7343 19.5916 17.2
      vertex 33.7343 19.5916 19.2
    endloop
  endfacet
  facet normal 0.997853 0.0654873 0
    outer loop
      vertex 33.7343 19.5916 17.2
      vertex 33.76 19.2 19.2
      vertex 33.76 19.2 17.2
    endloop
  endfacet
  facet normal 0.980815 0.19494 0
    outer loop
      vertex 33.7343 19.5916 19.2
      vertex 33.6578 19.9765 17.2
      vertex 33.6578 19.9765 19.2
    endloop
  endfacet
  facet normal 0.980815 0.19494 0
    outer loop
      vertex 33.6578 19.9765 17.2
      vertex 33.7343 19.5916 19.2
      vertex 33.7343 19.5916 17.2
    endloop
  endfacet
  facet normal -0.896754 0.44253 0
    outer loop
      vertex -27.4339 -18.435 1.6
      vertex -27.3847 -18.3353 7.5
      vertex -27.3847 -18.3353 1.6
    endloop
  endfacet
  facet normal -0.896754 0.44253 0
    outer loop
      vertex -27.3847 -18.3353 7.5
      vertex -27.4339 -18.435 1.6
      vertex -27.4339 -18.435 7.5
    endloop
  endfacet
  facet normal -0.195079 0.980788 0
    outer loop
      vertex -27.95 -18.831 1.6
      vertex -28.0591 -18.8527 7.5
      vertex -27.95 -18.831 7.5
    endloop
  endfacet
  facet normal -0.195079 0.980788 0
    outer loop
      vertex -28.0591 -18.8527 7.5
      vertex -27.95 -18.831 1.6
      vertex -28.0591 -18.8527 1.6
    endloop
  endfacet
  facet normal -0.831635 -0.555323 0
    outer loop
      vertex -27.4339 -17.585 1.6
      vertex -27.4956 -17.4926 7.5
      vertex -27.4956 -17.4926 1.6
    endloop
  endfacet
  facet normal -0.831635 -0.555323 0
    outer loop
      vertex -27.4956 -17.4926 7.5
      vertex -27.4339 -17.585 1.6
      vertex -27.4339 -17.585 7.5
    endloop
  endfacet
  facet normal -0.896754 -0.44253 0
    outer loop
      vertex -27.3847 -17.6847 1.6
      vertex -27.4339 -17.585 7.5
      vertex -27.4339 -17.585 1.6
    endloop
  endfacet
  facet normal -0.896754 -0.44253 0
    outer loop
      vertex -27.4339 -17.585 7.5
      vertex -27.3847 -17.6847 1.6
      vertex -27.3847 -17.6847 7.5
    endloop
  endfacet
  facet normal 0.980788 -0.195079 0
    outer loop
      vertex -29.0127 -17.8991 7.5
      vertex -28.991 -17.79 1.6
      vertex -28.991 -17.79 7.5
    endloop
  endfacet
  facet normal 0.980788 -0.195079 0
    outer loop
      vertex -28.991 -17.79 1.6
      vertex -29.0127 -17.8991 7.5
      vertex -29.0127 -17.8991 1.6
    endloop
  endfacet
  facet normal 0.659268 0.751908 -0
    outer loop
      vertex -28.6874 -18.6843 1.6
      vertex -28.771 -18.611 7.5
      vertex -28.6874 -18.6843 7.5
    endloop
  endfacet
  facet normal 0.659268 0.751908 0
    outer loop
      vertex -28.771 -18.611 7.5
      vertex -28.6874 -18.6843 1.6
      vertex -28.771 -18.611 1.6
    endloop
  endfacet
  facet normal -0.751462 -0.659776 0
    outer loop
      vertex -27.4956 -17.4926 1.6
      vertex -27.569 -17.409 7.5
      vertex -27.569 -17.409 1.6
    endloop
  endfacet
  facet normal -0.751462 -0.659776 0
    outer loop
      vertex -27.569 -17.409 7.5
      vertex -27.4956 -17.4926 1.6
      vertex -27.4956 -17.4926 7.5
    endloop
  endfacet
  facet normal -0.751462 0.659776 0
    outer loop
      vertex -27.569 -18.611 1.6
      vertex -27.4956 -18.5274 7.5
      vertex -27.4956 -18.5274 1.6
    endloop
  endfacet
  facet normal -0.751462 0.659776 0
    outer loop
      vertex -27.4956 -18.5274 7.5
      vertex -27.569 -18.611 1.6
      vertex -27.569 -18.611 7.5
    endloop
  endfacet
  facet normal 0.195079 -0.980788 0
    outer loop
      vertex -28.39 -17.189 1.6
      vertex -28.2809 -17.1673 7.5
      vertex -28.39 -17.189 7.5
    endloop
  endfacet
  facet normal 0.195079 -0.980788 0
    outer loop
      vertex -28.2809 -17.1673 7.5
      vertex -28.39 -17.189 1.6
      vertex -28.2809 -17.1673 1.6
    endloop
  endfacet
  facet normal 0.997841 -0.0656829 0
    outer loop
      vertex -29.02 -18.01 7.5
      vertex -29.0127 -17.8991 1.6
      vertex -29.0127 -17.8991 7.5
    endloop
  endfacet
  facet normal 0.997841 -0.0656829 0
    outer loop
      vertex -29.0127 -17.8991 1.6
      vertex -29.02 -18.01 7.5
      vertex -29.02 -18.01 1.6
    endloop
  endfacet
  facet normal 0.751908 -0.659268 0
    outer loop
      vertex -28.8443 -17.4926 7.5
      vertex -28.771 -17.409 1.6
      vertex -28.771 -17.409 7.5
    endloop
  endfacet
  facet normal 0.751908 -0.659268 0
    outer loop
      vertex -28.771 -17.409 1.6
      vertex -28.8443 -17.4926 7.5
      vertex -28.8443 -17.4926 1.6
    endloop
  endfacet
  facet normal 0.555323 -0.831635 0
    outer loop
      vertex -28.6874 -17.3356 1.6
      vertex -28.595 -17.2739 7.5
      vertex -28.6874 -17.3356 7.5
    endloop
  endfacet
  facet normal 0.555323 -0.831635 0
    outer loop
      vertex -28.595 -17.2739 7.5
      vertex -28.6874 -17.3356 1.6
      vertex -28.595 -17.2739 1.6
    endloop
  endfacet
  facet normal 0.831219 -0.555945 0
    outer loop
      vertex -28.9061 -17.585 7.5
      vertex -28.8443 -17.4926 1.6
      vertex -28.8443 -17.4926 7.5
    endloop
  endfacet
  facet normal 0.831219 -0.555945 0
    outer loop
      vertex -28.8443 -17.4926 1.6
      vertex -28.9061 -17.585 7.5
      vertex -28.9061 -17.585 1.6
    endloop
  endfacet
  facet normal -0.997841 0.0656829 0
    outer loop
      vertex -27.3273 -18.1209 1.6
      vertex -27.32 -18.01 7.5
      vertex -27.32 -18.01 1.6
    endloop
  endfacet
  facet normal -0.997841 0.0656829 0
    outer loop
      vertex -27.32 -18.01 7.5
      vertex -27.3273 -18.1209 1.6
      vertex -27.3273 -18.1209 7.5
    endloop
  endfacet
  facet normal -0.980788 -0.195079 0
    outer loop
      vertex -27.3273 -17.8991 1.6
      vertex -27.349 -17.79 7.5
      vertex -27.349 -17.79 1.6
    endloop
  endfacet
  facet normal -0.980788 -0.195079 0
    outer loop
      vertex -27.349 -17.79 7.5
      vertex -27.3273 -17.8991 1.6
      vertex -27.3273 -17.8991 7.5
    endloop
  endfacet
  facet normal -0.0656829 -0.997841 0
    outer loop
      vertex -28.17 -17.16 1.6
      vertex -28.0591 -17.1673 7.5
      vertex -28.17 -17.16 7.5
    endloop
  endfacet
  facet normal -0.0656829 -0.997841 -0
    outer loop
      vertex -28.0591 -17.1673 7.5
      vertex -28.17 -17.16 1.6
      vertex -28.0591 -17.1673 1.6
    endloop
  endfacet
  facet normal 0.831219 0.555945 0
    outer loop
      vertex -28.8443 -18.5274 7.5
      vertex -28.9061 -18.435 1.6
      vertex -28.9061 -18.435 7.5
    endloop
  endfacet
  facet normal 0.831219 0.555945 0
    outer loop
      vertex -28.9061 -18.435 1.6
      vertex -28.8443 -18.5274 7.5
      vertex -28.8443 -18.5274 1.6
    endloop
  endfacet
  facet normal -0.44253 0.896754 0
    outer loop
      vertex -27.745 -18.7461 1.6
      vertex -27.8447 -18.7953 7.5
      vertex -27.745 -18.7461 7.5
    endloop
  endfacet
  facet normal -0.44253 0.896754 0
    outer loop
      vertex -27.8447 -18.7953 7.5
      vertex -27.745 -18.7461 1.6
      vertex -27.8447 -18.7953 1.6
    endloop
  endfacet
  facet normal -0.997841 -0.0656829 0
    outer loop
      vertex -27.32 -18.01 1.6
      vertex -27.3273 -17.8991 7.5
      vertex -27.3273 -17.8991 1.6
    endloop
  endfacet
  facet normal -0.997841 -0.0656829 0
    outer loop
      vertex -27.3273 -17.8991 7.5
      vertex -27.32 -18.01 1.6
      vertex -27.32 -18.01 7.5
    endloop
  endfacet
  facet normal -0.659268 0.751908 0
    outer loop
      vertex -27.569 -18.611 1.6
      vertex -27.6526 -18.6843 7.5
      vertex -27.569 -18.611 7.5
    endloop
  endfacet
  facet normal -0.659268 0.751908 0
    outer loop
      vertex -27.6526 -18.6843 7.5
      vertex -27.569 -18.611 1.6
      vertex -27.6526 -18.6843 1.6
    endloop
  endfacet
  facet normal 0.44253 0.896754 -0
    outer loop
      vertex -28.4953 -18.7953 1.6
      vertex -28.595 -18.7461 7.5
      vertex -28.4953 -18.7953 7.5
    endloop
  endfacet
  facet normal 0.44253 0.896754 0
    outer loop
      vertex -28.595 -18.7461 7.5
      vertex -28.4953 -18.7953 1.6
      vertex -28.595 -18.7461 1.6
    endloop
  endfacet
  facet normal -0.555323 -0.831635 0
    outer loop
      vertex -27.745 -17.2739 1.6
      vertex -27.6526 -17.3356 7.5
      vertex -27.745 -17.2739 7.5
    endloop
  endfacet
  facet normal -0.555323 -0.831635 -0
    outer loop
      vertex -27.6526 -17.3356 7.5
      vertex -27.745 -17.2739 1.6
      vertex -27.6526 -17.3356 1.6
    endloop
  endfacet
  facet normal -0.555945 0.831219 0
    outer loop
      vertex -27.6526 -18.6843 1.6
      vertex -27.745 -18.7461 7.5
      vertex -27.6526 -18.6843 7.5
    endloop
  endfacet
  facet normal -0.555945 0.831219 0
    outer loop
      vertex -27.745 -18.7461 7.5
      vertex -27.6526 -18.6843 1.6
      vertex -27.745 -18.7461 1.6
    endloop
  endfacet
  facet normal -0.947052 0.32108 0
    outer loop
      vertex -27.3847 -18.3353 1.6
      vertex -27.349 -18.23 7.5
      vertex -27.349 -18.23 1.6
    endloop
  endfacet
  facet normal -0.947052 0.32108 0
    outer loop
      vertex -27.349 -18.23 7.5
      vertex -27.3847 -18.3353 1.6
      vertex -27.3847 -18.3353 7.5
    endloop
  endfacet
  facet normal 0.32108 0.947052 -0
    outer loop
      vertex -28.39 -18.831 1.6
      vertex -28.4953 -18.7953 7.5
      vertex -28.39 -18.831 7.5
    endloop
  endfacet
  facet normal 0.32108 0.947052 0
    outer loop
      vertex -28.4953 -18.7953 7.5
      vertex -28.39 -18.831 1.6
      vertex -28.4953 -18.7953 1.6
    endloop
  endfacet
  facet normal -0.0656829 0.997841 0
    outer loop
      vertex -28.0591 -18.8527 1.6
      vertex -28.17 -18.86 7.5
      vertex -28.0591 -18.8527 7.5
    endloop
  endfacet
  facet normal -0.0656829 0.997841 0
    outer loop
      vertex -28.17 -18.86 7.5
      vertex -28.0591 -18.8527 1.6
      vertex -28.17 -18.86 1.6
    endloop
  endfacet
  facet normal -0.947052 -0.32108 0
    outer loop
      vertex -27.349 -17.79 1.6
      vertex -27.3847 -17.6847 7.5
      vertex -27.3847 -17.6847 1.6
    endloop
  endfacet
  facet normal -0.947052 -0.32108 0
    outer loop
      vertex -27.3847 -17.6847 7.5
      vertex -27.349 -17.79 1.6
      vertex -27.349 -17.79 7.5
    endloop
  endfacet
  facet normal 0.947052 -0.32108 0
    outer loop
      vertex -28.991 -17.79 7.5
      vertex -28.9553 -17.6847 1.6
      vertex -28.9553 -17.6847 7.5
    endloop
  endfacet
  facet normal 0.947052 -0.32108 0
    outer loop
      vertex -28.9553 -17.6847 1.6
      vertex -28.991 -17.79 7.5
      vertex -28.991 -17.79 1.6
    endloop
  endfacet
  facet normal 0.32108 -0.947052 0
    outer loop
      vertex -28.4953 -17.2247 1.6
      vertex -28.39 -17.189 7.5
      vertex -28.4953 -17.2247 7.5
    endloop
  endfacet
  facet normal 0.32108 -0.947052 0
    outer loop
      vertex -28.39 -17.189 7.5
      vertex -28.4953 -17.2247 1.6
      vertex -28.39 -17.189 1.6
    endloop
  endfacet
  facet normal -0.32108 -0.947052 0
    outer loop
      vertex -27.95 -17.189 1.6
      vertex -27.8447 -17.2247 7.5
      vertex -27.95 -17.189 7.5
    endloop
  endfacet
  facet normal -0.32108 -0.947052 -0
    outer loop
      vertex -27.8447 -17.2247 7.5
      vertex -27.95 -17.189 1.6
      vertex -27.8447 -17.2247 1.6
    endloop
  endfacet
  facet normal 0.947052 0.32108 0
    outer loop
      vertex -28.9553 -18.3353 7.5
      vertex -28.991 -18.23 1.6
      vertex -28.991 -18.23 7.5
    endloop
  endfacet
  facet normal 0.947052 0.32108 0
    outer loop
      vertex -28.991 -18.23 1.6
      vertex -28.9553 -18.3353 7.5
      vertex -28.9553 -18.3353 1.6
    endloop
  endfacet
  facet normal 0.0656829 0.997841 -0
    outer loop
      vertex -28.17 -18.86 1.6
      vertex -28.2809 -18.8527 7.5
      vertex -28.17 -18.86 7.5
    endloop
  endfacet
  facet normal 0.0656829 0.997841 0
    outer loop
      vertex -28.2809 -18.8527 7.5
      vertex -28.17 -18.86 1.6
      vertex -28.2809 -18.8527 1.6
    endloop
  endfacet
  facet normal -0.831635 0.555323 0
    outer loop
      vertex -27.4956 -18.5274 1.6
      vertex -27.4339 -18.435 7.5
      vertex -27.4339 -18.435 1.6
    endloop
  endfacet
  facet normal -0.831635 0.555323 0
    outer loop
      vertex -27.4339 -18.435 7.5
      vertex -27.4956 -18.5274 1.6
      vertex -27.4956 -18.5274 7.5
    endloop
  endfacet
  facet normal 0.44253 -0.896754 0
    outer loop
      vertex -28.595 -17.2739 1.6
      vertex -28.4953 -17.2247 7.5
      vertex -28.595 -17.2739 7.5
    endloop
  endfacet
  facet normal 0.44253 -0.896754 0
    outer loop
      vertex -28.4953 -17.2247 7.5
      vertex -28.595 -17.2739 1.6
      vertex -28.4953 -17.2247 1.6
    endloop
  endfacet
  facet normal -0.980788 0.195079 0
    outer loop
      vertex -27.349 -18.23 1.6
      vertex -27.3273 -18.1209 7.5
      vertex -27.3273 -18.1209 1.6
    endloop
  endfacet
  facet normal -0.980788 0.195079 0
    outer loop
      vertex -27.3273 -18.1209 7.5
      vertex -27.349 -18.23 1.6
      vertex -27.349 -18.23 7.5
    endloop
  endfacet
  facet normal -0.195079 -0.980788 0
    outer loop
      vertex -28.0591 -17.1673 1.6
      vertex -27.95 -17.189 7.5
      vertex -28.0591 -17.1673 7.5
    endloop
  endfacet
  facet normal -0.195079 -0.980788 -0
    outer loop
      vertex -27.95 -17.189 7.5
      vertex -28.0591 -17.1673 1.6
      vertex -27.95 -17.189 1.6
    endloop
  endfacet
  facet normal -0.32108 0.947052 0
    outer loop
      vertex -27.8447 -18.7953 1.6
      vertex -27.95 -18.831 7.5
      vertex -27.8447 -18.7953 7.5
    endloop
  endfacet
  facet normal -0.32108 0.947052 0
    outer loop
      vertex -27.95 -18.831 7.5
      vertex -27.8447 -18.7953 1.6
      vertex -27.95 -18.831 1.6
    endloop
  endfacet
  facet normal 0.751908 0.659268 0
    outer loop
      vertex -28.771 -18.611 7.5
      vertex -28.8443 -18.5274 1.6
      vertex -28.8443 -18.5274 7.5
    endloop
  endfacet
  facet normal 0.751908 0.659268 0
    outer loop
      vertex -28.8443 -18.5274 1.6
      vertex -28.771 -18.611 7.5
      vertex -28.771 -18.611 1.6
    endloop
  endfacet
  facet normal -0.44253 -0.896754 0
    outer loop
      vertex -27.8447 -17.2247 1.6
      vertex -27.745 -17.2739 7.5
      vertex -27.8447 -17.2247 7.5
    endloop
  endfacet
  facet normal -0.44253 -0.896754 -0
    outer loop
      vertex -27.745 -17.2739 7.5
      vertex -27.8447 -17.2247 1.6
      vertex -27.745 -17.2739 1.6
    endloop
  endfacet
  facet normal 0.195079 0.980788 -0
    outer loop
      vertex -28.2809 -18.8527 1.6
      vertex -28.39 -18.831 7.5
      vertex -28.2809 -18.8527 7.5
    endloop
  endfacet
  facet normal 0.195079 0.980788 0
    outer loop
      vertex -28.39 -18.831 7.5
      vertex -28.2809 -18.8527 1.6
      vertex -28.39 -18.831 1.6
    endloop
  endfacet
  facet normal 0.0656829 -0.997841 0
    outer loop
      vertex -28.2809 -17.1673 1.6
      vertex -28.17 -17.16 7.5
      vertex -28.2809 -17.1673 7.5
    endloop
  endfacet
  facet normal 0.0656829 -0.997841 0
    outer loop
      vertex -28.17 -17.16 7.5
      vertex -28.2809 -17.1673 1.6
      vertex -28.17 -17.16 1.6
    endloop
  endfacet
  facet normal 0.659776 -0.751462 0
    outer loop
      vertex -28.771 -17.409 1.6
      vertex -28.6874 -17.3356 7.5
      vertex -28.771 -17.409 7.5
    endloop
  endfacet
  facet normal 0.659776 -0.751462 0
    outer loop
      vertex -28.6874 -17.3356 7.5
      vertex -28.771 -17.409 1.6
      vertex -28.6874 -17.3356 1.6
    endloop
  endfacet
  facet normal -0.659776 -0.751462 0
    outer loop
      vertex -27.6526 -17.3356 1.6
      vertex -27.569 -17.409 7.5
      vertex -27.6526 -17.3356 7.5
    endloop
  endfacet
  facet normal -0.659776 -0.751462 -0
    outer loop
      vertex -27.569 -17.409 7.5
      vertex -27.6526 -17.3356 1.6
      vertex -27.569 -17.409 1.6
    endloop
  endfacet
  facet normal 0.980788 0.195079 0
    outer loop
      vertex -28.991 -18.23 7.5
      vertex -29.0127 -18.1209 1.6
      vertex -29.0127 -18.1209 7.5
    endloop
  endfacet
  facet normal 0.980788 0.195079 0
    outer loop
      vertex -29.0127 -18.1209 1.6
      vertex -28.991 -18.23 7.5
      vertex -28.991 -18.23 1.6
    endloop
  endfacet
  facet normal 0.997841 0.0656829 0
    outer loop
      vertex -29.0127 -18.1209 7.5
      vertex -29.02 -18.01 1.6
      vertex -29.02 -18.01 7.5
    endloop
  endfacet
  facet normal 0.997841 0.0656829 0
    outer loop
      vertex -29.02 -18.01 1.6
      vertex -29.0127 -18.1209 7.5
      vertex -29.0127 -18.1209 1.6
    endloop
  endfacet
  facet normal 0.555945 0.831219 -0
    outer loop
      vertex -28.595 -18.7461 1.6
      vertex -28.6874 -18.6843 7.5
      vertex -28.595 -18.7461 7.5
    endloop
  endfacet
  facet normal 0.555945 0.831219 0
    outer loop
      vertex -28.6874 -18.6843 7.5
      vertex -28.595 -18.7461 1.6
      vertex -28.6874 -18.6843 1.6
    endloop
  endfacet
  facet normal 0.896754 -0.44253 0
    outer loop
      vertex -28.9553 -17.6847 7.5
      vertex -28.9061 -17.585 1.6
      vertex -28.9061 -17.585 7.5
    endloop
  endfacet
  facet normal 0.896754 -0.44253 0
    outer loop
      vertex -28.9061 -17.585 1.6
      vertex -28.9553 -17.6847 7.5
      vertex -28.9553 -17.6847 1.6
    endloop
  endfacet
  facet normal 0.896754 0.44253 0
    outer loop
      vertex -28.9061 -18.435 7.5
      vertex -28.9553 -18.3353 1.6
      vertex -28.9553 -18.3353 7.5
    endloop
  endfacet
  facet normal 0.896754 0.44253 0
    outer loop
      vertex -28.9553 -18.3353 1.6
      vertex -28.9061 -18.435 7.5
      vertex -28.9061 -18.435 1.6
    endloop
  endfacet
  facet normal 0.195211 0.980761 -0
    outer loop
      vertex -28.3397 -19.2989 7.5
      vertex -28.5065 -19.2657 17.1
      vertex -28.3397 -19.2989 17.1
    endloop
  endfacet
  facet normal 0.195211 0.980761 0
    outer loop
      vertex -28.5065 -19.2657 17.1
      vertex -28.3397 -19.2989 7.5
      vertex -28.5065 -19.2657 7.5
    endloop
  endfacet
  facet normal -0.195211 -0.980761 0
    outer loop
      vertex -28.0003 -16.7211 7.5
      vertex -27.8335 -16.7543 17.1
      vertex -28.0003 -16.7211 17.1
    endloop
  endfacet
  facet normal -0.195211 -0.980761 -0
    outer loop
      vertex -27.8335 -16.7543 17.1
      vertex -28.0003 -16.7211 7.5
      vertex -27.8335 -16.7543 7.5
    endloop
  endfacet
  facet normal -0.751483 -0.659753 0
    outer loop
      vertex -27.1386 -17.2186 7.5
      vertex -27.2508 -17.0908 17.1
      vertex -27.2508 -17.0908 7.5
    endloop
  endfacet
  facet normal -0.751483 -0.659753 0
    outer loop
      vertex -27.2508 -17.0908 17.1
      vertex -27.1386 -17.2186 7.5
      vertex -27.1386 -17.2186 17.1
    endloop
  endfacet
  facet normal 0.946844 0.321692 0
    outer loop
      vertex -29.371 -18.5075 17.1
      vertex -29.4257 -18.3465 7.5
      vertex -29.4257 -18.3465 17.1
    endloop
  endfacet
  facet normal 0.946844 0.321692 0
    outer loop
      vertex -29.4257 -18.3465 7.5
      vertex -29.371 -18.5075 17.1
      vertex -29.371 -18.5075 7.5
    endloop
  endfacet
  facet normal -0.997868 -0.0652701 0
    outer loop
      vertex -26.87 -18.01 7.5
      vertex -26.8811 -17.8403 17.1
      vertex -26.8811 -17.8403 7.5
    endloop
  endfacet
  facet normal -0.997868 -0.0652701 0
    outer loop
      vertex -26.8811 -17.8403 17.1
      vertex -26.87 -18.01 7.5
      vertex -26.87 -18.01 17.1
    endloop
  endfacet
  facet normal -0.997868 0.0652701 0
    outer loop
      vertex -26.8811 -18.1797 7.5
      vertex -26.87 -18.01 17.1
      vertex -26.87 -18.01 7.5
    endloop
  endfacet
  facet normal -0.997868 0.0652701 0
    outer loop
      vertex -26.87 -18.01 17.1
      vertex -26.8811 -18.1797 7.5
      vertex -26.8811 -18.1797 17.1
    endloop
  endfacet
  facet normal -0.946844 -0.321692 0
    outer loop
      vertex -26.9143 -17.6735 7.5
      vertex -26.969 -17.5125 17.1
      vertex -26.969 -17.5125 7.5
    endloop
  endfacet
  facet normal -0.946844 -0.321692 0
    outer loop
      vertex -26.969 -17.5125 17.1
      vertex -26.9143 -17.6735 7.5
      vertex -26.9143 -17.6735 17.1
    endloop
  endfacet
  facet normal -0.555243 -0.831688 0
    outer loop
      vertex -27.52 -16.8842 7.5
      vertex -27.3786 -16.9786 17.1
      vertex -27.52 -16.8842 17.1
    endloop
  endfacet
  facet normal -0.555243 -0.831688 -0
    outer loop
      vertex -27.3786 -16.9786 17.1
      vertex -27.52 -16.8842 7.5
      vertex -27.3786 -16.9786 7.5
    endloop
  endfacet
  facet normal -0.896884 -0.442267 0
    outer loop
      vertex -26.969 -17.5125 7.5
      vertex -27.0442 -17.36 17.1
      vertex -27.0442 -17.36 7.5
    endloop
  endfacet
  facet normal -0.896884 -0.442267 0
    outer loop
      vertex -27.0442 -17.36 17.1
      vertex -26.969 -17.5125 7.5
      vertex -26.969 -17.5125 17.1
    endloop
  endfacet
  facet normal 0.659753 -0.751483 0
    outer loop
      vertex -29.0892 -17.0908 7.5
      vertex -28.9614 -16.9786 17.1
      vertex -29.0892 -17.0908 17.1
    endloop
  endfacet
  facet normal 0.659753 -0.751483 0
    outer loop
      vertex -28.9614 -16.9786 17.1
      vertex -29.0892 -17.0908 7.5
      vertex -28.9614 -16.9786 7.5
    endloop
  endfacet
  facet normal 0.555243 0.831688 -0
    outer loop
      vertex -28.82 -19.1358 7.5
      vertex -28.9614 -19.0414 17.1
      vertex -28.82 -19.1358 17.1
    endloop
  endfacet
  facet normal 0.555243 0.831688 0
    outer loop
      vertex -28.9614 -19.0414 17.1
      vertex -28.82 -19.1358 7.5
      vertex -28.9614 -19.0414 7.5
    endloop
  endfacet
  facet normal 0.751483 -0.659753 0
    outer loop
      vertex -29.2014 -17.2186 17.1
      vertex -29.0892 -17.0908 7.5
      vertex -29.0892 -17.0908 17.1
    endloop
  endfacet
  facet normal 0.751483 -0.659753 0
    outer loop
      vertex -29.0892 -17.0908 7.5
      vertex -29.2014 -17.2186 17.1
      vertex -29.2014 -17.2186 7.5
    endloop
  endfacet
  facet normal 0.321692 0.946844 -0
    outer loop
      vertex -28.5065 -19.2657 7.5
      vertex -28.6675 -19.211 17.1
      vertex -28.5065 -19.2657 17.1
    endloop
  endfacet
  facet normal 0.321692 0.946844 0
    outer loop
      vertex -28.6675 -19.211 17.1
      vertex -28.5065 -19.2657 7.5
      vertex -28.6675 -19.211 7.5
    endloop
  endfacet
  facet normal 0.831688 0.555243 0
    outer loop
      vertex -29.2014 -18.8014 17.1
      vertex -29.2958 -18.66 7.5
      vertex -29.2958 -18.66 17.1
    endloop
  endfacet
  facet normal 0.831688 0.555243 0
    outer loop
      vertex -29.2958 -18.66 7.5
      vertex -29.2014 -18.8014 17.1
      vertex -29.2014 -18.8014 7.5
    endloop
  endfacet
  facet normal 0.442267 -0.896884 0
    outer loop
      vertex -28.82 -16.8842 7.5
      vertex -28.6675 -16.809 17.1
      vertex -28.82 -16.8842 17.1
    endloop
  endfacet
  facet normal 0.442267 -0.896884 0
    outer loop
      vertex -28.6675 -16.809 17.1
      vertex -28.82 -16.8842 7.5
      vertex -28.6675 -16.809 7.5
    endloop
  endfacet
  facet normal -0.0652701 0.997868 0
    outer loop
      vertex -28.0003 -19.2989 7.5
      vertex -28.17 -19.31 17.1
      vertex -28.0003 -19.2989 17.1
    endloop
  endfacet
  facet normal -0.0652701 0.997868 0
    outer loop
      vertex -28.17 -19.31 17.1
      vertex -28.0003 -19.2989 7.5
      vertex -28.17 -19.31 7.5
    endloop
  endfacet
  facet normal -0.831688 -0.555243 0
    outer loop
      vertex -27.0442 -17.36 7.5
      vertex -27.1386 -17.2186 17.1
      vertex -27.1386 -17.2186 7.5
    endloop
  endfacet
  facet normal -0.831688 -0.555243 0
    outer loop
      vertex -27.1386 -17.2186 17.1
      vertex -27.0442 -17.36 7.5
      vertex -27.0442 -17.36 17.1
    endloop
  endfacet
  facet normal -0.831688 0.555243 0
    outer loop
      vertex -27.1386 -18.8014 7.5
      vertex -27.0442 -18.66 17.1
      vertex -27.0442 -18.66 7.5
    endloop
  endfacet
  facet normal -0.831688 0.555243 0
    outer loop
      vertex -27.0442 -18.66 17.1
      vertex -27.1386 -18.8014 7.5
      vertex -27.1386 -18.8014 17.1
    endloop
  endfacet
  facet normal -0.980761 -0.195211 0
    outer loop
      vertex -26.8811 -17.8403 7.5
      vertex -26.9143 -17.6735 17.1
      vertex -26.9143 -17.6735 7.5
    endloop
  endfacet
  facet normal -0.980761 -0.195211 0
    outer loop
      vertex -26.9143 -17.6735 17.1
      vertex -26.8811 -17.8403 7.5
      vertex -26.8811 -17.8403 17.1
    endloop
  endfacet
  facet normal 0.997868 0.0652701 0
    outer loop
      vertex -29.4589 -18.1797 17.1
      vertex -29.47 -18.01 7.5
      vertex -29.47 -18.01 17.1
    endloop
  endfacet
  facet normal 0.997868 0.0652701 0
    outer loop
      vertex -29.47 -18.01 7.5
      vertex -29.4589 -18.1797 17.1
      vertex -29.4589 -18.1797 7.5
    endloop
  endfacet
  facet normal -0.442267 -0.896884 0
    outer loop
      vertex -27.6725 -16.809 7.5
      vertex -27.52 -16.8842 17.1
      vertex -27.6725 -16.809 17.1
    endloop
  endfacet
  facet normal -0.442267 -0.896884 -0
    outer loop
      vertex -27.52 -16.8842 17.1
      vertex -27.6725 -16.809 7.5
      vertex -27.52 -16.8842 7.5
    endloop
  endfacet
  facet normal -0.321692 0.946844 0
    outer loop
      vertex -27.6725 -19.211 7.5
      vertex -27.8335 -19.2657 17.1
      vertex -27.6725 -19.211 17.1
    endloop
  endfacet
  facet normal -0.321692 0.946844 0
    outer loop
      vertex -27.8335 -19.2657 17.1
      vertex -27.6725 -19.211 7.5
      vertex -27.8335 -19.2657 7.5
    endloop
  endfacet
  facet normal -0.896884 0.442267 0
    outer loop
      vertex -27.0442 -18.66 7.5
      vertex -26.969 -18.5075 17.1
      vertex -26.969 -18.5075 7.5
    endloop
  endfacet
  facet normal -0.896884 0.442267 0
    outer loop
      vertex -26.969 -18.5075 17.1
      vertex -27.0442 -18.66 7.5
      vertex -27.0442 -18.66 17.1
    endloop
  endfacet
  facet normal 0.831688 -0.555243 0
    outer loop
      vertex -29.2958 -17.36 17.1
      vertex -29.2014 -17.2186 7.5
      vertex -29.2014 -17.2186 17.1
    endloop
  endfacet
  facet normal 0.831688 -0.555243 0
    outer loop
      vertex -29.2014 -17.2186 7.5
      vertex -29.2958 -17.36 17.1
      vertex -29.2958 -17.36 7.5
    endloop
  endfacet
  facet normal -0.321692 -0.946844 0
    outer loop
      vertex -27.8335 -16.7543 7.5
      vertex -27.6725 -16.809 17.1
      vertex -27.8335 -16.7543 17.1
    endloop
  endfacet
  facet normal -0.321692 -0.946844 -0
    outer loop
      vertex -27.6725 -16.809 17.1
      vertex -27.8335 -16.7543 7.5
      vertex -27.6725 -16.809 7.5
    endloop
  endfacet
  facet normal -0.946844 0.321692 0
    outer loop
      vertex -26.969 -18.5075 7.5
      vertex -26.9143 -18.3465 17.1
      vertex -26.9143 -18.3465 7.5
    endloop
  endfacet
  facet normal -0.946844 0.321692 0
    outer loop
      vertex -26.9143 -18.3465 17.1
      vertex -26.969 -18.5075 7.5
      vertex -26.969 -18.5075 17.1
    endloop
  endfacet
  facet normal 0.896884 -0.442267 0
    outer loop
      vertex -29.371 -17.5125 17.1
      vertex -29.2958 -17.36 7.5
      vertex -29.2958 -17.36 17.1
    endloop
  endfacet
  facet normal 0.896884 -0.442267 0
    outer loop
      vertex -29.2958 -17.36 7.5
      vertex -29.371 -17.5125 17.1
      vertex -29.371 -17.5125 7.5
    endloop
  endfacet
  facet normal 0.195211 -0.980761 0
    outer loop
      vertex -28.5065 -16.7543 7.5
      vertex -28.3397 -16.7211 17.1
      vertex -28.5065 -16.7543 17.1
    endloop
  endfacet
  facet normal 0.195211 -0.980761 0
    outer loop
      vertex -28.3397 -16.7211 17.1
      vertex -28.5065 -16.7543 7.5
      vertex -28.3397 -16.7211 7.5
    endloop
  endfacet
  facet normal -0.195211 0.980761 0
    outer loop
      vertex -27.8335 -19.2657 7.5
      vertex -28.0003 -19.2989 17.1
      vertex -27.8335 -19.2657 17.1
    endloop
  endfacet
  facet normal -0.195211 0.980761 0
    outer loop
      vertex -28.0003 -19.2989 17.1
      vertex -27.8335 -19.2657 7.5
      vertex -28.0003 -19.2989 7.5
    endloop
  endfacet
  facet normal 0.946844 -0.321692 0
    outer loop
      vertex -29.4257 -17.6735 17.1
      vertex -29.371 -17.5125 7.5
      vertex -29.371 -17.5125 17.1
    endloop
  endfacet
  facet normal 0.946844 -0.321692 0
    outer loop
      vertex -29.371 -17.5125 7.5
      vertex -29.4257 -17.6735 17.1
      vertex -29.4257 -17.6735 7.5
    endloop
  endfacet
  facet normal -0.555243 0.831688 0
    outer loop
      vertex -27.3786 -19.0414 7.5
      vertex -27.52 -19.1358 17.1
      vertex -27.3786 -19.0414 17.1
    endloop
  endfacet
  facet normal -0.555243 0.831688 0
    outer loop
      vertex -27.52 -19.1358 17.1
      vertex -27.3786 -19.0414 7.5
      vertex -27.52 -19.1358 7.5
    endloop
  endfacet
  facet normal 0 0 -1
    outer loop
      vertex -26.8811 -18.1797 17.1
      vertex -26.8811 -17.8403 17.1
      vertex -26.87 -18.01 17.1
    endloop
  endfacet
  facet normal 0 0 -1
    outer loop
      vertex -26.9143 -18.3465 17.1
      vertex -26.8811 -17.8403 17.1
      vertex -26.8811 -18.1797 17.1
    endloop
  endfacet
  facet normal 0 0 -1
    outer loop
      vertex -26.9143 -18.3465 17.1
      vertex -26.9143 -17.6735 17.1
      vertex -26.8811 -17.8403 17.1
    endloop
  endfacet
  facet normal 0 0 -1
    outer loop
      vertex -26.969 -18.5075 17.1
      vertex -26.9143 -17.6735 17.1
      vertex -26.9143 -18.3465 17.1
    endloop
  endfacet
  facet normal 0 0 -1
    outer loop
      vertex -26.969 -18.5075 17.1
      vertex -26.969 -17.5125 17.1
      vertex -26.9143 -17.6735 17.1
    endloop
  endfacet
  facet normal 0 0 -1
    outer loop
      vertex -27.0442 -18.66 17.1
      vertex -26.969 -17.5125 17.1
      vertex -26.969 -18.5075 17.1
    endloop
  endfacet
  facet normal 0 0 -1
    outer loop
      vertex -27.0442 -18.66 17.1
      vertex -27.0442 -17.36 17.1
      vertex -26.969 -17.5125 17.1
    endloop
  endfacet
  facet normal 0 0 -1
    outer loop
      vertex -27.1386 -18.8014 17.1
      vertex -27.0442 -17.36 17.1
      vertex -27.0442 -18.66 17.1
    endloop
  endfacet
  facet normal 0 0 -1
    outer loop
      vertex -27.1386 -18.8014 17.1
      vertex -27.1386 -17.2186 17.1
      vertex -27.0442 -17.36 17.1
    endloop
  endfacet
  facet normal 0 0 -1
    outer loop
      vertex -27.2508 -18.9292 17.1
      vertex -27.1386 -17.2186 17.1
      vertex -27.1386 -18.8014 17.1
    endloop
  endfacet
  facet normal 0 0 -1
    outer loop
      vertex -27.2508 -18.9292 17.1
      vertex -27.2508 -17.0908 17.1
      vertex -27.1386 -17.2186 17.1
    endloop
  endfacet
  facet normal 0 0 -1
    outer loop
      vertex -27.3786 -19.0414 17.1
      vertex -27.2508 -17.0908 17.1
      vertex -27.2508 -18.9292 17.1
    endloop
  endfacet
  facet normal 0 0 -1
    outer loop
      vertex -27.3786 -19.0414 17.1
      vertex -27.3786 -16.9786 17.1
      vertex -27.2508 -17.0908 17.1
    endloop
  endfacet
  facet normal 0 0 -1
    outer loop
      vertex -27.52 -19.1358 17.1
      vertex -27.3786 -16.9786 17.1
      vertex -27.3786 -19.0414 17.1
    endloop
  endfacet
  facet normal 0 0 -1
    outer loop
      vertex -27.52 -19.1358 17.1
      vertex -27.52 -16.8842 17.1
      vertex -27.3786 -16.9786 17.1
    endloop
  endfacet
  facet normal 0 0 -1
    outer loop
      vertex -27.6725 -19.211 17.1
      vertex -27.52 -16.8842 17.1
      vertex -27.52 -19.1358 17.1
    endloop
  endfacet
  facet normal 0 0 -1
    outer loop
      vertex -27.6725 -19.211 17.1
      vertex -27.6725 -16.809 17.1
      vertex -27.52 -16.8842 17.1
    endloop
  endfacet
  facet normal 0 0 -1
    outer loop
      vertex -27.8335 -19.2657 17.1
      vertex -27.6725 -16.809 17.1
      vertex -27.6725 -19.211 17.1
    endloop
  endfacet
  facet normal 0 0 -1
    outer loop
      vertex -27.8335 -19.2657 17.1
      vertex -27.8335 -16.7543 17.1
      vertex -27.6725 -16.809 17.1
    endloop
  endfacet
  facet normal 0 0 -1
    outer loop
      vertex -28.0003 -19.2989 17.1
      vertex -27.8335 -16.7543 17.1
      vertex -27.8335 -19.2657 17.1
    endloop
  endfacet
  facet normal 0 0 -1
    outer loop
      vertex -28.0003 -19.2989 17.1
      vertex -28.0003 -16.7211 17.1
      vertex -27.8335 -16.7543 17.1
    endloop
  endfacet
  facet normal 0 0 -1
    outer loop
      vertex -28.17 -19.31 17.1
      vertex -28.0003 -16.7211 17.1
      vertex -28.0003 -19.2989 17.1
    endloop
  endfacet
  facet normal 0 0 -1
    outer loop
      vertex -28.17 -19.31 17.1
      vertex -28.17 -16.71 17.1
      vertex -28.0003 -16.7211 17.1
    endloop
  endfacet
  facet normal 0 0 -1
    outer loop
      vertex -28.3397 -19.2989 17.1
      vertex -28.17 -16.71 17.1
      vertex -28.17 -19.31 17.1
    endloop
  endfacet
  facet normal 0 0 -1
    outer loop
      vertex -28.3397 -19.2989 17.1
      vertex -28.3397 -16.7211 17.1
      vertex -28.17 -16.71 17.1
    endloop
  endfacet
  facet normal 0 0 -1
    outer loop
      vertex -28.5065 -19.2657 17.1
      vertex -28.3397 -16.7211 17.1
      vertex -28.3397 -19.2989 17.1
    endloop
  endfacet
  facet normal 0 0 -1
    outer loop
      vertex -28.5065 -19.2657 17.1
      vertex -28.5065 -16.7543 17.1
      vertex -28.3397 -16.7211 17.1
    endloop
  endfacet
  facet normal 0 0 -1
    outer loop
      vertex -28.6675 -19.211 17.1
      vertex -28.5065 -16.7543 17.1
      vertex -28.5065 -19.2657 17.1
    endloop
  endfacet
  facet normal 0 0 -1
    outer loop
      vertex -28.6675 -19.211 17.1
      vertex -28.6675 -16.809 17.1
      vertex -28.5065 -16.7543 17.1
    endloop
  endfacet
  facet normal 0 0 -1
    outer loop
      vertex -28.82 -19.1358 17.1
      vertex -28.6675 -16.809 17.1
      vertex -28.6675 -19.211 17.1
    endloop
  endfacet
  facet normal 0 0 -1
    outer loop
      vertex -28.82 -19.1358 17.1
      vertex -28.82 -16.8842 17.1
      vertex -28.6675 -16.809 17.1
    endloop
  endfacet
  facet normal 0 0 -1
    outer loop
      vertex -28.9614 -19.0414 17.1
      vertex -28.82 -16.8842 17.1
      vertex -28.82 -19.1358 17.1
    endloop
  endfacet
  facet normal 0 0 -1
    outer loop
      vertex -28.9614 -19.0414 17.1
      vertex -28.9614 -16.9786 17.1
      vertex -28.82 -16.8842 17.1
    endloop
  endfacet
  facet normal 0 0 -1
    outer loop
      vertex -29.0892 -18.9292 17.1
      vertex -28.9614 -16.9786 17.1
      vertex -28.9614 -19.0414 17.1
    endloop
  endfacet
  facet normal 0 0 -1
    outer loop
      vertex -29.0892 -18.9292 17.1
      vertex -29.0892 -17.0908 17.1
      vertex -28.9614 -16.9786 17.1
    endloop
  endfacet
  facet normal 0 0 -1
    outer loop
      vertex -29.2014 -18.8014 17.1
      vertex -29.0892 -17.0908 17.1
      vertex -29.0892 -18.9292 17.1
    endloop
  endfacet
  facet normal 0 0 -1
    outer loop
      vertex -29.2014 -18.8014 17.1
      vertex -29.2014 -17.2186 17.1
      vertex -29.0892 -17.0908 17.1
    endloop
  endfacet
  facet normal 0 0 -1
    outer loop
      vertex -29.2958 -18.66 17.1
      vertex -29.2014 -17.2186 17.1
      vertex -29.2014 -18.8014 17.1
    endloop
  endfacet
  facet normal 0 0 -1
    outer loop
      vertex -29.2958 -18.66 17.1
      vertex -29.2958 -17.36 17.1
      vertex -29.2014 -17.2186 17.1
    endloop
  endfacet
  facet normal 0 0 -1
    outer loop
      vertex -29.371 -18.5075 17.1
      vertex -29.2958 -17.36 17.1
      vertex -29.2958 -18.66 17.1
    endloop
  endfacet
  facet normal 0 0 -1
    outer loop
      vertex -29.371 -18.5075 17.1
      vertex -29.371 -17.5125 17.1
      vertex -29.2958 -17.36 17.1
    endloop
  endfacet
  facet normal 0 0 -1
    outer loop
      vertex -29.4257 -18.3465 17.1
      vertex -29.371 -17.5125 17.1
      vertex -29.371 -18.5075 17.1
    endloop
  endfacet
  facet normal 0 0 -1
    outer loop
      vertex -29.4257 -18.3465 17.1
      vertex -29.4257 -17.6735 17.1
      vertex -29.371 -17.5125 17.1
    endloop
  endfacet
  facet normal 0 0 -1
    outer loop
      vertex -29.4589 -18.1797 17.1
      vertex -29.4257 -17.6735 17.1
      vertex -29.4257 -18.3465 17.1
    endloop
  endfacet
  facet normal 0 0 -1
    outer loop
      vertex -29.4589 -18.1797 17.1
      vertex -29.4589 -17.8403 17.1
      vertex -29.4257 -17.6735 17.1
    endloop
  endfacet
  facet normal 0 -0 -1
    outer loop
      vertex -29.4589 -17.8403 17.1
      vertex -29.4589 -18.1797 17.1
      vertex -29.47 -18.01 17.1
    endloop
  endfacet
  facet normal -0.659753 -0.751483 0
    outer loop
      vertex -27.3786 -16.9786 7.5
      vertex -27.2508 -17.0908 17.1
      vertex -27.3786 -16.9786 17.1
    endloop
  endfacet
  facet normal -0.659753 -0.751483 -0
    outer loop
      vertex -27.2508 -17.0908 17.1
      vertex -27.3786 -16.9786 7.5
      vertex -27.2508 -17.0908 7.5
    endloop
  endfacet
  facet normal 0.997868 -0.0652701 0
    outer loop
      vertex -29.47 -18.01 17.1
      vertex -29.4589 -17.8403 7.5
      vertex -29.4589 -17.8403 17.1
    endloop
  endfacet
  facet normal 0.997868 -0.0652701 0
    outer loop
      vertex -29.4589 -17.8403 7.5
      vertex -29.47 -18.01 17.1
      vertex -29.47 -18.01 7.5
    endloop
  endfacet
  facet normal 0.321692 -0.946844 0
    outer loop
      vertex -28.6675 -16.809 7.5
      vertex -28.5065 -16.7543 17.1
      vertex -28.6675 -16.809 17.1
    endloop
  endfacet
  facet normal 0.321692 -0.946844 0
    outer loop
      vertex -28.5065 -16.7543 17.1
      vertex -28.6675 -16.809 7.5
      vertex -28.5065 -16.7543 7.5
    endloop
  endfacet
  facet normal 0.751483 0.659753 0
    outer loop
      vertex -29.0892 -18.9292 17.1
      vertex -29.2014 -18.8014 7.5
      vertex -29.2014 -18.8014 17.1
    endloop
  endfacet
  facet normal 0.751483 0.659753 0
    outer loop
      vertex -29.2014 -18.8014 7.5
      vertex -29.0892 -18.9292 17.1
      vertex -29.0892 -18.9292 7.5
    endloop
  endfacet
  facet normal -0.0652701 -0.997868 0
    outer loop
      vertex -28.17 -16.71 7.5
      vertex -28.0003 -16.7211 17.1
      vertex -28.17 -16.71 17.1
    endloop
  endfacet
  facet normal -0.0652701 -0.997868 -0
    outer loop
      vertex -28.0003 -16.7211 17.1
      vertex -28.17 -16.71 7.5
      vertex -28.0003 -16.7211 7.5
    endloop
  endfacet
  facet normal -0.980761 0.195211 0
    outer loop
      vertex -26.9143 -18.3465 7.5
      vertex -26.8811 -18.1797 17.1
      vertex -26.8811 -18.1797 7.5
    endloop
  endfacet
  facet normal -0.980761 0.195211 0
    outer loop
      vertex -26.8811 -18.1797 17.1
      vertex -26.9143 -18.3465 7.5
      vertex -26.9143 -18.3465 17.1
    endloop
  endfacet
  facet normal 0.659753 0.751483 -0
    outer loop
      vertex -28.9614 -19.0414 7.5
      vertex -29.0892 -18.9292 17.1
      vertex -28.9614 -19.0414 17.1
    endloop
  endfacet
  facet normal 0.659753 0.751483 0
    outer loop
      vertex -29.0892 -18.9292 17.1
      vertex -28.9614 -19.0414 7.5
      vertex -29.0892 -18.9292 7.5
    endloop
  endfacet
  facet normal -0.659753 0.751483 0
    outer loop
      vertex -27.2508 -18.9292 7.5
      vertex -27.3786 -19.0414 17.1
      vertex -27.2508 -18.9292 17.1
    endloop
  endfacet
  facet normal -0.659753 0.751483 0
    outer loop
      vertex -27.3786 -19.0414 17.1
      vertex -27.2508 -18.9292 7.5
      vertex -27.3786 -19.0414 7.5
    endloop
  endfacet
  facet normal -0.751483 0.659753 0
    outer loop
      vertex -27.2508 -18.9292 7.5
      vertex -27.1386 -18.8014 17.1
      vertex -27.1386 -18.8014 7.5
    endloop
  endfacet
  facet normal -0.751483 0.659753 0
    outer loop
      vertex -27.1386 -18.8014 17.1
      vertex -27.2508 -18.9292 7.5
      vertex -27.2508 -18.9292 17.1
    endloop
  endfacet
  facet normal -0.442267 0.896884 0
    outer loop
      vertex -27.52 -19.1358 7.5
      vertex -27.6725 -19.211 17.1
      vertex -27.52 -19.1358 17.1
    endloop
  endfacet
  facet normal -0.442267 0.896884 0
    outer loop
      vertex -27.6725 -19.211 17.1
      vertex -27.52 -19.1358 7.5
      vertex -27.6725 -19.211 7.5
    endloop
  endfacet
  facet normal 0.0652701 -0.997868 0
    outer loop
      vertex -28.3397 -16.7211 7.5
      vertex -28.17 -16.71 17.1
      vertex -28.3397 -16.7211 17.1
    endloop
  endfacet
  facet normal 0.0652701 -0.997868 0
    outer loop
      vertex -28.17 -16.71 17.1
      vertex -28.3397 -16.7211 7.5
      vertex -28.17 -16.71 7.5
    endloop
  endfacet
  facet normal 0.0652701 0.997868 -0
    outer loop
      vertex -28.17 -19.31 7.5
      vertex -28.3397 -19.2989 17.1
      vertex -28.17 -19.31 17.1
    endloop
  endfacet
  facet normal 0.0652701 0.997868 0
    outer loop
      vertex -28.3397 -19.2989 17.1
      vertex -28.17 -19.31 7.5
      vertex -28.3397 -19.2989 7.5
    endloop
  endfacet
  facet normal 0.896884 0.442267 0
    outer loop
      vertex -29.2958 -18.66 17.1
      vertex -29.371 -18.5075 7.5
      vertex -29.371 -18.5075 17.1
    endloop
  endfacet
  facet normal 0.896884 0.442267 0
    outer loop
      vertex -29.371 -18.5075 7.5
      vertex -29.2958 -18.66 17.1
      vertex -29.2958 -18.66 7.5
    endloop
  endfacet
  facet normal 0.555243 -0.831688 0
    outer loop
      vertex -28.9614 -16.9786 7.5
      vertex -28.82 -16.8842 17.1
      vertex -28.9614 -16.9786 17.1
    endloop
  endfacet
  facet normal 0.555243 -0.831688 0
    outer loop
      vertex -28.82 -16.8842 17.1
      vertex -28.9614 -16.9786 7.5
      vertex -28.82 -16.8842 7.5
    endloop
  endfacet
  facet normal 0.442267 0.896884 -0
    outer loop
      vertex -28.6675 -19.211 7.5
      vertex -28.82 -19.1358 17.1
      vertex -28.6675 -19.211 17.1
    endloop
  endfacet
  facet normal 0.442267 0.896884 0
    outer loop
      vertex -28.82 -19.1358 17.1
      vertex -28.6675 -19.211 7.5
      vertex -28.82 -19.1358 7.5
    endloop
  endfacet
  facet normal 0.980761 0.195211 0
    outer loop
      vertex -29.4257 -18.3465 17.1
      vertex -29.4589 -18.1797 7.5
      vertex -29.4589 -18.1797 17.1
    endloop
  endfacet
  facet normal 0.980761 0.195211 0
    outer loop
      vertex -29.4589 -18.1797 7.5
      vertex -29.4257 -18.3465 17.1
      vertex -29.4257 -18.3465 7.5
    endloop
  endfacet
  facet normal 0.980761 -0.195211 0
    outer loop
      vertex -29.4589 -17.8403 17.1
      vertex -29.4257 -17.6735 7.5
      vertex -29.4257 -17.6735 17.1
    endloop
  endfacet
  facet normal 0.980761 -0.195211 0
    outer loop
      vertex -29.4257 -17.6735 7.5
      vertex -29.4589 -17.8403 17.1
      vertex -29.4589 -17.8403 7.5
    endloop
  endfacet
  facet normal 0 0 1
    outer loop
      vertex -27.32 -18.01 7.5
      vertex -26.87 -18.01 7.5
      vertex -26.8811 -17.8403 7.5
    endloop
  endfacet
  facet normal 0 0 1
    outer loop
      vertex -27.3273 -17.8991 7.5
      vertex -26.8811 -17.8403 7.5
      vertex -26.9143 -17.6735 7.5
    endloop
  endfacet
  facet normal 0 0 1
    outer loop
      vertex -26.87 -18.01 7.5
      vertex -27.32 -18.01 7.5
      vertex -26.8811 -18.1797 7.5
    endloop
  endfacet
  facet normal 0 0 1
    outer loop
      vertex -27.349 -17.79 7.5
      vertex -26.9143 -17.6735 7.5
      vertex -26.969 -17.5125 7.5
    endloop
  endfacet
  facet normal -0 0 1
    outer loop
      vertex -27.3273 -18.1209 7.5
      vertex -26.8811 -18.1797 7.5
      vertex -27.32 -18.01 7.5
    endloop
  endfacet
  facet normal 0 0 1
    outer loop
      vertex -27.3847 -17.6847 7.5
      vertex -26.969 -17.5125 7.5
      vertex -27.0442 -17.36 7.5
    endloop
  endfacet
  facet normal 0 0 1
    outer loop
      vertex -26.8811 -18.1797 7.5
      vertex -27.3273 -18.1209 7.5
      vertex -26.9143 -18.3465 7.5
    endloop
  endfacet
  facet normal 0 0 1
    outer loop
      vertex -27.4339 -17.585 7.5
      vertex -27.0442 -17.36 7.5
      vertex -27.1386 -17.2186 7.5
    endloop
  endfacet
  facet normal -0 0 1
    outer loop
      vertex -27.349 -18.23 7.5
      vertex -26.9143 -18.3465 7.5
      vertex -27.3273 -18.1209 7.5
    endloop
  endfacet
  facet normal 0 0 1
    outer loop
      vertex -27.4956 -17.4926 7.5
      vertex -27.1386 -17.2186 7.5
      vertex -27.2508 -17.0908 7.5
    endloop
  endfacet
  facet normal 0 0 1
    outer loop
      vertex -26.9143 -18.3465 7.5
      vertex -27.349 -18.23 7.5
      vertex -26.969 -18.5075 7.5
    endloop
  endfacet
  facet normal -0 0 1
    outer loop
      vertex -27.3847 -18.3353 7.5
      vertex -26.969 -18.5075 7.5
      vertex -27.349 -18.23 7.5
    endloop
  endfacet
  facet normal 0 0 1
    outer loop
      vertex -26.8811 -17.8403 7.5
      vertex -27.3273 -17.8991 7.5
      vertex -27.32 -18.01 7.5
    endloop
  endfacet
  facet normal 0 0 1
    outer loop
      vertex -26.9143 -17.6735 7.5
      vertex -27.349 -17.79 7.5
      vertex -27.3273 -17.8991 7.5
    endloop
  endfacet
  facet normal 0 0 1
    outer loop
      vertex -27.569 -17.409 7.5
      vertex -27.2508 -17.0908 7.5
      vertex -27.3786 -16.9786 7.5
    endloop
  endfacet
  facet normal 0 0 1
    outer loop
      vertex -26.969 -17.5125 7.5
      vertex -27.3847 -17.6847 7.5
      vertex -27.349 -17.79 7.5
    endloop
  endfacet
  facet normal 0 0 1
    outer loop
      vertex -27.0442 -17.36 7.5
      vertex -27.4339 -17.585 7.5
      vertex -27.3847 -17.6847 7.5
    endloop
  endfacet
  facet normal 0 0 1
    outer loop
      vertex -27.1386 -17.2186 7.5
      vertex -27.4956 -17.4926 7.5
      vertex -27.4339 -17.585 7.5
    endloop
  endfacet
  facet normal 0 0 1
    outer loop
      vertex -27.6526 -17.3356 7.5
      vertex -27.3786 -16.9786 7.5
      vertex -27.52 -16.8842 7.5
    endloop
  endfacet
  facet normal 0 0 1
    outer loop
      vertex -27.2508 -17.0908 7.5
      vertex -27.569 -17.409 7.5
      vertex -27.4956 -17.4926 7.5
    endloop
  endfacet
  facet normal 0 0 1
    outer loop
      vertex -27.3786 -16.9786 7.5
      vertex -27.6526 -17.3356 7.5
      vertex -27.569 -17.409 7.5
    endloop
  endfacet
  facet normal 0 0 1
    outer loop
      vertex -27.745 -17.2739 7.5
      vertex -27.52 -16.8842 7.5
      vertex -27.6725 -16.809 7.5
    endloop
  endfacet
  facet normal 0 0 1
    outer loop
      vertex -27.52 -16.8842 7.5
      vertex -27.745 -17.2739 7.5
      vertex -27.6526 -17.3356 7.5
    endloop
  endfacet
  facet normal 0 0 1
    outer loop
      vertex -27.8447 -17.2247 7.5
      vertex -27.6725 -16.809 7.5
      vertex -27.8335 -16.7543 7.5
    endloop
  endfacet
  facet normal 0 0 1
    outer loop
      vertex -27.6725 -16.809 7.5
      vertex -27.8447 -17.2247 7.5
      vertex -27.745 -17.2739 7.5
    endloop
  endfacet
  facet normal 0 0 1
    outer loop
      vertex -27.8335 -16.7543 7.5
      vertex -27.95 -17.189 7.5
      vertex -27.8447 -17.2247 7.5
    endloop
  endfacet
  facet normal 0 0 1
    outer loop
      vertex -28.0003 -16.7211 7.5
      vertex -27.95 -17.189 7.5
      vertex -27.8335 -16.7543 7.5
    endloop
  endfacet
  facet normal 0 0 1
    outer loop
      vertex -28.0003 -16.7211 7.5
      vertex -28.0591 -17.1673 7.5
      vertex -27.95 -17.189 7.5
    endloop
  endfacet
  facet normal 0 0 1
    outer loop
      vertex -28.17 -16.71 7.5
      vertex -28.0591 -17.1673 7.5
      vertex -28.0003 -16.7211 7.5
    endloop
  endfacet
  facet normal 0 0 1
    outer loop
      vertex -28.17 -16.71 7.5
      vertex -28.17 -17.16 7.5
      vertex -28.0591 -17.1673 7.5
    endloop
  endfacet
  facet normal 0 0 1
    outer loop
      vertex -28.17 -16.71 7.5
      vertex -28.2809 -17.1673 7.5
      vertex -28.17 -17.16 7.5
    endloop
  endfacet
  facet normal -0 0 1
    outer loop
      vertex -28.3397 -16.7211 7.5
      vertex -28.2809 -17.1673 7.5
      vertex -28.17 -16.71 7.5
    endloop
  endfacet
  facet normal 0 0 1
    outer loop
      vertex -28.3397 -16.7211 7.5
      vertex -28.39 -17.189 7.5
      vertex -28.2809 -17.1673 7.5
    endloop
  endfacet
  facet normal -0 0 1
    outer loop
      vertex -28.5065 -16.7543 7.5
      vertex -28.39 -17.189 7.5
      vertex -28.3397 -16.7211 7.5
    endloop
  endfacet
  facet normal 0 0 1
    outer loop
      vertex -28.39 -17.189 7.5
      vertex -28.5065 -16.7543 7.5
      vertex -28.4953 -17.2247 7.5
    endloop
  endfacet
  facet normal -0 0 1
    outer loop
      vertex -28.6675 -16.809 7.5
      vertex -28.4953 -17.2247 7.5
      vertex -28.5065 -16.7543 7.5
    endloop
  endfacet
  facet normal 0 0 1
    outer loop
      vertex -28.4953 -17.2247 7.5
      vertex -28.6675 -16.809 7.5
      vertex -28.595 -17.2739 7.5
    endloop
  endfacet
  facet normal -0 0 1
    outer loop
      vertex -28.82 -16.8842 7.5
      vertex -28.595 -17.2739 7.5
      vertex -28.6675 -16.809 7.5
    endloop
  endfacet
  facet normal 0 0 1
    outer loop
      vertex -28.595 -17.2739 7.5
      vertex -28.82 -16.8842 7.5
      vertex -28.6874 -17.3356 7.5
    endloop
  endfacet
  facet normal -0 0 1
    outer loop
      vertex -28.9614 -16.9786 7.5
      vertex -28.6874 -17.3356 7.5
      vertex -28.82 -16.8842 7.5
    endloop
  endfacet
  facet normal 0 0 1
    outer loop
      vertex -28.6874 -17.3356 7.5
      vertex -28.9614 -16.9786 7.5
      vertex -28.771 -17.409 7.5
    endloop
  endfacet
  facet normal -0 0 1
    outer loop
      vertex -29.0892 -17.0908 7.5
      vertex -28.771 -17.409 7.5
      vertex -28.9614 -16.9786 7.5
    endloop
  endfacet
  facet normal 0 0 1
    outer loop
      vertex -28.771 -17.409 7.5
      vertex -29.0892 -17.0908 7.5
      vertex -28.8443 -17.4926 7.5
    endloop
  endfacet
  facet normal -0 0 1
    outer loop
      vertex -29.2014 -17.2186 7.5
      vertex -28.8443 -17.4926 7.5
      vertex -29.0892 -17.0908 7.5
    endloop
  endfacet
  facet normal 0 0 1
    outer loop
      vertex -28.8443 -17.4926 7.5
      vertex -29.2014 -17.2186 7.5
      vertex -28.9061 -17.585 7.5
    endloop
  endfacet
  facet normal -0 0 1
    outer loop
      vertex -29.2958 -17.36 7.5
      vertex -28.9061 -17.585 7.5
      vertex -29.2014 -17.2186 7.5
    endloop
  endfacet
  facet normal 0 0 1
    outer loop
      vertex -28.9061 -17.585 7.5
      vertex -29.2958 -17.36 7.5
      vertex -28.9553 -17.6847 7.5
    endloop
  endfacet
  facet normal -0 0 1
    outer loop
      vertex -29.371 -17.5125 7.5
      vertex -28.9553 -17.6847 7.5
      vertex -29.2958 -17.36 7.5
    endloop
  endfacet
  facet normal 0 0 1
    outer loop
      vertex -26.969 -18.5075 7.5
      vertex -27.3847 -18.3353 7.5
      vertex -27.0442 -18.66 7.5
    endloop
  endfacet
  facet normal -0 0 1
    outer loop
      vertex -27.4339 -18.435 7.5
      vertex -27.0442 -18.66 7.5
      vertex -27.3847 -18.3353 7.5
    endloop
  endfacet
  facet normal 0 0 1
    outer loop
      vertex -27.0442 -18.66 7.5
      vertex -27.4339 -18.435 7.5
      vertex -27.1386 -18.8014 7.5
    endloop
  endfacet
  facet normal -0 0 1
    outer loop
      vertex -27.4956 -18.5274 7.5
      vertex -27.1386 -18.8014 7.5
      vertex -27.4339 -18.435 7.5
    endloop
  endfacet
  facet normal 0 0 1
    outer loop
      vertex -27.1386 -18.8014 7.5
      vertex -27.4956 -18.5274 7.5
      vertex -27.2508 -18.9292 7.5
    endloop
  endfacet
  facet normal -0 0 1
    outer loop
      vertex -27.569 -18.611 7.5
      vertex -27.2508 -18.9292 7.5
      vertex -27.4956 -18.5274 7.5
    endloop
  endfacet
  facet normal 0 0 1
    outer loop
      vertex -27.2508 -18.9292 7.5
      vertex -27.569 -18.611 7.5
      vertex -27.3786 -19.0414 7.5
    endloop
  endfacet
  facet normal -0 0 1
    outer loop
      vertex -27.6526 -18.6843 7.5
      vertex -27.3786 -19.0414 7.5
      vertex -27.569 -18.611 7.5
    endloop
  endfacet
  facet normal 0 0 1
    outer loop
      vertex -27.3786 -19.0414 7.5
      vertex -27.6526 -18.6843 7.5
      vertex -27.52 -19.1358 7.5
    endloop
  endfacet
  facet normal -0 0 1
    outer loop
      vertex -27.745 -18.7461 7.5
      vertex -27.52 -19.1358 7.5
      vertex -27.6526 -18.6843 7.5
    endloop
  endfacet
  facet normal 0 0 1
    outer loop
      vertex -27.52 -19.1358 7.5
      vertex -27.745 -18.7461 7.5
      vertex -27.6725 -19.211 7.5
    endloop
  endfacet
  facet normal -0 0 1
    outer loop
      vertex -27.8447 -18.7953 7.5
      vertex -27.6725 -19.211 7.5
      vertex -27.745 -18.7461 7.5
    endloop
  endfacet
  facet normal 0 0 1
    outer loop
      vertex -27.6725 -19.211 7.5
      vertex -27.8447 -18.7953 7.5
      vertex -27.8335 -19.2657 7.5
    endloop
  endfacet
  facet normal -0 0 1
    outer loop
      vertex -27.95 -18.831 7.5
      vertex -27.8335 -19.2657 7.5
      vertex -27.8447 -18.7953 7.5
    endloop
  endfacet
  facet normal 0 0 1
    outer loop
      vertex -27.95 -18.831 7.5
      vertex -28.0003 -19.2989 7.5
      vertex -27.8335 -19.2657 7.5
    endloop
  endfacet
  facet normal -0 0 1
    outer loop
      vertex -28.0591 -18.8527 7.5
      vertex -28.0003 -19.2989 7.5
      vertex -27.95 -18.831 7.5
    endloop
  endfacet
  facet normal -0 0 1
    outer loop
      vertex -28.17 -18.86 7.5
      vertex -28.0003 -19.2989 7.5
      vertex -28.0591 -18.8527 7.5
    endloop
  endfacet
  facet normal 0 0 1
    outer loop
      vertex -28.17 -18.86 7.5
      vertex -28.17 -19.31 7.5
      vertex -28.0003 -19.2989 7.5
    endloop
  endfacet
  facet normal 0 0 1
    outer loop
      vertex -28.2809 -18.8527 7.5
      vertex -28.17 -19.31 7.5
      vertex -28.17 -18.86 7.5
    endloop
  endfacet
  facet normal 0 0 1
    outer loop
      vertex -28.2809 -18.8527 7.5
      vertex -28.3397 -19.2989 7.5
      vertex -28.17 -19.31 7.5
    endloop
  endfacet
  facet normal 0 0 1
    outer loop
      vertex -28.39 -18.831 7.5
      vertex -28.3397 -19.2989 7.5
      vertex -28.2809 -18.8527 7.5
    endloop
  endfacet
  facet normal 0 0 1
    outer loop
      vertex -28.5065 -19.2657 7.5
      vertex -28.39 -18.831 7.5
      vertex -28.4953 -18.7953 7.5
    endloop
  endfacet
  facet normal 0 0 1
    outer loop
      vertex -28.39 -18.831 7.5
      vertex -28.5065 -19.2657 7.5
      vertex -28.3397 -19.2989 7.5
    endloop
  endfacet
  facet normal 0 0 1
    outer loop
      vertex -28.6675 -19.211 7.5
      vertex -28.4953 -18.7953 7.5
      vertex -28.595 -18.7461 7.5
    endloop
  endfacet
  facet normal 0 0 1
    outer loop
      vertex -28.4953 -18.7953 7.5
      vertex -28.6675 -19.211 7.5
      vertex -28.5065 -19.2657 7.5
    endloop
  endfacet
  facet normal 0 0 1
    outer loop
      vertex -28.82 -19.1358 7.5
      vertex -28.595 -18.7461 7.5
      vertex -28.6874 -18.6843 7.5
    endloop
  endfacet
  facet normal 0 0 1
    outer loop
      vertex -28.9614 -19.0414 7.5
      vertex -28.6874 -18.6843 7.5
      vertex -28.771 -18.611 7.5
    endloop
  endfacet
  facet normal 0 0 1
    outer loop
      vertex -28.595 -18.7461 7.5
      vertex -28.82 -19.1358 7.5
      vertex -28.6675 -19.211 7.5
    endloop
  endfacet
  facet normal 0 0 1
    outer loop
      vertex -29.0892 -18.9292 7.5
      vertex -28.771 -18.611 7.5
      vertex -28.8443 -18.5274 7.5
    endloop
  endfacet
  facet normal 0 0 1
    outer loop
      vertex -29.2014 -18.8014 7.5
      vertex -28.8443 -18.5274 7.5
      vertex -28.9061 -18.435 7.5
    endloop
  endfacet
  facet normal 0 0 1
    outer loop
      vertex -29.2958 -18.66 7.5
      vertex -28.9061 -18.435 7.5
      vertex -28.9553 -18.3353 7.5
    endloop
  endfacet
  facet normal 0 0 1
    outer loop
      vertex -28.6874 -18.6843 7.5
      vertex -28.9614 -19.0414 7.5
      vertex -28.82 -19.1358 7.5
    endloop
  endfacet
  facet normal 0 0 1
    outer loop
      vertex -29.371 -18.5075 7.5
      vertex -28.9553 -18.3353 7.5
      vertex -28.991 -18.23 7.5
    endloop
  endfacet
  facet normal 0 0 1
    outer loop
      vertex -29.4257 -18.3465 7.5
      vertex -28.991 -18.23 7.5
      vertex -29.0127 -18.1209 7.5
    endloop
  endfacet
  facet normal 0 0 1
    outer loop
      vertex -29.4589 -18.1797 7.5
      vertex -29.0127 -18.1209 7.5
      vertex -29.02 -18.01 7.5
    endloop
  endfacet
  facet normal 0 0 1
    outer loop
      vertex -28.9553 -17.6847 7.5
      vertex -29.371 -17.5125 7.5
      vertex -28.991 -17.79 7.5
    endloop
  endfacet
  facet normal 0 0 1
    outer loop
      vertex -28.771 -18.611 7.5
      vertex -29.0892 -18.9292 7.5
      vertex -28.9614 -19.0414 7.5
    endloop
  endfacet
  facet normal -0 0 1
    outer loop
      vertex -29.4257 -17.6735 7.5
      vertex -28.991 -17.79 7.5
      vertex -29.371 -17.5125 7.5
    endloop
  endfacet
  facet normal 0 0 1
    outer loop
      vertex -28.8443 -18.5274 7.5
      vertex -29.2014 -18.8014 7.5
      vertex -29.0892 -18.9292 7.5
    endloop
  endfacet
  facet normal 0 0 1
    outer loop
      vertex -28.991 -17.79 7.5
      vertex -29.4257 -17.6735 7.5
      vertex -29.0127 -17.8991 7.5
    endloop
  endfacet
  facet normal 0 0 1
    outer loop
      vertex -28.9061 -18.435 7.5
      vertex -29.2958 -18.66 7.5
      vertex -29.2014 -18.8014 7.5
    endloop
  endfacet
  facet normal -0 0 1
    outer loop
      vertex -29.4589 -17.8403 7.5
      vertex -29.0127 -17.8991 7.5
      vertex -29.4257 -17.6735 7.5
    endloop
  endfacet
  facet normal 0 0 1
    outer loop
      vertex -28.9553 -18.3353 7.5
      vertex -29.371 -18.5075 7.5
      vertex -29.2958 -18.66 7.5
    endloop
  endfacet
  facet normal 0 0 1
    outer loop
      vertex -29.0127 -17.8991 7.5
      vertex -29.4589 -17.8403 7.5
      vertex -29.02 -18.01 7.5
    endloop
  endfacet
  facet normal 0 0 1
    outer loop
      vertex -28.991 -18.23 7.5
      vertex -29.4257 -18.3465 7.5
      vertex -29.371 -18.5075 7.5
    endloop
  endfacet
  facet normal 0 0 1
    outer loop
      vertex -29.47 -18.01 7.5
      vertex -29.02 -18.01 7.5
      vertex -29.4589 -17.8403 7.5
    endloop
  endfacet
  facet normal 0 0 1
    outer loop
      vertex -29.0127 -18.1209 7.5
      vertex -29.4589 -18.1797 7.5
      vertex -29.4257 -18.3465 7.5
    endloop
  endfacet
  facet normal 0 0 1
    outer loop
      vertex -29.02 -18.01 7.5
      vertex -29.47 -18.01 7.5
      vertex -29.4589 -18.1797 7.5
    endloop
  endfacet
  facet normal -0.195079 -0.980788 0
    outer loop
      vertex -28.0591 18.8527 1.6
      vertex -27.95 18.831 7.5
      vertex -28.0591 18.8527 7.5
    endloop
  endfacet
  facet normal -0.195079 -0.980788 -0
    outer loop
      vertex -27.95 18.831 7.5
      vertex -28.0591 18.8527 1.6
      vertex -27.95 18.831 1.6
    endloop
  endfacet
  facet normal -0.980788 -0.195079 0
    outer loop
      vertex -27.3273 18.1209 1.6
      vertex -27.349 18.23 7.5
      vertex -27.349 18.23 1.6
    endloop
  endfacet
  facet normal -0.980788 -0.195079 0
    outer loop
      vertex -27.349 18.23 7.5
      vertex -27.3273 18.1209 1.6
      vertex -27.3273 18.1209 7.5
    endloop
  endfacet
  facet normal -0.997841 -0.0656829 0
    outer loop
      vertex -27.32 18.01 1.6
      vertex -27.3273 18.1209 7.5
      vertex -27.3273 18.1209 1.6
    endloop
  endfacet
  facet normal -0.997841 -0.0656829 0
    outer loop
      vertex -27.3273 18.1209 7.5
      vertex -27.32 18.01 1.6
      vertex -27.32 18.01 7.5
    endloop
  endfacet
  facet normal -0.947052 -0.32108 0
    outer loop
      vertex -27.349 18.23 1.6
      vertex -27.3847 18.3353 7.5
      vertex -27.3847 18.3353 1.6
    endloop
  endfacet
  facet normal -0.947052 -0.32108 0
    outer loop
      vertex -27.3847 18.3353 7.5
      vertex -27.349 18.23 1.6
      vertex -27.349 18.23 7.5
    endloop
  endfacet
  facet normal -0.831635 -0.555323 0
    outer loop
      vertex -27.4339 18.435 1.6
      vertex -27.4956 18.5274 7.5
      vertex -27.4956 18.5274 1.6
    endloop
  endfacet
  facet normal -0.831635 -0.555323 0
    outer loop
      vertex -27.4956 18.5274 7.5
      vertex -27.4339 18.435 1.6
      vertex -27.4339 18.435 7.5
    endloop
  endfacet
  facet normal -0.32108 -0.947052 0
    outer loop
      vertex -27.95 18.831 1.6
      vertex -27.8447 18.7953 7.5
      vertex -27.95 18.831 7.5
    endloop
  endfacet
  facet normal -0.32108 -0.947052 -0
    outer loop
      vertex -27.8447 18.7953 7.5
      vertex -27.95 18.831 1.6
      vertex -27.8447 18.7953 1.6
    endloop
  endfacet
  facet normal 0.980788 0.195079 0
    outer loop
      vertex -28.991 17.79 7.5
      vertex -29.0127 17.8991 1.6
      vertex -29.0127 17.8991 7.5
    endloop
  endfacet
  facet normal 0.980788 0.195079 0
    outer loop
      vertex -29.0127 17.8991 1.6
      vertex -28.991 17.79 7.5
      vertex -28.991 17.79 1.6
    endloop
  endfacet
  facet normal -0.997841 0.0656829 0
    outer loop
      vertex -27.3273 17.8991 1.6
      vertex -27.32 18.01 7.5
      vertex -27.32 18.01 1.6
    endloop
  endfacet
  facet normal -0.997841 0.0656829 0
    outer loop
      vertex -27.32 18.01 7.5
      vertex -27.3273 17.8991 1.6
      vertex -27.3273 17.8991 7.5
    endloop
  endfacet
  facet normal 0.997841 0.0656829 0
    outer loop
      vertex -29.0127 17.8991 7.5
      vertex -29.02 18.01 1.6
      vertex -29.02 18.01 7.5
    endloop
  endfacet
  facet normal 0.997841 0.0656829 0
    outer loop
      vertex -29.02 18.01 1.6
      vertex -29.0127 17.8991 7.5
      vertex -29.0127 17.8991 1.6
    endloop
  endfacet
  facet normal 0.32108 0.947052 -0
    outer loop
      vertex -28.39 17.189 1.6
      vertex -28.4953 17.2247 7.5
      vertex -28.39 17.189 7.5
    endloop
  endfacet
  facet normal 0.32108 0.947052 0
    outer loop
      vertex -28.4953 17.2247 7.5
      vertex -28.39 17.189 1.6
      vertex -28.4953 17.2247 1.6
    endloop
  endfacet
  facet normal -0.896754 -0.44253 0
    outer loop
      vertex -27.3847 18.3353 1.6
      vertex -27.4339 18.435 7.5
      vertex -27.4339 18.435 1.6
    endloop
  endfacet
  facet normal -0.896754 -0.44253 0
    outer loop
      vertex -27.4339 18.435 7.5
      vertex -27.3847 18.3353 1.6
      vertex -27.3847 18.3353 7.5
    endloop
  endfacet
  facet normal -0.751462 -0.659776 0
    outer loop
      vertex -27.4956 18.5274 1.6
      vertex -27.569 18.611 7.5
      vertex -27.569 18.611 1.6
    endloop
  endfacet
  facet normal -0.751462 -0.659776 0
    outer loop
      vertex -27.569 18.611 7.5
      vertex -27.4956 18.5274 1.6
      vertex -27.4956 18.5274 7.5
    endloop
  endfacet
  facet normal -0.947052 0.32108 0
    outer loop
      vertex -27.3847 17.6847 1.6
      vertex -27.349 17.79 7.5
      vertex -27.349 17.79 1.6
    endloop
  endfacet
  facet normal -0.947052 0.32108 0
    outer loop
      vertex -27.349 17.79 7.5
      vertex -27.3847 17.6847 1.6
      vertex -27.3847 17.6847 7.5
    endloop
  endfacet
  facet normal 0.751908 0.659268 0
    outer loop
      vertex -28.771 17.409 7.5
      vertex -28.8443 17.4926 1.6
      vertex -28.8443 17.4926 7.5
    endloop
  endfacet
  facet normal 0.751908 0.659268 0
    outer loop
      vertex -28.8443 17.4926 1.6
      vertex -28.771 17.409 7.5
      vertex -28.771 17.409 1.6
    endloop
  endfacet
  facet normal -0.980788 0.195079 0
    outer loop
      vertex -27.349 17.79 1.6
      vertex -27.3273 17.8991 7.5
      vertex -27.3273 17.8991 1.6
    endloop
  endfacet
  facet normal -0.980788 0.195079 0
    outer loop
      vertex -27.3273 17.8991 7.5
      vertex -27.349 17.79 1.6
      vertex -27.349 17.79 7.5
    endloop
  endfacet
  facet normal -0.0656829 0.997841 0
    outer loop
      vertex -28.0591 17.1673 1.6
      vertex -28.17 17.16 7.5
      vertex -28.0591 17.1673 7.5
    endloop
  endfacet
  facet normal -0.0656829 0.997841 0
    outer loop
      vertex -28.17 17.16 7.5
      vertex -28.0591 17.1673 1.6
      vertex -28.17 17.16 1.6
    endloop
  endfacet
  facet normal 0.947052 0.32108 0
    outer loop
      vertex -28.9553 17.6847 7.5
      vertex -28.991 17.79 1.6
      vertex -28.991 17.79 7.5
    endloop
  endfacet
  facet normal 0.947052 0.32108 0
    outer loop
      vertex -28.991 17.79 1.6
      vertex -28.9553 17.6847 7.5
      vertex -28.9553 17.6847 1.6
    endloop
  endfacet
  facet normal -0.831635 0.555323 0
    outer loop
      vertex -27.4956 17.4926 1.6
      vertex -27.4339 17.585 7.5
      vertex -27.4339 17.585 1.6
    endloop
  endfacet
  facet normal -0.831635 0.555323 0
    outer loop
      vertex -27.4339 17.585 7.5
      vertex -27.4956 17.4926 1.6
      vertex -27.4956 17.4926 7.5
    endloop
  endfacet
  facet normal -0.44253 -0.896754 0
    outer loop
      vertex -27.8447 18.7953 1.6
      vertex -27.745 18.7461 7.5
      vertex -27.8447 18.7953 7.5
    endloop
  endfacet
  facet normal -0.44253 -0.896754 -0
    outer loop
      vertex -27.745 18.7461 7.5
      vertex -27.8447 18.7953 1.6
      vertex -27.745 18.7461 1.6
    endloop
  endfacet
  facet normal 0.44253 -0.896754 0
    outer loop
      vertex -28.595 18.7461 1.6
      vertex -28.4953 18.7953 7.5
      vertex -28.595 18.7461 7.5
    endloop
  endfacet
  facet normal 0.44253 -0.896754 0
    outer loop
      vertex -28.4953 18.7953 7.5
      vertex -28.595 18.7461 1.6
      vertex -28.4953 18.7953 1.6
    endloop
  endfacet
  facet normal -0.44253 0.896754 0
    outer loop
      vertex -27.745 17.2739 1.6
      vertex -27.8447 17.2247 7.5
      vertex -27.745 17.2739 7.5
    endloop
  endfacet
  facet normal -0.44253 0.896754 0
    outer loop
      vertex -27.8447 17.2247 7.5
      vertex -27.745 17.2739 1.6
      vertex -27.8447 17.2247 1.6
    endloop
  endfacet
  facet normal -0.32108 0.947052 0
    outer loop
      vertex -27.8447 17.2247 1.6
      vertex -27.95 17.189 7.5
      vertex -27.8447 17.2247 7.5
    endloop
  endfacet
  facet normal -0.32108 0.947052 0
    outer loop
      vertex -27.95 17.189 7.5
      vertex -27.8447 17.2247 1.6
      vertex -27.95 17.189 1.6
    endloop
  endfacet
  facet normal 0.195079 0.980788 -0
    outer loop
      vertex -28.2809 17.1673 1.6
      vertex -28.39 17.189 7.5
      vertex -28.2809 17.1673 7.5
    endloop
  endfacet
  facet normal 0.195079 0.980788 0
    outer loop
      vertex -28.39 17.189 7.5
      vertex -28.2809 17.1673 1.6
      vertex -28.39 17.189 1.6
    endloop
  endfacet
  facet normal 0.947052 -0.32108 0
    outer loop
      vertex -28.991 18.23 7.5
      vertex -28.9553 18.3353 1.6
      vertex -28.9553 18.3353 7.5
    endloop
  endfacet
  facet normal 0.947052 -0.32108 0
    outer loop
      vertex -28.9553 18.3353 1.6
      vertex -28.991 18.23 7.5
      vertex -28.991 18.23 1.6
    endloop
  endfacet
  facet normal 0.195079 -0.980788 0
    outer loop
      vertex -28.39 18.831 1.6
      vertex -28.2809 18.8527 7.5
      vertex -28.39 18.831 7.5
    endloop
  endfacet
  facet normal 0.195079 -0.980788 0
    outer loop
      vertex -28.2809 18.8527 7.5
      vertex -28.39 18.831 1.6
      vertex -28.2809 18.8527 1.6
    endloop
  endfacet
  facet normal 0.555945 -0.831219 0
    outer loop
      vertex -28.6874 18.6843 1.6
      vertex -28.595 18.7461 7.5
      vertex -28.6874 18.6843 7.5
    endloop
  endfacet
  facet normal 0.555945 -0.831219 0
    outer loop
      vertex -28.595 18.7461 7.5
      vertex -28.6874 18.6843 1.6
      vertex -28.595 18.7461 1.6
    endloop
  endfacet
  facet normal -0.555323 0.831635 0
    outer loop
      vertex -27.6526 17.3356 1.6
      vertex -27.745 17.2739 7.5
      vertex -27.6526 17.3356 7.5
    endloop
  endfacet
  facet normal -0.555323 0.831635 0
    outer loop
      vertex -27.745 17.2739 7.5
      vertex -27.6526 17.3356 1.6
      vertex -27.745 17.2739 1.6
    endloop
  endfacet
  facet normal -0.195079 0.980788 0
    outer loop
      vertex -27.95 17.189 1.6
      vertex -28.0591 17.1673 7.5
      vertex -27.95 17.189 7.5
    endloop
  endfacet
  facet normal -0.195079 0.980788 0
    outer loop
      vertex -28.0591 17.1673 7.5
      vertex -27.95 17.189 1.6
      vertex -28.0591 17.1673 1.6
    endloop
  endfacet
  facet normal 0.896754 -0.44253 0
    outer loop
      vertex -28.9553 18.3353 7.5
      vertex -28.9061 18.435 1.6
      vertex -28.9061 18.435 7.5
    endloop
  endfacet
  facet normal 0.896754 -0.44253 0
    outer loop
      vertex -28.9061 18.435 1.6
      vertex -28.9553 18.3353 7.5
      vertex -28.9553 18.3353 1.6
    endloop
  endfacet
  facet normal -0.659268 -0.751908 0
    outer loop
      vertex -27.6526 18.6843 1.6
      vertex -27.569 18.611 7.5
      vertex -27.6526 18.6843 7.5
    endloop
  endfacet
  facet normal -0.659268 -0.751908 -0
    outer loop
      vertex -27.569 18.611 7.5
      vertex -27.6526 18.6843 1.6
      vertex -27.569 18.611 1.6
    endloop
  endfacet
  facet normal 0.831219 -0.555945 0
    outer loop
      vertex -28.9061 18.435 7.5
      vertex -28.8443 18.5274 1.6
      vertex -28.8443 18.5274 7.5
    endloop
  endfacet
  facet normal 0.831219 -0.555945 0
    outer loop
      vertex -28.8443 18.5274 1.6
      vertex -28.9061 18.435 7.5
      vertex -28.9061 18.435 1.6
    endloop
  endfacet
  facet normal 0.0656829 0.997841 -0
    outer loop
      vertex -28.17 17.16 1.6
      vertex -28.2809 17.1673 7.5
      vertex -28.17 17.16 7.5
    endloop
  endfacet
  facet normal 0.0656829 0.997841 0
    outer loop
      vertex -28.2809 17.1673 7.5
      vertex -28.17 17.16 1.6
      vertex -28.2809 17.1673 1.6
    endloop
  endfacet
  facet normal 0.659268 -0.751908 0
    outer loop
      vertex -28.771 18.611 1.6
      vertex -28.6874 18.6843 7.5
      vertex -28.771 18.611 7.5
    endloop
  endfacet
  facet normal 0.659268 -0.751908 0
    outer loop
      vertex -28.6874 18.6843 7.5
      vertex -28.771 18.611 1.6
      vertex -28.6874 18.6843 1.6
    endloop
  endfacet
  facet normal 0.659776 0.751462 -0
    outer loop
      vertex -28.6874 17.3356 1.6
      vertex -28.771 17.409 7.5
      vertex -28.6874 17.3356 7.5
    endloop
  endfacet
  facet normal 0.659776 0.751462 0
    outer loop
      vertex -28.771 17.409 7.5
      vertex -28.6874 17.3356 1.6
      vertex -28.771 17.409 1.6
    endloop
  endfacet
  facet normal 0.751908 -0.659268 0
    outer loop
      vertex -28.8443 18.5274 7.5
      vertex -28.771 18.611 1.6
      vertex -28.771 18.611 7.5
    endloop
  endfacet
  facet normal 0.751908 -0.659268 0
    outer loop
      vertex -28.771 18.611 1.6
      vertex -28.8443 18.5274 7.5
      vertex -28.8443 18.5274 1.6
    endloop
  endfacet
  facet normal -0.751462 0.659776 0
    outer loop
      vertex -27.569 17.409 1.6
      vertex -27.4956 17.4926 7.5
      vertex -27.4956 17.4926 1.6
    endloop
  endfacet
  facet normal -0.751462 0.659776 0
    outer loop
      vertex -27.4956 17.4926 7.5
      vertex -27.569 17.409 1.6
      vertex -27.569 17.409 7.5
    endloop
  endfacet
  facet normal -0.896754 0.44253 0
    outer loop
      vertex -27.4339 17.585 1.6
      vertex -27.3847 17.6847 7.5
      vertex -27.3847 17.6847 1.6
    endloop
  endfacet
  facet normal -0.896754 0.44253 0
    outer loop
      vertex -27.3847 17.6847 7.5
      vertex -27.4339 17.585 1.6
      vertex -27.4339 17.585 7.5
    endloop
  endfacet
  facet normal 0.555323 0.831635 -0
    outer loop
      vertex -28.595 17.2739 1.6
      vertex -28.6874 17.3356 7.5
      vertex -28.595 17.2739 7.5
    endloop
  endfacet
  facet normal 0.555323 0.831635 0
    outer loop
      vertex -28.6874 17.3356 7.5
      vertex -28.595 17.2739 1.6
      vertex -28.6874 17.3356 1.6
    endloop
  endfacet
  facet normal 0.980788 -0.195079 0
    outer loop
      vertex -29.0127 18.1209 7.5
      vertex -28.991 18.23 1.6
      vertex -28.991 18.23 7.5
    endloop
  endfacet
  facet normal 0.980788 -0.195079 0
    outer loop
      vertex -28.991 18.23 1.6
      vertex -29.0127 18.1209 7.5
      vertex -29.0127 18.1209 1.6
    endloop
  endfacet
  facet normal -0.0656829 -0.997841 0
    outer loop
      vertex -28.17 18.86 1.6
      vertex -28.0591 18.8527 7.5
      vertex -28.17 18.86 7.5
    endloop
  endfacet
  facet normal -0.0656829 -0.997841 -0
    outer loop
      vertex -28.0591 18.8527 7.5
      vertex -28.17 18.86 1.6
      vertex -28.0591 18.8527 1.6
    endloop
  endfacet
  facet normal -0.555945 -0.831219 0
    outer loop
      vertex -27.745 18.7461 1.6
      vertex -27.6526 18.6843 7.5
      vertex -27.745 18.7461 7.5
    endloop
  endfacet
  facet normal -0.555945 -0.831219 -0
    outer loop
      vertex -27.6526 18.6843 7.5
      vertex -27.745 18.7461 1.6
      vertex -27.6526 18.6843 1.6
    endloop
  endfacet
  facet normal 0.32108 -0.947052 0
    outer loop
      vertex -28.4953 18.7953 1.6
      vertex -28.39 18.831 7.5
      vertex -28.4953 18.7953 7.5
    endloop
  endfacet
  facet normal 0.32108 -0.947052 0
    outer loop
      vertex -28.39 18.831 7.5
      vertex -28.4953 18.7953 1.6
      vertex -28.39 18.831 1.6
    endloop
  endfacet
  facet normal 0.0656829 -0.997841 0
    outer loop
      vertex -28.2809 18.8527 1.6
      vertex -28.17 18.86 7.5
      vertex -28.2809 18.8527 7.5
    endloop
  endfacet
  facet normal 0.0656829 -0.997841 0
    outer loop
      vertex -28.17 18.86 7.5
      vertex -28.2809 18.8527 1.6
      vertex -28.17 18.86 1.6
    endloop
  endfacet
  facet normal 0.997841 -0.0656829 0
    outer loop
      vertex -29.02 18.01 7.5
      vertex -29.0127 18.1209 1.6
      vertex -29.0127 18.1209 7.5
    endloop
  endfacet
  facet normal 0.997841 -0.0656829 0
    outer loop
      vertex -29.0127 18.1209 1.6
      vertex -29.02 18.01 7.5
      vertex -29.02 18.01 1.6
    endloop
  endfacet
  facet normal 0.896754 0.44253 0
    outer loop
      vertex -28.9061 17.585 7.5
      vertex -28.9553 17.6847 1.6
      vertex -28.9553 17.6847 7.5
    endloop
  endfacet
  facet normal 0.896754 0.44253 0
    outer loop
      vertex -28.9553 17.6847 1.6
      vertex -28.9061 17.585 7.5
      vertex -28.9061 17.585 1.6
    endloop
  endfacet
  facet normal 0.44253 0.896754 -0
    outer loop
      vertex -28.4953 17.2247 1.6
      vertex -28.595 17.2739 7.5
      vertex -28.4953 17.2247 7.5
    endloop
  endfacet
  facet normal 0.44253 0.896754 0
    outer loop
      vertex -28.595 17.2739 7.5
      vertex -28.4953 17.2247 1.6
      vertex -28.595 17.2739 1.6
    endloop
  endfacet
  facet normal -0.659776 0.751462 0
    outer loop
      vertex -27.569 17.409 1.6
      vertex -27.6526 17.3356 7.5
      vertex -27.569 17.409 7.5
    endloop
  endfacet
  facet normal -0.659776 0.751462 0
    outer loop
      vertex -27.6526 17.3356 7.5
      vertex -27.569 17.409 1.6
      vertex -27.6526 17.3356 1.6
    endloop
  endfacet
  facet normal 0.831219 0.555945 0
    outer loop
      vertex -28.8443 17.4926 7.5
      vertex -28.9061 17.585 1.6
      vertex -28.9061 17.585 7.5
    endloop
  endfacet
  facet normal 0.831219 0.555945 0
    outer loop
      vertex -28.9061 17.585 1.6
      vertex -28.8443 17.4926 7.5
      vertex -28.8443 17.4926 1.6
    endloop
  endfacet
  facet normal -0.980761 -0.195211 0
    outer loop
      vertex -26.8811 18.1797 7.5
      vertex -26.9143 18.3465 17.1
      vertex -26.9143 18.3465 7.5
    endloop
  endfacet
  facet normal -0.980761 -0.195211 0
    outer loop
      vertex -26.9143 18.3465 17.1
      vertex -26.8811 18.1797 7.5
      vertex -26.8811 18.1797 17.1
    endloop
  endfacet
  facet normal -0.997868 -0.0652701 0
    outer loop
      vertex -26.87 18.01 7.5
      vertex -26.8811 18.1797 17.1
      vertex -26.8811 18.1797 7.5
    endloop
  endfacet
  facet normal -0.997868 -0.0652701 0
    outer loop
      vertex -26.8811 18.1797 17.1
      vertex -26.87 18.01 7.5
      vertex -26.87 18.01 17.1
    endloop
  endfacet
  facet normal -0.946844 -0.321692 0
    outer loop
      vertex -26.9143 18.3465 7.5
      vertex -26.969 18.5075 17.1
      vertex -26.969 18.5075 7.5
    endloop
  endfacet
  facet normal -0.946844 -0.321692 0
    outer loop
      vertex -26.969 18.5075 17.1
      vertex -26.9143 18.3465 7.5
      vertex -26.9143 18.3465 17.1
    endloop
  endfacet
  facet normal 0.195211 0.980761 -0
    outer loop
      vertex -28.3397 16.7211 7.5
      vertex -28.5065 16.7543 17.1
      vertex -28.3397 16.7211 17.1
    endloop
  endfacet
  facet normal 0.195211 0.980761 0
    outer loop
      vertex -28.5065 16.7543 17.1
      vertex -28.3397 16.7211 7.5
      vertex -28.5065 16.7543 7.5
    endloop
  endfacet
  facet normal -0.442267 -0.896884 0
    outer loop
      vertex -27.6725 19.211 7.5
      vertex -27.52 19.1358 17.1
      vertex -27.6725 19.211 17.1
    endloop
  endfacet
  facet normal -0.442267 -0.896884 -0
    outer loop
      vertex -27.52 19.1358 17.1
      vertex -27.6725 19.211 7.5
      vertex -27.52 19.1358 7.5
    endloop
  endfacet
  facet normal -0.896884 -0.442267 0
    outer loop
      vertex -26.969 18.5075 7.5
      vertex -27.0442 18.66 17.1
      vertex -27.0442 18.66 7.5
    endloop
  endfacet
  facet normal -0.896884 -0.442267 0
    outer loop
      vertex -27.0442 18.66 17.1
      vertex -26.969 18.5075 7.5
      vertex -26.969 18.5075 17.1
    endloop
  endfacet
  facet normal -0.831688 -0.555243 0
    outer loop
      vertex -27.0442 18.66 7.5
      vertex -27.1386 18.8014 17.1
      vertex -27.1386 18.8014 7.5
    endloop
  endfacet
  facet normal -0.831688 -0.555243 0
    outer loop
      vertex -27.1386 18.8014 17.1
      vertex -27.0442 18.66 7.5
      vertex -27.0442 18.66 17.1
    endloop
  endfacet
  facet normal -0.751483 0.659753 0
    outer loop
      vertex -27.2508 17.0908 7.5
      vertex -27.1386 17.2186 17.1
      vertex -27.1386 17.2186 7.5
    endloop
  endfacet
  facet normal -0.751483 0.659753 0
    outer loop
      vertex -27.1386 17.2186 17.1
      vertex -27.2508 17.0908 7.5
      vertex -27.2508 17.0908 17.1
    endloop
  endfacet
  facet normal 0.442267 -0.896884 0
    outer loop
      vertex -28.82 19.1358 7.5
      vertex -28.6675 19.211 17.1
      vertex -28.82 19.1358 17.1
    endloop
  endfacet
  facet normal 0.442267 -0.896884 0
    outer loop
      vertex -28.6675 19.211 17.1
      vertex -28.82 19.1358 7.5
      vertex -28.6675 19.211 7.5
    endloop
  endfacet
  facet normal 0.997868 0.0652701 0
    outer loop
      vertex -29.4589 17.8403 17.1
      vertex -29.47 18.01 7.5
      vertex -29.47 18.01 17.1
    endloop
  endfacet
  facet normal 0.997868 0.0652701 0
    outer loop
      vertex -29.47 18.01 7.5
      vertex -29.4589 17.8403 17.1
      vertex -29.4589 17.8403 7.5
    endloop
  endfacet
  facet normal -0.896884 0.442267 0
    outer loop
      vertex -27.0442 17.36 7.5
      vertex -26.969 17.5125 17.1
      vertex -26.969 17.5125 7.5
    endloop
  endfacet
  facet normal -0.896884 0.442267 0
    outer loop
      vertex -26.969 17.5125 17.1
      vertex -27.0442 17.36 7.5
      vertex -27.0442 17.36 17.1
    endloop
  endfacet
  facet normal 0.659753 -0.751483 0
    outer loop
      vertex -29.0892 18.9292 7.5
      vertex -28.9614 19.0414 17.1
      vertex -29.0892 18.9292 17.1
    endloop
  endfacet
  facet normal 0.659753 -0.751483 0
    outer loop
      vertex -28.9614 19.0414 17.1
      vertex -29.0892 18.9292 7.5
      vertex -28.9614 19.0414 7.5
    endloop
  endfacet
  facet normal -0.751483 -0.659753 0
    outer loop
      vertex -27.1386 18.8014 7.5
      vertex -27.2508 18.9292 17.1
      vertex -27.2508 18.9292 7.5
    endloop
  endfacet
  facet normal -0.751483 -0.659753 0
    outer loop
      vertex -27.2508 18.9292 17.1
      vertex -27.1386 18.8014 7.5
      vertex -27.1386 18.8014 17.1
    endloop
  endfacet
  facet normal -0.980761 0.195211 0
    outer loop
      vertex -26.9143 17.6735 7.5
      vertex -26.8811 17.8403 17.1
      vertex -26.8811 17.8403 7.5
    endloop
  endfacet
  facet normal -0.980761 0.195211 0
    outer loop
      vertex -26.8811 17.8403 17.1
      vertex -26.9143 17.6735 7.5
      vertex -26.9143 17.6735 17.1
    endloop
  endfacet
  facet normal -0.946844 0.321692 0
    outer loop
      vertex -26.969 17.5125 7.5
      vertex -26.9143 17.6735 17.1
      vertex -26.9143 17.6735 7.5
    endloop
  endfacet
  facet normal -0.946844 0.321692 0
    outer loop
      vertex -26.9143 17.6735 17.1
      vertex -26.969 17.5125 7.5
      vertex -26.969 17.5125 17.1
    endloop
  endfacet
  facet normal 0.980761 0.195211 0
    outer loop
      vertex -29.4257 17.6735 17.1
      vertex -29.4589 17.8403 7.5
      vertex -29.4589 17.8403 17.1
    endloop
  endfacet
  facet normal 0.980761 0.195211 0
    outer loop
      vertex -29.4589 17.8403 7.5
      vertex -29.4257 17.6735 17.1
      vertex -29.4257 17.6735 7.5
    endloop
  endfacet
  facet normal 0.751483 0.659753 0
    outer loop
      vertex -29.0892 17.0908 17.1
      vertex -29.2014 17.2186 7.5
      vertex -29.2014 17.2186 17.1
    endloop
  endfacet
  facet normal 0.751483 0.659753 0
    outer loop
      vertex -29.2014 17.2186 7.5
      vertex -29.0892 17.0908 17.1
      vertex -29.0892 17.0908 7.5
    endloop
  endfacet
  facet normal -0.555243 -0.831688 0
    outer loop
      vertex -27.52 19.1358 7.5
      vertex -27.3786 19.0414 17.1
      vertex -27.52 19.1358 17.1
    endloop
  endfacet
  facet normal -0.555243 -0.831688 -0
    outer loop
      vertex -27.3786 19.0414 17.1
      vertex -27.52 19.1358 7.5
      vertex -27.3786 19.0414 7.5
    endloop
  endfacet
  facet normal -0.831688 0.555243 0
    outer loop
      vertex -27.1386 17.2186 7.5
      vertex -27.0442 17.36 17.1
      vertex -27.0442 17.36 7.5
    endloop
  endfacet
  facet normal -0.831688 0.555243 0
    outer loop
      vertex -27.0442 17.36 17.1
      vertex -27.1386 17.2186 7.5
      vertex -27.1386 17.2186 17.1
    endloop
  endfacet
  facet normal -0.321692 0.946844 0
    outer loop
      vertex -27.6725 16.809 7.5
      vertex -27.8335 16.7543 17.1
      vertex -27.6725 16.809 17.1
    endloop
  endfacet
  facet normal -0.321692 0.946844 0
    outer loop
      vertex -27.8335 16.7543 17.1
      vertex -27.6725 16.809 7.5
      vertex -27.8335 16.7543 7.5
    endloop
  endfacet
  facet normal -0.195211 0.980761 0
    outer loop
      vertex -27.8335 16.7543 7.5
      vertex -28.0003 16.7211 17.1
      vertex -27.8335 16.7543 17.1
    endloop
  endfacet
  facet normal -0.195211 0.980761 0
    outer loop
      vertex -28.0003 16.7211 17.1
      vertex -27.8335 16.7543 7.5
      vertex -28.0003 16.7211 7.5
    endloop
  endfacet
  facet normal 0.0652701 0.997868 -0
    outer loop
      vertex -28.17 16.71 7.5
      vertex -28.3397 16.7211 17.1
      vertex -28.17 16.71 17.1
    endloop
  endfacet
  facet normal 0.0652701 0.997868 0
    outer loop
      vertex -28.3397 16.7211 17.1
      vertex -28.17 16.71 7.5
      vertex -28.3397 16.7211 7.5
    endloop
  endfacet
  facet normal 0.659753 0.751483 -0
    outer loop
      vertex -28.9614 16.9786 7.5
      vertex -29.0892 17.0908 17.1
      vertex -28.9614 16.9786 17.1
    endloop
  endfacet
  facet normal 0.659753 0.751483 0
    outer loop
      vertex -29.0892 17.0908 17.1
      vertex -28.9614 16.9786 7.5
      vertex -29.0892 17.0908 7.5
    endloop
  endfacet
  facet normal -0.659753 -0.751483 0
    outer loop
      vertex -27.3786 19.0414 7.5
      vertex -27.2508 18.9292 17.1
      vertex -27.3786 19.0414 17.1
    endloop
  endfacet
  facet normal -0.659753 -0.751483 -0
    outer loop
      vertex -27.2508 18.9292 17.1
      vertex -27.3786 19.0414 7.5
      vertex -27.2508 18.9292 7.5
    endloop
  endfacet
  facet normal 0.980761 -0.195211 0
    outer loop
      vertex -29.4589 18.1797 17.1
      vertex -29.4257 18.3465 7.5
      vertex -29.4257 18.3465 17.1
    endloop
  endfacet
  facet normal 0.980761 -0.195211 0
    outer loop
      vertex -29.4257 18.3465 7.5
      vertex -29.4589 18.1797 17.1
      vertex -29.4589 18.1797 7.5
    endloop
  endfacet
  facet normal 0.321692 -0.946844 0
    outer loop
      vertex -28.6675 19.211 7.5
      vertex -28.5065 19.2657 17.1
      vertex -28.6675 19.211 17.1
    endloop
  endfacet
  facet normal 0.321692 -0.946844 0
    outer loop
      vertex -28.5065 19.2657 17.1
      vertex -28.6675 19.211 7.5
      vertex -28.5065 19.2657 7.5
    endloop
  endfacet
  facet normal 0.946844 0.321692 0
    outer loop
      vertex -29.371 17.5125 17.1
      vertex -29.4257 17.6735 7.5
      vertex -29.4257 17.6735 17.1
    endloop
  endfacet
  facet normal 0.946844 0.321692 0
    outer loop
      vertex -29.4257 17.6735 7.5
      vertex -29.371 17.5125 17.1
      vertex -29.371 17.5125 7.5
    endloop
  endfacet
  facet normal -0.0652701 0.997868 0
    outer loop
      vertex -28.0003 16.7211 7.5
      vertex -28.17 16.71 17.1
      vertex -28.0003 16.7211 17.1
    endloop
  endfacet
  facet normal -0.0652701 0.997868 0
    outer loop
      vertex -28.17 16.71 17.1
      vertex -28.0003 16.7211 7.5
      vertex -28.17 16.71 7.5
    endloop
  endfacet
  facet normal 0.751483 -0.659753 0
    outer loop
      vertex -29.2014 18.8014 17.1
      vertex -29.0892 18.9292 7.5
      vertex -29.0892 18.9292 17.1
    endloop
  endfacet
  facet normal 0.751483 -0.659753 0
    outer loop
      vertex -29.0892 18.9292 7.5
      vertex -29.2014 18.8014 17.1
      vertex -29.2014 18.8014 7.5
    endloop
  endfacet
  facet normal 0.831688 -0.555243 0
    outer loop
      vertex -29.2958 18.66 17.1
      vertex -29.2014 18.8014 7.5
      vertex -29.2014 18.8014 17.1
    endloop
  endfacet
  facet normal 0.831688 -0.555243 0
    outer loop
      vertex -29.2014 18.8014 7.5
      vertex -29.2958 18.66 17.1
      vertex -29.2958 18.66 7.5
    endloop
  endfacet
  facet normal 0.946844 -0.321692 0
    outer loop
      vertex -29.4257 18.3465 17.1
      vertex -29.371 18.5075 7.5
      vertex -29.371 18.5075 17.1
    endloop
  endfacet
  facet normal 0.946844 -0.321692 0
    outer loop
      vertex -29.371 18.5075 7.5
      vertex -29.4257 18.3465 17.1
      vertex -29.4257 18.3465 7.5
    endloop
  endfacet
  facet normal -0.321692 -0.946844 0
    outer loop
      vertex -27.8335 19.2657 7.5
      vertex -27.6725 19.211 17.1
      vertex -27.8335 19.2657 17.1
    endloop
  endfacet
  facet normal -0.321692 -0.946844 -0
    outer loop
      vertex -27.6725 19.211 17.1
      vertex -27.8335 19.2657 7.5
      vertex -27.6725 19.211 7.5
    endloop
  endfacet
  facet normal 0.997868 -0.0652701 0
    outer loop
      vertex -29.47 18.01 17.1
      vertex -29.4589 18.1797 7.5
      vertex -29.4589 18.1797 17.1
    endloop
  endfacet
  facet normal 0.997868 -0.0652701 0
    outer loop
      vertex -29.4589 18.1797 7.5
      vertex -29.47 18.01 17.1
      vertex -29.47 18.01 7.5
    endloop
  endfacet
  facet normal 0.831688 0.555243 0
    outer loop
      vertex -29.2014 17.2186 17.1
      vertex -29.2958 17.36 7.5
      vertex -29.2958 17.36 17.1
    endloop
  endfacet
  facet normal 0.831688 0.555243 0
    outer loop
      vertex -29.2958 17.36 7.5
      vertex -29.2014 17.2186 17.1
      vertex -29.2014 17.2186 7.5
    endloop
  endfacet
  facet normal -0.997868 0.0652701 0
    outer loop
      vertex -26.8811 17.8403 7.5
      vertex -26.87 18.01 17.1
      vertex -26.87 18.01 7.5
    endloop
  endfacet
  facet normal -0.997868 0.0652701 0
    outer loop
      vertex -26.87 18.01 17.1
      vertex -26.8811 17.8403 7.5
      vertex -26.8811 17.8403 17.1
    endloop
  endfacet
  facet normal 0.0652701 -0.997868 0
    outer loop
      vertex -28.3397 19.2989 7.5
      vertex -28.17 19.31 17.1
      vertex -28.3397 19.2989 17.1
    endloop
  endfacet
  facet normal 0.0652701 -0.997868 0
    outer loop
      vertex -28.17 19.31 17.1
      vertex -28.3397 19.2989 7.5
      vertex -28.17 19.31 7.5
    endloop
  endfacet
  facet normal -0.555243 0.831688 0
    outer loop
      vertex -27.3786 16.9786 7.5
      vertex -27.52 16.8842 17.1
      vertex -27.3786 16.9786 17.1
    endloop
  endfacet
  facet normal -0.555243 0.831688 0
    outer loop
      vertex -27.52 16.8842 17.1
      vertex -27.3786 16.9786 7.5
      vertex -27.52 16.8842 7.5
    endloop
  endfacet
  facet normal 0.195211 -0.980761 0
    outer loop
      vertex -28.5065 19.2657 7.5
      vertex -28.3397 19.2989 17.1
      vertex -28.5065 19.2657 17.1
    endloop
  endfacet
  facet normal 0.195211 -0.980761 0
    outer loop
      vertex -28.3397 19.2989 17.1
      vertex -28.5065 19.2657 7.5
      vertex -28.3397 19.2989 7.5
    endloop
  endfacet
  facet normal 0.896884 -0.442267 0
    outer loop
      vertex -29.371 18.5075 17.1
      vertex -29.2958 18.66 7.5
      vertex -29.2958 18.66 17.1
    endloop
  endfacet
  facet normal 0.896884 -0.442267 0
    outer loop
      vertex -29.2958 18.66 7.5
      vertex -29.371 18.5075 17.1
      vertex -29.371 18.5075 7.5
    endloop
  endfacet
  facet normal 0.555243 -0.831688 0
    outer loop
      vertex -28.9614 19.0414 7.5
      vertex -28.82 19.1358 17.1
      vertex -28.9614 19.0414 17.1
    endloop
  endfacet
  facet normal 0.555243 -0.831688 0
    outer loop
      vertex -28.82 19.1358 17.1
      vertex -28.9614 19.0414 7.5
      vertex -28.82 19.1358 7.5
    endloop
  endfacet
  facet normal 0.321692 0.946844 -0
    outer loop
      vertex -28.5065 16.7543 7.5
      vertex -28.6675 16.809 17.1
      vertex -28.5065 16.7543 17.1
    endloop
  endfacet
  facet normal 0.321692 0.946844 0
    outer loop
      vertex -28.6675 16.809 17.1
      vertex -28.5065 16.7543 7.5
      vertex -28.6675 16.809 7.5
    endloop
  endfacet
  facet normal -0.0652701 -0.997868 0
    outer loop
      vertex -28.17 19.31 7.5
      vertex -28.0003 19.2989 17.1
      vertex -28.17 19.31 17.1
    endloop
  endfacet
  facet normal -0.0652701 -0.997868 -0
    outer loop
      vertex -28.0003 19.2989 17.1
      vertex -28.17 19.31 7.5
      vertex -28.0003 19.2989 7.5
    endloop
  endfacet
  facet normal -0.195211 -0.980761 0
    outer loop
      vertex -28.0003 19.2989 7.5
      vertex -27.8335 19.2657 17.1
      vertex -28.0003 19.2989 17.1
    endloop
  endfacet
  facet normal -0.195211 -0.980761 -0
    outer loop
      vertex -27.8335 19.2657 17.1
      vertex -28.0003 19.2989 7.5
      vertex -27.8335 19.2657 7.5
    endloop
  endfacet
  facet normal -0.442267 0.896884 0
    outer loop
      vertex -27.52 16.8842 7.5
      vertex -27.6725 16.809 17.1
      vertex -27.52 16.8842 17.1
    endloop
  endfacet
  facet normal -0.442267 0.896884 0
    outer loop
      vertex -27.6725 16.809 17.1
      vertex -27.52 16.8842 7.5
      vertex -27.6725 16.809 7.5
    endloop
  endfacet
  facet normal 0.442267 0.896884 -0
    outer loop
      vertex -28.6675 16.809 7.5
      vertex -28.82 16.8842 17.1
      vertex -28.6675 16.809 17.1
    endloop
  endfacet
  facet normal 0.442267 0.896884 0
    outer loop
      vertex -28.82 16.8842 17.1
      vertex -28.6675 16.809 7.5
      vertex -28.82 16.8842 7.5
    endloop
  endfacet
  facet normal -0.659753 0.751483 0
    outer loop
      vertex -27.2508 17.0908 7.5
      vertex -27.3786 16.9786 17.1
      vertex -27.2508 17.0908 17.1
    endloop
  endfacet
  facet normal -0.659753 0.751483 0
    outer loop
      vertex -27.3786 16.9786 17.1
      vertex -27.2508 17.0908 7.5
      vertex -27.3786 16.9786 7.5
    endloop
  endfacet
  facet normal 0.896884 0.442267 0
    outer loop
      vertex -29.2958 17.36 17.1
      vertex -29.371 17.5125 7.5
      vertex -29.371 17.5125 17.1
    endloop
  endfacet
  facet normal 0.896884 0.442267 0
    outer loop
      vertex -29.371 17.5125 7.5
      vertex -29.2958 17.36 17.1
      vertex -29.2958 17.36 7.5
    endloop
  endfacet
  facet normal 0 0 1
    outer loop
      vertex -27.32 18.01 7.5
      vertex -26.87 18.01 7.5
      vertex -26.8811 18.1797 7.5
    endloop
  endfacet
  facet normal 0 0 1
    outer loop
      vertex -27.3273 18.1209 7.5
      vertex -26.8811 18.1797 7.5
      vertex -26.9143 18.3465 7.5
    endloop
  endfacet
  facet normal 0 0 1
    outer loop
      vertex -26.87 18.01 7.5
      vertex -27.32 18.01 7.5
      vertex -26.8811 17.8403 7.5
    endloop
  endfacet
  facet normal 0 0 1
    outer loop
      vertex -27.349 18.23 7.5
      vertex -26.9143 18.3465 7.5
      vertex -26.969 18.5075 7.5
    endloop
  endfacet
  facet normal -0 0 1
    outer loop
      vertex -27.3273 17.8991 7.5
      vertex -26.8811 17.8403 7.5
      vertex -27.32 18.01 7.5
    endloop
  endfacet
  facet normal 0 0 1
    outer loop
      vertex -27.3847 18.3353 7.5
      vertex -26.969 18.5075 7.5
      vertex -27.0442 18.66 7.5
    endloop
  endfacet
  facet normal 0 0 1
    outer loop
      vertex -26.8811 17.8403 7.5
      vertex -27.3273 17.8991 7.5
      vertex -26.9143 17.6735 7.5
    endloop
  endfacet
  facet normal 0 0 1
    outer loop
      vertex -27.4339 18.435 7.5
      vertex -27.0442 18.66 7.5
      vertex -27.1386 18.8014 7.5
    endloop
  endfacet
  facet normal -0 0 1
    outer loop
      vertex -27.349 17.79 7.5
      vertex -26.9143 17.6735 7.5
      vertex -27.3273 17.8991 7.5
    endloop
  endfacet
  facet normal 0 0 1
    outer loop
      vertex -27.4956 18.5274 7.5
      vertex -27.1386 18.8014 7.5
      vertex -27.2508 18.9292 7.5
    endloop
  endfacet
  facet normal 0 0 1
    outer loop
      vertex -26.9143 17.6735 7.5
      vertex -27.349 17.79 7.5
      vertex -26.969 17.5125 7.5
    endloop
  endfacet
  facet normal -0 0 1
    outer loop
      vertex -27.3847 17.6847 7.5
      vertex -26.969 17.5125 7.5
      vertex -27.349 17.79 7.5
    endloop
  endfacet
  facet normal 0 0 1
    outer loop
      vertex -26.8811 18.1797 7.5
      vertex -27.3273 18.1209 7.5
      vertex -27.32 18.01 7.5
    endloop
  endfacet
  facet normal 0 0 1
    outer loop
      vertex -26.9143 18.3465 7.5
      vertex -27.349 18.23 7.5
      vertex -27.3273 18.1209 7.5
    endloop
  endfacet
  facet normal 0 0 1
    outer loop
      vertex -27.569 18.611 7.5
      vertex -27.2508 18.9292 7.5
      vertex -27.3786 19.0414 7.5
    endloop
  endfacet
  facet normal 0 0 1
    outer loop
      vertex -26.969 18.5075 7.5
      vertex -27.3847 18.3353 7.5
      vertex -27.349 18.23 7.5
    endloop
  endfacet
  facet normal 0 0 1
    outer loop
      vertex -27.0442 18.66 7.5
      vertex -27.4339 18.435 7.5
      vertex -27.3847 18.3353 7.5
    endloop
  endfacet
  facet normal 0 0 1
    outer loop
      vertex -27.1386 18.8014 7.5
      vertex -27.4956 18.5274 7.5
      vertex -27.4339 18.435 7.5
    endloop
  endfacet
  facet normal 0 0 1
    outer loop
      vertex -27.6526 18.6843 7.5
      vertex -27.3786 19.0414 7.5
      vertex -27.52 19.1358 7.5
    endloop
  endfacet
  facet normal 0 0 1
    outer loop
      vertex -27.2508 18.9292 7.5
      vertex -27.569 18.611 7.5
      vertex -27.4956 18.5274 7.5
    endloop
  endfacet
  facet normal 0 0 1
    outer loop
      vertex -27.3786 19.0414 7.5
      vertex -27.6526 18.6843 7.5
      vertex -27.569 18.611 7.5
    endloop
  endfacet
  facet normal 0 0 1
    outer loop
      vertex -27.745 18.7461 7.5
      vertex -27.52 19.1358 7.5
      vertex -27.6725 19.211 7.5
    endloop
  endfacet
  facet normal 0 0 1
    outer loop
      vertex -27.52 19.1358 7.5
      vertex -27.745 18.7461 7.5
      vertex -27.6526 18.6843 7.5
    endloop
  endfacet
  facet normal 0 0 1
    outer loop
      vertex -27.8447 18.7953 7.5
      vertex -27.6725 19.211 7.5
      vertex -27.8335 19.2657 7.5
    endloop
  endfacet
  facet normal 0 0 1
    outer loop
      vertex -27.6725 19.211 7.5
      vertex -27.8447 18.7953 7.5
      vertex -27.745 18.7461 7.5
    endloop
  endfacet
  facet normal 0 0 1
    outer loop
      vertex -27.8335 19.2657 7.5
      vertex -27.95 18.831 7.5
      vertex -27.8447 18.7953 7.5
    endloop
  endfacet
  facet normal 0 0 1
    outer loop
      vertex -28.0003 19.2989 7.5
      vertex -27.95 18.831 7.5
      vertex -27.8335 19.2657 7.5
    endloop
  endfacet
  facet normal 0 0 1
    outer loop
      vertex -28.0003 19.2989 7.5
      vertex -28.0591 18.8527 7.5
      vertex -27.95 18.831 7.5
    endloop
  endfacet
  facet normal 0 0 1
    outer loop
      vertex -28.17 19.31 7.5
      vertex -28.0591 18.8527 7.5
      vertex -28.0003 19.2989 7.5
    endloop
  endfacet
  facet normal 0 0 1
    outer loop
      vertex -28.17 19.31 7.5
      vertex -28.17 18.86 7.5
      vertex -28.0591 18.8527 7.5
    endloop
  endfacet
  facet normal 0 0 1
    outer loop
      vertex -28.17 19.31 7.5
      vertex -28.2809 18.8527 7.5
      vertex -28.17 18.86 7.5
    endloop
  endfacet
  facet normal -0 0 1
    outer loop
      vertex -28.3397 19.2989 7.5
      vertex -28.2809 18.8527 7.5
      vertex -28.17 19.31 7.5
    endloop
  endfacet
  facet normal 0 0 1
    outer loop
      vertex -28.3397 19.2989 7.5
      vertex -28.39 18.831 7.5
      vertex -28.2809 18.8527 7.5
    endloop
  endfacet
  facet normal -0 0 1
    outer loop
      vertex -28.5065 19.2657 7.5
      vertex -28.39 18.831 7.5
      vertex -28.3397 19.2989 7.5
    endloop
  endfacet
  facet normal 0 0 1
    outer loop
      vertex -28.39 18.831 7.5
      vertex -28.5065 19.2657 7.5
      vertex -28.4953 18.7953 7.5
    endloop
  endfacet
  facet normal -0 0 1
    outer loop
      vertex -28.6675 19.211 7.5
      vertex -28.4953 18.7953 7.5
      vertex -28.5065 19.2657 7.5
    endloop
  endfacet
  facet normal 0 0 1
    outer loop
      vertex -28.4953 18.7953 7.5
      vertex -28.6675 19.211 7.5
      vertex -28.595 18.7461 7.5
    endloop
  endfacet
  facet normal -0 0 1
    outer loop
      vertex -28.82 19.1358 7.5
      vertex -28.595 18.7461 7.5
      vertex -28.6675 19.211 7.5
    endloop
  endfacet
  facet normal 0 0 1
    outer loop
      vertex -28.595 18.7461 7.5
      vertex -28.82 19.1358 7.5
      vertex -28.6874 18.6843 7.5
    endloop
  endfacet
  facet normal -0 0 1
    outer loop
      vertex -28.9614 19.0414 7.5
      vertex -28.6874 18.6843 7.5
      vertex -28.82 19.1358 7.5
    endloop
  endfacet
  facet normal 0 0 1
    outer loop
      vertex -28.6874 18.6843 7.5
      vertex -28.9614 19.0414 7.5
      vertex -28.771 18.611 7.5
    endloop
  endfacet
  facet normal -0 0 1
    outer loop
      vertex -29.0892 18.9292 7.5
      vertex -28.771 18.611 7.5
      vertex -28.9614 19.0414 7.5
    endloop
  endfacet
  facet normal 0 0 1
    outer loop
      vertex -28.771 18.611 7.5
      vertex -29.0892 18.9292 7.5
      vertex -28.8443 18.5274 7.5
    endloop
  endfacet
  facet normal -0 0 1
    outer loop
      vertex -29.2014 18.8014 7.5
      vertex -28.8443 18.5274 7.5
      vertex -29.0892 18.9292 7.5
    endloop
  endfacet
  facet normal 0 0 1
    outer loop
      vertex -28.8443 18.5274 7.5
      vertex -29.2014 18.8014 7.5
      vertex -28.9061 18.435 7.5
    endloop
  endfacet
  facet normal -0 0 1
    outer loop
      vertex -29.2958 18.66 7.5
      vertex -28.9061 18.435 7.5
      vertex -29.2014 18.8014 7.5
    endloop
  endfacet
  facet normal 0 0 1
    outer loop
      vertex -28.9061 18.435 7.5
      vertex -29.2958 18.66 7.5
      vertex -28.9553 18.3353 7.5
    endloop
  endfacet
  facet normal -0 0 1
    outer loop
      vertex -29.371 18.5075 7.5
      vertex -28.9553 18.3353 7.5
      vertex -29.2958 18.66 7.5
    endloop
  endfacet
  facet normal 0 0 1
    outer loop
      vertex -26.969 17.5125 7.5
      vertex -27.3847 17.6847 7.5
      vertex -27.0442 17.36 7.5
    endloop
  endfacet
  facet normal -0 0 1
    outer loop
      vertex -27.4339 17.585 7.5
      vertex -27.0442 17.36 7.5
      vertex -27.3847 17.6847 7.5
    endloop
  endfacet
  facet normal 0 0 1
    outer loop
      vertex -27.0442 17.36 7.5
      vertex -27.4339 17.585 7.5
      vertex -27.1386 17.2186 7.5
    endloop
  endfacet
  facet normal -0 0 1
    outer loop
      vertex -27.4956 17.4926 7.5
      vertex -27.1386 17.2186 7.5
      vertex -27.4339 17.585 7.5
    endloop
  endfacet
  facet normal 0 0 1
    outer loop
      vertex -27.1386 17.2186 7.5
      vertex -27.4956 17.4926 7.5
      vertex -27.2508 17.0908 7.5
    endloop
  endfacet
  facet normal -0 0 1
    outer loop
      vertex -27.569 17.409 7.5
      vertex -27.2508 17.0908 7.5
      vertex -27.4956 17.4926 7.5
    endloop
  endfacet
  facet normal 0 0 1
    outer loop
      vertex -27.2508 17.0908 7.5
      vertex -27.569 17.409 7.5
      vertex -27.3786 16.9786 7.5
    endloop
  endfacet
  facet normal -0 0 1
    outer loop
      vertex -27.6526 17.3356 7.5
      vertex -27.3786 16.9786 7.5
      vertex -27.569 17.409 7.5
    endloop
  endfacet
  facet normal 0 0 1
    outer loop
      vertex -27.3786 16.9786 7.5
      vertex -27.6526 17.3356 7.5
      vertex -27.52 16.8842 7.5
    endloop
  endfacet
  facet normal -0 0 1
    outer loop
      vertex -27.745 17.2739 7.5
      vertex -27.52 16.8842 7.5
      vertex -27.6526 17.3356 7.5
    endloop
  endfacet
  facet normal 0 0 1
    outer loop
      vertex -27.52 16.8842 7.5
      vertex -27.745 17.2739 7.5
      vertex -27.6725 16.809 7.5
    endloop
  endfacet
  facet normal -0 0 1
    outer loop
      vertex -27.8447 17.2247 7.5
      vertex -27.6725 16.809 7.5
      vertex -27.745 17.2739 7.5
    endloop
  endfacet
  facet normal 0 0 1
    outer loop
      vertex -27.6725 16.809 7.5
      vertex -27.8447 17.2247 7.5
      vertex -27.8335 16.7543 7.5
    endloop
  endfacet
  facet normal -0 0 1
    outer loop
      vertex -27.95 17.189 7.5
      vertex -27.8335 16.7543 7.5
      vertex -27.8447 17.2247 7.5
    endloop
  endfacet
  facet normal 0 0 1
    outer loop
      vertex -27.95 17.189 7.5
      vertex -28.0003 16.7211 7.5
      vertex -27.8335 16.7543 7.5
    endloop
  endfacet
  facet normal -0 0 1
    outer loop
      vertex -28.0591 17.1673 7.5
      vertex -28.0003 16.7211 7.5
      vertex -27.95 17.189 7.5
    endloop
  endfacet
  facet normal -0 0 1
    outer loop
      vertex -28.17 17.16 7.5
      vertex -28.0003 16.7211 7.5
      vertex -28.0591 17.1673 7.5
    endloop
  endfacet
  facet normal 0 0 1
    outer loop
      vertex -28.17 17.16 7.5
      vertex -28.17 16.71 7.5
      vertex -28.0003 16.7211 7.5
    endloop
  endfacet
  facet normal 0 0 1
    outer loop
      vertex -28.2809 17.1673 7.5
      vertex -28.17 16.71 7.5
      vertex -28.17 17.16 7.5
    endloop
  endfacet
  facet normal 0 0 1
    outer loop
      vertex -28.2809 17.1673 7.5
      vertex -28.3397 16.7211 7.5
      vertex -28.17 16.71 7.5
    endloop
  endfacet
  facet normal 0 0 1
    outer loop
      vertex -28.39 17.189 7.5
      vertex -28.3397 16.7211 7.5
      vertex -28.2809 17.1673 7.5
    endloop
  endfacet
  facet normal 0 0 1
    outer loop
      vertex -28.5065 16.7543 7.5
      vertex -28.39 17.189 7.5
      vertex -28.4953 17.2247 7.5
    endloop
  endfacet
  facet normal 0 0 1
    outer loop
      vertex -28.39 17.189 7.5
      vertex -28.5065 16.7543 7.5
      vertex -28.3397 16.7211 7.5
    endloop
  endfacet
  facet normal 0 0 1
    outer loop
      vertex -28.6675 16.809 7.5
      vertex -28.4953 17.2247 7.5
      vertex -28.595 17.2739 7.5
    endloop
  endfacet
  facet normal 0 0 1
    outer loop
      vertex -28.4953 17.2247 7.5
      vertex -28.6675 16.809 7.5
      vertex -28.5065 16.7543 7.5
    endloop
  endfacet
  facet normal 0 0 1
    outer loop
      vertex -28.82 16.8842 7.5
      vertex -28.595 17.2739 7.5
      vertex -28.6874 17.3356 7.5
    endloop
  endfacet
  facet normal 0 0 1
    outer loop
      vertex -28.9614 16.9786 7.5
      vertex -28.6874 17.3356 7.5
      vertex -28.771 17.409 7.5
    endloop
  endfacet
  facet normal 0 0 1
    outer loop
      vertex -28.595 17.2739 7.5
      vertex -28.82 16.8842 7.5
      vertex -28.6675 16.809 7.5
    endloop
  endfacet
  facet normal 0 0 1
    outer loop
      vertex -29.0892 17.0908 7.5
      vertex -28.771 17.409 7.5
      vertex -28.8443 17.4926 7.5
    endloop
  endfacet
  facet normal 0 0 1
    outer loop
      vertex -29.2014 17.2186 7.5
      vertex -28.8443 17.4926 7.5
      vertex -28.9061 17.585 7.5
    endloop
  endfacet
  facet normal 0 0 1
    outer loop
      vertex -29.2958 17.36 7.5
      vertex -28.9061 17.585 7.5
      vertex -28.9553 17.6847 7.5
    endloop
  endfacet
  facet normal 0 0 1
    outer loop
      vertex -28.6874 17.3356 7.5
      vertex -28.9614 16.9786 7.5
      vertex -28.82 16.8842 7.5
    endloop
  endfacet
  facet normal 0 0 1
    outer loop
      vertex -29.371 17.5125 7.5
      vertex -28.9553 17.6847 7.5
      vertex -28.991 17.79 7.5
    endloop
  endfacet
  facet normal 0 0 1
    outer loop
      vertex -29.4257 17.6735 7.5
      vertex -28.991 17.79 7.5
      vertex -29.0127 17.8991 7.5
    endloop
  endfacet
  facet normal 0 0 1
    outer loop
      vertex -29.4589 17.8403 7.5
      vertex -29.0127 17.8991 7.5
      vertex -29.02 18.01 7.5
    endloop
  endfacet
  facet normal 0 0 1
    outer loop
      vertex -28.9553 18.3353 7.5
      vertex -29.371 18.5075 7.5
      vertex -28.991 18.23 7.5
    endloop
  endfacet
  facet normal 0 0 1
    outer loop
      vertex -28.771 17.409 7.5
      vertex -29.0892 17.0908 7.5
      vertex -28.9614 16.9786 7.5
    endloop
  endfacet
  facet normal -0 0 1
    outer loop
      vertex -29.4257 18.3465 7.5
      vertex -28.991 18.23 7.5
      vertex -29.371 18.5075 7.5
    endloop
  endfacet
  facet normal 0 0 1
    outer loop
      vertex -28.8443 17.4926 7.5
      vertex -29.2014 17.2186 7.5
      vertex -29.0892 17.0908 7.5
    endloop
  endfacet
  facet normal 0 0 1
    outer loop
      vertex -28.991 18.23 7.5
      vertex -29.4257 18.3465 7.5
      vertex -29.0127 18.1209 7.5
    endloop
  endfacet
  facet normal 0 0 1
    outer loop
      vertex -28.9061 17.585 7.5
      vertex -29.2958 17.36 7.5
      vertex -29.2014 17.2186 7.5
    endloop
  endfacet
  facet normal -0 0 1
    outer loop
      vertex -29.4589 18.1797 7.5
      vertex -29.0127 18.1209 7.5
      vertex -29.4257 18.3465 7.5
    endloop
  endfacet
  facet normal 0 0 1
    outer loop
      vertex -28.9553 17.6847 7.5
      vertex -29.371 17.5125 7.5
      vertex -29.2958 17.36 7.5
    endloop
  endfacet
  facet normal 0 0 1
    outer loop
      vertex -29.0127 18.1209 7.5
      vertex -29.4589 18.1797 7.5
      vertex -29.02 18.01 7.5
    endloop
  endfacet
  facet normal 0 0 1
    outer loop
      vertex -28.991 17.79 7.5
      vertex -29.4257 17.6735 7.5
      vertex -29.371 17.5125 7.5
    endloop
  endfacet
  facet normal 0 0 1
    outer loop
      vertex -29.47 18.01 7.5
      vertex -29.02 18.01 7.5
      vertex -29.4589 18.1797 7.5
    endloop
  endfacet
  facet normal 0 0 1
    outer loop
      vertex -29.0127 17.8991 7.5
      vertex -29.4589 17.8403 7.5
      vertex -29.4257 17.6735 7.5
    endloop
  endfacet
  facet normal 0 0 1
    outer loop
      vertex -29.02 18.01 7.5
      vertex -29.47 18.01 7.5
      vertex -29.4589 17.8403 7.5
    endloop
  endfacet
  facet normal 0.555243 0.831688 -0
    outer loop
      vertex -28.82 16.8842 7.5
      vertex -28.9614 16.9786 17.1
      vertex -28.82 16.8842 17.1
    endloop
  endfacet
  facet normal 0.555243 0.831688 0
    outer loop
      vertex -28.9614 16.9786 17.1
      vertex -28.82 16.8842 7.5
      vertex -28.9614 16.9786 7.5
    endloop
  endfacet
  facet normal 0 0 -1
    outer loop
      vertex -26.8811 17.8403 17.1
      vertex -26.8811 18.1797 17.1
      vertex -26.87 18.01 17.1
    endloop
  endfacet
  facet normal 0 0 -1
    outer loop
      vertex -26.9143 17.6735 17.1
      vertex -26.8811 18.1797 17.1
      vertex -26.8811 17.8403 17.1
    endloop
  endfacet
  facet normal 0 0 -1
    outer loop
      vertex -26.9143 17.6735 17.1
      vertex -26.9143 18.3465 17.1
      vertex -26.8811 18.1797 17.1
    endloop
  endfacet
  facet normal 0 0 -1
    outer loop
      vertex -26.969 17.5125 17.1
      vertex -26.9143 18.3465 17.1
      vertex -26.9143 17.6735 17.1
    endloop
  endfacet
  facet normal 0 0 -1
    outer loop
      vertex -26.969 17.5125 17.1
      vertex -26.969 18.5075 17.1
      vertex -26.9143 18.3465 17.1
    endloop
  endfacet
  facet normal 0 0 -1
    outer loop
      vertex -27.0442 17.36 17.1
      vertex -26.969 18.5075 17.1
      vertex -26.969 17.5125 17.1
    endloop
  endfacet
  facet normal 0 0 -1
    outer loop
      vertex -27.0442 17.36 17.1
      vertex -27.0442 18.66 17.1
      vertex -26.969 18.5075 17.1
    endloop
  endfacet
  facet normal 0 0 -1
    outer loop
      vertex -27.1386 17.2186 17.1
      vertex -27.0442 18.66 17.1
      vertex -27.0442 17.36 17.1
    endloop
  endfacet
  facet normal 0 0 -1
    outer loop
      vertex -27.1386 17.2186 17.1
      vertex -27.1386 18.8014 17.1
      vertex -27.0442 18.66 17.1
    endloop
  endfacet
  facet normal 0 0 -1
    outer loop
      vertex -27.2508 17.0908 17.1
      vertex -27.1386 18.8014 17.1
      vertex -27.1386 17.2186 17.1
    endloop
  endfacet
  facet normal 0 0 -1
    outer loop
      vertex -27.2508 17.0908 17.1
      vertex -27.2508 18.9292 17.1
      vertex -27.1386 18.8014 17.1
    endloop
  endfacet
  facet normal 0 0 -1
    outer loop
      vertex -27.3786 16.9786 17.1
      vertex -27.2508 18.9292 17.1
      vertex -27.2508 17.0908 17.1
    endloop
  endfacet
  facet normal 0 0 -1
    outer loop
      vertex -27.3786 16.9786 17.1
      vertex -27.3786 19.0414 17.1
      vertex -27.2508 18.9292 17.1
    endloop
  endfacet
  facet normal 0 0 -1
    outer loop
      vertex -27.52 16.8842 17.1
      vertex -27.3786 19.0414 17.1
      vertex -27.3786 16.9786 17.1
    endloop
  endfacet
  facet normal 0 0 -1
    outer loop
      vertex -27.52 16.8842 17.1
      vertex -27.52 19.1358 17.1
      vertex -27.3786 19.0414 17.1
    endloop
  endfacet
  facet normal 0 0 -1
    outer loop
      vertex -27.6725 16.809 17.1
      vertex -27.52 19.1358 17.1
      vertex -27.52 16.8842 17.1
    endloop
  endfacet
  facet normal 0 0 -1
    outer loop
      vertex -27.6725 16.809 17.1
      vertex -27.6725 19.211 17.1
      vertex -27.52 19.1358 17.1
    endloop
  endfacet
  facet normal 0 0 -1
    outer loop
      vertex -27.8335 16.7543 17.1
      vertex -27.6725 19.211 17.1
      vertex -27.6725 16.809 17.1
    endloop
  endfacet
  facet normal 0 0 -1
    outer loop
      vertex -27.8335 16.7543 17.1
      vertex -27.8335 19.2657 17.1
      vertex -27.6725 19.211 17.1
    endloop
  endfacet
  facet normal 0 0 -1
    outer loop
      vertex -28.0003 16.7211 17.1
      vertex -27.8335 19.2657 17.1
      vertex -27.8335 16.7543 17.1
    endloop
  endfacet
  facet normal 0 0 -1
    outer loop
      vertex -28.0003 16.7211 17.1
      vertex -28.0003 19.2989 17.1
      vertex -27.8335 19.2657 17.1
    endloop
  endfacet
  facet normal 0 0 -1
    outer loop
      vertex -28.17 16.71 17.1
      vertex -28.0003 19.2989 17.1
      vertex -28.0003 16.7211 17.1
    endloop
  endfacet
  facet normal 0 0 -1
    outer loop
      vertex -28.17 16.71 17.1
      vertex -28.17 19.31 17.1
      vertex -28.0003 19.2989 17.1
    endloop
  endfacet
  facet normal 0 0 -1
    outer loop
      vertex -28.3397 16.7211 17.1
      vertex -28.17 19.31 17.1
      vertex -28.17 16.71 17.1
    endloop
  endfacet
  facet normal 0 0 -1
    outer loop
      vertex -28.3397 16.7211 17.1
      vertex -28.3397 19.2989 17.1
      vertex -28.17 19.31 17.1
    endloop
  endfacet
  facet normal 0 0 -1
    outer loop
      vertex -28.5065 16.7543 17.1
      vertex -28.3397 19.2989 17.1
      vertex -28.3397 16.7211 17.1
    endloop
  endfacet
  facet normal 0 0 -1
    outer loop
      vertex -28.5065 16.7543 17.1
      vertex -28.5065 19.2657 17.1
      vertex -28.3397 19.2989 17.1
    endloop
  endfacet
  facet normal 0 0 -1
    outer loop
      vertex -28.6675 16.809 17.1
      vertex -28.5065 19.2657 17.1
      vertex -28.5065 16.7543 17.1
    endloop
  endfacet
  facet normal 0 0 -1
    outer loop
      vertex -28.6675 16.809 17.1
      vertex -28.6675 19.211 17.1
      vertex -28.5065 19.2657 17.1
    endloop
  endfacet
  facet normal 0 0 -1
    outer loop
      vertex -28.82 16.8842 17.1
      vertex -28.6675 19.211 17.1
      vertex -28.6675 16.809 17.1
    endloop
  endfacet
  facet normal 0 0 -1
    outer loop
      vertex -28.82 16.8842 17.1
      vertex -28.82 19.1358 17.1
      vertex -28.6675 19.211 17.1
    endloop
  endfacet
  facet normal 0 0 -1
    outer loop
      vertex -28.9614 16.9786 17.1
      vertex -28.82 19.1358 17.1
      vertex -28.82 16.8842 17.1
    endloop
  endfacet
  facet normal 0 0 -1
    outer loop
      vertex -28.9614 16.9786 17.1
      vertex -28.9614 19.0414 17.1
      vertex -28.82 19.1358 17.1
    endloop
  endfacet
  facet normal 0 0 -1
    outer loop
      vertex -29.0892 17.0908 17.1
      vertex -28.9614 19.0414 17.1
      vertex -28.9614 16.9786 17.1
    endloop
  endfacet
  facet normal 0 0 -1
    outer loop
      vertex -29.0892 17.0908 17.1
      vertex -29.0892 18.9292 17.1
      vertex -28.9614 19.0414 17.1
    endloop
  endfacet
  facet normal 0 0 -1
    outer loop
      vertex -29.2014 17.2186 17.1
      vertex -29.0892 18.9292 17.1
      vertex -29.0892 17.0908 17.1
    endloop
  endfacet
  facet normal 0 0 -1
    outer loop
      vertex -29.2014 17.2186 17.1
      vertex -29.2014 18.8014 17.1
      vertex -29.0892 18.9292 17.1
    endloop
  endfacet
  facet normal 0 0 -1
    outer loop
      vertex -29.2958 17.36 17.1
      vertex -29.2014 18.8014 17.1
      vertex -29.2014 17.2186 17.1
    endloop
  endfacet
  facet normal 0 0 -1
    outer loop
      vertex -29.2958 17.36 17.1
      vertex -29.2958 18.66 17.1
      vertex -29.2014 18.8014 17.1
    endloop
  endfacet
  facet normal 0 0 -1
    outer loop
      vertex -29.371 17.5125 17.1
      vertex -29.2958 18.66 17.1
      vertex -29.2958 17.36 17.1
    endloop
  endfacet
  facet normal 0 0 -1
    outer loop
      vertex -29.371 17.5125 17.1
      vertex -29.371 18.5075 17.1
      vertex -29.2958 18.66 17.1
    endloop
  endfacet
  facet normal 0 0 -1
    outer loop
      vertex -29.4257 17.6735 17.1
      vertex -29.371 18.5075 17.1
      vertex -29.371 17.5125 17.1
    endloop
  endfacet
  facet normal 0 0 -1
    outer loop
      vertex -29.4257 17.6735 17.1
      vertex -29.4257 18.3465 17.1
      vertex -29.371 18.5075 17.1
    endloop
  endfacet
  facet normal 0 0 -1
    outer loop
      vertex -29.4589 17.8403 17.1
      vertex -29.4257 18.3465 17.1
      vertex -29.4257 17.6735 17.1
    endloop
  endfacet
  facet normal 0 0 -1
    outer loop
      vertex -29.4589 17.8403 17.1
      vertex -29.4589 18.1797 17.1
      vertex -29.4257 18.3465 17.1
    endloop
  endfacet
  facet normal 0 -0 -1
    outer loop
      vertex -29.4589 18.1797 17.1
      vertex -29.4589 17.8403 17.1
      vertex -29.47 18.01 17.1
    endloop
  endfacet
  facet normal -0.896754 0.44253 0
    outer loop
      vertex 28.9061 -18.435 1.6
      vertex 28.9553 -18.3353 7.5
      vertex 28.9553 -18.3353 1.6
    endloop
  endfacet
  facet normal -0.896754 0.44253 0
    outer loop
      vertex 28.9553 -18.3353 7.5
      vertex 28.9061 -18.435 1.6
      vertex 28.9061 -18.435 7.5
    endloop
  endfacet
  facet normal -0.195079 0.980788 0
    outer loop
      vertex 28.39 -18.831 1.6
      vertex 28.2809 -18.8527 7.5
      vertex 28.39 -18.831 7.5
    endloop
  endfacet
  facet normal -0.195079 0.980788 0
    outer loop
      vertex 28.2809 -18.8527 7.5
      vertex 28.39 -18.831 1.6
      vertex 28.2809 -18.8527 1.6
    endloop
  endfacet
  facet normal -0.896754 -0.44253 0
    outer loop
      vertex 28.9553 -17.6847 1.6
      vertex 28.9061 -17.585 7.5
      vertex 28.9061 -17.585 1.6
    endloop
  endfacet
  facet normal -0.896754 -0.44253 0
    outer loop
      vertex 28.9061 -17.585 7.5
      vertex 28.9553 -17.6847 1.6
      vertex 28.9553 -17.6847 7.5
    endloop
  endfacet
  facet normal 0.980788 -0.195079 0
    outer loop
      vertex 27.3273 -17.8991 7.5
      vertex 27.349 -17.79 1.6
      vertex 27.349 -17.79 7.5
    endloop
  endfacet
  facet normal 0.980788 -0.195079 0
    outer loop
      vertex 27.349 -17.79 1.6
      vertex 27.3273 -17.8991 7.5
      vertex 27.3273 -17.8991 1.6
    endloop
  endfacet
  facet normal 0.659268 0.751908 -0
    outer loop
      vertex 27.6526 -18.6843 1.6
      vertex 27.569 -18.611 7.5
      vertex 27.6526 -18.6843 7.5
    endloop
  endfacet
  facet normal 0.659268 0.751908 0
    outer loop
      vertex 27.569 -18.611 7.5
      vertex 27.6526 -18.6843 1.6
      vertex 27.569 -18.611 1.6
    endloop
  endfacet
  facet normal -0.751908 -0.659268 0
    outer loop
      vertex 28.8443 -17.4926 1.6
      vertex 28.771 -17.409 7.5
      vertex 28.771 -17.409 1.6
    endloop
  endfacet
  facet normal -0.751908 -0.659268 0
    outer loop
      vertex 28.771 -17.409 7.5
      vertex 28.8443 -17.4926 1.6
      vertex 28.8443 -17.4926 7.5
    endloop
  endfacet
  facet normal -0.751908 0.659268 0
    outer loop
      vertex 28.771 -18.611 1.6
      vertex 28.8443 -18.5274 7.5
      vertex 28.8443 -18.5274 1.6
    endloop
  endfacet
  facet normal -0.751908 0.659268 0
    outer loop
      vertex 28.8443 -18.5274 7.5
      vertex 28.771 -18.611 1.6
      vertex 28.771 -18.611 7.5
    endloop
  endfacet
  facet normal 0.195079 -0.980788 0
    outer loop
      vertex 27.95 -17.189 1.6
      vertex 28.0591 -17.1673 7.5
      vertex 27.95 -17.189 7.5
    endloop
  endfacet
  facet normal 0.195079 -0.980788 0
    outer loop
      vertex 28.0591 -17.1673 7.5
      vertex 27.95 -17.189 1.6
      vertex 28.0591 -17.1673 1.6
    endloop
  endfacet
  facet normal 0.997841 -0.0656829 0
    outer loop
      vertex 27.32 -18.01 7.5
      vertex 27.3273 -17.8991 1.6
      vertex 27.3273 -17.8991 7.5
    endloop
  endfacet
  facet normal 0.997841 -0.0656829 0
    outer loop
      vertex 27.3273 -17.8991 1.6
      vertex 27.32 -18.01 7.5
      vertex 27.32 -18.01 1.6
    endloop
  endfacet
  facet normal 0.751462 -0.659776 0
    outer loop
      vertex 27.4956 -17.4926 7.5
      vertex 27.569 -17.409 1.6
      vertex 27.569 -17.409 7.5
    endloop
  endfacet
  facet normal 0.751462 -0.659776 0
    outer loop
      vertex 27.569 -17.409 1.6
      vertex 27.4956 -17.4926 7.5
      vertex 27.4956 -17.4926 1.6
    endloop
  endfacet
  facet normal 0.555323 -0.831635 0
    outer loop
      vertex 27.6526 -17.3356 1.6
      vertex 27.745 -17.2739 7.5
      vertex 27.6526 -17.3356 7.5
    endloop
  endfacet
  facet normal 0.555323 -0.831635 0
    outer loop
      vertex 27.745 -17.2739 7.5
      vertex 27.6526 -17.3356 1.6
      vertex 27.745 -17.2739 1.6
    endloop
  endfacet
  facet normal 0.831635 -0.555323 0
    outer loop
      vertex 27.4339 -17.585 7.5
      vertex 27.4956 -17.4926 1.6
      vertex 27.4956 -17.4926 7.5
    endloop
  endfacet
  facet normal 0.831635 -0.555323 0
    outer loop
      vertex 27.4956 -17.4926 1.6
      vertex 27.4339 -17.585 7.5
      vertex 27.4339 -17.585 1.6
    endloop
  endfacet
  facet normal -0.997841 0.0656829 0
    outer loop
      vertex 29.0127 -18.1209 1.6
      vertex 29.02 -18.01 7.5
      vertex 29.02 -18.01 1.6
    endloop
  endfacet
  facet normal -0.997841 0.0656829 0
    outer loop
      vertex 29.02 -18.01 7.5
      vertex 29.0127 -18.1209 1.6
      vertex 29.0127 -18.1209 7.5
    endloop
  endfacet
  facet normal -0.980788 -0.195079 0
    outer loop
      vertex 29.0127 -17.8991 1.6
      vertex 28.991 -17.79 7.5
      vertex 28.991 -17.79 1.6
    endloop
  endfacet
  facet normal -0.980788 -0.195079 0
    outer loop
      vertex 28.991 -17.79 7.5
      vertex 29.0127 -17.8991 1.6
      vertex 29.0127 -17.8991 7.5
    endloop
  endfacet
  facet normal -0.0656829 -0.997841 0
    outer loop
      vertex 28.17 -17.16 1.6
      vertex 28.2809 -17.1673 7.5
      vertex 28.17 -17.16 7.5
    endloop
  endfacet
  facet normal -0.0656829 -0.997841 -0
    outer loop
      vertex 28.2809 -17.1673 7.5
      vertex 28.17 -17.16 1.6
      vertex 28.2809 -17.1673 1.6
    endloop
  endfacet
  facet normal 0.831635 0.555323 0
    outer loop
      vertex 27.4956 -18.5274 7.5
      vertex 27.4339 -18.435 1.6
      vertex 27.4339 -18.435 7.5
    endloop
  endfacet
  facet normal 0.831635 0.555323 0
    outer loop
      vertex 27.4339 -18.435 1.6
      vertex 27.4956 -18.5274 7.5
      vertex 27.4956 -18.5274 1.6
    endloop
  endfacet
  facet normal -0.44253 0.896754 0
    outer loop
      vertex 28.595 -18.7461 1.6
      vertex 28.4953 -18.7953 7.5
      vertex 28.595 -18.7461 7.5
    endloop
  endfacet
  facet normal -0.44253 0.896754 0
    outer loop
      vertex 28.4953 -18.7953 7.5
      vertex 28.595 -18.7461 1.6
      vertex 28.4953 -18.7953 1.6
    endloop
  endfacet
  facet normal -0.997841 -0.0656829 0
    outer loop
      vertex 29.02 -18.01 1.6
      vertex 29.0127 -17.8991 7.5
      vertex 29.0127 -17.8991 1.6
    endloop
  endfacet
  facet normal -0.997841 -0.0656829 0
    outer loop
      vertex 29.0127 -17.8991 7.5
      vertex 29.02 -18.01 1.6
      vertex 29.02 -18.01 7.5
    endloop
  endfacet
  facet normal -0.659268 0.751908 0
    outer loop
      vertex 28.771 -18.611 1.6
      vertex 28.6874 -18.6843 7.5
      vertex 28.771 -18.611 7.5
    endloop
  endfacet
  facet normal -0.659268 0.751908 0
    outer loop
      vertex 28.6874 -18.6843 7.5
      vertex 28.771 -18.611 1.6
      vertex 28.6874 -18.6843 1.6
    endloop
  endfacet
  facet normal 0.44253 0.896754 -0
    outer loop
      vertex 27.8447 -18.7953 1.6
      vertex 27.745 -18.7461 7.5
      vertex 27.8447 -18.7953 7.5
    endloop
  endfacet
  facet normal 0.44253 0.896754 0
    outer loop
      vertex 27.745 -18.7461 7.5
      vertex 27.8447 -18.7953 1.6
      vertex 27.745 -18.7461 1.6
    endloop
  endfacet
  facet normal -0.555323 -0.831635 0
    outer loop
      vertex 28.595 -17.2739 1.6
      vertex 28.6874 -17.3356 7.5
      vertex 28.595 -17.2739 7.5
    endloop
  endfacet
  facet normal -0.555323 -0.831635 -0
    outer loop
      vertex 28.6874 -17.3356 7.5
      vertex 28.595 -17.2739 1.6
      vertex 28.6874 -17.3356 1.6
    endloop
  endfacet
  facet normal -0.555945 0.831219 0
    outer loop
      vertex 28.6874 -18.6843 1.6
      vertex 28.595 -18.7461 7.5
      vertex 28.6874 -18.6843 7.5
    endloop
  endfacet
  facet normal -0.555945 0.831219 0
    outer loop
      vertex 28.595 -18.7461 7.5
      vertex 28.6874 -18.6843 1.6
      vertex 28.595 -18.7461 1.6
    endloop
  endfacet
  facet normal -0.947052 0.32108 0
    outer loop
      vertex 28.9553 -18.3353 1.6
      vertex 28.991 -18.23 7.5
      vertex 28.991 -18.23 1.6
    endloop
  endfacet
  facet normal -0.947052 0.32108 0
    outer loop
      vertex 28.991 -18.23 7.5
      vertex 28.9553 -18.3353 1.6
      vertex 28.9553 -18.3353 7.5
    endloop
  endfacet
  facet normal 0.32108 0.947052 -0
    outer loop
      vertex 27.95 -18.831 1.6
      vertex 27.8447 -18.7953 7.5
      vertex 27.95 -18.831 7.5
    endloop
  endfacet
  facet normal 0.32108 0.947052 0
    outer loop
      vertex 27.8447 -18.7953 7.5
      vertex 27.95 -18.831 1.6
      vertex 27.8447 -18.7953 1.6
    endloop
  endfacet
  facet normal -0.0656829 0.997841 0
    outer loop
      vertex 28.2809 -18.8527 1.6
      vertex 28.17 -18.86 7.5
      vertex 28.2809 -18.8527 7.5
    endloop
  endfacet
  facet normal -0.0656829 0.997841 0
    outer loop
      vertex 28.17 -18.86 7.5
      vertex 28.2809 -18.8527 1.6
      vertex 28.17 -18.86 1.6
    endloop
  endfacet
  facet normal -0.947052 -0.32108 0
    outer loop
      vertex 28.991 -17.79 1.6
      vertex 28.9553 -17.6847 7.5
      vertex 28.9553 -17.6847 1.6
    endloop
  endfacet
  facet normal -0.947052 -0.32108 0
    outer loop
      vertex 28.9553 -17.6847 7.5
      vertex 28.991 -17.79 1.6
      vertex 28.991 -17.79 7.5
    endloop
  endfacet
  facet normal 0.947052 -0.32108 0
    outer loop
      vertex 27.349 -17.79 7.5
      vertex 27.3847 -17.6847 1.6
      vertex 27.3847 -17.6847 7.5
    endloop
  endfacet
  facet normal 0.947052 -0.32108 0
    outer loop
      vertex 27.3847 -17.6847 1.6
      vertex 27.349 -17.79 7.5
      vertex 27.349 -17.79 1.6
    endloop
  endfacet
  facet normal 0.32108 -0.947052 0
    outer loop
      vertex 27.8447 -17.2247 1.6
      vertex 27.95 -17.189 7.5
      vertex 27.8447 -17.2247 7.5
    endloop
  endfacet
  facet normal 0.32108 -0.947052 0
    outer loop
      vertex 27.95 -17.189 7.5
      vertex 27.8447 -17.2247 1.6
      vertex 27.95 -17.189 1.6
    endloop
  endfacet
  facet normal -0.831219 -0.555945 0
    outer loop
      vertex 28.9061 -17.585 1.6
      vertex 28.8443 -17.4926 7.5
      vertex 28.8443 -17.4926 1.6
    endloop
  endfacet
  facet normal -0.831219 -0.555945 0
    outer loop
      vertex 28.8443 -17.4926 7.5
      vertex 28.9061 -17.585 1.6
      vertex 28.9061 -17.585 7.5
    endloop
  endfacet
  facet normal -0.32108 -0.947052 0
    outer loop
      vertex 28.39 -17.189 1.6
      vertex 28.4953 -17.2247 7.5
      vertex 28.39 -17.189 7.5
    endloop
  endfacet
  facet normal -0.32108 -0.947052 -0
    outer loop
      vertex 28.4953 -17.2247 7.5
      vertex 28.39 -17.189 1.6
      vertex 28.4953 -17.2247 1.6
    endloop
  endfacet
  facet normal 0.947052 0.32108 0
    outer loop
      vertex 27.3847 -18.3353 7.5
      vertex 27.349 -18.23 1.6
      vertex 27.349 -18.23 7.5
    endloop
  endfacet
  facet normal 0.947052 0.32108 0
    outer loop
      vertex 27.349 -18.23 1.6
      vertex 27.3847 -18.3353 7.5
      vertex 27.3847 -18.3353 1.6
    endloop
  endfacet
  facet normal 0.0656829 0.997841 -0
    outer loop
      vertex 28.17 -18.86 1.6
      vertex 28.0591 -18.8527 7.5
      vertex 28.17 -18.86 7.5
    endloop
  endfacet
  facet normal 0.0656829 0.997841 0
    outer loop
      vertex 28.0591 -18.8527 7.5
      vertex 28.17 -18.86 1.6
      vertex 28.0591 -18.8527 1.6
    endloop
  endfacet
  facet normal -0.831219 0.555945 0
    outer loop
      vertex 28.8443 -18.5274 1.6
      vertex 28.9061 -18.435 7.5
      vertex 28.9061 -18.435 1.6
    endloop
  endfacet
  facet normal -0.831219 0.555945 0
    outer loop
      vertex 28.9061 -18.435 7.5
      vertex 28.8443 -18.5274 1.6
      vertex 28.8443 -18.5274 7.5
    endloop
  endfacet
  facet normal 0.44253 -0.896754 0
    outer loop
      vertex 27.745 -17.2739 1.6
      vertex 27.8447 -17.2247 7.5
      vertex 27.745 -17.2739 7.5
    endloop
  endfacet
  facet normal 0.44253 -0.896754 0
    outer loop
      vertex 27.8447 -17.2247 7.5
      vertex 27.745 -17.2739 1.6
      vertex 27.8447 -17.2247 1.6
    endloop
  endfacet
  facet normal -0.980788 0.195079 0
    outer loop
      vertex 28.991 -18.23 1.6
      vertex 29.0127 -18.1209 7.5
      vertex 29.0127 -18.1209 1.6
    endloop
  endfacet
  facet normal -0.980788 0.195079 0
    outer loop
      vertex 29.0127 -18.1209 7.5
      vertex 28.991 -18.23 1.6
      vertex 28.991 -18.23 7.5
    endloop
  endfacet
  facet normal -0.195079 -0.980788 0
    outer loop
      vertex 28.2809 -17.1673 1.6
      vertex 28.39 -17.189 7.5
      vertex 28.2809 -17.1673 7.5
    endloop
  endfacet
  facet normal -0.195079 -0.980788 -0
    outer loop
      vertex 28.39 -17.189 7.5
      vertex 28.2809 -17.1673 1.6
      vertex 28.39 -17.189 1.6
    endloop
  endfacet
  facet normal -0.32108 0.947052 0
    outer loop
      vertex 28.4953 -18.7953 1.6
      vertex 28.39 -18.831 7.5
      vertex 28.4953 -18.7953 7.5
    endloop
  endfacet
  facet normal -0.32108 0.947052 0
    outer loop
      vertex 28.39 -18.831 7.5
      vertex 28.4953 -18.7953 1.6
      vertex 28.39 -18.831 1.6
    endloop
  endfacet
  facet normal 0.751462 0.659776 0
    outer loop
      vertex 27.569 -18.611 7.5
      vertex 27.4956 -18.5274 1.6
      vertex 27.4956 -18.5274 7.5
    endloop
  endfacet
  facet normal 0.751462 0.659776 0
    outer loop
      vertex 27.4956 -18.5274 1.6
      vertex 27.569 -18.611 7.5
      vertex 27.569 -18.611 1.6
    endloop
  endfacet
  facet normal -0.44253 -0.896754 0
    outer loop
      vertex 28.4953 -17.2247 1.6
      vertex 28.595 -17.2739 7.5
      vertex 28.4953 -17.2247 7.5
    endloop
  endfacet
  facet normal -0.44253 -0.896754 -0
    outer loop
      vertex 28.595 -17.2739 7.5
      vertex 28.4953 -17.2247 1.6
      vertex 28.595 -17.2739 1.6
    endloop
  endfacet
  facet normal 0.195079 0.980788 -0
    outer loop
      vertex 28.0591 -18.8527 1.6
      vertex 27.95 -18.831 7.5
      vertex 28.0591 -18.8527 7.5
    endloop
  endfacet
  facet normal 0.195079 0.980788 0
    outer loop
      vertex 27.95 -18.831 7.5
      vertex 28.0591 -18.8527 1.6
      vertex 27.95 -18.831 1.6
    endloop
  endfacet
  facet normal 0.0656829 -0.997841 0
    outer loop
      vertex 28.0591 -17.1673 1.6
      vertex 28.17 -17.16 7.5
      vertex 28.0591 -17.1673 7.5
    endloop
  endfacet
  facet normal 0.0656829 -0.997841 0
    outer loop
      vertex 28.17 -17.16 7.5
      vertex 28.0591 -17.1673 1.6
      vertex 28.17 -17.16 1.6
    endloop
  endfacet
  facet normal 0.659776 -0.751462 0
    outer loop
      vertex 27.569 -17.409 1.6
      vertex 27.6526 -17.3356 7.5
      vertex 27.569 -17.409 7.5
    endloop
  endfacet
  facet normal 0.659776 -0.751462 0
    outer loop
      vertex 27.6526 -17.3356 7.5
      vertex 27.569 -17.409 1.6
      vertex 27.6526 -17.3356 1.6
    endloop
  endfacet
  facet normal -0.659776 -0.751462 0
    outer loop
      vertex 28.6874 -17.3356 1.6
      vertex 28.771 -17.409 7.5
      vertex 28.6874 -17.3356 7.5
    endloop
  endfacet
  facet normal -0.659776 -0.751462 -0
    outer loop
      vertex 28.771 -17.409 7.5
      vertex 28.6874 -17.3356 1.6
      vertex 28.771 -17.409 1.6
    endloop
  endfacet
  facet normal 0.980788 0.195079 0
    outer loop
      vertex 27.349 -18.23 7.5
      vertex 27.3273 -18.1209 1.6
      vertex 27.3273 -18.1209 7.5
    endloop
  endfacet
  facet normal 0.980788 0.195079 0
    outer loop
      vertex 27.3273 -18.1209 1.6
      vertex 27.349 -18.23 7.5
      vertex 27.349 -18.23 1.6
    endloop
  endfacet
  facet normal 0.997841 0.0656829 0
    outer loop
      vertex 27.3273 -18.1209 7.5
      vertex 27.32 -18.01 1.6
      vertex 27.32 -18.01 7.5
    endloop
  endfacet
  facet normal 0.997841 0.0656829 0
    outer loop
      vertex 27.32 -18.01 1.6
      vertex 27.3273 -18.1209 7.5
      vertex 27.3273 -18.1209 1.6
    endloop
  endfacet
  facet normal 0.555945 0.831219 -0
    outer loop
      vertex 27.745 -18.7461 1.6
      vertex 27.6526 -18.6843 7.5
      vertex 27.745 -18.7461 7.5
    endloop
  endfacet
  facet normal 0.555945 0.831219 0
    outer loop
      vertex 27.6526 -18.6843 7.5
      vertex 27.745 -18.7461 1.6
      vertex 27.6526 -18.6843 1.6
    endloop
  endfacet
  facet normal 0.896754 -0.44253 0
    outer loop
      vertex 27.3847 -17.6847 7.5
      vertex 27.4339 -17.585 1.6
      vertex 27.4339 -17.585 7.5
    endloop
  endfacet
  facet normal 0.896754 -0.44253 0
    outer loop
      vertex 27.4339 -17.585 1.6
      vertex 27.3847 -17.6847 7.5
      vertex 27.3847 -17.6847 1.6
    endloop
  endfacet
  facet normal 0.896754 0.44253 0
    outer loop
      vertex 27.4339 -18.435 7.5
      vertex 27.3847 -18.3353 1.6
      vertex 27.3847 -18.3353 7.5
    endloop
  endfacet
  facet normal 0.896754 0.44253 0
    outer loop
      vertex 27.3847 -18.3353 1.6
      vertex 27.4339 -18.435 7.5
      vertex 27.4339 -18.435 1.6
    endloop
  endfacet
  facet normal -0.195211 -0.980761 0
    outer loop
      vertex 28.3397 -16.7211 7.5
      vertex 28.5065 -16.7543 17.1
      vertex 28.3397 -16.7211 17.1
    endloop
  endfacet
  facet normal -0.195211 -0.980761 -0
    outer loop
      vertex 28.5065 -16.7543 17.1
      vertex 28.3397 -16.7211 7.5
      vertex 28.5065 -16.7543 7.5
    endloop
  endfacet
  facet normal -0.751483 -0.659753 0
    outer loop
      vertex 29.2014 -17.2186 7.5
      vertex 29.0892 -17.0908 17.1
      vertex 29.0892 -17.0908 7.5
    endloop
  endfacet
  facet normal -0.751483 -0.659753 0
    outer loop
      vertex 29.0892 -17.0908 17.1
      vertex 29.2014 -17.2186 7.5
      vertex 29.2014 -17.2186 17.1
    endloop
  endfacet
  facet normal 0.946844 0.321692 0
    outer loop
      vertex 26.969 -18.5075 17.1
      vertex 26.9143 -18.3465 7.5
      vertex 26.9143 -18.3465 17.1
    endloop
  endfacet
  facet normal 0.946844 0.321692 0
    outer loop
      vertex 26.9143 -18.3465 7.5
      vertex 26.969 -18.5075 17.1
      vertex 26.969 -18.5075 7.5
    endloop
  endfacet
  facet normal -0.997868 -0.0652701 0
    outer loop
      vertex 29.47 -18.01 7.5
      vertex 29.4589 -17.8403 17.1
      vertex 29.4589 -17.8403 7.5
    endloop
  endfacet
  facet normal -0.997868 -0.0652701 0
    outer loop
      vertex 29.4589 -17.8403 17.1
      vertex 29.47 -18.01 7.5
      vertex 29.47 -18.01 17.1
    endloop
  endfacet
  facet normal -0.997868 0.0652701 0
    outer loop
      vertex 29.4589 -18.1797 7.5
      vertex 29.47 -18.01 17.1
      vertex 29.47 -18.01 7.5
    endloop
  endfacet
  facet normal -0.997868 0.0652701 0
    outer loop
      vertex 29.47 -18.01 17.1
      vertex 29.4589 -18.1797 7.5
      vertex 29.4589 -18.1797 17.1
    endloop
  endfacet
  facet normal -0.946844 -0.321692 0
    outer loop
      vertex 29.4257 -17.6735 7.5
      vertex 29.371 -17.5125 17.1
      vertex 29.371 -17.5125 7.5
    endloop
  endfacet
  facet normal -0.946844 -0.321692 0
    outer loop
      vertex 29.371 -17.5125 17.1
      vertex 29.4257 -17.6735 7.5
      vertex 29.4257 -17.6735 17.1
    endloop
  endfacet
  facet normal -0.555243 -0.831688 0
    outer loop
      vertex 28.82 -16.8842 7.5
      vertex 28.9614 -16.9786 17.1
      vertex 28.82 -16.8842 17.1
    endloop
  endfacet
  facet normal -0.555243 -0.831688 -0
    outer loop
      vertex 28.9614 -16.9786 17.1
      vertex 28.82 -16.8842 7.5
      vertex 28.9614 -16.9786 7.5
    endloop
  endfacet
  facet normal -0.896884 -0.442267 0
    outer loop
      vertex 29.371 -17.5125 7.5
      vertex 29.2958 -17.36 17.1
      vertex 29.2958 -17.36 7.5
    endloop
  endfacet
  facet normal -0.896884 -0.442267 0
    outer loop
      vertex 29.2958 -17.36 17.1
      vertex 29.371 -17.5125 7.5
      vertex 29.371 -17.5125 17.1
    endloop
  endfacet
  facet normal 0.659753 -0.751483 0
    outer loop
      vertex 27.2508 -17.0908 7.5
      vertex 27.3786 -16.9786 17.1
      vertex 27.2508 -17.0908 17.1
    endloop
  endfacet
  facet normal 0.659753 -0.751483 0
    outer loop
      vertex 27.3786 -16.9786 17.1
      vertex 27.2508 -17.0908 7.5
      vertex 27.3786 -16.9786 7.5
    endloop
  endfacet
  facet normal 0.555243 0.831688 -0
    outer loop
      vertex 27.52 -19.1358 7.5
      vertex 27.3786 -19.0414 17.1
      vertex 27.52 -19.1358 17.1
    endloop
  endfacet
  facet normal 0.555243 0.831688 0
    outer loop
      vertex 27.3786 -19.0414 17.1
      vertex 27.52 -19.1358 7.5
      vertex 27.3786 -19.0414 7.5
    endloop
  endfacet
  facet normal 0.751483 -0.659753 0
    outer loop
      vertex 27.1386 -17.2186 17.1
      vertex 27.2508 -17.0908 7.5
      vertex 27.2508 -17.0908 17.1
    endloop
  endfacet
  facet normal 0.751483 -0.659753 0
    outer loop
      vertex 27.2508 -17.0908 7.5
      vertex 27.1386 -17.2186 17.1
      vertex 27.1386 -17.2186 7.5
    endloop
  endfacet
  facet normal 0.321692 0.946844 -0
    outer loop
      vertex 27.8335 -19.2657 7.5
      vertex 27.6725 -19.211 17.1
      vertex 27.8335 -19.2657 17.1
    endloop
  endfacet
  facet normal 0.321692 0.946844 0
    outer loop
      vertex 27.6725 -19.211 17.1
      vertex 27.8335 -19.2657 7.5
      vertex 27.6725 -19.211 7.5
    endloop
  endfacet
  facet normal 0.831688 0.555243 0
    outer loop
      vertex 27.1386 -18.8014 17.1
      vertex 27.0442 -18.66 7.5
      vertex 27.0442 -18.66 17.1
    endloop
  endfacet
  facet normal 0.831688 0.555243 0
    outer loop
      vertex 27.0442 -18.66 7.5
      vertex 27.1386 -18.8014 17.1
      vertex 27.1386 -18.8014 7.5
    endloop
  endfacet
  facet normal 0.442267 -0.896884 0
    outer loop
      vertex 27.52 -16.8842 7.5
      vertex 27.6725 -16.809 17.1
      vertex 27.52 -16.8842 17.1
    endloop
  endfacet
  facet normal 0.442267 -0.896884 0
    outer loop
      vertex 27.6725 -16.809 17.1
      vertex 27.52 -16.8842 7.5
      vertex 27.6725 -16.809 7.5
    endloop
  endfacet
  facet normal -0.0652701 0.997868 0
    outer loop
      vertex 28.3397 -19.2989 7.5
      vertex 28.17 -19.31 17.1
      vertex 28.3397 -19.2989 17.1
    endloop
  endfacet
  facet normal -0.0652701 0.997868 0
    outer loop
      vertex 28.17 -19.31 17.1
      vertex 28.3397 -19.2989 7.5
      vertex 28.17 -19.31 7.5
    endloop
  endfacet
  facet normal -0.831688 -0.555243 0
    outer loop
      vertex 29.2958 -17.36 7.5
      vertex 29.2014 -17.2186 17.1
      vertex 29.2014 -17.2186 7.5
    endloop
  endfacet
  facet normal -0.831688 -0.555243 0
    outer loop
      vertex 29.2014 -17.2186 17.1
      vertex 29.2958 -17.36 7.5
      vertex 29.2958 -17.36 17.1
    endloop
  endfacet
  facet normal -0.831688 0.555243 0
    outer loop
      vertex 29.2014 -18.8014 7.5
      vertex 29.2958 -18.66 17.1
      vertex 29.2958 -18.66 7.5
    endloop
  endfacet
  facet normal -0.831688 0.555243 0
    outer loop
      vertex 29.2958 -18.66 17.1
      vertex 29.2014 -18.8014 7.5
      vertex 29.2014 -18.8014 17.1
    endloop
  endfacet
  facet normal -0.980761 -0.195211 0
    outer loop
      vertex 29.4589 -17.8403 7.5
      vertex 29.4257 -17.6735 17.1
      vertex 29.4257 -17.6735 7.5
    endloop
  endfacet
  facet normal -0.980761 -0.195211 0
    outer loop
      vertex 29.4257 -17.6735 17.1
      vertex 29.4589 -17.8403 7.5
      vertex 29.4589 -17.8403 17.1
    endloop
  endfacet
  facet normal 0.997868 0.0652701 0
    outer loop
      vertex 26.8811 -18.1797 17.1
      vertex 26.87 -18.01 7.5
      vertex 26.87 -18.01 17.1
    endloop
  endfacet
  facet normal 0.997868 0.0652701 0
    outer loop
      vertex 26.87 -18.01 7.5
      vertex 26.8811 -18.1797 17.1
      vertex 26.8811 -18.1797 7.5
    endloop
  endfacet
  facet normal -0.442267 -0.896884 0
    outer loop
      vertex 28.6675 -16.809 7.5
      vertex 28.82 -16.8842 17.1
      vertex 28.6675 -16.809 17.1
    endloop
  endfacet
  facet normal -0.442267 -0.896884 -0
    outer loop
      vertex 28.82 -16.8842 17.1
      vertex 28.6675 -16.809 7.5
      vertex 28.82 -16.8842 7.5
    endloop
  endfacet
  facet normal -0.321692 0.946844 0
    outer loop
      vertex 28.6675 -19.211 7.5
      vertex 28.5065 -19.2657 17.1
      vertex 28.6675 -19.211 17.1
    endloop
  endfacet
  facet normal -0.321692 0.946844 0
    outer loop
      vertex 28.5065 -19.2657 17.1
      vertex 28.6675 -19.211 7.5
      vertex 28.5065 -19.2657 7.5
    endloop
  endfacet
  facet normal -0.896884 0.442267 0
    outer loop
      vertex 29.2958 -18.66 7.5
      vertex 29.371 -18.5075 17.1
      vertex 29.371 -18.5075 7.5
    endloop
  endfacet
  facet normal -0.896884 0.442267 0
    outer loop
      vertex 29.371 -18.5075 17.1
      vertex 29.2958 -18.66 7.5
      vertex 29.2958 -18.66 17.1
    endloop
  endfacet
  facet normal 0.831688 -0.555243 0
    outer loop
      vertex 27.0442 -17.36 17.1
      vertex 27.1386 -17.2186 7.5
      vertex 27.1386 -17.2186 17.1
    endloop
  endfacet
  facet normal 0.831688 -0.555243 0
    outer loop
      vertex 27.1386 -17.2186 7.5
      vertex 27.0442 -17.36 17.1
      vertex 27.0442 -17.36 7.5
    endloop
  endfacet
  facet normal -0.321692 -0.946844 0
    outer loop
      vertex 28.5065 -16.7543 7.5
      vertex 28.6675 -16.809 17.1
      vertex 28.5065 -16.7543 17.1
    endloop
  endfacet
  facet normal -0.321692 -0.946844 -0
    outer loop
      vertex 28.6675 -16.809 17.1
      vertex 28.5065 -16.7543 7.5
      vertex 28.6675 -16.809 7.5
    endloop
  endfacet
  facet normal -0.946844 0.321692 0
    outer loop
      vertex 29.371 -18.5075 7.5
      vertex 29.4257 -18.3465 17.1
      vertex 29.4257 -18.3465 7.5
    endloop
  endfacet
  facet normal -0.946844 0.321692 0
    outer loop
      vertex 29.4257 -18.3465 17.1
      vertex 29.371 -18.5075 7.5
      vertex 29.371 -18.5075 17.1
    endloop
  endfacet
  facet normal 0.896884 -0.442267 0
    outer loop
      vertex 26.969 -17.5125 17.1
      vertex 27.0442 -17.36 7.5
      vertex 27.0442 -17.36 17.1
    endloop
  endfacet
  facet normal 0.896884 -0.442267 0
    outer loop
      vertex 27.0442 -17.36 7.5
      vertex 26.969 -17.5125 17.1
      vertex 26.969 -17.5125 7.5
    endloop
  endfacet
  facet normal 0.195211 -0.980761 0
    outer loop
      vertex 27.8335 -16.7543 7.5
      vertex 28.0003 -16.7211 17.1
      vertex 27.8335 -16.7543 17.1
    endloop
  endfacet
  facet normal 0.195211 -0.980761 0
    outer loop
      vertex 28.0003 -16.7211 17.1
      vertex 27.8335 -16.7543 7.5
      vertex 28.0003 -16.7211 7.5
    endloop
  endfacet
  facet normal -0.195211 0.980761 0
    outer loop
      vertex 28.5065 -19.2657 7.5
      vertex 28.3397 -19.2989 17.1
      vertex 28.5065 -19.2657 17.1
    endloop
  endfacet
  facet normal -0.195211 0.980761 0
    outer loop
      vertex 28.3397 -19.2989 17.1
      vertex 28.5065 -19.2657 7.5
      vertex 28.3397 -19.2989 7.5
    endloop
  endfacet
  facet normal 0.946844 -0.321692 0
    outer loop
      vertex 26.9143 -17.6735 17.1
      vertex 26.969 -17.5125 7.5
      vertex 26.969 -17.5125 17.1
    endloop
  endfacet
  facet normal 0.946844 -0.321692 0
    outer loop
      vertex 26.969 -17.5125 7.5
      vertex 26.9143 -17.6735 17.1
      vertex 26.9143 -17.6735 7.5
    endloop
  endfacet
  facet normal -0.555243 0.831688 0
    outer loop
      vertex 28.9614 -19.0414 7.5
      vertex 28.82 -19.1358 17.1
      vertex 28.9614 -19.0414 17.1
    endloop
  endfacet
  facet normal -0.555243 0.831688 0
    outer loop
      vertex 28.82 -19.1358 17.1
      vertex 28.9614 -19.0414 7.5
      vertex 28.82 -19.1358 7.5
    endloop
  endfacet
  facet normal 0 0 -1
    outer loop
      vertex 29.4589 -18.1797 17.1
      vertex 29.4589 -17.8403 17.1
      vertex 29.47 -18.01 17.1
    endloop
  endfacet
  facet normal 0 0 -1
    outer loop
      vertex 29.4257 -18.3465 17.1
      vertex 29.4589 -17.8403 17.1
      vertex 29.4589 -18.1797 17.1
    endloop
  endfacet
  facet normal 0 0 -1
    outer loop
      vertex 29.4257 -18.3465 17.1
      vertex 29.4257 -17.6735 17.1
      vertex 29.4589 -17.8403 17.1
    endloop
  endfacet
  facet normal 0 0 -1
    outer loop
      vertex 29.371 -18.5075 17.1
      vertex 29.4257 -17.6735 17.1
      vertex 29.4257 -18.3465 17.1
    endloop
  endfacet
  facet normal 0 0 -1
    outer loop
      vertex 29.371 -18.5075 17.1
      vertex 29.371 -17.5125 17.1
      vertex 29.4257 -17.6735 17.1
    endloop
  endfacet
  facet normal 0 0 -1
    outer loop
      vertex 29.2958 -18.66 17.1
      vertex 29.371 -17.5125 17.1
      vertex 29.371 -18.5075 17.1
    endloop
  endfacet
  facet normal 0 0 -1
    outer loop
      vertex 29.2958 -18.66 17.1
      vertex 29.2958 -17.36 17.1
      vertex 29.371 -17.5125 17.1
    endloop
  endfacet
  facet normal 0 0 -1
    outer loop
      vertex 29.2014 -18.8014 17.1
      vertex 29.2958 -17.36 17.1
      vertex 29.2958 -18.66 17.1
    endloop
  endfacet
  facet normal 0 0 -1
    outer loop
      vertex 29.2014 -18.8014 17.1
      vertex 29.2014 -17.2186 17.1
      vertex 29.2958 -17.36 17.1
    endloop
  endfacet
  facet normal 0 0 -1
    outer loop
      vertex 29.0892 -18.9292 17.1
      vertex 29.2014 -17.2186 17.1
      vertex 29.2014 -18.8014 17.1
    endloop
  endfacet
  facet normal 0 0 -1
    outer loop
      vertex 29.0892 -18.9292 17.1
      vertex 29.0892 -17.0908 17.1
      vertex 29.2014 -17.2186 17.1
    endloop
  endfacet
  facet normal 0 0 -1
    outer loop
      vertex 28.9614 -19.0414 17.1
      vertex 29.0892 -17.0908 17.1
      vertex 29.0892 -18.9292 17.1
    endloop
  endfacet
  facet normal 0 0 -1
    outer loop
      vertex 28.9614 -19.0414 17.1
      vertex 28.9614 -16.9786 17.1
      vertex 29.0892 -17.0908 17.1
    endloop
  endfacet
  facet normal 0 0 -1
    outer loop
      vertex 28.82 -19.1358 17.1
      vertex 28.9614 -16.9786 17.1
      vertex 28.9614 -19.0414 17.1
    endloop
  endfacet
  facet normal 0 0 -1
    outer loop
      vertex 28.82 -19.1358 17.1
      vertex 28.82 -16.8842 17.1
      vertex 28.9614 -16.9786 17.1
    endloop
  endfacet
  facet normal 0 0 -1
    outer loop
      vertex 28.6675 -19.211 17.1
      vertex 28.82 -16.8842 17.1
      vertex 28.82 -19.1358 17.1
    endloop
  endfacet
  facet normal 0 0 -1
    outer loop
      vertex 28.6675 -19.211 17.1
      vertex 28.6675 -16.809 17.1
      vertex 28.82 -16.8842 17.1
    endloop
  endfacet
  facet normal 0 0 -1
    outer loop
      vertex 28.5065 -19.2657 17.1
      vertex 28.6675 -16.809 17.1
      vertex 28.6675 -19.211 17.1
    endloop
  endfacet
  facet normal 0 0 -1
    outer loop
      vertex 28.5065 -19.2657 17.1
      vertex 28.5065 -16.7543 17.1
      vertex 28.6675 -16.809 17.1
    endloop
  endfacet
  facet normal 0 0 -1
    outer loop
      vertex 28.3397 -19.2989 17.1
      vertex 28.5065 -16.7543 17.1
      vertex 28.5065 -19.2657 17.1
    endloop
  endfacet
  facet normal 0 0 -1
    outer loop
      vertex 28.3397 -19.2989 17.1
      vertex 28.3397 -16.7211 17.1
      vertex 28.5065 -16.7543 17.1
    endloop
  endfacet
  facet normal 0 0 -1
    outer loop
      vertex 28.17 -19.31 17.1
      vertex 28.3397 -16.7211 17.1
      vertex 28.3397 -19.2989 17.1
    endloop
  endfacet
  facet normal 0 0 -1
    outer loop
      vertex 28.17 -19.31 17.1
      vertex 28.17 -16.71 17.1
      vertex 28.3397 -16.7211 17.1
    endloop
  endfacet
  facet normal 0 0 -1
    outer loop
      vertex 28.0003 -19.2989 17.1
      vertex 28.17 -16.71 17.1
      vertex 28.17 -19.31 17.1
    endloop
  endfacet
  facet normal 0 0 -1
    outer loop
      vertex 28.0003 -19.2989 17.1
      vertex 28.0003 -16.7211 17.1
      vertex 28.17 -16.71 17.1
    endloop
  endfacet
  facet normal 0 0 -1
    outer loop
      vertex 27.8335 -19.2657 17.1
      vertex 28.0003 -16.7211 17.1
      vertex 28.0003 -19.2989 17.1
    endloop
  endfacet
  facet normal 0 0 -1
    outer loop
      vertex 27.8335 -19.2657 17.1
      vertex 27.8335 -16.7543 17.1
      vertex 28.0003 -16.7211 17.1
    endloop
  endfacet
  facet normal 0 0 -1
    outer loop
      vertex 27.6725 -19.211 17.1
      vertex 27.8335 -16.7543 17.1
      vertex 27.8335 -19.2657 17.1
    endloop
  endfacet
  facet normal 0 0 -1
    outer loop
      vertex 27.6725 -19.211 17.1
      vertex 27.6725 -16.809 17.1
      vertex 27.8335 -16.7543 17.1
    endloop
  endfacet
  facet normal 0 0 -1
    outer loop
      vertex 27.52 -19.1358 17.1
      vertex 27.6725 -16.809 17.1
      vertex 27.6725 -19.211 17.1
    endloop
  endfacet
  facet normal 0 0 -1
    outer loop
      vertex 27.52 -19.1358 17.1
      vertex 27.52 -16.8842 17.1
      vertex 27.6725 -16.809 17.1
    endloop
  endfacet
  facet normal 0 0 -1
    outer loop
      vertex 27.3786 -19.0414 17.1
      vertex 27.52 -16.8842 17.1
      vertex 27.52 -19.1358 17.1
    endloop
  endfacet
  facet normal 0 0 -1
    outer loop
      vertex 27.3786 -19.0414 17.1
      vertex 27.3786 -16.9786 17.1
      vertex 27.52 -16.8842 17.1
    endloop
  endfacet
  facet normal 0 0 -1
    outer loop
      vertex 27.2508 -18.9292 17.1
      vertex 27.3786 -16.9786 17.1
      vertex 27.3786 -19.0414 17.1
    endloop
  endfacet
  facet normal 0 0 -1
    outer loop
      vertex 27.2508 -18.9292 17.1
      vertex 27.2508 -17.0908 17.1
      vertex 27.3786 -16.9786 17.1
    endloop
  endfacet
  facet normal 0 0 -1
    outer loop
      vertex 27.1386 -18.8014 17.1
      vertex 27.2508 -17.0908 17.1
      vertex 27.2508 -18.9292 17.1
    endloop
  endfacet
  facet normal 0 0 -1
    outer loop
      vertex 27.1386 -18.8014 17.1
      vertex 27.1386 -17.2186 17.1
      vertex 27.2508 -17.0908 17.1
    endloop
  endfacet
  facet normal 0 0 -1
    outer loop
      vertex 27.0442 -18.66 17.1
      vertex 27.1386 -17.2186 17.1
      vertex 27.1386 -18.8014 17.1
    endloop
  endfacet
  facet normal 0 0 -1
    outer loop
      vertex 27.0442 -18.66 17.1
      vertex 27.0442 -17.36 17.1
      vertex 27.1386 -17.2186 17.1
    endloop
  endfacet
  facet normal 0 0 -1
    outer loop
      vertex 26.969 -18.5075 17.1
      vertex 27.0442 -17.36 17.1
      vertex 27.0442 -18.66 17.1
    endloop
  endfacet
  facet normal 0 0 -1
    outer loop
      vertex 26.969 -18.5075 17.1
      vertex 26.969 -17.5125 17.1
      vertex 27.0442 -17.36 17.1
    endloop
  endfacet
  facet normal 0 0 -1
    outer loop
      vertex 26.9143 -18.3465 17.1
      vertex 26.969 -17.5125 17.1
      vertex 26.969 -18.5075 17.1
    endloop
  endfacet
  facet normal 0 0 -1
    outer loop
      vertex 26.9143 -18.3465 17.1
      vertex 26.9143 -17.6735 17.1
      vertex 26.969 -17.5125 17.1
    endloop
  endfacet
  facet normal 0 0 -1
    outer loop
      vertex 26.8811 -18.1797 17.1
      vertex 26.9143 -17.6735 17.1
      vertex 26.9143 -18.3465 17.1
    endloop
  endfacet
  facet normal 0 0 -1
    outer loop
      vertex 26.8811 -18.1797 17.1
      vertex 26.8811 -17.8403 17.1
      vertex 26.9143 -17.6735 17.1
    endloop
  endfacet
  facet normal 0 -0 -1
    outer loop
      vertex 26.8811 -17.8403 17.1
      vertex 26.8811 -18.1797 17.1
      vertex 26.87 -18.01 17.1
    endloop
  endfacet
  facet normal -0.659753 -0.751483 0
    outer loop
      vertex 28.9614 -16.9786 7.5
      vertex 29.0892 -17.0908 17.1
      vertex 28.9614 -16.9786 17.1
    endloop
  endfacet
  facet normal -0.659753 -0.751483 -0
    outer loop
      vertex 29.0892 -17.0908 17.1
      vertex 28.9614 -16.9786 7.5
      vertex 29.0892 -17.0908 7.5
    endloop
  endfacet
  facet normal 0.997868 -0.0652701 0
    outer loop
      vertex 26.87 -18.01 17.1
      vertex 26.8811 -17.8403 7.5
      vertex 26.8811 -17.8403 17.1
    endloop
  endfacet
  facet normal 0.997868 -0.0652701 0
    outer loop
      vertex 26.8811 -17.8403 7.5
      vertex 26.87 -18.01 17.1
      vertex 26.87 -18.01 7.5
    endloop
  endfacet
  facet normal 0.321692 -0.946844 0
    outer loop
      vertex 27.6725 -16.809 7.5
      vertex 27.8335 -16.7543 17.1
      vertex 27.6725 -16.809 17.1
    endloop
  endfacet
  facet normal 0.321692 -0.946844 0
    outer loop
      vertex 27.8335 -16.7543 17.1
      vertex 27.6725 -16.809 7.5
      vertex 27.8335 -16.7543 7.5
    endloop
  endfacet
  facet normal 0.751483 0.659753 0
    outer loop
      vertex 27.2508 -18.9292 17.1
      vertex 27.1386 -18.8014 7.5
      vertex 27.1386 -18.8014 17.1
    endloop
  endfacet
  facet normal 0.751483 0.659753 0
    outer loop
      vertex 27.1386 -18.8014 7.5
      vertex 27.2508 -18.9292 17.1
      vertex 27.2508 -18.9292 7.5
    endloop
  endfacet
  facet normal -0.0652701 -0.997868 0
    outer loop
      vertex 28.17 -16.71 7.5
      vertex 28.3397 -16.7211 17.1
      vertex 28.17 -16.71 17.1
    endloop
  endfacet
  facet normal -0.0652701 -0.997868 -0
    outer loop
      vertex 28.3397 -16.7211 17.1
      vertex 28.17 -16.71 7.5
      vertex 28.3397 -16.7211 7.5
    endloop
  endfacet
  facet normal -0.980761 0.195211 0
    outer loop
      vertex 29.4257 -18.3465 7.5
      vertex 29.4589 -18.1797 17.1
      vertex 29.4589 -18.1797 7.5
    endloop
  endfacet
  facet normal -0.980761 0.195211 0
    outer loop
      vertex 29.4589 -18.1797 17.1
      vertex 29.4257 -18.3465 7.5
      vertex 29.4257 -18.3465 17.1
    endloop
  endfacet
  facet normal 0.659753 0.751483 -0
    outer loop
      vertex 27.3786 -19.0414 7.5
      vertex 27.2508 -18.9292 17.1
      vertex 27.3786 -19.0414 17.1
    endloop
  endfacet
  facet normal 0.659753 0.751483 0
    outer loop
      vertex 27.2508 -18.9292 17.1
      vertex 27.3786 -19.0414 7.5
      vertex 27.2508 -18.9292 7.5
    endloop
  endfacet
  facet normal -0.659753 0.751483 0
    outer loop
      vertex 29.0892 -18.9292 7.5
      vertex 28.9614 -19.0414 17.1
      vertex 29.0892 -18.9292 17.1
    endloop
  endfacet
  facet normal -0.659753 0.751483 0
    outer loop
      vertex 28.9614 -19.0414 17.1
      vertex 29.0892 -18.9292 7.5
      vertex 28.9614 -19.0414 7.5
    endloop
  endfacet
  facet normal -0.751483 0.659753 0
    outer loop
      vertex 29.0892 -18.9292 7.5
      vertex 29.2014 -18.8014 17.1
      vertex 29.2014 -18.8014 7.5
    endloop
  endfacet
  facet normal -0.751483 0.659753 0
    outer loop
      vertex 29.2014 -18.8014 17.1
      vertex 29.0892 -18.9292 7.5
      vertex 29.0892 -18.9292 17.1
    endloop
  endfacet
  facet normal -0.442267 0.896884 0
    outer loop
      vertex 28.82 -19.1358 7.5
      vertex 28.6675 -19.211 17.1
      vertex 28.82 -19.1358 17.1
    endloop
  endfacet
  facet normal -0.442267 0.896884 0
    outer loop
      vertex 28.6675 -19.211 17.1
      vertex 28.82 -19.1358 7.5
      vertex 28.6675 -19.211 7.5
    endloop
  endfacet
  facet normal 0.0652701 -0.997868 0
    outer loop
      vertex 28.0003 -16.7211 7.5
      vertex 28.17 -16.71 17.1
      vertex 28.0003 -16.7211 17.1
    endloop
  endfacet
  facet normal 0.0652701 -0.997868 0
    outer loop
      vertex 28.17 -16.71 17.1
      vertex 28.0003 -16.7211 7.5
      vertex 28.17 -16.71 7.5
    endloop
  endfacet
  facet normal 0.0652701 0.997868 -0
    outer loop
      vertex 28.17 -19.31 7.5
      vertex 28.0003 -19.2989 17.1
      vertex 28.17 -19.31 17.1
    endloop
  endfacet
  facet normal 0.0652701 0.997868 0
    outer loop
      vertex 28.0003 -19.2989 17.1
      vertex 28.17 -19.31 7.5
      vertex 28.0003 -19.2989 7.5
    endloop
  endfacet
  facet normal 0.896884 0.442267 0
    outer loop
      vertex 27.0442 -18.66 17.1
      vertex 26.969 -18.5075 7.5
      vertex 26.969 -18.5075 17.1
    endloop
  endfacet
  facet normal 0.896884 0.442267 0
    outer loop
      vertex 26.969 -18.5075 7.5
      vertex 27.0442 -18.66 17.1
      vertex 27.0442 -18.66 7.5
    endloop
  endfacet
  facet normal 0.555243 -0.831688 0
    outer loop
      vertex 27.3786 -16.9786 7.5
      vertex 27.52 -16.8842 17.1
      vertex 27.3786 -16.9786 17.1
    endloop
  endfacet
  facet normal 0.555243 -0.831688 0
    outer loop
      vertex 27.52 -16.8842 17.1
      vertex 27.3786 -16.9786 7.5
      vertex 27.52 -16.8842 7.5
    endloop
  endfacet
  facet normal 0.195211 0.980761 -0
    outer loop
      vertex 28.0003 -19.2989 7.5
      vertex 27.8335 -19.2657 17.1
      vertex 28.0003 -19.2989 17.1
    endloop
  endfacet
  facet normal 0.195211 0.980761 0
    outer loop
      vertex 27.8335 -19.2657 17.1
      vertex 28.0003 -19.2989 7.5
      vertex 27.8335 -19.2657 7.5
    endloop
  endfacet
  facet normal 0.442267 0.896884 -0
    outer loop
      vertex 27.6725 -19.211 7.5
      vertex 27.52 -19.1358 17.1
      vertex 27.6725 -19.211 17.1
    endloop
  endfacet
  facet normal 0.442267 0.896884 0
    outer loop
      vertex 27.52 -19.1358 17.1
      vertex 27.6725 -19.211 7.5
      vertex 27.52 -19.1358 7.5
    endloop
  endfacet
  facet normal 0.980761 0.195211 0
    outer loop
      vertex 26.9143 -18.3465 17.1
      vertex 26.8811 -18.1797 7.5
      vertex 26.8811 -18.1797 17.1
    endloop
  endfacet
  facet normal 0.980761 0.195211 0
    outer loop
      vertex 26.8811 -18.1797 7.5
      vertex 26.9143 -18.3465 17.1
      vertex 26.9143 -18.3465 7.5
    endloop
  endfacet
  facet normal 0.980761 -0.195211 0
    outer loop
      vertex 26.8811 -17.8403 17.1
      vertex 26.9143 -17.6735 7.5
      vertex 26.9143 -17.6735 17.1
    endloop
  endfacet
  facet normal 0.980761 -0.195211 0
    outer loop
      vertex 26.9143 -17.6735 7.5
      vertex 26.8811 -17.8403 17.1
      vertex 26.8811 -17.8403 7.5
    endloop
  endfacet
  facet normal 0 0 1
    outer loop
      vertex 29.02 -18.01 7.5
      vertex 29.47 -18.01 7.5
      vertex 29.4589 -17.8403 7.5
    endloop
  endfacet
  facet normal 0 0 1
    outer loop
      vertex 29.0127 -17.8991 7.5
      vertex 29.4589 -17.8403 7.5
      vertex 29.4257 -17.6735 7.5
    endloop
  endfacet
  facet normal 0 0 1
    outer loop
      vertex 29.47 -18.01 7.5
      vertex 29.02 -18.01 7.5
      vertex 29.4589 -18.1797 7.5
    endloop
  endfacet
  facet normal 0 0 1
    outer loop
      vertex 28.991 -17.79 7.5
      vertex 29.4257 -17.6735 7.5
      vertex 29.371 -17.5125 7.5
    endloop
  endfacet
  facet normal -0 0 1
    outer loop
      vertex 29.0127 -18.1209 7.5
      vertex 29.4589 -18.1797 7.5
      vertex 29.02 -18.01 7.5
    endloop
  endfacet
  facet normal 0 0 1
    outer loop
      vertex 28.9553 -17.6847 7.5
      vertex 29.371 -17.5125 7.5
      vertex 29.2958 -17.36 7.5
    endloop
  endfacet
  facet normal 0 0 1
    outer loop
      vertex 29.4589 -18.1797 7.5
      vertex 29.0127 -18.1209 7.5
      vertex 29.4257 -18.3465 7.5
    endloop
  endfacet
  facet normal 0 0 1
    outer loop
      vertex 28.9061 -17.585 7.5
      vertex 29.2958 -17.36 7.5
      vertex 29.2014 -17.2186 7.5
    endloop
  endfacet
  facet normal -0 0 1
    outer loop
      vertex 28.991 -18.23 7.5
      vertex 29.4257 -18.3465 7.5
      vertex 29.0127 -18.1209 7.5
    endloop
  endfacet
  facet normal 0 0 1
    outer loop
      vertex 28.8443 -17.4926 7.5
      vertex 29.2014 -17.2186 7.5
      vertex 29.0892 -17.0908 7.5
    endloop
  endfacet
  facet normal 0 0 1
    outer loop
      vertex 29.4257 -18.3465 7.5
      vertex 28.991 -18.23 7.5
      vertex 29.371 -18.5075 7.5
    endloop
  endfacet
  facet normal -0 0 1
    outer loop
      vertex 28.9553 -18.3353 7.5
      vertex 29.371 -18.5075 7.5
      vertex 28.991 -18.23 7.5
    endloop
  endfacet
  facet normal 0 0 1
    outer loop
      vertex 29.4589 -17.8403 7.5
      vertex 29.0127 -17.8991 7.5
      vertex 29.02 -18.01 7.5
    endloop
  endfacet
  facet normal 0 0 1
    outer loop
      vertex 29.4257 -17.6735 7.5
      vertex 28.991 -17.79 7.5
      vertex 29.0127 -17.8991 7.5
    endloop
  endfacet
  facet normal 0 0 1
    outer loop
      vertex 28.771 -17.409 7.5
      vertex 29.0892 -17.0908 7.5
      vertex 28.9614 -16.9786 7.5
    endloop
  endfacet
  facet normal 0 0 1
    outer loop
      vertex 29.371 -17.5125 7.5
      vertex 28.9553 -17.6847 7.5
      vertex 28.991 -17.79 7.5
    endloop
  endfacet
  facet normal 0 0 1
    outer loop
      vertex 29.2958 -17.36 7.5
      vertex 28.9061 -17.585 7.5
      vertex 28.9553 -17.6847 7.5
    endloop
  endfacet
  facet normal 0 0 1
    outer loop
      vertex 29.2014 -17.2186 7.5
      vertex 28.8443 -17.4926 7.5
      vertex 28.9061 -17.585 7.5
    endloop
  endfacet
  facet normal 0 0 1
    outer loop
      vertex 28.6874 -17.3356 7.5
      vertex 28.9614 -16.9786 7.5
      vertex 28.82 -16.8842 7.5
    endloop
  endfacet
  facet normal 0 0 1
    outer loop
      vertex 29.0892 -17.0908 7.5
      vertex 28.771 -17.409 7.5
      vertex 28.8443 -17.4926 7.5
    endloop
  endfacet
  facet normal 0 0 1
    outer loop
      vertex 28.9614 -16.9786 7.5
      vertex 28.6874 -17.3356 7.5
      vertex 28.771 -17.409 7.5
    endloop
  endfacet
  facet normal 0 0 1
    outer loop
      vertex 28.595 -17.2739 7.5
      vertex 28.82 -16.8842 7.5
      vertex 28.6675 -16.809 7.5
    endloop
  endfacet
  facet normal 0 0 1
    outer loop
      vertex 28.82 -16.8842 7.5
      vertex 28.595 -17.2739 7.5
      vertex 28.6874 -17.3356 7.5
    endloop
  endfacet
  facet normal 0 0 1
    outer loop
      vertex 28.4953 -17.2247 7.5
      vertex 28.6675 -16.809 7.5
      vertex 28.5065 -16.7543 7.5
    endloop
  endfacet
  facet normal 0 0 1
    outer loop
      vertex 28.6675 -16.809 7.5
      vertex 28.4953 -17.2247 7.5
      vertex 28.595 -17.2739 7.5
    endloop
  endfacet
  facet normal 0 0 1
    outer loop
      vertex 28.5065 -16.7543 7.5
      vertex 28.39 -17.189 7.5
      vertex 28.4953 -17.2247 7.5
    endloop
  endfacet
  facet normal 0 0 1
    outer loop
      vertex 28.3397 -16.7211 7.5
      vertex 28.39 -17.189 7.5
      vertex 28.5065 -16.7543 7.5
    endloop
  endfacet
  facet normal 0 0 1
    outer loop
      vertex 28.3397 -16.7211 7.5
      vertex 28.2809 -17.1673 7.5
      vertex 28.39 -17.189 7.5
    endloop
  endfacet
  facet normal 0 0 1
    outer loop
      vertex 28.17 -16.71 7.5
      vertex 28.2809 -17.1673 7.5
      vertex 28.3397 -16.7211 7.5
    endloop
  endfacet
  facet normal 0 0 1
    outer loop
      vertex 28.17 -16.71 7.5
      vertex 28.17 -17.16 7.5
      vertex 28.2809 -17.1673 7.5
    endloop
  endfacet
  facet normal 0 0 1
    outer loop
      vertex 28.17 -16.71 7.5
      vertex 28.0591 -17.1673 7.5
      vertex 28.17 -17.16 7.5
    endloop
  endfacet
  facet normal -0 0 1
    outer loop
      vertex 28.0003 -16.7211 7.5
      vertex 28.0591 -17.1673 7.5
      vertex 28.17 -16.71 7.5
    endloop
  endfacet
  facet normal 0 0 1
    outer loop
      vertex 28.0003 -16.7211 7.5
      vertex 27.95 -17.189 7.5
      vertex 28.0591 -17.1673 7.5
    endloop
  endfacet
  facet normal -0 0 1
    outer loop
      vertex 27.8335 -16.7543 7.5
      vertex 27.95 -17.189 7.5
      vertex 28.0003 -16.7211 7.5
    endloop
  endfacet
  facet normal 0 0 1
    outer loop
      vertex 27.95 -17.189 7.5
      vertex 27.8335 -16.7543 7.5
      vertex 27.8447 -17.2247 7.5
    endloop
  endfacet
  facet normal -0 0 1
    outer loop
      vertex 27.6725 -16.809 7.5
      vertex 27.8447 -17.2247 7.5
      vertex 27.8335 -16.7543 7.5
    endloop
  endfacet
  facet normal 0 0 1
    outer loop
      vertex 27.8447 -17.2247 7.5
      vertex 27.6725 -16.809 7.5
      vertex 27.745 -17.2739 7.5
    endloop
  endfacet
  facet normal -0 0 1
    outer loop
      vertex 27.52 -16.8842 7.5
      vertex 27.745 -17.2739 7.5
      vertex 27.6725 -16.809 7.5
    endloop
  endfacet
  facet normal 0 0 1
    outer loop
      vertex 27.745 -17.2739 7.5
      vertex 27.52 -16.8842 7.5
      vertex 27.6526 -17.3356 7.5
    endloop
  endfacet
  facet normal -0 0 1
    outer loop
      vertex 27.3786 -16.9786 7.5
      vertex 27.6526 -17.3356 7.5
      vertex 27.52 -16.8842 7.5
    endloop
  endfacet
  facet normal 0 0 1
    outer loop
      vertex 27.6526 -17.3356 7.5
      vertex 27.3786 -16.9786 7.5
      vertex 27.569 -17.409 7.5
    endloop
  endfacet
  facet normal -0 0 1
    outer loop
      vertex 27.2508 -17.0908 7.5
      vertex 27.569 -17.409 7.5
      vertex 27.3786 -16.9786 7.5
    endloop
  endfacet
  facet normal 0 0 1
    outer loop
      vertex 27.569 -17.409 7.5
      vertex 27.2508 -17.0908 7.5
      vertex 27.4956 -17.4926 7.5
    endloop
  endfacet
  facet normal -0 0 1
    outer loop
      vertex 27.1386 -17.2186 7.5
      vertex 27.4956 -17.4926 7.5
      vertex 27.2508 -17.0908 7.5
    endloop
  endfacet
  facet normal 0 0 1
    outer loop
      vertex 27.4956 -17.4926 7.5
      vertex 27.1386 -17.2186 7.5
      vertex 27.4339 -17.585 7.5
    endloop
  endfacet
  facet normal -0 0 1
    outer loop
      vertex 27.0442 -17.36 7.5
      vertex 27.4339 -17.585 7.5
      vertex 27.1386 -17.2186 7.5
    endloop
  endfacet
  facet normal 0 0 1
    outer loop
      vertex 27.4339 -17.585 7.5
      vertex 27.0442 -17.36 7.5
      vertex 27.3847 -17.6847 7.5
    endloop
  endfacet
  facet normal -0 0 1
    outer loop
      vertex 26.969 -17.5125 7.5
      vertex 27.3847 -17.6847 7.5
      vertex 27.0442 -17.36 7.5
    endloop
  endfacet
  facet normal 0 0 1
    outer loop
      vertex 29.371 -18.5075 7.5
      vertex 28.9553 -18.3353 7.5
      vertex 29.2958 -18.66 7.5
    endloop
  endfacet
  facet normal -0 0 1
    outer loop
      vertex 28.9061 -18.435 7.5
      vertex 29.2958 -18.66 7.5
      vertex 28.9553 -18.3353 7.5
    endloop
  endfacet
  facet normal 0 0 1
    outer loop
      vertex 29.2958 -18.66 7.5
      vertex 28.9061 -18.435 7.5
      vertex 29.2014 -18.8014 7.5
    endloop
  endfacet
  facet normal -0 0 1
    outer loop
      vertex 28.8443 -18.5274 7.5
      vertex 29.2014 -18.8014 7.5
      vertex 28.9061 -18.435 7.5
    endloop
  endfacet
  facet normal 0 0 1
    outer loop
      vertex 29.2014 -18.8014 7.5
      vertex 28.8443 -18.5274 7.5
      vertex 29.0892 -18.9292 7.5
    endloop
  endfacet
  facet normal -0 0 1
    outer loop
      vertex 28.771 -18.611 7.5
      vertex 29.0892 -18.9292 7.5
      vertex 28.8443 -18.5274 7.5
    endloop
  endfacet
  facet normal 0 0 1
    outer loop
      vertex 29.0892 -18.9292 7.5
      vertex 28.771 -18.611 7.5
      vertex 28.9614 -19.0414 7.5
    endloop
  endfacet
  facet normal -0 0 1
    outer loop
      vertex 28.6874 -18.6843 7.5
      vertex 28.9614 -19.0414 7.5
      vertex 28.771 -18.611 7.5
    endloop
  endfacet
  facet normal 0 0 1
    outer loop
      vertex 28.9614 -19.0414 7.5
      vertex 28.6874 -18.6843 7.5
      vertex 28.82 -19.1358 7.5
    endloop
  endfacet
  facet normal -0 0 1
    outer loop
      vertex 28.595 -18.7461 7.5
      vertex 28.82 -19.1358 7.5
      vertex 28.6874 -18.6843 7.5
    endloop
  endfacet
  facet normal 0 0 1
    outer loop
      vertex 28.82 -19.1358 7.5
      vertex 28.595 -18.7461 7.5
      vertex 28.6675 -19.211 7.5
    endloop
  endfacet
  facet normal -0 0 1
    outer loop
      vertex 28.4953 -18.7953 7.5
      vertex 28.6675 -19.211 7.5
      vertex 28.595 -18.7461 7.5
    endloop
  endfacet
  facet normal 0 0 1
    outer loop
      vertex 28.6675 -19.211 7.5
      vertex 28.4953 -18.7953 7.5
      vertex 28.5065 -19.2657 7.5
    endloop
  endfacet
  facet normal -0 0 1
    outer loop
      vertex 28.39 -18.831 7.5
      vertex 28.5065 -19.2657 7.5
      vertex 28.4953 -18.7953 7.5
    endloop
  endfacet
  facet normal 0 0 1
    outer loop
      vertex 28.39 -18.831 7.5
      vertex 28.3397 -19.2989 7.5
      vertex 28.5065 -19.2657 7.5
    endloop
  endfacet
  facet normal -0 0 1
    outer loop
      vertex 28.2809 -18.8527 7.5
      vertex 28.3397 -19.2989 7.5
      vertex 28.39 -18.831 7.5
    endloop
  endfacet
  facet normal -0 0 1
    outer loop
      vertex 28.17 -18.86 7.5
      vertex 28.3397 -19.2989 7.5
      vertex 28.2809 -18.8527 7.5
    endloop
  endfacet
  facet normal 0 0 1
    outer loop
      vertex 28.17 -18.86 7.5
      vertex 28.17 -19.31 7.5
      vertex 28.3397 -19.2989 7.5
    endloop
  endfacet
  facet normal 0 0 1
    outer loop
      vertex 28.0591 -18.8527 7.5
      vertex 28.17 -19.31 7.5
      vertex 28.17 -18.86 7.5
    endloop
  endfacet
  facet normal 0 0 1
    outer loop
      vertex 28.0591 -18.8527 7.5
      vertex 28.0003 -19.2989 7.5
      vertex 28.17 -19.31 7.5
    endloop
  endfacet
  facet normal 0 0 1
    outer loop
      vertex 27.95 -18.831 7.5
      vertex 28.0003 -19.2989 7.5
      vertex 28.0591 -18.8527 7.5
    endloop
  endfacet
  facet normal 0 0 1
    outer loop
      vertex 27.8335 -19.2657 7.5
      vertex 27.95 -18.831 7.5
      vertex 27.8447 -18.7953 7.5
    endloop
  endfacet
  facet normal 0 0 1
    outer loop
      vertex 27.95 -18.831 7.5
      vertex 27.8335 -19.2657 7.5
      vertex 28.0003 -19.2989 7.5
    endloop
  endfacet
  facet normal 0 0 1
    outer loop
      vertex 27.6725 -19.211 7.5
      vertex 27.8447 -18.7953 7.5
      vertex 27.745 -18.7461 7.5
    endloop
  endfacet
  facet normal 0 0 1
    outer loop
      vertex 27.8447 -18.7953 7.5
      vertex 27.6725 -19.211 7.5
      vertex 27.8335 -19.2657 7.5
    endloop
  endfacet
  facet normal 0 0 1
    outer loop
      vertex 27.52 -19.1358 7.5
      vertex 27.745 -18.7461 7.5
      vertex 27.6526 -18.6843 7.5
    endloop
  endfacet
  facet normal 0 0 1
    outer loop
      vertex 27.3786 -19.0414 7.5
      vertex 27.6526 -18.6843 7.5
      vertex 27.569 -18.611 7.5
    endloop
  endfacet
  facet normal 0 0 1
    outer loop
      vertex 27.745 -18.7461 7.5
      vertex 27.52 -19.1358 7.5
      vertex 27.6725 -19.211 7.5
    endloop
  endfacet
  facet normal 0 0 1
    outer loop
      vertex 27.2508 -18.9292 7.5
      vertex 27.569 -18.611 7.5
      vertex 27.4956 -18.5274 7.5
    endloop
  endfacet
  facet normal 0 0 1
    outer loop
      vertex 27.1386 -18.8014 7.5
      vertex 27.4956 -18.5274 7.5
      vertex 27.4339 -18.435 7.5
    endloop
  endfacet
  facet normal 0 0 1
    outer loop
      vertex 27.0442 -18.66 7.5
      vertex 27.4339 -18.435 7.5
      vertex 27.3847 -18.3353 7.5
    endloop
  endfacet
  facet normal 0 0 1
    outer loop
      vertex 27.6526 -18.6843 7.5
      vertex 27.3786 -19.0414 7.5
      vertex 27.52 -19.1358 7.5
    endloop
  endfacet
  facet normal 0 0 1
    outer loop
      vertex 26.969 -18.5075 7.5
      vertex 27.3847 -18.3353 7.5
      vertex 27.349 -18.23 7.5
    endloop
  endfacet
  facet normal 0 0 1
    outer loop
      vertex 26.9143 -18.3465 7.5
      vertex 27.349 -18.23 7.5
      vertex 27.3273 -18.1209 7.5
    endloop
  endfacet
  facet normal 0 0 1
    outer loop
      vertex 26.8811 -18.1797 7.5
      vertex 27.3273 -18.1209 7.5
      vertex 27.32 -18.01 7.5
    endloop
  endfacet
  facet normal 0 0 1
    outer loop
      vertex 27.3847 -17.6847 7.5
      vertex 26.969 -17.5125 7.5
      vertex 27.349 -17.79 7.5
    endloop
  endfacet
  facet normal 0 0 1
    outer loop
      vertex 27.569 -18.611 7.5
      vertex 27.2508 -18.9292 7.5
      vertex 27.3786 -19.0414 7.5
    endloop
  endfacet
  facet normal -0 0 1
    outer loop
      vertex 26.9143 -17.6735 7.5
      vertex 27.349 -17.79 7.5
      vertex 26.969 -17.5125 7.5
    endloop
  endfacet
  facet normal 0 0 1
    outer loop
      vertex 27.4956 -18.5274 7.5
      vertex 27.1386 -18.8014 7.5
      vertex 27.2508 -18.9292 7.5
    endloop
  endfacet
  facet normal 0 0 1
    outer loop
      vertex 27.349 -17.79 7.5
      vertex 26.9143 -17.6735 7.5
      vertex 27.3273 -17.8991 7.5
    endloop
  endfacet
  facet normal 0 0 1
    outer loop
      vertex 27.4339 -18.435 7.5
      vertex 27.0442 -18.66 7.5
      vertex 27.1386 -18.8014 7.5
    endloop
  endfacet
  facet normal -0 0 1
    outer loop
      vertex 26.8811 -17.8403 7.5
      vertex 27.3273 -17.8991 7.5
      vertex 26.9143 -17.6735 7.5
    endloop
  endfacet
  facet normal 0 0 1
    outer loop
      vertex 27.3847 -18.3353 7.5
      vertex 26.969 -18.5075 7.5
      vertex 27.0442 -18.66 7.5
    endloop
  endfacet
  facet normal 0 0 1
    outer loop
      vertex 27.3273 -17.8991 7.5
      vertex 26.8811 -17.8403 7.5
      vertex 27.32 -18.01 7.5
    endloop
  endfacet
  facet normal 0 0 1
    outer loop
      vertex 27.349 -18.23 7.5
      vertex 26.9143 -18.3465 7.5
      vertex 26.969 -18.5075 7.5
    endloop
  endfacet
  facet normal 0 0 1
    outer loop
      vertex 26.87 -18.01 7.5
      vertex 27.32 -18.01 7.5
      vertex 26.8811 -17.8403 7.5
    endloop
  endfacet
  facet normal 0 0 1
    outer loop
      vertex 27.3273 -18.1209 7.5
      vertex 26.8811 -18.1797 7.5
      vertex 26.9143 -18.3465 7.5
    endloop
  endfacet
  facet normal 0 0 1
    outer loop
      vertex 27.32 -18.01 7.5
      vertex 26.87 -18.01 7.5
      vertex 26.8811 -18.1797 7.5
    endloop
  endfacet
  facet normal -0.195079 -0.980788 0
    outer loop
      vertex 28.2809 18.8527 1.6
      vertex 28.39 18.831 7.5
      vertex 28.2809 18.8527 7.5
    endloop
  endfacet
  facet normal -0.195079 -0.980788 -0
    outer loop
      vertex 28.39 18.831 7.5
      vertex 28.2809 18.8527 1.6
      vertex 28.39 18.831 1.6
    endloop
  endfacet
  facet normal -0.980788 -0.195079 0
    outer loop
      vertex 29.0127 18.1209 1.6
      vertex 28.991 18.23 7.5
      vertex 28.991 18.23 1.6
    endloop
  endfacet
  facet normal -0.980788 -0.195079 0
    outer loop
      vertex 28.991 18.23 7.5
      vertex 29.0127 18.1209 1.6
      vertex 29.0127 18.1209 7.5
    endloop
  endfacet
  facet normal -0.997841 -0.0656829 0
    outer loop
      vertex 29.02 18.01 1.6
      vertex 29.0127 18.1209 7.5
      vertex 29.0127 18.1209 1.6
    endloop
  endfacet
  facet normal -0.997841 -0.0656829 0
    outer loop
      vertex 29.0127 18.1209 7.5
      vertex 29.02 18.01 1.6
      vertex 29.02 18.01 7.5
    endloop
  endfacet
  facet normal -0.947052 -0.32108 0
    outer loop
      vertex 28.991 18.23 1.6
      vertex 28.9553 18.3353 7.5
      vertex 28.9553 18.3353 1.6
    endloop
  endfacet
  facet normal -0.947052 -0.32108 0
    outer loop
      vertex 28.9553 18.3353 7.5
      vertex 28.991 18.23 1.6
      vertex 28.991 18.23 7.5
    endloop
  endfacet
  facet normal -0.831219 -0.555945 0
    outer loop
      vertex 28.9061 18.435 1.6
      vertex 28.8443 18.5274 7.5
      vertex 28.8443 18.5274 1.6
    endloop
  endfacet
  facet normal -0.831219 -0.555945 0
    outer loop
      vertex 28.8443 18.5274 7.5
      vertex 28.9061 18.435 1.6
      vertex 28.9061 18.435 7.5
    endloop
  endfacet
  facet normal -0.32108 -0.947052 0
    outer loop
      vertex 28.39 18.831 1.6
      vertex 28.4953 18.7953 7.5
      vertex 28.39 18.831 7.5
    endloop
  endfacet
  facet normal -0.32108 -0.947052 -0
    outer loop
      vertex 28.4953 18.7953 7.5
      vertex 28.39 18.831 1.6
      vertex 28.4953 18.7953 1.6
    endloop
  endfacet
  facet normal 0.980788 0.195079 0
    outer loop
      vertex 27.349 17.79 7.5
      vertex 27.3273 17.8991 1.6
      vertex 27.3273 17.8991 7.5
    endloop
  endfacet
  facet normal 0.980788 0.195079 0
    outer loop
      vertex 27.3273 17.8991 1.6
      vertex 27.349 17.79 7.5
      vertex 27.349 17.79 1.6
    endloop
  endfacet
  facet normal -0.997841 0.0656829 0
    outer loop
      vertex 29.0127 17.8991 1.6
      vertex 29.02 18.01 7.5
      vertex 29.02 18.01 1.6
    endloop
  endfacet
  facet normal -0.997841 0.0656829 0
    outer loop
      vertex 29.02 18.01 7.5
      vertex 29.0127 17.8991 1.6
      vertex 29.0127 17.8991 7.5
    endloop
  endfacet
  facet normal 0.997841 0.0656829 0
    outer loop
      vertex 27.3273 17.8991 7.5
      vertex 27.32 18.01 1.6
      vertex 27.32 18.01 7.5
    endloop
  endfacet
  facet normal 0.997841 0.0656829 0
    outer loop
      vertex 27.32 18.01 1.6
      vertex 27.3273 17.8991 7.5
      vertex 27.3273 17.8991 1.6
    endloop
  endfacet
  facet normal 0.32108 0.947052 -0
    outer loop
      vertex 27.95 17.189 1.6
      vertex 27.8447 17.2247 7.5
      vertex 27.95 17.189 7.5
    endloop
  endfacet
  facet normal 0.32108 0.947052 0
    outer loop
      vertex 27.8447 17.2247 7.5
      vertex 27.95 17.189 1.6
      vertex 27.8447 17.2247 1.6
    endloop
  endfacet
  facet normal -0.896754 -0.44253 0
    outer loop
      vertex 28.9553 18.3353 1.6
      vertex 28.9061 18.435 7.5
      vertex 28.9061 18.435 1.6
    endloop
  endfacet
  facet normal -0.896754 -0.44253 0
    outer loop
      vertex 28.9061 18.435 7.5
      vertex 28.9553 18.3353 1.6
      vertex 28.9553 18.3353 7.5
    endloop
  endfacet
  facet normal -0.751908 -0.659268 0
    outer loop
      vertex 28.8443 18.5274 1.6
      vertex 28.771 18.611 7.5
      vertex 28.771 18.611 1.6
    endloop
  endfacet
  facet normal -0.751908 -0.659268 0
    outer loop
      vertex 28.771 18.611 7.5
      vertex 28.8443 18.5274 1.6
      vertex 28.8443 18.5274 7.5
    endloop
  endfacet
  facet normal -0.947052 0.32108 0
    outer loop
      vertex 28.9553 17.6847 1.6
      vertex 28.991 17.79 7.5
      vertex 28.991 17.79 1.6
    endloop
  endfacet
  facet normal -0.947052 0.32108 0
    outer loop
      vertex 28.991 17.79 7.5
      vertex 28.9553 17.6847 1.6
      vertex 28.9553 17.6847 7.5
    endloop
  endfacet
  facet normal 0.751462 0.659776 0
    outer loop
      vertex 27.569 17.409 7.5
      vertex 27.4956 17.4926 1.6
      vertex 27.4956 17.4926 7.5
    endloop
  endfacet
  facet normal 0.751462 0.659776 0
    outer loop
      vertex 27.4956 17.4926 1.6
      vertex 27.569 17.409 7.5
      vertex 27.569 17.409 1.6
    endloop
  endfacet
  facet normal -0.980788 0.195079 0
    outer loop
      vertex 28.991 17.79 1.6
      vertex 29.0127 17.8991 7.5
      vertex 29.0127 17.8991 1.6
    endloop
  endfacet
  facet normal -0.980788 0.195079 0
    outer loop
      vertex 29.0127 17.8991 7.5
      vertex 28.991 17.79 1.6
      vertex 28.991 17.79 7.5
    endloop
  endfacet
  facet normal -0.0656829 0.997841 0
    outer loop
      vertex 28.2809 17.1673 1.6
      vertex 28.17 17.16 7.5
      vertex 28.2809 17.1673 7.5
    endloop
  endfacet
  facet normal -0.0656829 0.997841 0
    outer loop
      vertex 28.17 17.16 7.5
      vertex 28.2809 17.1673 1.6
      vertex 28.17 17.16 1.6
    endloop
  endfacet
  facet normal 0.947052 0.32108 0
    outer loop
      vertex 27.3847 17.6847 7.5
      vertex 27.349 17.79 1.6
      vertex 27.349 17.79 7.5
    endloop
  endfacet
  facet normal 0.947052 0.32108 0
    outer loop
      vertex 27.349 17.79 1.6
      vertex 27.3847 17.6847 7.5
      vertex 27.3847 17.6847 1.6
    endloop
  endfacet
  facet normal -0.831219 0.555945 0
    outer loop
      vertex 28.8443 17.4926 1.6
      vertex 28.9061 17.585 7.5
      vertex 28.9061 17.585 1.6
    endloop
  endfacet
  facet normal -0.831219 0.555945 0
    outer loop
      vertex 28.9061 17.585 7.5
      vertex 28.8443 17.4926 1.6
      vertex 28.8443 17.4926 7.5
    endloop
  endfacet
  facet normal -0.44253 -0.896754 0
    outer loop
      vertex 28.4953 18.7953 1.6
      vertex 28.595 18.7461 7.5
      vertex 28.4953 18.7953 7.5
    endloop
  endfacet
  facet normal -0.44253 -0.896754 -0
    outer loop
      vertex 28.595 18.7461 7.5
      vertex 28.4953 18.7953 1.6
      vertex 28.595 18.7461 1.6
    endloop
  endfacet
  facet normal 0.44253 -0.896754 0
    outer loop
      vertex 27.745 18.7461 1.6
      vertex 27.8447 18.7953 7.5
      vertex 27.745 18.7461 7.5
    endloop
  endfacet
  facet normal 0.44253 -0.896754 0
    outer loop
      vertex 27.8447 18.7953 7.5
      vertex 27.745 18.7461 1.6
      vertex 27.8447 18.7953 1.6
    endloop
  endfacet
  facet normal -0.44253 0.896754 0
    outer loop
      vertex 28.595 17.2739 1.6
      vertex 28.4953 17.2247 7.5
      vertex 28.595 17.2739 7.5
    endloop
  endfacet
  facet normal -0.44253 0.896754 0
    outer loop
      vertex 28.4953 17.2247 7.5
      vertex 28.595 17.2739 1.6
      vertex 28.4953 17.2247 1.6
    endloop
  endfacet
  facet normal -0.32108 0.947052 0
    outer loop
      vertex 28.4953 17.2247 1.6
      vertex 28.39 17.189 7.5
      vertex 28.4953 17.2247 7.5
    endloop
  endfacet
  facet normal -0.32108 0.947052 0
    outer loop
      vertex 28.39 17.189 7.5
      vertex 28.4953 17.2247 1.6
      vertex 28.39 17.189 1.6
    endloop
  endfacet
  facet normal 0.195079 0.980788 -0
    outer loop
      vertex 28.0591 17.1673 1.6
      vertex 27.95 17.189 7.5
      vertex 28.0591 17.1673 7.5
    endloop
  endfacet
  facet normal 0.195079 0.980788 0
    outer loop
      vertex 27.95 17.189 7.5
      vertex 28.0591 17.1673 1.6
      vertex 27.95 17.189 1.6
    endloop
  endfacet
  facet normal 0.947052 -0.32108 0
    outer loop
      vertex 27.349 18.23 7.5
      vertex 27.3847 18.3353 1.6
      vertex 27.3847 18.3353 7.5
    endloop
  endfacet
  facet normal 0.947052 -0.32108 0
    outer loop
      vertex 27.3847 18.3353 1.6
      vertex 27.349 18.23 7.5
      vertex 27.349 18.23 1.6
    endloop
  endfacet
  facet normal 0.195079 -0.980788 0
    outer loop
      vertex 27.95 18.831 1.6
      vertex 28.0591 18.8527 7.5
      vertex 27.95 18.831 7.5
    endloop
  endfacet
  facet normal 0.195079 -0.980788 0
    outer loop
      vertex 28.0591 18.8527 7.5
      vertex 27.95 18.831 1.6
      vertex 28.0591 18.8527 1.6
    endloop
  endfacet
  facet normal 0.555945 -0.831219 0
    outer loop
      vertex 27.6526 18.6843 1.6
      vertex 27.745 18.7461 7.5
      vertex 27.6526 18.6843 7.5
    endloop
  endfacet
  facet normal 0.555945 -0.831219 0
    outer loop
      vertex 27.745 18.7461 7.5
      vertex 27.6526 18.6843 1.6
      vertex 27.745 18.7461 1.6
    endloop
  endfacet
  facet normal -0.555323 0.831635 0
    outer loop
      vertex 28.6874 17.3356 1.6
      vertex 28.595 17.2739 7.5
      vertex 28.6874 17.3356 7.5
    endloop
  endfacet
  facet normal -0.555323 0.831635 0
    outer loop
      vertex 28.595 17.2739 7.5
      vertex 28.6874 17.3356 1.6
      vertex 28.595 17.2739 1.6
    endloop
  endfacet
  facet normal -0.195079 0.980788 0
    outer loop
      vertex 28.39 17.189 1.6
      vertex 28.2809 17.1673 7.5
      vertex 28.39 17.189 7.5
    endloop
  endfacet
  facet normal -0.195079 0.980788 0
    outer loop
      vertex 28.2809 17.1673 7.5
      vertex 28.39 17.189 1.6
      vertex 28.2809 17.1673 1.6
    endloop
  endfacet
  facet normal 0.896754 -0.44253 0
    outer loop
      vertex 27.3847 18.3353 7.5
      vertex 27.4339 18.435 1.6
      vertex 27.4339 18.435 7.5
    endloop
  endfacet
  facet normal 0.896754 -0.44253 0
    outer loop
      vertex 27.4339 18.435 1.6
      vertex 27.3847 18.3353 7.5
      vertex 27.3847 18.3353 1.6
    endloop
  endfacet
  facet normal -0.659268 -0.751908 0
    outer loop
      vertex 28.6874 18.6843 1.6
      vertex 28.771 18.611 7.5
      vertex 28.6874 18.6843 7.5
    endloop
  endfacet
  facet normal -0.659268 -0.751908 -0
    outer loop
      vertex 28.771 18.611 7.5
      vertex 28.6874 18.6843 1.6
      vertex 28.771 18.611 1.6
    endloop
  endfacet
  facet normal 0.831635 -0.555323 0
    outer loop
      vertex 27.4339 18.435 7.5
      vertex 27.4956 18.5274 1.6
      vertex 27.4956 18.5274 7.5
    endloop
  endfacet
  facet normal 0.831635 -0.555323 0
    outer loop
      vertex 27.4956 18.5274 1.6
      vertex 27.4339 18.435 7.5
      vertex 27.4339 18.435 1.6
    endloop
  endfacet
  facet normal 0.0656829 0.997841 -0
    outer loop
      vertex 28.17 17.16 1.6
      vertex 28.0591 17.1673 7.5
      vertex 28.17 17.16 7.5
    endloop
  endfacet
  facet normal 0.0656829 0.997841 0
    outer loop
      vertex 28.0591 17.1673 7.5
      vertex 28.17 17.16 1.6
      vertex 28.0591 17.1673 1.6
    endloop
  endfacet
  facet normal 0.0656829 -0.997841 0
    outer loop
      vertex 28.0591 18.8527 1.6
      vertex 28.17 18.86 7.5
      vertex 28.0591 18.8527 7.5
    endloop
  endfacet
  facet normal 0.0656829 -0.997841 0
    outer loop
      vertex 28.17 18.86 7.5
      vertex 28.0591 18.8527 1.6
      vertex 28.17 18.86 1.6
    endloop
  endfacet
  facet normal 0.659268 -0.751908 0
    outer loop
      vertex 27.569 18.611 1.6
      vertex 27.6526 18.6843 7.5
      vertex 27.569 18.611 7.5
    endloop
  endfacet
  facet normal 0.659268 -0.751908 0
    outer loop
      vertex 27.6526 18.6843 7.5
      vertex 27.569 18.611 1.6
      vertex 27.6526 18.6843 1.6
    endloop
  endfacet
  facet normal 0.659776 0.751462 -0
    outer loop
      vertex 27.6526 17.3356 1.6
      vertex 27.569 17.409 7.5
      vertex 27.6526 17.3356 7.5
    endloop
  endfacet
  facet normal 0.659776 0.751462 0
    outer loop
      vertex 27.569 17.409 7.5
      vertex 27.6526 17.3356 1.6
      vertex 27.569 17.409 1.6
    endloop
  endfacet
  facet normal 0.751462 -0.659776 0
    outer loop
      vertex 27.4956 18.5274 7.5
      vertex 27.569 18.611 1.6
      vertex 27.569 18.611 7.5
    endloop
  endfacet
  facet normal 0.751462 -0.659776 0
    outer loop
      vertex 27.569 18.611 1.6
      vertex 27.4956 18.5274 7.5
      vertex 27.4956 18.5274 1.6
    endloop
  endfacet
  facet normal -0.751908 0.659268 0
    outer loop
      vertex 28.771 17.409 1.6
      vertex 28.8443 17.4926 7.5
      vertex 28.8443 17.4926 1.6
    endloop
  endfacet
  facet normal -0.751908 0.659268 0
    outer loop
      vertex 28.8443 17.4926 7.5
      vertex 28.771 17.409 1.6
      vertex 28.771 17.409 7.5
    endloop
  endfacet
  facet normal -0.896754 0.44253 0
    outer loop
      vertex 28.9061 17.585 1.6
      vertex 28.9553 17.6847 7.5
      vertex 28.9553 17.6847 1.6
    endloop
  endfacet
  facet normal -0.896754 0.44253 0
    outer loop
      vertex 28.9553 17.6847 7.5
      vertex 28.9061 17.585 1.6
      vertex 28.9061 17.585 7.5
    endloop
  endfacet
  facet normal 0.555323 0.831635 -0
    outer loop
      vertex 27.745 17.2739 1.6
      vertex 27.6526 17.3356 7.5
      vertex 27.745 17.2739 7.5
    endloop
  endfacet
  facet normal 0.555323 0.831635 0
    outer loop
      vertex 27.6526 17.3356 7.5
      vertex 27.745 17.2739 1.6
      vertex 27.6526 17.3356 1.6
    endloop
  endfacet
  facet normal 0.980788 -0.195079 0
    outer loop
      vertex 27.3273 18.1209 7.5
      vertex 27.349 18.23 1.6
      vertex 27.349 18.23 7.5
    endloop
  endfacet
  facet normal 0.980788 -0.195079 0
    outer loop
      vertex 27.349 18.23 1.6
      vertex 27.3273 18.1209 7.5
      vertex 27.3273 18.1209 1.6
    endloop
  endfacet
  facet normal -0.0656829 -0.997841 0
    outer loop
      vertex 28.17 18.86 1.6
      vertex 28.2809 18.8527 7.5
      vertex 28.17 18.86 7.5
    endloop
  endfacet
  facet normal -0.0656829 -0.997841 -0
    outer loop
      vertex 28.2809 18.8527 7.5
      vertex 28.17 18.86 1.6
      vertex 28.2809 18.8527 1.6
    endloop
  endfacet
  facet normal -0.555945 -0.831219 0
    outer loop
      vertex 28.595 18.7461 1.6
      vertex 28.6874 18.6843 7.5
      vertex 28.595 18.7461 7.5
    endloop
  endfacet
  facet normal -0.555945 -0.831219 -0
    outer loop
      vertex 28.6874 18.6843 7.5
      vertex 28.595 18.7461 1.6
      vertex 28.6874 18.6843 1.6
    endloop
  endfacet
  facet normal 0.32108 -0.947052 0
    outer loop
      vertex 27.8447 18.7953 1.6
      vertex 27.95 18.831 7.5
      vertex 27.8447 18.7953 7.5
    endloop
  endfacet
  facet normal 0.32108 -0.947052 0
    outer loop
      vertex 27.95 18.831 7.5
      vertex 27.8447 18.7953 1.6
      vertex 27.95 18.831 1.6
    endloop
  endfacet
  facet normal 0.997841 -0.0656829 0
    outer loop
      vertex 27.32 18.01 7.5
      vertex 27.3273 18.1209 1.6
      vertex 27.3273 18.1209 7.5
    endloop
  endfacet
  facet normal 0.997841 -0.0656829 0
    outer loop
      vertex 27.3273 18.1209 1.6
      vertex 27.32 18.01 7.5
      vertex 27.32 18.01 1.6
    endloop
  endfacet
  facet normal 0.896754 0.44253 0
    outer loop
      vertex 27.4339 17.585 7.5
      vertex 27.3847 17.6847 1.6
      vertex 27.3847 17.6847 7.5
    endloop
  endfacet
  facet normal 0.896754 0.44253 0
    outer loop
      vertex 27.3847 17.6847 1.6
      vertex 27.4339 17.585 7.5
      vertex 27.4339 17.585 1.6
    endloop
  endfacet
  facet normal 0.44253 0.896754 -0
    outer loop
      vertex 27.8447 17.2247 1.6
      vertex 27.745 17.2739 7.5
      vertex 27.8447 17.2247 7.5
    endloop
  endfacet
  facet normal 0.44253 0.896754 0
    outer loop
      vertex 27.745 17.2739 7.5
      vertex 27.8447 17.2247 1.6
      vertex 27.745 17.2739 1.6
    endloop
  endfacet
  facet normal -0.659776 0.751462 0
    outer loop
      vertex 28.771 17.409 1.6
      vertex 28.6874 17.3356 7.5
      vertex 28.771 17.409 7.5
    endloop
  endfacet
  facet normal -0.659776 0.751462 0
    outer loop
      vertex 28.6874 17.3356 7.5
      vertex 28.771 17.409 1.6
      vertex 28.6874 17.3356 1.6
    endloop
  endfacet
  facet normal 0.831635 0.555323 0
    outer loop
      vertex 27.4956 17.4926 7.5
      vertex 27.4339 17.585 1.6
      vertex 27.4339 17.585 7.5
    endloop
  endfacet
  facet normal 0.831635 0.555323 0
    outer loop
      vertex 27.4339 17.585 1.6
      vertex 27.4956 17.4926 7.5
      vertex 27.4956 17.4926 1.6
    endloop
  endfacet
  facet normal -0.980761 -0.195211 0
    outer loop
      vertex 29.4589 18.1797 7.5
      vertex 29.4257 18.3465 17.1
      vertex 29.4257 18.3465 7.5
    endloop
  endfacet
  facet normal -0.980761 -0.195211 0
    outer loop
      vertex 29.4257 18.3465 17.1
      vertex 29.4589 18.1797 7.5
      vertex 29.4589 18.1797 17.1
    endloop
  endfacet
  facet normal -0.997868 -0.0652701 0
    outer loop
      vertex 29.47 18.01 7.5
      vertex 29.4589 18.1797 17.1
      vertex 29.4589 18.1797 7.5
    endloop
  endfacet
  facet normal -0.997868 -0.0652701 0
    outer loop
      vertex 29.4589 18.1797 17.1
      vertex 29.47 18.01 7.5
      vertex 29.47 18.01 17.1
    endloop
  endfacet
  facet normal -0.946844 -0.321692 0
    outer loop
      vertex 29.4257 18.3465 7.5
      vertex 29.371 18.5075 17.1
      vertex 29.371 18.5075 7.5
    endloop
  endfacet
  facet normal -0.946844 -0.321692 0
    outer loop
      vertex 29.371 18.5075 17.1
      vertex 29.4257 18.3465 7.5
      vertex 29.4257 18.3465 17.1
    endloop
  endfacet
  facet normal 0.195211 0.980761 -0
    outer loop
      vertex 28.0003 16.7211 7.5
      vertex 27.8335 16.7543 17.1
      vertex 28.0003 16.7211 17.1
    endloop
  endfacet
  facet normal 0.195211 0.980761 0
    outer loop
      vertex 27.8335 16.7543 17.1
      vertex 28.0003 16.7211 7.5
      vertex 27.8335 16.7543 7.5
    endloop
  endfacet
  facet normal -0.442267 -0.896884 0
    outer loop
      vertex 28.6675 19.211 7.5
      vertex 28.82 19.1358 17.1
      vertex 28.6675 19.211 17.1
    endloop
  endfacet
  facet normal -0.442267 -0.896884 -0
    outer loop
      vertex 28.82 19.1358 17.1
      vertex 28.6675 19.211 7.5
      vertex 28.82 19.1358 7.5
    endloop
  endfacet
  facet normal -0.896884 -0.442267 0
    outer loop
      vertex 29.371 18.5075 7.5
      vertex 29.2958 18.66 17.1
      vertex 29.2958 18.66 7.5
    endloop
  endfacet
  facet normal -0.896884 -0.442267 0
    outer loop
      vertex 29.2958 18.66 17.1
      vertex 29.371 18.5075 7.5
      vertex 29.371 18.5075 17.1
    endloop
  endfacet
  facet normal -0.831688 -0.555243 0
    outer loop
      vertex 29.2958 18.66 7.5
      vertex 29.2014 18.8014 17.1
      vertex 29.2014 18.8014 7.5
    endloop
  endfacet
  facet normal -0.831688 -0.555243 0
    outer loop
      vertex 29.2014 18.8014 17.1
      vertex 29.2958 18.66 7.5
      vertex 29.2958 18.66 17.1
    endloop
  endfacet
  facet normal -0.751483 0.659753 0
    outer loop
      vertex 29.0892 17.0908 7.5
      vertex 29.2014 17.2186 17.1
      vertex 29.2014 17.2186 7.5
    endloop
  endfacet
  facet normal -0.751483 0.659753 0
    outer loop
      vertex 29.2014 17.2186 17.1
      vertex 29.0892 17.0908 7.5
      vertex 29.0892 17.0908 17.1
    endloop
  endfacet
  facet normal 0.442267 -0.896884 0
    outer loop
      vertex 27.52 19.1358 7.5
      vertex 27.6725 19.211 17.1
      vertex 27.52 19.1358 17.1
    endloop
  endfacet
  facet normal 0.442267 -0.896884 0
    outer loop
      vertex 27.6725 19.211 17.1
      vertex 27.52 19.1358 7.5
      vertex 27.6725 19.211 7.5
    endloop
  endfacet
  facet normal 0.997868 0.0652701 0
    outer loop
      vertex 26.8811 17.8403 17.1
      vertex 26.87 18.01 7.5
      vertex 26.87 18.01 17.1
    endloop
  endfacet
  facet normal 0.997868 0.0652701 0
    outer loop
      vertex 26.87 18.01 7.5
      vertex 26.8811 17.8403 17.1
      vertex 26.8811 17.8403 7.5
    endloop
  endfacet
  facet normal -0.896884 0.442267 0
    outer loop
      vertex 29.2958 17.36 7.5
      vertex 29.371 17.5125 17.1
      vertex 29.371 17.5125 7.5
    endloop
  endfacet
  facet normal -0.896884 0.442267 0
    outer loop
      vertex 29.371 17.5125 17.1
      vertex 29.2958 17.36 7.5
      vertex 29.2958 17.36 17.1
    endloop
  endfacet
  facet normal 0.659753 -0.751483 0
    outer loop
      vertex 27.2508 18.9292 7.5
      vertex 27.3786 19.0414 17.1
      vertex 27.2508 18.9292 17.1
    endloop
  endfacet
  facet normal 0.659753 -0.751483 0
    outer loop
      vertex 27.3786 19.0414 17.1
      vertex 27.2508 18.9292 7.5
      vertex 27.3786 19.0414 7.5
    endloop
  endfacet
  facet normal -0.751483 -0.659753 0
    outer loop
      vertex 29.2014 18.8014 7.5
      vertex 29.0892 18.9292 17.1
      vertex 29.0892 18.9292 7.5
    endloop
  endfacet
  facet normal -0.751483 -0.659753 0
    outer loop
      vertex 29.0892 18.9292 17.1
      vertex 29.2014 18.8014 7.5
      vertex 29.2014 18.8014 17.1
    endloop
  endfacet
  facet normal -0.980761 0.195211 0
    outer loop
      vertex 29.4257 17.6735 7.5
      vertex 29.4589 17.8403 17.1
      vertex 29.4589 17.8403 7.5
    endloop
  endfacet
  facet normal -0.980761 0.195211 0
    outer loop
      vertex 29.4589 17.8403 17.1
      vertex 29.4257 17.6735 7.5
      vertex 29.4257 17.6735 17.1
    endloop
  endfacet
  facet normal -0.946844 0.321692 0
    outer loop
      vertex 29.371 17.5125 7.5
      vertex 29.4257 17.6735 17.1
      vertex 29.4257 17.6735 7.5
    endloop
  endfacet
  facet normal -0.946844 0.321692 0
    outer loop
      vertex 29.4257 17.6735 17.1
      vertex 29.371 17.5125 7.5
      vertex 29.371 17.5125 17.1
    endloop
  endfacet
  facet normal 0.980761 0.195211 0
    outer loop
      vertex 26.9143 17.6735 17.1
      vertex 26.8811 17.8403 7.5
      vertex 26.8811 17.8403 17.1
    endloop
  endfacet
  facet normal 0.980761 0.195211 0
    outer loop
      vertex 26.8811 17.8403 7.5
      vertex 26.9143 17.6735 17.1
      vertex 26.9143 17.6735 7.5
    endloop
  endfacet
  facet normal 0.751483 0.659753 0
    outer loop
      vertex 27.2508 17.0908 17.1
      vertex 27.1386 17.2186 7.5
      vertex 27.1386 17.2186 17.1
    endloop
  endfacet
  facet normal 0.751483 0.659753 0
    outer loop
      vertex 27.1386 17.2186 7.5
      vertex 27.2508 17.0908 17.1
      vertex 27.2508 17.0908 7.5
    endloop
  endfacet
  facet normal -0.555243 -0.831688 0
    outer loop
      vertex 28.82 19.1358 7.5
      vertex 28.9614 19.0414 17.1
      vertex 28.82 19.1358 17.1
    endloop
  endfacet
  facet normal -0.555243 -0.831688 -0
    outer loop
      vertex 28.9614 19.0414 17.1
      vertex 28.82 19.1358 7.5
      vertex 28.9614 19.0414 7.5
    endloop
  endfacet
  facet normal -0.831688 0.555243 0
    outer loop
      vertex 29.2014 17.2186 7.5
      vertex 29.2958 17.36 17.1
      vertex 29.2958 17.36 7.5
    endloop
  endfacet
  facet normal -0.831688 0.555243 0
    outer loop
      vertex 29.2958 17.36 17.1
      vertex 29.2014 17.2186 7.5
      vertex 29.2014 17.2186 17.1
    endloop
  endfacet
  facet normal -0.321692 0.946844 0
    outer loop
      vertex 28.6675 16.809 7.5
      vertex 28.5065 16.7543 17.1
      vertex 28.6675 16.809 17.1
    endloop
  endfacet
  facet normal -0.321692 0.946844 0
    outer loop
      vertex 28.5065 16.7543 17.1
      vertex 28.6675 16.809 7.5
      vertex 28.5065 16.7543 7.5
    endloop
  endfacet
  facet normal 0.555243 -0.831688 0
    outer loop
      vertex 27.3786 19.0414 7.5
      vertex 27.52 19.1358 17.1
      vertex 27.3786 19.0414 17.1
    endloop
  endfacet
  facet normal 0.555243 -0.831688 0
    outer loop
      vertex 27.52 19.1358 17.1
      vertex 27.3786 19.0414 7.5
      vertex 27.52 19.1358 7.5
    endloop
  endfacet
  facet normal -0.195211 0.980761 0
    outer loop
      vertex 28.5065 16.7543 7.5
      vertex 28.3397 16.7211 17.1
      vertex 28.5065 16.7543 17.1
    endloop
  endfacet
  facet normal -0.195211 0.980761 0
    outer loop
      vertex 28.3397 16.7211 17.1
      vertex 28.5065 16.7543 7.5
      vertex 28.3397 16.7211 7.5
    endloop
  endfacet
  facet normal 0.0652701 0.997868 -0
    outer loop
      vertex 28.17 16.71 7.5
      vertex 28.0003 16.7211 17.1
      vertex 28.17 16.71 17.1
    endloop
  endfacet
  facet normal 0.0652701 0.997868 0
    outer loop
      vertex 28.0003 16.7211 17.1
      vertex 28.17 16.71 7.5
      vertex 28.0003 16.7211 7.5
    endloop
  endfacet
  facet normal 0.659753 0.751483 -0
    outer loop
      vertex 27.3786 16.9786 7.5
      vertex 27.2508 17.0908 17.1
      vertex 27.3786 16.9786 17.1
    endloop
  endfacet
  facet normal 0.659753 0.751483 0
    outer loop
      vertex 27.2508 17.0908 17.1
      vertex 27.3786 16.9786 7.5
      vertex 27.2508 17.0908 7.5
    endloop
  endfacet
  facet normal -0.659753 -0.751483 0
    outer loop
      vertex 28.9614 19.0414 7.5
      vertex 29.0892 18.9292 17.1
      vertex 28.9614 19.0414 17.1
    endloop
  endfacet
  facet normal -0.659753 -0.751483 -0
    outer loop
      vertex 29.0892 18.9292 17.1
      vertex 28.9614 19.0414 7.5
      vertex 29.0892 18.9292 7.5
    endloop
  endfacet
  facet normal 0.980761 -0.195211 0
    outer loop
      vertex 26.8811 18.1797 17.1
      vertex 26.9143 18.3465 7.5
      vertex 26.9143 18.3465 17.1
    endloop
  endfacet
  facet normal 0.980761 -0.195211 0
    outer loop
      vertex 26.9143 18.3465 7.5
      vertex 26.8811 18.1797 17.1
      vertex 26.8811 18.1797 7.5
    endloop
  endfacet
  facet normal 0.321692 -0.946844 0
    outer loop
      vertex 27.6725 19.211 7.5
      vertex 27.8335 19.2657 17.1
      vertex 27.6725 19.211 17.1
    endloop
  endfacet
  facet normal 0.321692 -0.946844 0
    outer loop
      vertex 27.8335 19.2657 17.1
      vertex 27.6725 19.211 7.5
      vertex 27.8335 19.2657 7.5
    endloop
  endfacet
  facet normal 0.946844 0.321692 0
    outer loop
      vertex 26.969 17.5125 17.1
      vertex 26.9143 17.6735 7.5
      vertex 26.9143 17.6735 17.1
    endloop
  endfacet
  facet normal 0.946844 0.321692 0
    outer loop
      vertex 26.9143 17.6735 7.5
      vertex 26.969 17.5125 17.1
      vertex 26.969 17.5125 7.5
    endloop
  endfacet
  facet normal -0.0652701 0.997868 0
    outer loop
      vertex 28.3397 16.7211 7.5
      vertex 28.17 16.71 17.1
      vertex 28.3397 16.7211 17.1
    endloop
  endfacet
  facet normal -0.0652701 0.997868 0
    outer loop
      vertex 28.17 16.71 17.1
      vertex 28.3397 16.7211 7.5
      vertex 28.17 16.71 7.5
    endloop
  endfacet
  facet normal 0.751483 -0.659753 0
    outer loop
      vertex 27.1386 18.8014 17.1
      vertex 27.2508 18.9292 7.5
      vertex 27.2508 18.9292 17.1
    endloop
  endfacet
  facet normal 0.751483 -0.659753 0
    outer loop
      vertex 27.2508 18.9292 7.5
      vertex 27.1386 18.8014 17.1
      vertex 27.1386 18.8014 7.5
    endloop
  endfacet
  facet normal 0.831688 -0.555243 0
    outer loop
      vertex 27.0442 18.66 17.1
      vertex 27.1386 18.8014 7.5
      vertex 27.1386 18.8014 17.1
    endloop
  endfacet
  facet normal 0.831688 -0.555243 0
    outer loop
      vertex 27.1386 18.8014 7.5
      vertex 27.0442 18.66 17.1
      vertex 27.0442 18.66 7.5
    endloop
  endfacet
  facet normal 0.946844 -0.321692 0
    outer loop
      vertex 26.9143 18.3465 17.1
      vertex 26.969 18.5075 7.5
      vertex 26.969 18.5075 17.1
    endloop
  endfacet
  facet normal 0.946844 -0.321692 0
    outer loop
      vertex 26.969 18.5075 7.5
      vertex 26.9143 18.3465 17.1
      vertex 26.9143 18.3465 7.5
    endloop
  endfacet
  facet normal -0.321692 -0.946844 0
    outer loop
      vertex 28.5065 19.2657 7.5
      vertex 28.6675 19.211 17.1
      vertex 28.5065 19.2657 17.1
    endloop
  endfacet
  facet normal -0.321692 -0.946844 -0
    outer loop
      vertex 28.6675 19.211 17.1
      vertex 28.5065 19.2657 7.5
      vertex 28.6675 19.211 7.5
    endloop
  endfacet
  facet normal 0.997868 -0.0652701 0
    outer loop
      vertex 26.87 18.01 17.1
      vertex 26.8811 18.1797 7.5
      vertex 26.8811 18.1797 17.1
    endloop
  endfacet
  facet normal 0.997868 -0.0652701 0
    outer loop
      vertex 26.8811 18.1797 7.5
      vertex 26.87 18.01 17.1
      vertex 26.87 18.01 7.5
    endloop
  endfacet
  facet normal 0.896884 0.442267 0
    outer loop
      vertex 27.0442 17.36 17.1
      vertex 26.969 17.5125 7.5
      vertex 26.969 17.5125 17.1
    endloop
  endfacet
  facet normal 0.896884 0.442267 0
    outer loop
      vertex 26.969 17.5125 7.5
      vertex 27.0442 17.36 17.1
      vertex 27.0442 17.36 7.5
    endloop
  endfacet
  facet normal 0.831688 0.555243 0
    outer loop
      vertex 27.1386 17.2186 17.1
      vertex 27.0442 17.36 7.5
      vertex 27.0442 17.36 17.1
    endloop
  endfacet
  facet normal 0.831688 0.555243 0
    outer loop
      vertex 27.0442 17.36 7.5
      vertex 27.1386 17.2186 17.1
      vertex 27.1386 17.2186 7.5
    endloop
  endfacet
  facet normal -0.997868 0.0652701 0
    outer loop
      vertex 29.4589 17.8403 7.5
      vertex 29.47 18.01 17.1
      vertex 29.47 18.01 7.5
    endloop
  endfacet
  facet normal -0.997868 0.0652701 0
    outer loop
      vertex 29.47 18.01 17.1
      vertex 29.4589 17.8403 7.5
      vertex 29.4589 17.8403 17.1
    endloop
  endfacet
  facet normal 0.0652701 -0.997868 0
    outer loop
      vertex 28.0003 19.2989 7.5
      vertex 28.17 19.31 17.1
      vertex 28.0003 19.2989 17.1
    endloop
  endfacet
  facet normal 0.0652701 -0.997868 0
    outer loop
      vertex 28.17 19.31 17.1
      vertex 28.0003 19.2989 7.5
      vertex 28.17 19.31 7.5
    endloop
  endfacet
  facet normal -0.555243 0.831688 0
    outer loop
      vertex 28.9614 16.9786 7.5
      vertex 28.82 16.8842 17.1
      vertex 28.9614 16.9786 17.1
    endloop
  endfacet
  facet normal -0.555243 0.831688 0
    outer loop
      vertex 28.82 16.8842 17.1
      vertex 28.9614 16.9786 7.5
      vertex 28.82 16.8842 7.5
    endloop
  endfacet
  facet normal 0.195211 -0.980761 0
    outer loop
      vertex 27.8335 19.2657 7.5
      vertex 28.0003 19.2989 17.1
      vertex 27.8335 19.2657 17.1
    endloop
  endfacet
  facet normal 0.195211 -0.980761 0
    outer loop
      vertex 28.0003 19.2989 17.1
      vertex 27.8335 19.2657 7.5
      vertex 28.0003 19.2989 7.5
    endloop
  endfacet
  facet normal 0.896884 -0.442267 0
    outer loop
      vertex 26.969 18.5075 17.1
      vertex 27.0442 18.66 7.5
      vertex 27.0442 18.66 17.1
    endloop
  endfacet
  facet normal 0.896884 -0.442267 0
    outer loop
      vertex 27.0442 18.66 7.5
      vertex 26.969 18.5075 17.1
      vertex 26.969 18.5075 7.5
    endloop
  endfacet
  facet normal 0.321692 0.946844 -0
    outer loop
      vertex 27.8335 16.7543 7.5
      vertex 27.6725 16.809 17.1
      vertex 27.8335 16.7543 17.1
    endloop
  endfacet
  facet normal 0.321692 0.946844 0
    outer loop
      vertex 27.6725 16.809 17.1
      vertex 27.8335 16.7543 7.5
      vertex 27.6725 16.809 7.5
    endloop
  endfacet
  facet normal -0.0652701 -0.997868 0
    outer loop
      vertex 28.17 19.31 7.5
      vertex 28.3397 19.2989 17.1
      vertex 28.17 19.31 17.1
    endloop
  endfacet
  facet normal -0.0652701 -0.997868 -0
    outer loop
      vertex 28.3397 19.2989 17.1
      vertex 28.17 19.31 7.5
      vertex 28.3397 19.2989 7.5
    endloop
  endfacet
  facet normal -0.195211 -0.980761 0
    outer loop
      vertex 28.3397 19.2989 7.5
      vertex 28.5065 19.2657 17.1
      vertex 28.3397 19.2989 17.1
    endloop
  endfacet
  facet normal -0.195211 -0.980761 -0
    outer loop
      vertex 28.5065 19.2657 17.1
      vertex 28.3397 19.2989 7.5
      vertex 28.5065 19.2657 7.5
    endloop
  endfacet
  facet normal -0.442267 0.896884 0
    outer loop
      vertex 28.82 16.8842 7.5
      vertex 28.6675 16.809 17.1
      vertex 28.82 16.8842 17.1
    endloop
  endfacet
  facet normal -0.442267 0.896884 0
    outer loop
      vertex 28.6675 16.809 17.1
      vertex 28.82 16.8842 7.5
      vertex 28.6675 16.809 7.5
    endloop
  endfacet
  facet normal 0.442267 0.896884 -0
    outer loop
      vertex 27.6725 16.809 7.5
      vertex 27.52 16.8842 17.1
      vertex 27.6725 16.809 17.1
    endloop
  endfacet
  facet normal 0.442267 0.896884 0
    outer loop
      vertex 27.52 16.8842 17.1
      vertex 27.6725 16.809 7.5
      vertex 27.52 16.8842 7.5
    endloop
  endfacet
  facet normal -0.659753 0.751483 0
    outer loop
      vertex 29.0892 17.0908 7.5
      vertex 28.9614 16.9786 17.1
      vertex 29.0892 17.0908 17.1
    endloop
  endfacet
  facet normal -0.659753 0.751483 0
    outer loop
      vertex 28.9614 16.9786 17.1
      vertex 29.0892 17.0908 7.5
      vertex 28.9614 16.9786 7.5
    endloop
  endfacet
  facet normal 0 0 1
    outer loop
      vertex 29.02 18.01 7.5
      vertex 29.47 18.01 7.5
      vertex 29.4589 18.1797 7.5
    endloop
  endfacet
  facet normal 0 0 1
    outer loop
      vertex 29.0127 18.1209 7.5
      vertex 29.4589 18.1797 7.5
      vertex 29.4257 18.3465 7.5
    endloop
  endfacet
  facet normal 0 0 1
    outer loop
      vertex 29.47 18.01 7.5
      vertex 29.02 18.01 7.5
      vertex 29.4589 17.8403 7.5
    endloop
  endfacet
  facet normal 0 0 1
    outer loop
      vertex 28.991 18.23 7.5
      vertex 29.4257 18.3465 7.5
      vertex 29.371 18.5075 7.5
    endloop
  endfacet
  facet normal -0 0 1
    outer loop
      vertex 29.0127 17.8991 7.5
      vertex 29.4589 17.8403 7.5
      vertex 29.02 18.01 7.5
    endloop
  endfacet
  facet normal 0 0 1
    outer loop
      vertex 28.9553 18.3353 7.5
      vertex 29.371 18.5075 7.5
      vertex 29.2958 18.66 7.5
    endloop
  endfacet
  facet normal 0 0 1
    outer loop
      vertex 29.4589 17.8403 7.5
      vertex 29.0127 17.8991 7.5
      vertex 29.4257 17.6735 7.5
    endloop
  endfacet
  facet normal 0 0 1
    outer loop
      vertex 28.9061 18.435 7.5
      vertex 29.2958 18.66 7.5
      vertex 29.2014 18.8014 7.5
    endloop
  endfacet
  facet normal -0 0 1
    outer loop
      vertex 28.991 17.79 7.5
      vertex 29.4257 17.6735 7.5
      vertex 29.0127 17.8991 7.5
    endloop
  endfacet
  facet normal 0 0 1
    outer loop
      vertex 28.8443 18.5274 7.5
      vertex 29.2014 18.8014 7.5
      vertex 29.0892 18.9292 7.5
    endloop
  endfacet
  facet normal 0 0 1
    outer loop
      vertex 29.4257 17.6735 7.5
      vertex 28.991 17.79 7.5
      vertex 29.371 17.5125 7.5
    endloop
  endfacet
  facet normal -0 0 1
    outer loop
      vertex 28.9553 17.6847 7.5
      vertex 29.371 17.5125 7.5
      vertex 28.991 17.79 7.5
    endloop
  endfacet
  facet normal 0 0 1
    outer loop
      vertex 29.4589 18.1797 7.5
      vertex 29.0127 18.1209 7.5
      vertex 29.02 18.01 7.5
    endloop
  endfacet
  facet normal 0 0 1
    outer loop
      vertex 29.4257 18.3465 7.5
      vertex 28.991 18.23 7.5
      vertex 29.0127 18.1209 7.5
    endloop
  endfacet
  facet normal 0 0 1
    outer loop
      vertex 28.771 18.611 7.5
      vertex 29.0892 18.9292 7.5
      vertex 28.9614 19.0414 7.5
    endloop
  endfacet
  facet normal 0 0 1
    outer loop
      vertex 29.371 18.5075 7.5
      vertex 28.9553 18.3353 7.5
      vertex 28.991 18.23 7.5
    endloop
  endfacet
  facet normal 0 0 1
    outer loop
      vertex 29.2958 18.66 7.5
      vertex 28.9061 18.435 7.5
      vertex 28.9553 18.3353 7.5
    endloop
  endfacet
  facet normal 0 0 1
    outer loop
      vertex 29.2014 18.8014 7.5
      vertex 28.8443 18.5274 7.5
      vertex 28.9061 18.435 7.5
    endloop
  endfacet
  facet normal 0 0 1
    outer loop
      vertex 28.6874 18.6843 7.5
      vertex 28.9614 19.0414 7.5
      vertex 28.82 19.1358 7.5
    endloop
  endfacet
  facet normal 0 0 1
    outer loop
      vertex 29.0892 18.9292 7.5
      vertex 28.771 18.611 7.5
      vertex 28.8443 18.5274 7.5
    endloop
  endfacet
  facet normal 0 0 1
    outer loop
      vertex 28.9614 19.0414 7.5
      vertex 28.6874 18.6843 7.5
      vertex 28.771 18.611 7.5
    endloop
  endfacet
  facet normal 0 0 1
    outer loop
      vertex 28.595 18.7461 7.5
      vertex 28.82 19.1358 7.5
      vertex 28.6675 19.211 7.5
    endloop
  endfacet
  facet normal 0 0 1
    outer loop
      vertex 28.82 19.1358 7.5
      vertex 28.595 18.7461 7.5
      vertex 28.6874 18.6843 7.5
    endloop
  endfacet
  facet normal 0 0 1
    outer loop
      vertex 28.4953 18.7953 7.5
      vertex 28.6675 19.211 7.5
      vertex 28.5065 19.2657 7.5
    endloop
  endfacet
  facet normal 0 0 1
    outer loop
      vertex 28.6675 19.211 7.5
      vertex 28.4953 18.7953 7.5
      vertex 28.595 18.7461 7.5
    endloop
  endfacet
  facet normal 0 0 1
    outer loop
      vertex 28.5065 19.2657 7.5
      vertex 28.39 18.831 7.5
      vertex 28.4953 18.7953 7.5
    endloop
  endfacet
  facet normal 0 0 1
    outer loop
      vertex 28.3397 19.2989 7.5
      vertex 28.39 18.831 7.5
      vertex 28.5065 19.2657 7.5
    endloop
  endfacet
  facet normal 0 0 1
    outer loop
      vertex 28.3397 19.2989 7.5
      vertex 28.2809 18.8527 7.5
      vertex 28.39 18.831 7.5
    endloop
  endfacet
  facet normal 0 0 1
    outer loop
      vertex 28.17 19.31 7.5
      vertex 28.2809 18.8527 7.5
      vertex 28.3397 19.2989 7.5
    endloop
  endfacet
  facet normal 0 0 1
    outer loop
      vertex 28.17 19.31 7.5
      vertex 28.17 18.86 7.5
      vertex 28.2809 18.8527 7.5
    endloop
  endfacet
  facet normal 0 0 1
    outer loop
      vertex 28.17 19.31 7.5
      vertex 28.0591 18.8527 7.5
      vertex 28.17 18.86 7.5
    endloop
  endfacet
  facet normal -0 0 1
    outer loop
      vertex 28.0003 19.2989 7.5
      vertex 28.0591 18.8527 7.5
      vertex 28.17 19.31 7.5
    endloop
  endfacet
  facet normal 0 0 1
    outer loop
      vertex 28.0003 19.2989 7.5
      vertex 27.95 18.831 7.5
      vertex 28.0591 18.8527 7.5
    endloop
  endfacet
  facet normal -0 0 1
    outer loop
      vertex 27.8335 19.2657 7.5
      vertex 27.95 18.831 7.5
      vertex 28.0003 19.2989 7.5
    endloop
  endfacet
  facet normal 0 0 1
    outer loop
      vertex 27.95 18.831 7.5
      vertex 27.8335 19.2657 7.5
      vertex 27.8447 18.7953 7.5
    endloop
  endfacet
  facet normal -0 0 1
    outer loop
      vertex 27.6725 19.211 7.5
      vertex 27.8447 18.7953 7.5
      vertex 27.8335 19.2657 7.5
    endloop
  endfacet
  facet normal 0 0 1
    outer loop
      vertex 27.8447 18.7953 7.5
      vertex 27.6725 19.211 7.5
      vertex 27.745 18.7461 7.5
    endloop
  endfacet
  facet normal -0 0 1
    outer loop
      vertex 27.52 19.1358 7.5
      vertex 27.745 18.7461 7.5
      vertex 27.6725 19.211 7.5
    endloop
  endfacet
  facet normal 0 0 1
    outer loop
      vertex 27.745 18.7461 7.5
      vertex 27.52 19.1358 7.5
      vertex 27.6526 18.6843 7.5
    endloop
  endfacet
  facet normal -0 0 1
    outer loop
      vertex 27.3786 19.0414 7.5
      vertex 27.6526 18.6843 7.5
      vertex 27.52 19.1358 7.5
    endloop
  endfacet
  facet normal 0 0 1
    outer loop
      vertex 27.6526 18.6843 7.5
      vertex 27.3786 19.0414 7.5
      vertex 27.569 18.611 7.5
    endloop
  endfacet
  facet normal -0 0 1
    outer loop
      vertex 27.2508 18.9292 7.5
      vertex 27.569 18.611 7.5
      vertex 27.3786 19.0414 7.5
    endloop
  endfacet
  facet normal 0 0 1
    outer loop
      vertex 27.569 18.611 7.5
      vertex 27.2508 18.9292 7.5
      vertex 27.4956 18.5274 7.5
    endloop
  endfacet
  facet normal -0 0 1
    outer loop
      vertex 27.1386 18.8014 7.5
      vertex 27.4956 18.5274 7.5
      vertex 27.2508 18.9292 7.5
    endloop
  endfacet
  facet normal 0 0 1
    outer loop
      vertex 27.4956 18.5274 7.5
      vertex 27.1386 18.8014 7.5
      vertex 27.4339 18.435 7.5
    endloop
  endfacet
  facet normal -0 0 1
    outer loop
      vertex 27.0442 18.66 7.5
      vertex 27.4339 18.435 7.5
      vertex 27.1386 18.8014 7.5
    endloop
  endfacet
  facet normal 0 0 1
    outer loop
      vertex 27.4339 18.435 7.5
      vertex 27.0442 18.66 7.5
      vertex 27.3847 18.3353 7.5
    endloop
  endfacet
  facet normal -0 0 1
    outer loop
      vertex 26.969 18.5075 7.5
      vertex 27.3847 18.3353 7.5
      vertex 27.0442 18.66 7.5
    endloop
  endfacet
  facet normal 0 0 1
    outer loop
      vertex 29.371 17.5125 7.5
      vertex 28.9553 17.6847 7.5
      vertex 29.2958 17.36 7.5
    endloop
  endfacet
  facet normal -0 0 1
    outer loop
      vertex 28.9061 17.585 7.5
      vertex 29.2958 17.36 7.5
      vertex 28.9553 17.6847 7.5
    endloop
  endfacet
  facet normal 0 0 1
    outer loop
      vertex 29.2958 17.36 7.5
      vertex 28.9061 17.585 7.5
      vertex 29.2014 17.2186 7.5
    endloop
  endfacet
  facet normal -0 0 1
    outer loop
      vertex 28.8443 17.4926 7.5
      vertex 29.2014 17.2186 7.5
      vertex 28.9061 17.585 7.5
    endloop
  endfacet
  facet normal 0 0 1
    outer loop
      vertex 29.2014 17.2186 7.5
      vertex 28.8443 17.4926 7.5
      vertex 29.0892 17.0908 7.5
    endloop
  endfacet
  facet normal -0 0 1
    outer loop
      vertex 28.771 17.409 7.5
      vertex 29.0892 17.0908 7.5
      vertex 28.8443 17.4926 7.5
    endloop
  endfacet
  facet normal 0 0 1
    outer loop
      vertex 29.0892 17.0908 7.5
      vertex 28.771 17.409 7.5
      vertex 28.9614 16.9786 7.5
    endloop
  endfacet
  facet normal -0 0 1
    outer loop
      vertex 28.6874 17.3356 7.5
      vertex 28.9614 16.9786 7.5
      vertex 28.771 17.409 7.5
    endloop
  endfacet
  facet normal 0 0 1
    outer loop
      vertex 28.9614 16.9786 7.5
      vertex 28.6874 17.3356 7.5
      vertex 28.82 16.8842 7.5
    endloop
  endfacet
  facet normal -0 0 1
    outer loop
      vertex 28.595 17.2739 7.5
      vertex 28.82 16.8842 7.5
      vertex 28.6874 17.3356 7.5
    endloop
  endfacet
  facet normal 0 0 1
    outer loop
      vertex 28.82 16.8842 7.5
      vertex 28.595 17.2739 7.5
      vertex 28.6675 16.809 7.5
    endloop
  endfacet
  facet normal -0 0 1
    outer loop
      vertex 28.4953 17.2247 7.5
      vertex 28.6675 16.809 7.5
      vertex 28.595 17.2739 7.5
    endloop
  endfacet
  facet normal 0 0 1
    outer loop
      vertex 28.6675 16.809 7.5
      vertex 28.4953 17.2247 7.5
      vertex 28.5065 16.7543 7.5
    endloop
  endfacet
  facet normal -0 0 1
    outer loop
      vertex 28.39 17.189 7.5
      vertex 28.5065 16.7543 7.5
      vertex 28.4953 17.2247 7.5
    endloop
  endfacet
  facet normal 0 0 1
    outer loop
      vertex 28.39 17.189 7.5
      vertex 28.3397 16.7211 7.5
      vertex 28.5065 16.7543 7.5
    endloop
  endfacet
  facet normal -0 0 1
    outer loop
      vertex 28.2809 17.1673 7.5
      vertex 28.3397 16.7211 7.5
      vertex 28.39 17.189 7.5
    endloop
  endfacet
  facet normal -0 0 1
    outer loop
      vertex 28.17 17.16 7.5
      vertex 28.3397 16.7211 7.5
      vertex 28.2809 17.1673 7.5
    endloop
  endfacet
  facet normal 0 0 1
    outer loop
      vertex 28.17 17.16 7.5
      vertex 28.17 16.71 7.5
      vertex 28.3397 16.7211 7.5
    endloop
  endfacet
  facet normal 0 0 1
    outer loop
      vertex 28.0591 17.1673 7.5
      vertex 28.17 16.71 7.5
      vertex 28.17 17.16 7.5
    endloop
  endfacet
  facet normal 0 0 1
    outer loop
      vertex 28.0591 17.1673 7.5
      vertex 28.0003 16.7211 7.5
      vertex 28.17 16.71 7.5
    endloop
  endfacet
  facet normal 0 0 1
    outer loop
      vertex 27.95 17.189 7.5
      vertex 28.0003 16.7211 7.5
      vertex 28.0591 17.1673 7.5
    endloop
  endfacet
  facet normal 0 0 1
    outer loop
      vertex 27.8335 16.7543 7.5
      vertex 27.95 17.189 7.5
      vertex 27.8447 17.2247 7.5
    endloop
  endfacet
  facet normal 0 0 1
    outer loop
      vertex 27.95 17.189 7.5
      vertex 27.8335 16.7543 7.5
      vertex 28.0003 16.7211 7.5
    endloop
  endfacet
  facet normal 0 0 1
    outer loop
      vertex 27.6725 16.809 7.5
      vertex 27.8447 17.2247 7.5
      vertex 27.745 17.2739 7.5
    endloop
  endfacet
  facet normal 0 0 1
    outer loop
      vertex 27.8447 17.2247 7.5
      vertex 27.6725 16.809 7.5
      vertex 27.8335 16.7543 7.5
    endloop
  endfacet
  facet normal 0 0 1
    outer loop
      vertex 27.52 16.8842 7.5
      vertex 27.745 17.2739 7.5
      vertex 27.6526 17.3356 7.5
    endloop
  endfacet
  facet normal 0 0 1
    outer loop
      vertex 27.3786 16.9786 7.5
      vertex 27.6526 17.3356 7.5
      vertex 27.569 17.409 7.5
    endloop
  endfacet
  facet normal 0 0 1
    outer loop
      vertex 27.745 17.2739 7.5
      vertex 27.52 16.8842 7.5
      vertex 27.6725 16.809 7.5
    endloop
  endfacet
  facet normal 0 0 1
    outer loop
      vertex 27.2508 17.0908 7.5
      vertex 27.569 17.409 7.5
      vertex 27.4956 17.4926 7.5
    endloop
  endfacet
  facet normal 0 0 1
    outer loop
      vertex 27.1386 17.2186 7.5
      vertex 27.4956 17.4926 7.5
      vertex 27.4339 17.585 7.5
    endloop
  endfacet
  facet normal 0 0 1
    outer loop
      vertex 27.0442 17.36 7.5
      vertex 27.4339 17.585 7.5
      vertex 27.3847 17.6847 7.5
    endloop
  endfacet
  facet normal 0 0 1
    outer loop
      vertex 27.6526 17.3356 7.5
      vertex 27.3786 16.9786 7.5
      vertex 27.52 16.8842 7.5
    endloop
  endfacet
  facet normal 0 0 1
    outer loop
      vertex 26.969 17.5125 7.5
      vertex 27.3847 17.6847 7.5
      vertex 27.349 17.79 7.5
    endloop
  endfacet
  facet normal 0 0 1
    outer loop
      vertex 26.9143 17.6735 7.5
      vertex 27.349 17.79 7.5
      vertex 27.3273 17.8991 7.5
    endloop
  endfacet
  facet normal 0 0 1
    outer loop
      vertex 26.8811 17.8403 7.5
      vertex 27.3273 17.8991 7.5
      vertex 27.32 18.01 7.5
    endloop
  endfacet
  facet normal 0 0 1
    outer loop
      vertex 27.3847 18.3353 7.5
      vertex 26.969 18.5075 7.5
      vertex 27.349 18.23 7.5
    endloop
  endfacet
  facet normal 0 0 1
    outer loop
      vertex 27.569 17.409 7.5
      vertex 27.2508 17.0908 7.5
      vertex 27.3786 16.9786 7.5
    endloop
  endfacet
  facet normal -0 0 1
    outer loop
      vertex 26.9143 18.3465 7.5
      vertex 27.349 18.23 7.5
      vertex 26.969 18.5075 7.5
    endloop
  endfacet
  facet normal 0 0 1
    outer loop
      vertex 27.4956 17.4926 7.5
      vertex 27.1386 17.2186 7.5
      vertex 27.2508 17.0908 7.5
    endloop
  endfacet
  facet normal 0 0 1
    outer loop
      vertex 27.349 18.23 7.5
      vertex 26.9143 18.3465 7.5
      vertex 27.3273 18.1209 7.5
    endloop
  endfacet
  facet normal 0 0 1
    outer loop
      vertex 27.4339 17.585 7.5
      vertex 27.0442 17.36 7.5
      vertex 27.1386 17.2186 7.5
    endloop
  endfacet
  facet normal -0 0 1
    outer loop
      vertex 26.8811 18.1797 7.5
      vertex 27.3273 18.1209 7.5
      vertex 26.9143 18.3465 7.5
    endloop
  endfacet
  facet normal 0 0 1
    outer loop
      vertex 27.3847 17.6847 7.5
      vertex 26.969 17.5125 7.5
      vertex 27.0442 17.36 7.5
    endloop
  endfacet
  facet normal 0 0 1
    outer loop
      vertex 27.3273 18.1209 7.5
      vertex 26.8811 18.1797 7.5
      vertex 27.32 18.01 7.5
    endloop
  endfacet
  facet normal 0 0 1
    outer loop
      vertex 27.349 17.79 7.5
      vertex 26.9143 17.6735 7.5
      vertex 26.969 17.5125 7.5
    endloop
  endfacet
  facet normal 0 0 1
    outer loop
      vertex 26.87 18.01 7.5
      vertex 27.32 18.01 7.5
      vertex 26.8811 18.1797 7.5
    endloop
  endfacet
  facet normal 0 0 1
    outer loop
      vertex 27.3273 17.8991 7.5
      vertex 26.8811 17.8403 7.5
      vertex 26.9143 17.6735 7.5
    endloop
  endfacet
  facet normal 0 0 1
    outer loop
      vertex 27.32 18.01 7.5
      vertex 26.87 18.01 7.5
      vertex 26.8811 17.8403 7.5
    endloop
  endfacet
  facet normal 0.555243 0.831688 -0
    outer loop
      vertex 27.52 16.8842 7.5
      vertex 27.3786 16.9786 17.1
      vertex 27.52 16.8842 17.1
    endloop
  endfacet
  facet normal 0.555243 0.831688 0
    outer loop
      vertex 27.3786 16.9786 17.1
      vertex 27.52 16.8842 7.5
      vertex 27.3786 16.9786 7.5
    endloop
  endfacet
  facet normal 0 0 -1
    outer loop
      vertex 29.4589 17.8403 17.1
      vertex 29.4589 18.1797 17.1
      vertex 29.47 18.01 17.1
    endloop
  endfacet
  facet normal 0 0 -1
    outer loop
      vertex 29.4257 17.6735 17.1
      vertex 29.4589 18.1797 17.1
      vertex 29.4589 17.8403 17.1
    endloop
  endfacet
  facet normal 0 0 -1
    outer loop
      vertex 29.4257 17.6735 17.1
      vertex 29.4257 18.3465 17.1
      vertex 29.4589 18.1797 17.1
    endloop
  endfacet
  facet normal 0 0 -1
    outer loop
      vertex 29.371 17.5125 17.1
      vertex 29.4257 18.3465 17.1
      vertex 29.4257 17.6735 17.1
    endloop
  endfacet
  facet normal 0 0 -1
    outer loop
      vertex 29.371 17.5125 17.1
      vertex 29.371 18.5075 17.1
      vertex 29.4257 18.3465 17.1
    endloop
  endfacet
  facet normal 0 0 -1
    outer loop
      vertex 29.2958 17.36 17.1
      vertex 29.371 18.5075 17.1
      vertex 29.371 17.5125 17.1
    endloop
  endfacet
  facet normal 0 0 -1
    outer loop
      vertex 29.2958 17.36 17.1
      vertex 29.2958 18.66 17.1
      vertex 29.371 18.5075 17.1
    endloop
  endfacet
  facet normal 0 0 -1
    outer loop
      vertex 29.2014 17.2186 17.1
      vertex 29.2958 18.66 17.1
      vertex 29.2958 17.36 17.1
    endloop
  endfacet
  facet normal 0 0 -1
    outer loop
      vertex 29.2014 17.2186 17.1
      vertex 29.2014 18.8014 17.1
      vertex 29.2958 18.66 17.1
    endloop
  endfacet
  facet normal 0 0 -1
    outer loop
      vertex 29.0892 17.0908 17.1
      vertex 29.2014 18.8014 17.1
      vertex 29.2014 17.2186 17.1
    endloop
  endfacet
  facet normal 0 0 -1
    outer loop
      vertex 29.0892 17.0908 17.1
      vertex 29.0892 18.9292 17.1
      vertex 29.2014 18.8014 17.1
    endloop
  endfacet
  facet normal 0 0 -1
    outer loop
      vertex 28.9614 16.9786 17.1
      vertex 29.0892 18.9292 17.1
      vertex 29.0892 17.0908 17.1
    endloop
  endfacet
  facet normal 0 0 -1
    outer loop
      vertex 28.9614 16.9786 17.1
      vertex 28.9614 19.0414 17.1
      vertex 29.0892 18.9292 17.1
    endloop
  endfacet
  facet normal 0 0 -1
    outer loop
      vertex 28.82 16.8842 17.1
      vertex 28.9614 19.0414 17.1
      vertex 28.9614 16.9786 17.1
    endloop
  endfacet
  facet normal 0 0 -1
    outer loop
      vertex 28.82 16.8842 17.1
      vertex 28.82 19.1358 17.1
      vertex 28.9614 19.0414 17.1
    endloop
  endfacet
  facet normal 0 0 -1
    outer loop
      vertex 28.6675 16.809 17.1
      vertex 28.82 19.1358 17.1
      vertex 28.82 16.8842 17.1
    endloop
  endfacet
  facet normal 0 0 -1
    outer loop
      vertex 28.6675 16.809 17.1
      vertex 28.6675 19.211 17.1
      vertex 28.82 19.1358 17.1
    endloop
  endfacet
  facet normal 0 0 -1
    outer loop
      vertex 28.5065 16.7543 17.1
      vertex 28.6675 19.211 17.1
      vertex 28.6675 16.809 17.1
    endloop
  endfacet
  facet normal 0 0 -1
    outer loop
      vertex 28.5065 16.7543 17.1
      vertex 28.5065 19.2657 17.1
      vertex 28.6675 19.211 17.1
    endloop
  endfacet
  facet normal 0 0 -1
    outer loop
      vertex 28.3397 16.7211 17.1
      vertex 28.5065 19.2657 17.1
      vertex 28.5065 16.7543 17.1
    endloop
  endfacet
  facet normal 0 0 -1
    outer loop
      vertex 28.3397 16.7211 17.1
      vertex 28.3397 19.2989 17.1
      vertex 28.5065 19.2657 17.1
    endloop
  endfacet
  facet normal 0 0 -1
    outer loop
      vertex 28.17 16.71 17.1
      vertex 28.3397 19.2989 17.1
      vertex 28.3397 16.7211 17.1
    endloop
  endfacet
  facet normal 0 0 -1
    outer loop
      vertex 28.17 16.71 17.1
      vertex 28.17 19.31 17.1
      vertex 28.3397 19.2989 17.1
    endloop
  endfacet
  facet normal 0 0 -1
    outer loop
      vertex 28.0003 16.7211 17.1
      vertex 28.17 19.31 17.1
      vertex 28.17 16.71 17.1
    endloop
  endfacet
  facet normal 0 0 -1
    outer loop
      vertex 28.0003 16.7211 17.1
      vertex 28.0003 19.2989 17.1
      vertex 28.17 19.31 17.1
    endloop
  endfacet
  facet normal 0 0 -1
    outer loop
      vertex 27.8335 16.7543 17.1
      vertex 28.0003 19.2989 17.1
      vertex 28.0003 16.7211 17.1
    endloop
  endfacet
  facet normal 0 0 -1
    outer loop
      vertex 27.8335 16.7543 17.1
      vertex 27.8335 19.2657 17.1
      vertex 28.0003 19.2989 17.1
    endloop
  endfacet
  facet normal 0 0 -1
    outer loop
      vertex 27.6725 16.809 17.1
      vertex 27.8335 19.2657 17.1
      vertex 27.8335 16.7543 17.1
    endloop
  endfacet
  facet normal 0 0 -1
    outer loop
      vertex 27.6725 16.809 17.1
      vertex 27.6725 19.211 17.1
      vertex 27.8335 19.2657 17.1
    endloop
  endfacet
  facet normal 0 0 -1
    outer loop
      vertex 27.52 16.8842 17.1
      vertex 27.6725 19.211 17.1
      vertex 27.6725 16.809 17.1
    endloop
  endfacet
  facet normal 0 0 -1
    outer loop
      vertex 27.52 16.8842 17.1
      vertex 27.52 19.1358 17.1
      vertex 27.6725 19.211 17.1
    endloop
  endfacet
  facet normal 0 0 -1
    outer loop
      vertex 27.3786 16.9786 17.1
      vertex 27.52 19.1358 17.1
      vertex 27.52 16.8842 17.1
    endloop
  endfacet
  facet normal 0 0 -1
    outer loop
      vertex 27.3786 16.9786 17.1
      vertex 27.3786 19.0414 17.1
      vertex 27.52 19.1358 17.1
    endloop
  endfacet
  facet normal 0 0 -1
    outer loop
      vertex 27.2508 17.0908 17.1
      vertex 27.3786 19.0414 17.1
      vertex 27.3786 16.9786 17.1
    endloop
  endfacet
  facet normal 0 0 -1
    outer loop
      vertex 27.2508 17.0908 17.1
      vertex 27.2508 18.9292 17.1
      vertex 27.3786 19.0414 17.1
    endloop
  endfacet
  facet normal 0 0 -1
    outer loop
      vertex 27.1386 17.2186 17.1
      vertex 27.2508 18.9292 17.1
      vertex 27.2508 17.0908 17.1
    endloop
  endfacet
  facet normal 0 0 -1
    outer loop
      vertex 27.1386 17.2186 17.1
      vertex 27.1386 18.8014 17.1
      vertex 27.2508 18.9292 17.1
    endloop
  endfacet
  facet normal 0 0 -1
    outer loop
      vertex 27.0442 17.36 17.1
      vertex 27.1386 18.8014 17.1
      vertex 27.1386 17.2186 17.1
    endloop
  endfacet
  facet normal 0 0 -1
    outer loop
      vertex 27.0442 17.36 17.1
      vertex 27.0442 18.66 17.1
      vertex 27.1386 18.8014 17.1
    endloop
  endfacet
  facet normal 0 0 -1
    outer loop
      vertex 26.969 17.5125 17.1
      vertex 27.0442 18.66 17.1
      vertex 27.0442 17.36 17.1
    endloop
  endfacet
  facet normal 0 0 -1
    outer loop
      vertex 26.969 17.5125 17.1
      vertex 26.969 18.5075 17.1
      vertex 27.0442 18.66 17.1
    endloop
  endfacet
  facet normal 0 0 -1
    outer loop
      vertex 26.9143 17.6735 17.1
      vertex 26.969 18.5075 17.1
      vertex 26.969 17.5125 17.1
    endloop
  endfacet
  facet normal 0 0 -1
    outer loop
      vertex 26.9143 17.6735 17.1
      vertex 26.9143 18.3465 17.1
      vertex 26.969 18.5075 17.1
    endloop
  endfacet
  facet normal 0 0 -1
    outer loop
      vertex 26.8811 17.8403 17.1
      vertex 26.9143 18.3465 17.1
      vertex 26.9143 17.6735 17.1
    endloop
  endfacet
  facet normal 0 0 -1
    outer loop
      vertex 26.8811 17.8403 17.1
      vertex 26.8811 18.1797 17.1
      vertex 26.9143 18.3465 17.1
    endloop
  endfacet
  facet normal 0 -0 -1
    outer loop
      vertex 26.8811 18.1797 17.1
      vertex 26.8811 17.8403 17.1
      vertex 26.87 18.01 17.1
    endloop
  endfacet
  facet normal 0 -0.171591 -0.985168
    outer loop
      vertex 33.76 7.94631 17.5786
      vertex 31.56 10.12 17.2
      vertex 33.76 10.12 17.2
    endloop
  endfacet
  facet normal 0 -0.171591 -0.985168
    outer loop
      vertex 33.76 7.94631 17.5786
      vertex 30.36 10.12 17.2
      vertex 31.56 10.12 17.2
    endloop
  endfacet
  facet normal 0 -0.171591 -0.985168
    outer loop
      vertex 27.76 7.94631 17.5786
      vertex 30.36 10.12 17.2
      vertex 33.76 7.94631 17.5786
    endloop
  endfacet
  facet normal -0 -0.171591 -0.985168
    outer loop
      vertex 30.36 10.12 17.2
      vertex 27.76 7.94631 17.5786
      vertex 27.76 10.12 17.2
    endloop
  endfacet
  facet normal 0 1 -0
    outer loop
      vertex 31.56 5.12 15.7
      vertex 30.36 5.12 17.2
      vertex 31.56 5.12 17.2
    endloop
  endfacet
  facet normal 0 1 0
    outer loop
      vertex 30.36 5.12 17.2
      vertex 31.56 5.12 15.7
      vertex 30.36 5.12 15.7
    endloop
  endfacet
  facet normal 0 0.171591 -0.985168
    outer loop
      vertex 31.56 5.12 17.2
      vertex 33.76 7.29368 17.5786
      vertex 33.76 5.12 17.2
    endloop
  endfacet
  facet normal 0 0.171591 -0.985168
    outer loop
      vertex 30.36 5.12 17.2
      vertex 33.76 7.29368 17.5786
      vertex 31.56 5.12 17.2
    endloop
  endfacet
  facet normal 0 0.171591 -0.985168
    outer loop
      vertex 27.76 7.29368 17.5786
      vertex 30.36 5.12 17.2
      vertex 27.76 5.12 17.2
    endloop
  endfacet
  facet normal 0 0.171591 -0.985168
    outer loop
      vertex 30.36 5.12 17.2
      vertex 27.76 7.29368 17.5786
      vertex 33.76 7.29368 17.5786
    endloop
  endfacet
  facet normal 0 0.0654392 -0.997857
    outer loop
      vertex 27.76 7.29368 17.5786
      vertex 33.76 7.62 17.6
      vertex 33.76 7.29368 17.5786
    endloop
  endfacet
  facet normal 0 0.0654392 -0.997857
    outer loop
      vertex 33.76 7.62 17.6
      vertex 27.76 7.29368 17.5786
      vertex 27.76 7.62 17.6
    endloop
  endfacet
  facet normal 0 -0.0654412 -0.997856
    outer loop
      vertex 27.76 7.62 17.6
      vertex 33.76 7.94631 17.5786
      vertex 33.76 7.62 17.6
    endloop
  endfacet
  facet normal -0 -0.0654412 -0.997856
    outer loop
      vertex 33.76 7.94631 17.5786
      vertex 27.76 7.62 17.6
      vertex 27.76 7.94631 17.5786
    endloop
  endfacet
  facet normal 0 -1 0
    outer loop
      vertex 30.36 10.12 15.7
      vertex 31.56 10.12 17.2
      vertex 30.36 10.12 17.2
    endloop
  endfacet
  facet normal 0 -1 -0
    outer loop
      vertex 31.56 10.12 17.2
      vertex 30.36 10.12 15.7
      vertex 31.56 10.12 15.7
    endloop
  endfacet
  facet normal 1 0 0
    outer loop
      vertex 27.76 7.29368 17.5786
      vertex 27.76 7.94631 17.5786
      vertex 27.76 7.62 17.6
    endloop
  endfacet
  facet normal 1 0 0
    outer loop
      vertex 27.76 7.94631 17.5786
      vertex 27.76 7.29368 17.5786
      vertex 27.76 10.12 17.2
    endloop
  endfacet
  facet normal 1 0 0
    outer loop
      vertex 27.76 10.12 17.2
      vertex 27.76 7.29368 17.5786
      vertex 27.76 5.12 17.2
    endloop
  endfacet
endsolid OpenSCAD_Model
