solid OpenSCAD_Model
  facet normal -1 0 0
    outer loop
      vertex 6.7 0 0
      vertex 6.7 5.2 3.6
      vertex 6.7 5.2 0
    endloop
  endfacet
  facet normal -1 -0 0
    outer loop
      vertex 6.7 5.2 3.6
      vertex 6.7 0 0
      vertex 6.7 0 3.6
    endloop
  endfacet
  facet normal 0 0 -1
    outer loop
      vertex -6 0 3.6
      vertex -6.7 0 3.6
      vertex -6 3.4 3.6
    endloop
  endfacet
  facet normal 0 0 -1
    outer loop
      vertex -3.4 0 3.6
      vertex -4.4 0 3.6
      vertex -3.4 3.4 3.6
    endloop
  endfacet
  facet normal 0 0 -1
    outer loop
      vertex -0.799999 0 3.6
      vertex -1.8 0 3.6
      vertex -0.799999 3.4 3.6
    endloop
  endfacet
  facet normal 0 0 -1
    outer loop
      vertex 1.8 0 3.6
      vertex 0.799999 0 3.6
      vertex 1.8 3.4 3.6
    endloop
  endfacet
  facet normal 0 0 -1
    outer loop
      vertex 4.4 0 3.6
      vertex 3.4 0 3.6
      vertex 4.4 3.4 3.6
    endloop
  endfacet
  facet normal 0 0 -1
    outer loop
      vertex 6 3.4 3.6
      vertex 6.7 0 3.6
      vertex 6 0 3.6
    endloop
  endfacet
  facet normal 0 0 -1
    outer loop
      vertex 6.7 0 3.6
      vertex 6 3.4 3.6
      vertex 6.7 5.2 3.6
    endloop
  endfacet
  facet normal 0 0 -1
    outer loop
      vertex 5.99316 3.50442 3.6
      vertex 6.7 5.2 3.6
      vertex 6 3.4 3.6
    endloop
  endfacet
  facet normal 0 0 -1
    outer loop
      vertex 5.97274 3.60705 3.6
      vertex 6.7 5.2 3.6
      vertex 5.99316 3.50442 3.6
    endloop
  endfacet
  facet normal 0 0 -1
    outer loop
      vertex 5.9391 3.70615 3.6
      vertex 6.7 5.2 3.6
      vertex 5.97274 3.60705 3.6
    endloop
  endfacet
  facet normal 0 0 -1
    outer loop
      vertex 5.89282 3.8 3.6
      vertex 6.7 5.2 3.6
      vertex 5.9391 3.70615 3.6
    endloop
  endfacet
  facet normal 0 0 -1
    outer loop
      vertex 5.83468 3.88701 3.6
      vertex 6.7 5.2 3.6
      vertex 5.89282 3.8 3.6
    endloop
  endfacet
  facet normal 0 0 -1
    outer loop
      vertex 5.76569 3.96568 3.6
      vertex 6.7 5.2 3.6
      vertex 5.83468 3.88701 3.6
    endloop
  endfacet
  facet normal 0 0 -1
    outer loop
      vertex 5.68701 4.03468 3.6
      vertex 6.7 5.2 3.6
      vertex 5.76569 3.96568 3.6
    endloop
  endfacet
  facet normal 0 0 -1
    outer loop
      vertex 5.6 4.09282 3.6
      vertex 6.7 5.2 3.6
      vertex 5.68701 4.03468 3.6
    endloop
  endfacet
  facet normal 0 0 -1
    outer loop
      vertex 5.50615 4.1391 3.6
      vertex 6.7 5.2 3.6
      vertex 5.6 4.09282 3.6
    endloop
  endfacet
  facet normal 0 0 -1
    outer loop
      vertex 5.40705 4.17274 3.6
      vertex 6.7 5.2 3.6
      vertex 5.50615 4.1391 3.6
    endloop
  endfacet
  facet normal 0 0 -1
    outer loop
      vertex 5.30442 4.19316 3.6
      vertex 6.7 5.2 3.6
      vertex 5.40705 4.17274 3.6
    endloop
  endfacet
  facet normal 0 0 -1
    outer loop
      vertex 5.2 4.2 3.6
      vertex 6.7 5.2 3.6
      vertex 5.30442 4.19316 3.6
    endloop
  endfacet
  facet normal 0 0 -1
    outer loop
      vertex 5.09558 4.19316 3.6
      vertex 6.7 5.2 3.6
      vertex 5.2 4.2 3.6
    endloop
  endfacet
  facet normal 0 0 -1
    outer loop
      vertex 4.99294 4.17274 3.6
      vertex 6.7 5.2 3.6
      vertex 5.09558 4.19316 3.6
    endloop
  endfacet
  facet normal 0 0 -1
    outer loop
      vertex 2.80705 4.17274 3.6
      vertex 4.99294 4.17274 3.6
      vertex 4.89385 4.1391 3.6
    endloop
  endfacet
  facet normal 0 0 -1
    outer loop
      vertex 2.90615 4.1391 3.6
      vertex 4.89385 4.1391 3.6
      vertex 4.8 4.09282 3.6
    endloop
  endfacet
  facet normal 0 0 -1
    outer loop
      vertex 3.4 3.4 3.6
      vertex 4.4 3.4 3.6
      vertex 3.4 0 3.6
    endloop
  endfacet
  facet normal 0 0 -1
    outer loop
      vertex 4.4 3.4 3.6
      vertex 3.4 3.4 3.6
      vertex 4.40684 3.50442 3.6
    endloop
  endfacet
  facet normal 0 0 -1
    outer loop
      vertex 3.39316 3.50442 3.6
      vertex 4.40684 3.50442 3.6
      vertex 3.4 3.4 3.6
    endloop
  endfacet
  facet normal 0 0 -1
    outer loop
      vertex 4.40684 3.50442 3.6
      vertex 3.39316 3.50442 3.6
      vertex 4.42726 3.60705 3.6
    endloop
  endfacet
  facet normal 0 0 -1
    outer loop
      vertex 3.37274 3.60705 3.6
      vertex 4.42726 3.60705 3.6
      vertex 3.39316 3.50442 3.6
    endloop
  endfacet
  facet normal 0 0 -1
    outer loop
      vertex 4.42726 3.60705 3.6
      vertex 3.37274 3.60705 3.6
      vertex 4.4609 3.70615 3.6
    endloop
  endfacet
  facet normal 0 0 -1
    outer loop
      vertex 3.3391 3.70615 3.6
      vertex 4.4609 3.70615 3.6
      vertex 3.37274 3.60705 3.6
    endloop
  endfacet
  facet normal 0 0 -1
    outer loop
      vertex 4.4609 3.70615 3.6
      vertex 3.3391 3.70615 3.6
      vertex 4.50718 3.8 3.6
    endloop
  endfacet
  facet normal 0 0 -1
    outer loop
      vertex 3.29282 3.8 3.6
      vertex 4.50718 3.8 3.6
      vertex 3.3391 3.70615 3.6
    endloop
  endfacet
  facet normal 0 0 -1
    outer loop
      vertex 4.50718 3.8 3.6
      vertex 3.29282 3.8 3.6
      vertex 4.56532 3.88701 3.6
    endloop
  endfacet
  facet normal 0 0 -1
    outer loop
      vertex 3.23468 3.88701 3.6
      vertex 4.56532 3.88701 3.6
      vertex 3.29282 3.8 3.6
    endloop
  endfacet
  facet normal 0 0 -1
    outer loop
      vertex 4.56532 3.88701 3.6
      vertex 3.23468 3.88701 3.6
      vertex 4.63431 3.96568 3.6
    endloop
  endfacet
  facet normal 0 0 -1
    outer loop
      vertex 3.16568 3.96568 3.6
      vertex 4.63431 3.96568 3.6
      vertex 3.23468 3.88701 3.6
    endloop
  endfacet
  facet normal 0 0 -1
    outer loop
      vertex 4.63431 3.96568 3.6
      vertex 3.16568 3.96568 3.6
      vertex 4.71299 4.03468 3.6
    endloop
  endfacet
  facet normal 0 0 -1
    outer loop
      vertex 3.08701 4.03468 3.6
      vertex 4.71299 4.03468 3.6
      vertex 3.16568 3.96568 3.6
    endloop
  endfacet
  facet normal 0 0 -1
    outer loop
      vertex 4.71299 4.03468 3.6
      vertex 3.08701 4.03468 3.6
      vertex 4.8 4.09282 3.6
    endloop
  endfacet
  facet normal 0 0 -1
    outer loop
      vertex 3 4.09282 3.6
      vertex 4.8 4.09282 3.6
      vertex 3.08701 4.03468 3.6
    endloop
  endfacet
  facet normal 0 0 -1
    outer loop
      vertex 2.90615 4.1391 3.6
      vertex 4.8 4.09282 3.6
      vertex 3 4.09282 3.6
    endloop
  endfacet
  facet normal 0 0 -1
    outer loop
      vertex 4.89385 4.1391 3.6
      vertex 2.90615 4.1391 3.6
      vertex 2.80705 4.17274 3.6
    endloop
  endfacet
  facet normal 0 0 -1
    outer loop
      vertex 4.99294 4.17274 3.6
      vertex 2.80705 4.17274 3.6
      vertex 6.7 5.2 3.6
    endloop
  endfacet
  facet normal 0 0 -1
    outer loop
      vertex 2.70442 4.19316 3.6
      vertex 6.7 5.2 3.6
      vertex 2.80705 4.17274 3.6
    endloop
  endfacet
  facet normal 0 0 -1
    outer loop
      vertex 2.6 4.2 3.6
      vertex 6.7 5.2 3.6
      vertex 2.70442 4.19316 3.6
    endloop
  endfacet
  facet normal 0 0 -1
    outer loop
      vertex 2.49558 4.19316 3.6
      vertex 6.7 5.2 3.6
      vertex 2.6 4.2 3.6
    endloop
  endfacet
  facet normal 0 0 -1
    outer loop
      vertex 0.104421 4.19316 3.6
      vertex 2.49558 4.19316 3.6
      vertex 2.39294 4.17274 3.6
    endloop
  endfacet
  facet normal 0 0 -1
    outer loop
      vertex 0.799999 3.4 3.6
      vertex 1.8 3.4 3.6
      vertex 0.799999 0 3.6
    endloop
  endfacet
  facet normal 0 0 -1
    outer loop
      vertex 1.8 3.4 3.6
      vertex 0.799999 3.4 3.6
      vertex 1.80684 3.50442 3.6
    endloop
  endfacet
  facet normal 0 0 -1
    outer loop
      vertex 0.793156 3.50442 3.6
      vertex 1.80684 3.50442 3.6
      vertex 0.799999 3.4 3.6
    endloop
  endfacet
  facet normal 0 0 -1
    outer loop
      vertex 1.80684 3.50442 3.6
      vertex 0.793156 3.50442 3.6
      vertex 1.82726 3.60705 3.6
    endloop
  endfacet
  facet normal 0 0 -1
    outer loop
      vertex 0.77274 3.60705 3.6
      vertex 1.82726 3.60705 3.6
      vertex 0.793156 3.50442 3.6
    endloop
  endfacet
  facet normal 0 0 -1
    outer loop
      vertex 1.82726 3.60705 3.6
      vertex 0.77274 3.60705 3.6
      vertex 1.8609 3.70615 3.6
    endloop
  endfacet
  facet normal 0 0 -1
    outer loop
      vertex 0.739103 3.70615 3.6
      vertex 1.8609 3.70615 3.6
      vertex 0.77274 3.60705 3.6
    endloop
  endfacet
  facet normal 0 0 -1
    outer loop
      vertex 1.8609 3.70615 3.6
      vertex 0.739103 3.70615 3.6
      vertex 1.90718 3.8 3.6
    endloop
  endfacet
  facet normal 0 0 -1
    outer loop
      vertex 0.69282 3.8 3.6
      vertex 1.90718 3.8 3.6
      vertex 0.739103 3.70615 3.6
    endloop
  endfacet
  facet normal 0 0 -1
    outer loop
      vertex 1.90718 3.8 3.6
      vertex 0.69282 3.8 3.6
      vertex 1.96532 3.88701 3.6
    endloop
  endfacet
  facet normal 0 0 -1
    outer loop
      vertex 0.634683 3.88701 3.6
      vertex 1.96532 3.88701 3.6
      vertex 0.69282 3.8 3.6
    endloop
  endfacet
  facet normal 0 0 -1
    outer loop
      vertex 1.96532 3.88701 3.6
      vertex 0.634683 3.88701 3.6
      vertex 2.03431 3.96568 3.6
    endloop
  endfacet
  facet normal 0 0 -1
    outer loop
      vertex 0.565685 3.96568 3.6
      vertex 2.03431 3.96568 3.6
      vertex 0.634683 3.88701 3.6
    endloop
  endfacet
  facet normal 0 0 -1
    outer loop
      vertex 2.03431 3.96568 3.6
      vertex 0.565685 3.96568 3.6
      vertex 2.11299 4.03468 3.6
    endloop
  endfacet
  facet normal 0 0 -1
    outer loop
      vertex 0.487009 4.03468 3.6
      vertex 2.11299 4.03468 3.6
      vertex 0.565685 3.96568 3.6
    endloop
  endfacet
  facet normal 0 0 -1
    outer loop
      vertex 2.11299 4.03468 3.6
      vertex 0.487009 4.03468 3.6
      vertex 2.2 4.09282 3.6
    endloop
  endfacet
  facet normal 0 0 -1
    outer loop
      vertex 0.4 4.09282 3.6
      vertex 2.2 4.09282 3.6
      vertex 0.487009 4.03468 3.6
    endloop
  endfacet
  facet normal 0 0 -1
    outer loop
      vertex 2.2 4.09282 3.6
      vertex 0.4 4.09282 3.6
      vertex 2.29385 4.1391 3.6
    endloop
  endfacet
  facet normal 0 0 -1
    outer loop
      vertex 0.306147 4.1391 3.6
      vertex 2.29385 4.1391 3.6
      vertex 0.4 4.09282 3.6
    endloop
  endfacet
  facet normal 0 0 -1
    outer loop
      vertex 2.29385 4.1391 3.6
      vertex 0.306147 4.1391 3.6
      vertex 2.39294 4.17274 3.6
    endloop
  endfacet
  facet normal 0 0 -1
    outer loop
      vertex 0.207055 4.17274 3.6
      vertex 2.39294 4.17274 3.6
      vertex 0.306147 4.1391 3.6
    endloop
  endfacet
  facet normal 0 0 -1
    outer loop
      vertex 0.104421 4.19316 3.6
      vertex 2.39294 4.17274 3.6
      vertex 0.207055 4.17274 3.6
    endloop
  endfacet
  facet normal 0 0 -1
    outer loop
      vertex 2.49558 4.19316 3.6
      vertex 0.104421 4.19316 3.6
      vertex 6.7 5.2 3.6
    endloop
  endfacet
  facet normal 0 0 -1
    outer loop
      vertex 0 4.2 3.6
      vertex 6.7 5.2 3.6
      vertex 0.104421 4.19316 3.6
    endloop
  endfacet
  facet normal 0 0 -1
    outer loop
      vertex -6.7 5.2 3.6
      vertex 0 4.2 3.6
      vertex -0.104421 4.19316 3.6
    endloop
  endfacet
  facet normal 0 0 -1
    outer loop
      vertex -1.8 3.4 3.6
      vertex -0.799999 3.4 3.6
      vertex -1.8 0 3.6
    endloop
  endfacet
  facet normal 0 0 -1
    outer loop
      vertex -0.799999 3.4 3.6
      vertex -1.8 3.4 3.6
      vertex -0.793156 3.50442 3.6
    endloop
  endfacet
  facet normal 0 0 -1
    outer loop
      vertex -1.80684 3.50442 3.6
      vertex -0.793156 3.50442 3.6
      vertex -1.8 3.4 3.6
    endloop
  endfacet
  facet normal 0 0 -1
    outer loop
      vertex -0.793156 3.50442 3.6
      vertex -1.80684 3.50442 3.6
      vertex -0.77274 3.60705 3.6
    endloop
  endfacet
  facet normal 0 0 -1
    outer loop
      vertex -1.82726 3.60705 3.6
      vertex -0.77274 3.60705 3.6
      vertex -1.80684 3.50442 3.6
    endloop
  endfacet
  facet normal 0 0 -1
    outer loop
      vertex -0.77274 3.60705 3.6
      vertex -1.82726 3.60705 3.6
      vertex -0.739103 3.70615 3.6
    endloop
  endfacet
  facet normal 0 0 -1
    outer loop
      vertex -1.8609 3.70615 3.6
      vertex -0.739103 3.70615 3.6
      vertex -1.82726 3.60705 3.6
    endloop
  endfacet
  facet normal 0 0 -1
    outer loop
      vertex -0.739103 3.70615 3.6
      vertex -1.8609 3.70615 3.6
      vertex -0.69282 3.8 3.6
    endloop
  endfacet
  facet normal 0 0 -1
    outer loop
      vertex -1.90718 3.8 3.6
      vertex -0.69282 3.8 3.6
      vertex -1.8609 3.70615 3.6
    endloop
  endfacet
  facet normal 0 0 -1
    outer loop
      vertex -0.69282 3.8 3.6
      vertex -1.90718 3.8 3.6
      vertex -0.634683 3.88701 3.6
    endloop
  endfacet
  facet normal 0 0 -1
    outer loop
      vertex -1.96532 3.88701 3.6
      vertex -0.634683 3.88701 3.6
      vertex -1.90718 3.8 3.6
    endloop
  endfacet
  facet normal 0 0 -1
    outer loop
      vertex -0.634683 3.88701 3.6
      vertex -1.96532 3.88701 3.6
      vertex -0.565685 3.96568 3.6
    endloop
  endfacet
  facet normal 0 0 -1
    outer loop
      vertex -2.03431 3.96568 3.6
      vertex -0.565685 3.96568 3.6
      vertex -1.96532 3.88701 3.6
    endloop
  endfacet
  facet normal 0 0 -1
    outer loop
      vertex -0.565685 3.96568 3.6
      vertex -2.03431 3.96568 3.6
      vertex -0.487009 4.03468 3.6
    endloop
  endfacet
  facet normal 0 0 -1
    outer loop
      vertex -2.11299 4.03468 3.6
      vertex -0.487009 4.03468 3.6
      vertex -2.03431 3.96568 3.6
    endloop
  endfacet
  facet normal 0 0 -1
    outer loop
      vertex -0.487009 4.03468 3.6
      vertex -2.11299 4.03468 3.6
      vertex -0.4 4.09282 3.6
    endloop
  endfacet
  facet normal 0 0 -1
    outer loop
      vertex -2.2 4.09282 3.6
      vertex -0.4 4.09282 3.6
      vertex -2.11299 4.03468 3.6
    endloop
  endfacet
  facet normal 0 0 -1
    outer loop
      vertex -0.4 4.09282 3.6
      vertex -2.2 4.09282 3.6
      vertex -0.306147 4.1391 3.6
    endloop
  endfacet
  facet normal 0 0 -1
    outer loop
      vertex -2.29385 4.1391 3.6
      vertex -0.306147 4.1391 3.6
      vertex -2.2 4.09282 3.6
    endloop
  endfacet
  facet normal 0 0 -1
    outer loop
      vertex -0.306147 4.1391 3.6
      vertex -2.29385 4.1391 3.6
      vertex -0.207055 4.17274 3.6
    endloop
  endfacet
  facet normal 0 0 -1
    outer loop
      vertex -2.39294 4.17274 3.6
      vertex -0.207055 4.17274 3.6
      vertex -2.29385 4.1391 3.6
    endloop
  endfacet
  facet normal 0 0 -1
    outer loop
      vertex -0.207055 4.17274 3.6
      vertex -2.39294 4.17274 3.6
      vertex -0.104421 4.19316 3.6
    endloop
  endfacet
  facet normal 0 0 -1
    outer loop
      vertex -2.49558 4.19316 3.6
      vertex -0.104421 4.19316 3.6
      vertex -2.39294 4.17274 3.6
    endloop
  endfacet
  facet normal 0 0 -1
    outer loop
      vertex -6.7 5.2 3.6
      vertex -0.104421 4.19316 3.6
      vertex -2.49558 4.19316 3.6
    endloop
  endfacet
  facet normal 0 0 -1
    outer loop
      vertex -6.7 5.2 3.6
      vertex -2.49558 4.19316 3.6
      vertex -2.6 4.2 3.6
    endloop
  endfacet
  facet normal 0 0 -1
    outer loop
      vertex -6.7 5.2 3.6
      vertex -2.6 4.2 3.6
      vertex -2.70442 4.19316 3.6
    endloop
  endfacet
  facet normal 0 0 -1
    outer loop
      vertex -4.4 3.4 3.6
      vertex -3.4 3.4 3.6
      vertex -4.4 0 3.6
    endloop
  endfacet
  facet normal 0 0 -1
    outer loop
      vertex -3.4 3.4 3.6
      vertex -4.4 3.4 3.6
      vertex -3.39316 3.50442 3.6
    endloop
  endfacet
  facet normal 0 0 -1
    outer loop
      vertex -4.40684 3.50442 3.6
      vertex -3.39316 3.50442 3.6
      vertex -4.4 3.4 3.6
    endloop
  endfacet
  facet normal 0 0 -1
    outer loop
      vertex -3.39316 3.50442 3.6
      vertex -4.40684 3.50442 3.6
      vertex -3.37274 3.60705 3.6
    endloop
  endfacet
  facet normal 0 0 -1
    outer loop
      vertex -4.42726 3.60705 3.6
      vertex -3.37274 3.60705 3.6
      vertex -4.40684 3.50442 3.6
    endloop
  endfacet
  facet normal 0 0 -1
    outer loop
      vertex -3.37274 3.60705 3.6
      vertex -4.42726 3.60705 3.6
      vertex -3.3391 3.70615 3.6
    endloop
  endfacet
  facet normal 0 0 -1
    outer loop
      vertex -4.4609 3.70615 3.6
      vertex -3.3391 3.70615 3.6
      vertex -4.42726 3.60705 3.6
    endloop
  endfacet
  facet normal 0 0 -1
    outer loop
      vertex -3.3391 3.70615 3.6
      vertex -4.4609 3.70615 3.6
      vertex -3.29282 3.8 3.6
    endloop
  endfacet
  facet normal 0 0 -1
    outer loop
      vertex -4.50718 3.8 3.6
      vertex -3.29282 3.8 3.6
      vertex -4.4609 3.70615 3.6
    endloop
  endfacet
  facet normal 0 0 -1
    outer loop
      vertex -3.29282 3.8 3.6
      vertex -4.50718 3.8 3.6
      vertex -3.23468 3.88701 3.6
    endloop
  endfacet
  facet normal 0 0 -1
    outer loop
      vertex -4.56532 3.88701 3.6
      vertex -3.23468 3.88701 3.6
      vertex -4.50718 3.8 3.6
    endloop
  endfacet
  facet normal 0 0 -1
    outer loop
      vertex -3.23468 3.88701 3.6
      vertex -4.56532 3.88701 3.6
      vertex -3.16568 3.96568 3.6
    endloop
  endfacet
  facet normal 0 0 -1
    outer loop
      vertex -4.63431 3.96568 3.6
      vertex -3.16568 3.96568 3.6
      vertex -4.56532 3.88701 3.6
    endloop
  endfacet
  facet normal 0 0 -1
    outer loop
      vertex -3.16568 3.96568 3.6
      vertex -4.63431 3.96568 3.6
      vertex -3.08701 4.03468 3.6
    endloop
  endfacet
  facet normal 0 0 -1
    outer loop
      vertex -4.71299 4.03468 3.6
      vertex -3.08701 4.03468 3.6
      vertex -4.63431 3.96568 3.6
    endloop
  endfacet
  facet normal 0 0 -1
    outer loop
      vertex -3.08701 4.03468 3.6
      vertex -4.71299 4.03468 3.6
      vertex -3 4.09282 3.6
    endloop
  endfacet
  facet normal 0 0 -1
    outer loop
      vertex -4.8 4.09282 3.6
      vertex -3 4.09282 3.6
      vertex -4.71299 4.03468 3.6
    endloop
  endfacet
  facet normal 0 0 -1
    outer loop
      vertex -3 4.09282 3.6
      vertex -4.8 4.09282 3.6
      vertex -2.90615 4.1391 3.6
    endloop
  endfacet
  facet normal 0 0 -1
    outer loop
      vertex -4.89385 4.1391 3.6
      vertex -2.90615 4.1391 3.6
      vertex -4.8 4.09282 3.6
    endloop
  endfacet
  facet normal 0 0 -1
    outer loop
      vertex -2.90615 4.1391 3.6
      vertex -4.89385 4.1391 3.6
      vertex -2.80705 4.17274 3.6
    endloop
  endfacet
  facet normal 0 0 -1
    outer loop
      vertex -4.99294 4.17274 3.6
      vertex -2.80705 4.17274 3.6
      vertex -4.89385 4.1391 3.6
    endloop
  endfacet
  facet normal 0 0 -1
    outer loop
      vertex -6.7 5.2 3.6
      vertex -2.80705 4.17274 3.6
      vertex -4.99294 4.17274 3.6
    endloop
  endfacet
  facet normal 0 0 -1
    outer loop
      vertex -2.80705 4.17274 3.6
      vertex -6.7 5.2 3.6
      vertex -2.70442 4.19316 3.6
    endloop
  endfacet
  facet normal 0 0 -1
    outer loop
      vertex -6.7 5.2 3.6
      vertex -4.99294 4.17274 3.6
      vertex -5.09558 4.19316 3.6
    endloop
  endfacet
  facet normal 0 0 -1
    outer loop
      vertex -6.7 5.2 3.6
      vertex -5.09558 4.19316 3.6
      vertex -5.2 4.2 3.6
    endloop
  endfacet
  facet normal 0 0 -1
    outer loop
      vertex -6.7 5.2 3.6
      vertex -5.2 4.2 3.6
      vertex -5.30442 4.19316 3.6
    endloop
  endfacet
  facet normal 0 0 -1
    outer loop
      vertex -6.7 5.2 3.6
      vertex -6 3.4 3.6
      vertex -6.7 0 3.6
    endloop
  endfacet
  facet normal 0 0 -1
    outer loop
      vertex -6 3.4 3.6
      vertex -6.7 5.2 3.6
      vertex -5.99316 3.50442 3.6
    endloop
  endfacet
  facet normal 0 0 -1
    outer loop
      vertex 0 4.2 3.6
      vertex -6.7 5.2 3.6
      vertex 6.7 5.2 3.6
    endloop
  endfacet
  facet normal 0 0 -1
    outer loop
      vertex -5.40705 4.17274 3.6
      vertex -6.7 5.2 3.6
      vertex -5.30442 4.19316 3.6
    endloop
  endfacet
  facet normal 0 0 -1
    outer loop
      vertex -5.50615 4.1391 3.6
      vertex -6.7 5.2 3.6
      vertex -5.40705 4.17274 3.6
    endloop
  endfacet
  facet normal 0 0 -1
    outer loop
      vertex -5.6 4.09282 3.6
      vertex -6.7 5.2 3.6
      vertex -5.50615 4.1391 3.6
    endloop
  endfacet
  facet normal 0 0 -1
    outer loop
      vertex -5.68701 4.03468 3.6
      vertex -6.7 5.2 3.6
      vertex -5.6 4.09282 3.6
    endloop
  endfacet
  facet normal 0 0 -1
    outer loop
      vertex -5.76569 3.96568 3.6
      vertex -6.7 5.2 3.6
      vertex -5.68701 4.03468 3.6
    endloop
  endfacet
  facet normal 0 0 -1
    outer loop
      vertex -5.83468 3.88701 3.6
      vertex -6.7 5.2 3.6
      vertex -5.76569 3.96568 3.6
    endloop
  endfacet
  facet normal 0 0 -1
    outer loop
      vertex -5.89282 3.8 3.6
      vertex -6.7 5.2 3.6
      vertex -5.83468 3.88701 3.6
    endloop
  endfacet
  facet normal 0 0 -1
    outer loop
      vertex -5.9391 3.70615 3.6
      vertex -6.7 5.2 3.6
      vertex -5.89282 3.8 3.6
    endloop
  endfacet
  facet normal 0 0 -1
    outer loop
      vertex -5.97274 3.60705 3.6
      vertex -6.7 5.2 3.6
      vertex -5.9391 3.70615 3.6
    endloop
  endfacet
  facet normal 0 0 -1
    outer loop
      vertex -5.99316 3.50442 3.6
      vertex -6.7 5.2 3.6
      vertex -5.97274 3.60705 3.6
    endloop
  endfacet
  facet normal 0 0 -1
    outer loop
      vertex 6.7 5.2 0
      vertex 7.85 0 0
      vertex 6.7 0 0
    endloop
  endfacet
  facet normal 0 0 -1
    outer loop
      vertex 7.85 0 0
      vertex 6.7 5.2 0
      vertex 7.85 6.76 0
    endloop
  endfacet
  facet normal 0 0 -1
    outer loop
      vertex 1.1 6.76 0
      vertex 6.7 5.2 0
      vertex 1.1 5.2 0
    endloop
  endfacet
  facet normal 0 0 -1
    outer loop
      vertex 6.7 5.2 0
      vertex 1.1 6.76 0
      vertex 7.85 6.76 0
    endloop
  endfacet
  facet normal -0 0 1
    outer loop
      vertex -6.7 5.2 0
      vertex 1.1 0 0
      vertex 1.1 5.2 0
    endloop
  endfacet
  facet normal 0 0 1
    outer loop
      vertex 1.1 0 0
      vertex -6.7 5.2 0
      vertex -6.7 0 0
    endloop
  endfacet
  facet normal 1 -0 0
    outer loop
      vertex -6.7 0 3.6
      vertex -6.7 5.2 0
      vertex -6.7 5.2 3.6
    endloop
  endfacet
  facet normal 1 0 0
    outer loop
      vertex -6.7 5.2 0
      vertex -6.7 0 3.6
      vertex -6.7 0 0
    endloop
  endfacet
  facet normal 0 -1 0
    outer loop
      vertex -6.7 5.2 3.6
      vertex -4.4 5.2 3
      vertex 6.7 5.2 3.6
    endloop
  endfacet
  facet normal 0 -1 0
    outer loop
      vertex -6.7 5.2 3.6
      vertex -4.50442 5.2 2.99316
      vertex -4.4 5.2 3
    endloop
  endfacet
  facet normal 0 -1 0
    outer loop
      vertex -6.7 5.2 3.6
      vertex -4.60705 5.2 2.97274
      vertex -4.50442 5.2 2.99316
    endloop
  endfacet
  facet normal 0 -1 0
    outer loop
      vertex -6.7 5.2 3.6
      vertex -4.70615 5.2 2.9391
      vertex -4.60705 5.2 2.97274
    endloop
  endfacet
  facet normal 0 -1 0
    outer loop
      vertex -6.7 5.2 3.6
      vertex -4.8 5.2 2.89282
      vertex -4.70615 5.2 2.9391
    endloop
  endfacet
  facet normal 0 -1 0
    outer loop
      vertex -6.7 5.2 3.6
      vertex -4.88701 5.2 2.83468
      vertex -4.8 5.2 2.89282
    endloop
  endfacet
  facet normal 0 -1 0
    outer loop
      vertex -6.7 5.2 3.6
      vertex -4.96568 5.2 2.76569
      vertex -4.88701 5.2 2.83468
    endloop
  endfacet
  facet normal 0 -1 0
    outer loop
      vertex -6.7 5.2 3.6
      vertex -5.03468 5.2 2.68701
      vertex -4.96568 5.2 2.76569
    endloop
  endfacet
  facet normal 0 -1 0
    outer loop
      vertex -6.7 5.2 3.6
      vertex -5.09282 5.2 2.6
      vertex -5.03468 5.2 2.68701
    endloop
  endfacet
  facet normal 0 -1 0
    outer loop
      vertex -6.7 5.2 3.6
      vertex -5.1391 5.2 2.50615
      vertex -5.09282 5.2 2.6
    endloop
  endfacet
  facet normal 0 -1 0
    outer loop
      vertex -6.7 5.2 3.6
      vertex -5.17274 5.2 2.40705
      vertex -5.1391 5.2 2.50615
    endloop
  endfacet
  facet normal 0 -1 0
    outer loop
      vertex -6.7 5.2 3.6
      vertex -5.19316 5.2 2.30442
      vertex -5.17274 5.2 2.40705
    endloop
  endfacet
  facet normal 0 -1 0
    outer loop
      vertex -6.7 5.2 3.6
      vertex -5.2 5.2 2.2
      vertex -5.19316 5.2 2.30442
    endloop
  endfacet
  facet normal 0 -1 0
    outer loop
      vertex -6.7 5.2 3.6
      vertex -5.19316 5.2 2.09558
      vertex -5.2 5.2 2.2
    endloop
  endfacet
  facet normal 0 -1 0
    outer loop
      vertex -6.7 5.2 0
      vertex -5.19316 5.2 2.09558
      vertex -6.7 5.2 3.6
    endloop
  endfacet
  facet normal 0 -1 -0
    outer loop
      vertex -5.19316 5.2 2.09558
      vertex -6.7 5.2 0
      vertex -5.17274 5.2 1.99294
    endloop
  endfacet
  facet normal 0 -1 -0
    outer loop
      vertex -5.17274 5.2 1.99294
      vertex -6.7 5.2 0
      vertex -5.1391 5.2 1.89385
    endloop
  endfacet
  facet normal 0 -1 -0
    outer loop
      vertex -5.1391 5.2 1.89385
      vertex -6.7 5.2 0
      vertex -5.09282 5.2 1.8
    endloop
  endfacet
  facet normal 0 -1 -0
    outer loop
      vertex -5.09282 5.2 1.8
      vertex -6.7 5.2 0
      vertex -5.03468 5.2 1.71299
    endloop
  endfacet
  facet normal 0 -1 0
    outer loop
      vertex 1.1 5.2 0
      vertex -4.4 5.2 1.4
      vertex -6.7 5.2 0
    endloop
  endfacet
  facet normal 0 -1 -0
    outer loop
      vertex -4.50442 5.2 1.40684
      vertex -6.7 5.2 0
      vertex -4.4 5.2 1.4
    endloop
  endfacet
  facet normal 0 -1 -0
    outer loop
      vertex -4.60705 5.2 1.42726
      vertex -6.7 5.2 0
      vertex -4.50442 5.2 1.40684
    endloop
  endfacet
  facet normal 0 -1 -0
    outer loop
      vertex -4.70615 5.2 1.4609
      vertex -6.7 5.2 0
      vertex -4.60705 5.2 1.42726
    endloop
  endfacet
  facet normal 0 -1 -0
    outer loop
      vertex -4.8 5.2 1.50718
      vertex -6.7 5.2 0
      vertex -4.70615 5.2 1.4609
    endloop
  endfacet
  facet normal 0 -1 -0
    outer loop
      vertex -4.88701 5.2 1.56532
      vertex -6.7 5.2 0
      vertex -4.8 5.2 1.50718
    endloop
  endfacet
  facet normal 0 -1 -0
    outer loop
      vertex -4.96568 5.2 1.63431
      vertex -6.7 5.2 0
      vertex -4.88701 5.2 1.56532
    endloop
  endfacet
  facet normal 0 -1 -0
    outer loop
      vertex -5.03468 5.2 1.71299
      vertex -6.7 5.2 0
      vertex -4.96568 5.2 1.63431
    endloop
  endfacet
  facet normal 0 -1 0
    outer loop
      vertex 4.4 5.2 3
      vertex 6.7 5.2 3.6
      vertex -4.4 5.2 3
    endloop
  endfacet
  facet normal 0 -1 0
    outer loop
      vertex 4.50442 5.2 2.99316
      vertex 6.7 5.2 3.6
      vertex 4.4 5.2 3
    endloop
  endfacet
  facet normal 0 -1 0
    outer loop
      vertex 4.60705 5.2 2.97274
      vertex 6.7 5.2 3.6
      vertex 4.50442 5.2 2.99316
    endloop
  endfacet
  facet normal 0 -1 0
    outer loop
      vertex 4.70615 5.2 2.9391
      vertex 6.7 5.2 3.6
      vertex 4.60705 5.2 2.97274
    endloop
  endfacet
  facet normal 0 -1 0
    outer loop
      vertex 4.8 5.2 2.89282
      vertex 6.7 5.2 3.6
      vertex 4.70615 5.2 2.9391
    endloop
  endfacet
  facet normal 0 -1 0
    outer loop
      vertex 4.88701 5.2 2.83468
      vertex 6.7 5.2 3.6
      vertex 4.8 5.2 2.89282
    endloop
  endfacet
  facet normal 0 -1 0
    outer loop
      vertex 4.96568 5.2 2.76569
      vertex 6.7 5.2 3.6
      vertex 4.88701 5.2 2.83468
    endloop
  endfacet
  facet normal 0 -1 0
    outer loop
      vertex 5.03468 5.2 2.68701
      vertex 6.7 5.2 3.6
      vertex 4.96568 5.2 2.76569
    endloop
  endfacet
  facet normal 0 -1 0
    outer loop
      vertex 5.09282 5.2 2.6
      vertex 6.7 5.2 3.6
      vertex 5.03468 5.2 2.68701
    endloop
  endfacet
  facet normal 0 -1 0
    outer loop
      vertex 5.1391 5.2 2.50615
      vertex 6.7 5.2 3.6
      vertex 5.09282 5.2 2.6
    endloop
  endfacet
  facet normal 0 -1 0
    outer loop
      vertex 5.17274 5.2 2.40705
      vertex 6.7 5.2 3.6
      vertex 5.1391 5.2 2.50615
    endloop
  endfacet
  facet normal 0 -1 0
    outer loop
      vertex 5.19316 5.2 2.30442
      vertex 6.7 5.2 3.6
      vertex 5.17274 5.2 2.40705
    endloop
  endfacet
  facet normal 0 -1 0
    outer loop
      vertex 5.2 5.2 2.2
      vertex 6.7 5.2 3.6
      vertex 5.19316 5.2 2.30442
    endloop
  endfacet
  facet normal 0 -1 0
    outer loop
      vertex 5.19316 5.2 2.09558
      vertex 6.7 5.2 3.6
      vertex 5.2 5.2 2.2
    endloop
  endfacet
  facet normal 0 -1 0
    outer loop
      vertex 6.7 5.2 0
      vertex 5.19316 5.2 2.09558
      vertex 5.17274 5.2 1.99294
    endloop
  endfacet
  facet normal 0 -1 0
    outer loop
      vertex 6.7 5.2 0
      vertex 5.17274 5.2 1.99294
      vertex 5.1391 5.2 1.89385
    endloop
  endfacet
  facet normal 0 -1 0
    outer loop
      vertex 6.7 5.2 0
      vertex 5.1391 5.2 1.89385
      vertex 5.09282 5.2 1.8
    endloop
  endfacet
  facet normal 0 -1 0
    outer loop
      vertex 6.7 5.2 0
      vertex 5.09282 5.2 1.8
      vertex 5.03468 5.2 1.71299
    endloop
  endfacet
  facet normal 0 -1 0
    outer loop
      vertex 6.7 5.2 0
      vertex 5.03468 5.2 1.71299
      vertex 4.96568 5.2 1.63431
    endloop
  endfacet
  facet normal 0 -1 0
    outer loop
      vertex -4.4 5.2 1.4
      vertex 1.1 5.2 0
      vertex 4.4 5.2 1.4
    endloop
  endfacet
  facet normal 0 -1 0
    outer loop
      vertex 6.7 5.2 0
      vertex 4.4 5.2 1.4
      vertex 1.1 5.2 0
    endloop
  endfacet
  facet normal 0 -1 0
    outer loop
      vertex 4.4 5.2 1.4
      vertex 6.7 5.2 0
      vertex 4.50442 5.2 1.40684
    endloop
  endfacet
  facet normal 0 -1 0
    outer loop
      vertex 4.50442 5.2 1.40684
      vertex 6.7 5.2 0
      vertex 4.60705 5.2 1.42726
    endloop
  endfacet
  facet normal 0 -1 0
    outer loop
      vertex 5.19316 5.2 2.09558
      vertex 6.7 5.2 0
      vertex 6.7 5.2 3.6
    endloop
  endfacet
  facet normal 0 -1 0
    outer loop
      vertex 4.88701 5.2 1.56532
      vertex 6.7 5.2 0
      vertex 4.96568 5.2 1.63431
    endloop
  endfacet
  facet normal 0 -1 0
    outer loop
      vertex 4.8 5.2 1.50718
      vertex 6.7 5.2 0
      vertex 4.88701 5.2 1.56532
    endloop
  endfacet
  facet normal 0 -1 0
    outer loop
      vertex 4.70615 5.2 1.4609
      vertex 6.7 5.2 0
      vertex 4.8 5.2 1.50718
    endloop
  endfacet
  facet normal 0 -1 0
    outer loop
      vertex 4.60705 5.2 1.42726
      vertex 6.7 5.2 0
      vertex 4.70615 5.2 1.4609
    endloop
  endfacet
  facet normal -0 -0.996188 -0.0872312
    outer loop
      vertex 7.85 6.93513 -2
      vertex 1.1 6.76 0
      vertex 0.924871 6.93513 -2
    endloop
  endfacet
  facet normal 0 -0.996188 -0.0872312
    outer loop
      vertex 1.1 6.76 0
      vertex 7.85 6.93513 -2
      vertex 7.85 6.76 0
    endloop
  endfacet
  facet normal -0 -0.996188 -0.0872303
    outer loop
      vertex 8.86487 7.77487 -11.59
      vertex 7.85 6.93513 -2
      vertex 7.85 7.77487 -11.59
    endloop
  endfacet
  facet normal -8.19629e-06 -0.996188 -0.0872312
    outer loop
      vertex 7.85 6.93513 -2
      vertex 8.86487 7.77487 -11.59
      vertex 7.85 6.76 0
    endloop
  endfacet
  facet normal -1 0 0
    outer loop
      vertex 8.86487 0 -11.6
      vertex 8.86487 7.77487 -11.59
      vertex 8.86487 7.77487 -11.6
    endloop
  endfacet
  facet normal -1 -0 0
    outer loop
      vertex 8.86487 7.77487 -11.59
      vertex 8.86487 0 -11.6
      vertex 8.86487 0 -11.59
    endloop
  endfacet
  facet normal -0.996188 0 -0.0872305
    outer loop
      vertex 8.86487 0 -11.59
      vertex 7.85 6.76 0
      vertex 8.86487 7.77487 -11.59
    endloop
  endfacet
  facet normal -0.996188 -0 -0.0872305
    outer loop
      vertex 7.85 6.76 0
      vertex 8.86487 0 -11.59
      vertex 7.85 0 0
    endloop
  endfacet
  facet normal 0.996188 0 -0.0872307
    outer loop
      vertex 1.1 5.2 0
      vertex 0.924871 6.93513 -2
      vertex 1.1 6.76 0
    endloop
  endfacet
  facet normal 0.996188 0 -0.0872307
    outer loop
      vertex 0.924871 0 -2
      vertex 1.1 5.2 0
      vertex 1.1 0 0
    endloop
  endfacet
  facet normal 0.996188 0 -0.0872307
    outer loop
      vertex 1.1 5.2 0
      vertex 0.924871 0 -2
      vertex 0.924871 6.93513 -2
    endloop
  endfacet
  facet normal -0 0 1
    outer loop
      vertex 7.85 7.77487 -11.6
      vertex 8.86487 0 -11.6
      vertex 8.86487 7.77487 -11.6
    endloop
  endfacet
  facet normal 0 0 1
    outer loop
      vertex 8.86487 0 -11.6
      vertex 7.85 7.77487 -11.6
      vertex 7.85 0 -11.6
    endloop
  endfacet
  facet normal 0 -1 0
    outer loop
      vertex -6.7 7.77487 -2
      vertex 7.85 7.77487 -11.59
      vertex 7.85 7.77487 -2
    endloop
  endfacet
  facet normal 0 -1 0
    outer loop
      vertex 7.85 7.77487 -11.59
      vertex 7.85 7.77487 -11.6
      vertex 8.86487 7.77487 -11.59
    endloop
  endfacet
  facet normal 0 -1 0
    outer loop
      vertex -6.7 7.77487 -13.6
      vertex 7.85 7.77487 -11.59
      vertex -6.7 7.77487 -2
    endloop
  endfacet
  facet normal 0 -1 -0
    outer loop
      vertex 7.85 7.77487 -11.59
      vertex -6.7 7.77487 -13.6
      vertex 7.85 7.77487 -11.6
    endloop
  endfacet
  facet normal 0 -1 -0
    outer loop
      vertex 7.85 7.77487 -11.6
      vertex -6.7 7.77487 -13.6
      vertex 7.85 7.77487 -13.6
    endloop
  endfacet
  facet normal 0 -1 -0
    outer loop
      vertex 8.86487 7.77487 -11.59
      vertex 7.85 7.77487 -11.6
      vertex 8.86487 7.77487 -11.6
    endloop
  endfacet
  facet normal -1 -0 -0
    outer loop
      vertex 7.85 7.77487 -2
      vertex 7.85 7.77487 -11.59
      vertex 7.85 6.93513 -2
    endloop
  endfacet
  facet normal -1 0 0
    outer loop
      vertex 7.85 0 -13.6
      vertex 7.85 7.77487 -11.6
      vertex 7.85 7.77487 -13.6
    endloop
  endfacet
  facet normal -1 -0 0
    outer loop
      vertex 7.85 7.77487 -11.6
      vertex 7.85 0 -13.6
      vertex 7.85 0 -11.6
    endloop
  endfacet
  facet normal 0 0 -1
    outer loop
      vertex 0.924871 0 -2
      vertex -6.7 0 -2
      vertex 0.924871 6.93513 -2
    endloop
  endfacet
  facet normal 0 0 -1
    outer loop
      vertex 0.924871 6.93513 -2
      vertex 7.85 7.77487 -2
      vertex 7.85 6.93513 -2
    endloop
  endfacet
  facet normal 0 0 -1
    outer loop
      vertex 0.924871 6.93513 -2
      vertex -6.7 7.77487 -2
      vertex 7.85 7.77487 -2
    endloop
  endfacet
  facet normal 0 0 -1
    outer loop
      vertex -6.7 7.77487 -2
      vertex 0.924871 6.93513 -2
      vertex -6.7 0 -2
    endloop
  endfacet
  facet normal -0 0 1
    outer loop
      vertex 5.39424 0.919238 -13.6
      vertex 7.85 0 -13.6
      vertex 7.85 7.77487 -13.6
    endloop
  endfacet
  facet normal 0 0 1
    outer loop
      vertex 7.85 0 -13.6
      vertex 5.76388 0.169683 -13.6
      vertex 5.775 0 -13.6
    endloop
  endfacet
  facet normal 0 0 1
    outer loop
      vertex 7.85 0 -13.6
      vertex 5.7307 0.336464 -13.6
      vertex 5.76388 0.169683 -13.6
    endloop
  endfacet
  facet normal 0 0 1
    outer loop
      vertex 7.85 0 -13.6
      vertex 5.67604 0.497488 -13.6
      vertex 5.7307 0.336464 -13.6
    endloop
  endfacet
  facet normal 0 0 1
    outer loop
      vertex 7.85 0 -13.6
      vertex 5.60083 0.65 -13.6
      vertex 5.67604 0.497488 -13.6
    endloop
  endfacet
  facet normal 0 0 1
    outer loop
      vertex 7.85 0 -13.6
      vertex 5.50636 0.791389 -13.6
      vertex 5.60083 0.65 -13.6
    endloop
  endfacet
  facet normal 0 0 1
    outer loop
      vertex 7.85 0 -13.6
      vertex 5.39424 0.919238 -13.6
      vertex 5.50636 0.791389 -13.6
    endloop
  endfacet
  facet normal 0 0 1
    outer loop
      vertex 7.85 7.77487 -13.6
      vertex 5.26639 1.03136 -13.6
      vertex 5.39424 0.919238 -13.6
    endloop
  endfacet
  facet normal 0 0 1
    outer loop
      vertex 7.85 7.77487 -13.6
      vertex 5.125 1.12583 -13.6
      vertex 5.26639 1.03136 -13.6
    endloop
  endfacet
  facet normal 0 0 1
    outer loop
      vertex 7.85 7.77487 -13.6
      vertex 4.97249 1.20104 -13.6
      vertex 5.125 1.12583 -13.6
    endloop
  endfacet
  facet normal 0 0 1
    outer loop
      vertex 7.85 7.77487 -13.6
      vertex 4.81146 1.2557 -13.6
      vertex 4.97249 1.20104 -13.6
    endloop
  endfacet
  facet normal 0 0 1
    outer loop
      vertex 7.85 7.77487 -13.6
      vertex 4.64468 1.28888 -13.6
      vertex 4.81146 1.2557 -13.6
    endloop
  endfacet
  facet normal 0 0 1
    outer loop
      vertex 7.85 7.77487 -13.6
      vertex 4.475 1.3 -13.6
      vertex 4.64468 1.28888 -13.6
    endloop
  endfacet
  facet normal 0 0 1
    outer loop
      vertex 7.85 7.77487 -13.6
      vertex 4.30532 1.28888 -13.6
      vertex 4.475 1.3 -13.6
    endloop
  endfacet
  facet normal 0 0 1
    outer loop
      vertex 7.85 7.77487 -13.6
      vertex 4.13853 1.2557 -13.6
      vertex 4.30532 1.28888 -13.6
    endloop
  endfacet
  facet normal 0 0 1
    outer loop
      vertex 7.85 7.77487 -13.6
      vertex 3.97751 1.20104 -13.6
      vertex 4.13853 1.2557 -13.6
    endloop
  endfacet
  facet normal 0 0 1
    outer loop
      vertex 7.85 7.77487 -13.6
      vertex 3.825 1.12583 -13.6
      vertex 3.97751 1.20104 -13.6
    endloop
  endfacet
  facet normal -0 0 1
    outer loop
      vertex -6.7 7.77487 -13.6
      vertex 3.825 1.12583 -13.6
      vertex 7.85 7.77487 -13.6
    endloop
  endfacet
  facet normal 0 0 1
    outer loop
      vertex 3.825 1.12583 -13.6
      vertex -6.7 7.77487 -13.6
      vertex 3.68361 1.03136 -13.6
    endloop
  endfacet
  facet normal 0 0 1
    outer loop
      vertex 3.68361 1.03136 -13.6
      vertex -6.7 7.77487 -13.6
      vertex 3.55576 0.919238 -13.6
    endloop
  endfacet
  facet normal 0 0 1
    outer loop
      vertex 3.55576 0.919238 -13.6
      vertex -6.7 7.77487 -13.6
      vertex 3.44364 0.791389 -13.6
    endloop
  endfacet
  facet normal 0 0 1
    outer loop
      vertex 3.44364 0.791389 -13.6
      vertex -6.7 7.77487 -13.6
      vertex 3.34917 0.65 -13.6
    endloop
  endfacet
  facet normal 0 0 1
    outer loop
      vertex -6.7 0 -13.6
      vertex 3.34917 0.65 -13.6
      vertex -6.7 7.77487 -13.6
    endloop
  endfacet
  facet normal 0 0 1
    outer loop
      vertex 3.34917 0.65 -13.6
      vertex -6.7 0 -13.6
      vertex 3.27396 0.497488 -13.6
    endloop
  endfacet
  facet normal 0 0 1
    outer loop
      vertex 3.27396 0.497488 -13.6
      vertex -6.7 0 -13.6
      vertex 3.2193 0.336464 -13.6
    endloop
  endfacet
  facet normal 0 0 1
    outer loop
      vertex 3.2193 0.336464 -13.6
      vertex -6.7 0 -13.6
      vertex 3.18612 0.169683 -13.6
    endloop
  endfacet
  facet normal 0 0 1
    outer loop
      vertex 3.18612 0.169683 -13.6
      vertex -6.7 0 -13.6
      vertex 3.175 0 -13.6
    endloop
  endfacet
  facet normal 1 -0 0
    outer loop
      vertex -6.7 0 -2
      vertex -6.7 7.77487 -13.6
      vertex -6.7 7.77487 -2
    endloop
  endfacet
  facet normal 1 0 0
    outer loop
      vertex -6.7 7.77487 -13.6
      vertex -6.7 0 -2
      vertex -6.7 0 -13.6
    endloop
  endfacet
  facet normal -0.442276 -0.896879 0
    outer loop
      vertex -4.89385 4.1391 3.6
      vertex -4.8 4.09282 5.6
      vertex -4.89385 4.1391 5.6
    endloop
  endfacet
  facet normal -0.442276 -0.896879 -0
    outer loop
      vertex -4.8 4.09282 5.6
      vertex -4.89385 4.1391 3.6
      vertex -4.8 4.09282 3.6
    endloop
  endfacet
  facet normal -0.321469 -0.94692 0
    outer loop
      vertex -4.99294 4.17274 3.6
      vertex -4.89385 4.1391 5.6
      vertex -4.99294 4.17274 5.6
    endloop
  endfacet
  facet normal -0.321469 -0.94692 -0
    outer loop
      vertex -4.89385 4.1391 5.6
      vertex -4.99294 4.17274 3.6
      vertex -4.89385 4.1391 3.6
    endloop
  endfacet
  facet normal -1 0 0
    outer loop
      vertex -4.4 0 3.6
      vertex -4.4 3.4 5.6
      vertex -4.4 3.4 3.6
    endloop
  endfacet
  facet normal -1 -0 0
    outer loop
      vertex -4.4 3.4 5.6
      vertex -4.4 0 3.6
      vertex -4.4 0 5.6
    endloop
  endfacet
  facet normal 0.555582 -0.831462 0
    outer loop
      vertex -5.68701 4.03468 3.6
      vertex -5.6 4.09282 5.6
      vertex -5.68701 4.03468 5.6
    endloop
  endfacet
  facet normal 0.555582 -0.831462 0
    outer loop
      vertex -5.6 4.09282 5.6
      vertex -5.68701 4.03468 3.6
      vertex -5.6 4.09282 3.6
    endloop
  endfacet
  facet normal 1 -0 0
    outer loop
      vertex -6 0 5.6
      vertex -6 3.4 3.6
      vertex -6 3.4 5.6
    endloop
  endfacet
  facet normal 1 0 0
    outer loop
      vertex -6 3.4 3.6
      vertex -6 0 5.6
      vertex -6 0 3.6
    endloop
  endfacet
  facet normal -0.751848 -0.659336 0
    outer loop
      vertex -4.56532 3.88701 3.6
      vertex -4.63431 3.96568 5.6
      vertex -4.63431 3.96568 3.6
    endloop
  endfacet
  facet normal -0.751848 -0.659336 0
    outer loop
      vertex -4.63431 3.96568 5.6
      vertex -4.56532 3.88701 3.6
      vertex -4.56532 3.88701 5.6
    endloop
  endfacet
  facet normal 0.0653646 -0.997861 0
    outer loop
      vertex -5.30442 4.19316 3.6
      vertex -5.2 4.2 5.6
      vertex -5.30442 4.19316 5.6
    endloop
  endfacet
  facet normal 0.0653646 -0.997861 0
    outer loop
      vertex -5.2 4.2 5.6
      vertex -5.30442 4.19316 3.6
      vertex -5.2 4.2 3.6
    endloop
  endfacet
  facet normal 0.442276 -0.896879 0
    outer loop
      vertex -5.6 4.09282 3.6
      vertex -5.50615 4.1391 5.6
      vertex -5.6 4.09282 5.6
    endloop
  endfacet
  facet normal 0.442276 -0.896879 0
    outer loop
      vertex -5.50615 4.1391 5.6
      vertex -5.6 4.09282 3.6
      vertex -5.50615 4.1391 3.6
    endloop
  endfacet
  facet normal -0.0653646 -0.997861 0
    outer loop
      vertex -5.2 4.2 3.6
      vertex -5.09558 4.19316 5.6
      vertex -5.2 4.2 5.6
    endloop
  endfacet
  facet normal -0.0653646 -0.997861 -0
    outer loop
      vertex -5.09558 4.19316 5.6
      vertex -5.2 4.2 3.6
      vertex -5.09558 4.19316 3.6
    endloop
  endfacet
  facet normal -0.997861 -0.0653646 0
    outer loop
      vertex -4.4 3.4 3.6
      vertex -4.40684 3.50442 5.6
      vertex -4.40684 3.50442 3.6
    endloop
  endfacet
  facet normal -0.997861 -0.0653646 0
    outer loop
      vertex -4.40684 3.50442 5.6
      vertex -4.4 3.4 3.6
      vertex -4.4 3.4 5.6
    endloop
  endfacet
  facet normal 0.997861 -0.0653646 0
    outer loop
      vertex -6 3.4 5.6
      vertex -5.99316 3.50442 3.6
      vertex -5.99316 3.50442 5.6
    endloop
  endfacet
  facet normal 0.997861 -0.0653646 0
    outer loop
      vertex -5.99316 3.50442 3.6
      vertex -6 3.4 5.6
      vertex -6 3.4 3.6
    endloop
  endfacet
  facet normal 0.32144 -0.94693 0
    outer loop
      vertex -5.50615 4.1391 3.6
      vertex -5.40705 4.17274 5.6
      vertex -5.50615 4.1391 5.6
    endloop
  endfacet
  facet normal 0.32144 -0.94693 0
    outer loop
      vertex -5.40705 4.17274 5.6
      vertex -5.50615 4.1391 3.6
      vertex -5.40705 4.17274 3.6
    endloop
  endfacet
  facet normal -0.195124 -0.980779 0
    outer loop
      vertex -5.09558 4.19316 3.6
      vertex -4.99294 4.17274 5.6
      vertex -5.09558 4.19316 5.6
    endloop
  endfacet
  facet normal -0.195124 -0.980779 -0
    outer loop
      vertex -4.99294 4.17274 5.6
      vertex -5.09558 4.19316 3.6
      vertex -4.99294 4.17274 3.6
    endloop
  endfacet
  facet normal 0.831462 -0.555582 0
    outer loop
      vertex -5.89282 3.8 5.6
      vertex -5.83468 3.88701 3.6
      vertex -5.83468 3.88701 5.6
    endloop
  endfacet
  facet normal 0.831462 -0.555582 0
    outer loop
      vertex -5.83468 3.88701 3.6
      vertex -5.89282 3.8 5.6
      vertex -5.89282 3.8 3.6
    endloop
  endfacet
  facet normal -0.831462 -0.555582 0
    outer loop
      vertex -4.50718 3.8 3.6
      vertex -4.56532 3.88701 5.6
      vertex -4.56532 3.88701 3.6
    endloop
  endfacet
  facet normal -0.831462 -0.555582 0
    outer loop
      vertex -4.56532 3.88701 5.6
      vertex -4.50718 3.8 3.6
      vertex -4.50718 3.8 5.6
    endloop
  endfacet
  facet normal -0.659343 -0.751842 0
    outer loop
      vertex -4.71299 4.03468 3.6
      vertex -4.63431 3.96568 5.6
      vertex -4.71299 4.03468 5.6
    endloop
  endfacet
  facet normal -0.659343 -0.751842 -0
    outer loop
      vertex -4.63431 3.96568 5.6
      vertex -4.71299 4.03468 3.6
      vertex -4.63431 3.96568 3.6
    endloop
  endfacet
  facet normal -0.896879 -0.442276 0
    outer loop
      vertex -4.4609 3.70615 3.6
      vertex -4.50718 3.8 5.6
      vertex -4.50718 3.8 3.6
    endloop
  endfacet
  facet normal -0.896879 -0.442276 0
    outer loop
      vertex -4.50718 3.8 5.6
      vertex -4.4609 3.70615 3.6
      vertex -4.4609 3.70615 5.6
    endloop
  endfacet
  facet normal 0.751848 -0.659336 0
    outer loop
      vertex -5.83468 3.88701 5.6
      vertex -5.76569 3.96568 3.6
      vertex -5.76569 3.96568 5.6
    endloop
  endfacet
  facet normal 0.751848 -0.659336 0
    outer loop
      vertex -5.76569 3.96568 3.6
      vertex -5.83468 3.88701 5.6
      vertex -5.83468 3.88701 3.6
    endloop
  endfacet
  facet normal -0.94693 -0.32144 0
    outer loop
      vertex -4.42726 3.60705 3.6
      vertex -4.4609 3.70615 5.6
      vertex -4.4609 3.70615 3.6
    endloop
  endfacet
  facet normal -0.94693 -0.32144 0
    outer loop
      vertex -4.4609 3.70615 5.6
      vertex -4.42726 3.60705 3.6
      vertex -4.42726 3.60705 5.6
    endloop
  endfacet
  facet normal -0.980775 -0.195142 0
    outer loop
      vertex -4.40684 3.50442 3.6
      vertex -4.42726 3.60705 5.6
      vertex -4.42726 3.60705 3.6
    endloop
  endfacet
  facet normal -0.980775 -0.195142 0
    outer loop
      vertex -4.42726 3.60705 5.6
      vertex -4.40684 3.50442 3.6
      vertex -4.40684 3.50442 5.6
    endloop
  endfacet
  facet normal 0.94693 -0.32144 0
    outer loop
      vertex -5.97274 3.60705 5.6
      vertex -5.9391 3.70615 3.6
      vertex -5.9391 3.70615 5.6
    endloop
  endfacet
  facet normal 0.94693 -0.32144 0
    outer loop
      vertex -5.9391 3.70615 3.6
      vertex -5.97274 3.60705 5.6
      vertex -5.97274 3.60705 3.6
    endloop
  endfacet
  facet normal 0.980775 -0.195142 0
    outer loop
      vertex -5.99316 3.50442 5.6
      vertex -5.97274 3.60705 3.6
      vertex -5.97274 3.60705 5.6
    endloop
  endfacet
  facet normal 0.980775 -0.195142 0
    outer loop
      vertex -5.97274 3.60705 3.6
      vertex -5.99316 3.50442 5.6
      vertex -5.99316 3.50442 3.6
    endloop
  endfacet
  facet normal 0.896879 -0.442276 0
    outer loop
      vertex -5.9391 3.70615 5.6
      vertex -5.89282 3.8 3.6
      vertex -5.89282 3.8 5.6
    endloop
  endfacet
  facet normal 0.896879 -0.442276 0
    outer loop
      vertex -5.89282 3.8 3.6
      vertex -5.9391 3.70615 5.6
      vertex -5.9391 3.70615 3.6
    endloop
  endfacet
  facet normal 0.195142 -0.980775 0
    outer loop
      vertex -5.40705 4.17274 3.6
      vertex -5.30442 4.19316 5.6
      vertex -5.40705 4.17274 5.6
    endloop
  endfacet
  facet normal 0.195142 -0.980775 0
    outer loop
      vertex -5.30442 4.19316 5.6
      vertex -5.40705 4.17274 3.6
      vertex -5.30442 4.19316 3.6
    endloop
  endfacet
  facet normal -0.555582 -0.831462 0
    outer loop
      vertex -4.8 4.09282 3.6
      vertex -4.71299 4.03468 5.6
      vertex -4.8 4.09282 5.6
    endloop
  endfacet
  facet normal -0.555582 -0.831462 -0
    outer loop
      vertex -4.71299 4.03468 5.6
      vertex -4.8 4.09282 3.6
      vertex -4.71299 4.03468 3.6
    endloop
  endfacet
  facet normal 0.659343 -0.751842 0
    outer loop
      vertex -5.76569 3.96568 3.6
      vertex -5.68701 4.03468 5.6
      vertex -5.76569 3.96568 5.6
    endloop
  endfacet
  facet normal 0.659343 -0.751842 0
    outer loop
      vertex -5.68701 4.03468 5.6
      vertex -5.76569 3.96568 3.6
      vertex -5.68701 4.03468 3.6
    endloop
  endfacet
  facet normal -0.442276 -0.896879 0
    outer loop
      vertex -2.29385 4.1391 3.6
      vertex -2.2 4.09282 5.6
      vertex -2.29385 4.1391 5.6
    endloop
  endfacet
  facet normal -0.442276 -0.896879 -0
    outer loop
      vertex -2.2 4.09282 5.6
      vertex -2.29385 4.1391 3.6
      vertex -2.2 4.09282 3.6
    endloop
  endfacet
  facet normal -0.321469 -0.94692 0
    outer loop
      vertex -2.39294 4.17274 3.6
      vertex -2.29385 4.1391 5.6
      vertex -2.39294 4.17274 5.6
    endloop
  endfacet
  facet normal -0.321469 -0.94692 -0
    outer loop
      vertex -2.29385 4.1391 5.6
      vertex -2.39294 4.17274 3.6
      vertex -2.29385 4.1391 3.6
    endloop
  endfacet
  facet normal -1 0 0
    outer loop
      vertex -1.8 0 3.6
      vertex -1.8 3.4 5.6
      vertex -1.8 3.4 3.6
    endloop
  endfacet
  facet normal -1 -0 0
    outer loop
      vertex -1.8 3.4 5.6
      vertex -1.8 0 3.6
      vertex -1.8 0 5.6
    endloop
  endfacet
  facet normal 0.555582 -0.831462 0
    outer loop
      vertex -3.08701 4.03468 3.6
      vertex -3 4.09282 5.6
      vertex -3.08701 4.03468 5.6
    endloop
  endfacet
  facet normal 0.555582 -0.831462 0
    outer loop
      vertex -3 4.09282 5.6
      vertex -3.08701 4.03468 3.6
      vertex -3 4.09282 3.6
    endloop
  endfacet
  facet normal 1 -0 0
    outer loop
      vertex -3.4 0 5.6
      vertex -3.4 3.4 3.6
      vertex -3.4 3.4 5.6
    endloop
  endfacet
  facet normal 1 0 0
    outer loop
      vertex -3.4 3.4 3.6
      vertex -3.4 0 5.6
      vertex -3.4 0 3.6
    endloop
  endfacet
  facet normal -0.751848 -0.659336 0
    outer loop
      vertex -1.96532 3.88701 3.6
      vertex -2.03431 3.96568 5.6
      vertex -2.03431 3.96568 3.6
    endloop
  endfacet
  facet normal -0.751848 -0.659336 0
    outer loop
      vertex -2.03431 3.96568 5.6
      vertex -1.96532 3.88701 3.6
      vertex -1.96532 3.88701 5.6
    endloop
  endfacet
  facet normal 0.0653646 -0.997861 0
    outer loop
      vertex -2.70442 4.19316 3.6
      vertex -2.6 4.2 5.6
      vertex -2.70442 4.19316 5.6
    endloop
  endfacet
  facet normal 0.0653646 -0.997861 0
    outer loop
      vertex -2.6 4.2 5.6
      vertex -2.70442 4.19316 3.6
      vertex -2.6 4.2 3.6
    endloop
  endfacet
  facet normal 0.442276 -0.896879 0
    outer loop
      vertex -3 4.09282 3.6
      vertex -2.90615 4.1391 5.6
      vertex -3 4.09282 5.6
    endloop
  endfacet
  facet normal 0.442276 -0.896879 0
    outer loop
      vertex -2.90615 4.1391 5.6
      vertex -3 4.09282 3.6
      vertex -2.90615 4.1391 3.6
    endloop
  endfacet
  facet normal -0.0653646 -0.997861 0
    outer loop
      vertex -2.6 4.2 3.6
      vertex -2.49558 4.19316 5.6
      vertex -2.6 4.2 5.6
    endloop
  endfacet
  facet normal -0.0653646 -0.997861 -0
    outer loop
      vertex -2.49558 4.19316 5.6
      vertex -2.6 4.2 3.6
      vertex -2.49558 4.19316 3.6
    endloop
  endfacet
  facet normal -0.997861 -0.0653646 0
    outer loop
      vertex -1.8 3.4 3.6
      vertex -1.80684 3.50442 5.6
      vertex -1.80684 3.50442 3.6
    endloop
  endfacet
  facet normal -0.997861 -0.0653646 0
    outer loop
      vertex -1.80684 3.50442 5.6
      vertex -1.8 3.4 3.6
      vertex -1.8 3.4 5.6
    endloop
  endfacet
  facet normal 0.997861 -0.0653646 0
    outer loop
      vertex -3.4 3.4 5.6
      vertex -3.39316 3.50442 3.6
      vertex -3.39316 3.50442 5.6
    endloop
  endfacet
  facet normal 0.997861 -0.0653646 0
    outer loop
      vertex -3.39316 3.50442 3.6
      vertex -3.4 3.4 5.6
      vertex -3.4 3.4 3.6
    endloop
  endfacet
  facet normal 0.32144 -0.94693 0
    outer loop
      vertex -2.90615 4.1391 3.6
      vertex -2.80705 4.17274 5.6
      vertex -2.90615 4.1391 5.6
    endloop
  endfacet
  facet normal 0.32144 -0.94693 0
    outer loop
      vertex -2.80705 4.17274 5.6
      vertex -2.90615 4.1391 3.6
      vertex -2.80705 4.17274 3.6
    endloop
  endfacet
  facet normal -0.195124 -0.980779 0
    outer loop
      vertex -2.49558 4.19316 3.6
      vertex -2.39294 4.17274 5.6
      vertex -2.49558 4.19316 5.6
    endloop
  endfacet
  facet normal -0.195124 -0.980779 -0
    outer loop
      vertex -2.39294 4.17274 5.6
      vertex -2.49558 4.19316 3.6
      vertex -2.39294 4.17274 3.6
    endloop
  endfacet
  facet normal 0.831462 -0.555582 0
    outer loop
      vertex -3.29282 3.8 5.6
      vertex -3.23468 3.88701 3.6
      vertex -3.23468 3.88701 5.6
    endloop
  endfacet
  facet normal 0.831462 -0.555582 0
    outer loop
      vertex -3.23468 3.88701 3.6
      vertex -3.29282 3.8 5.6
      vertex -3.29282 3.8 3.6
    endloop
  endfacet
  facet normal -0.831462 -0.555582 0
    outer loop
      vertex -1.90718 3.8 3.6
      vertex -1.96532 3.88701 5.6
      vertex -1.96532 3.88701 3.6
    endloop
  endfacet
  facet normal -0.831462 -0.555582 0
    outer loop
      vertex -1.96532 3.88701 5.6
      vertex -1.90718 3.8 3.6
      vertex -1.90718 3.8 5.6
    endloop
  endfacet
  facet normal -0.659343 -0.751842 0
    outer loop
      vertex -2.11299 4.03468 3.6
      vertex -2.03431 3.96568 5.6
      vertex -2.11299 4.03468 5.6
    endloop
  endfacet
  facet normal -0.659343 -0.751842 -0
    outer loop
      vertex -2.03431 3.96568 5.6
      vertex -2.11299 4.03468 3.6
      vertex -2.03431 3.96568 3.6
    endloop
  endfacet
  facet normal -0.896879 -0.442276 0
    outer loop
      vertex -1.8609 3.70615 3.6
      vertex -1.90718 3.8 5.6
      vertex -1.90718 3.8 3.6
    endloop
  endfacet
  facet normal -0.896879 -0.442276 0
    outer loop
      vertex -1.90718 3.8 5.6
      vertex -1.8609 3.70615 3.6
      vertex -1.8609 3.70615 5.6
    endloop
  endfacet
  facet normal 0.751801 -0.65939 0
    outer loop
      vertex -3.23468 3.88701 5.6
      vertex -3.16568 3.96568 3.6
      vertex -3.16568 3.96568 5.6
    endloop
  endfacet
  facet normal 0.751801 -0.65939 0
    outer loop
      vertex -3.16568 3.96568 3.6
      vertex -3.23468 3.88701 5.6
      vertex -3.23468 3.88701 3.6
    endloop
  endfacet
  facet normal -0.94693 -0.32144 0
    outer loop
      vertex -1.82726 3.60705 3.6
      vertex -1.8609 3.70615 5.6
      vertex -1.8609 3.70615 3.6
    endloop
  endfacet
  facet normal -0.94693 -0.32144 0
    outer loop
      vertex -1.8609 3.70615 5.6
      vertex -1.82726 3.60705 3.6
      vertex -1.82726 3.60705 5.6
    endloop
  endfacet
  facet normal -0.980775 -0.195142 0
    outer loop
      vertex -1.80684 3.50442 3.6
      vertex -1.82726 3.60705 5.6
      vertex -1.82726 3.60705 3.6
    endloop
  endfacet
  facet normal -0.980775 -0.195142 0
    outer loop
      vertex -1.82726 3.60705 5.6
      vertex -1.80684 3.50442 3.6
      vertex -1.80684 3.50442 5.6
    endloop
  endfacet
  facet normal 0.94693 -0.32144 0
    outer loop
      vertex -3.37274 3.60705 5.6
      vertex -3.3391 3.70615 3.6
      vertex -3.3391 3.70615 5.6
    endloop
  endfacet
  facet normal 0.94693 -0.32144 0
    outer loop
      vertex -3.3391 3.70615 3.6
      vertex -3.37274 3.60705 5.6
      vertex -3.37274 3.60705 3.6
    endloop
  endfacet
  facet normal 0.980775 -0.195142 0
    outer loop
      vertex -3.39316 3.50442 5.6
      vertex -3.37274 3.60705 3.6
      vertex -3.37274 3.60705 5.6
    endloop
  endfacet
  facet normal 0.980775 -0.195142 0
    outer loop
      vertex -3.37274 3.60705 3.6
      vertex -3.39316 3.50442 5.6
      vertex -3.39316 3.50442 3.6
    endloop
  endfacet
  facet normal 0.896879 -0.442276 0
    outer loop
      vertex -3.3391 3.70615 5.6
      vertex -3.29282 3.8 3.6
      vertex -3.29282 3.8 5.6
    endloop
  endfacet
  facet normal 0.896879 -0.442276 0
    outer loop
      vertex -3.29282 3.8 3.6
      vertex -3.3391 3.70615 5.6
      vertex -3.3391 3.70615 3.6
    endloop
  endfacet
  facet normal 0.195142 -0.980775 0
    outer loop
      vertex -2.80705 4.17274 3.6
      vertex -2.70442 4.19316 5.6
      vertex -2.80705 4.17274 5.6
    endloop
  endfacet
  facet normal 0.195142 -0.980775 0
    outer loop
      vertex -2.70442 4.19316 5.6
      vertex -2.80705 4.17274 3.6
      vertex -2.70442 4.19316 3.6
    endloop
  endfacet
  facet normal -0.555582 -0.831462 0
    outer loop
      vertex -2.2 4.09282 3.6
      vertex -2.11299 4.03468 5.6
      vertex -2.2 4.09282 5.6
    endloop
  endfacet
  facet normal -0.555582 -0.831462 -0
    outer loop
      vertex -2.11299 4.03468 5.6
      vertex -2.2 4.09282 3.6
      vertex -2.11299 4.03468 3.6
    endloop
  endfacet
  facet normal 0.65939 -0.751801 0
    outer loop
      vertex -3.16568 3.96568 3.6
      vertex -3.08701 4.03468 5.6
      vertex -3.16568 3.96568 5.6
    endloop
  endfacet
  facet normal 0.65939 -0.751801 0
    outer loop
      vertex -3.08701 4.03468 5.6
      vertex -3.16568 3.96568 3.6
      vertex -3.08701 4.03468 3.6
    endloop
  endfacet
  facet normal -0.442264 -0.896885 0
    outer loop
      vertex 0.306147 4.1391 3.6
      vertex 0.4 4.09282 5.6
      vertex 0.306147 4.1391 5.6
    endloop
  endfacet
  facet normal -0.442264 -0.896885 -0
    outer loop
      vertex 0.4 4.09282 5.6
      vertex 0.306147 4.1391 3.6
      vertex 0.4 4.09282 3.6
    endloop
  endfacet
  facet normal -0.321463 -0.946922 0
    outer loop
      vertex 0.207055 4.17274 3.6
      vertex 0.306147 4.1391 5.6
      vertex 0.207055 4.17274 5.6
    endloop
  endfacet
  facet normal -0.321463 -0.946922 -0
    outer loop
      vertex 0.306147 4.1391 5.6
      vertex 0.207055 4.17274 3.6
      vertex 0.306147 4.1391 3.6
    endloop
  endfacet
  facet normal -1 0 0
    outer loop
      vertex 0.799999 0 3.6
      vertex 0.799999 3.4 5.6
      vertex 0.799999 3.4 3.6
    endloop
  endfacet
  facet normal -1 -0 0
    outer loop
      vertex 0.799999 3.4 5.6
      vertex 0.799999 0 3.6
      vertex 0.799999 0 5.6
    endloop
  endfacet
  facet normal 0.555586 -0.831459 0
    outer loop
      vertex -0.487009 4.03468 3.6
      vertex -0.4 4.09282 5.6
      vertex -0.487009 4.03468 5.6
    endloop
  endfacet
  facet normal 0.555586 -0.831459 0
    outer loop
      vertex -0.4 4.09282 5.6
      vertex -0.487009 4.03468 3.6
      vertex -0.4 4.09282 3.6
    endloop
  endfacet
  facet normal 1 -0 0
    outer loop
      vertex -0.799999 0 5.6
      vertex -0.799999 3.4 3.6
      vertex -0.799999 3.4 5.6
    endloop
  endfacet
  facet normal 1 0 0
    outer loop
      vertex -0.799999 3.4 3.6
      vertex -0.799999 0 5.6
      vertex -0.799999 0 3.6
    endloop
  endfacet
  facet normal -0.75181 -0.65938 0
    outer loop
      vertex 0.634683 3.88701 3.6
      vertex 0.565685 3.96568 5.6
      vertex 0.565685 3.96568 3.6
    endloop
  endfacet
  facet normal -0.75181 -0.65938 0
    outer loop
      vertex 0.565685 3.96568 5.6
      vertex 0.634683 3.88701 3.6
      vertex 0.634683 3.88701 5.6
    endloop
  endfacet
  facet normal 0.065364 -0.997861 0
    outer loop
      vertex -0.104421 4.19316 3.6
      vertex 0 4.2 5.6
      vertex -0.104421 4.19316 5.6
    endloop
  endfacet
  facet normal 0.065364 -0.997861 0
    outer loop
      vertex 0 4.2 5.6
      vertex -0.104421 4.19316 3.6
      vertex 0 4.2 3.6
    endloop
  endfacet
  facet normal 0.442264 -0.896885 0
    outer loop
      vertex -0.4 4.09282 3.6
      vertex -0.306147 4.1391 5.6
      vertex -0.4 4.09282 5.6
    endloop
  endfacet
  facet normal 0.442264 -0.896885 0
    outer loop
      vertex -0.306147 4.1391 5.6
      vertex -0.4 4.09282 3.6
      vertex -0.306147 4.1391 3.6
    endloop
  endfacet
  facet normal -0.065364 -0.997861 0
    outer loop
      vertex 0 4.2 3.6
      vertex 0.104421 4.19316 5.6
      vertex 0 4.2 5.6
    endloop
  endfacet
  facet normal -0.065364 -0.997861 -0
    outer loop
      vertex 0.104421 4.19316 5.6
      vertex 0 4.2 3.6
      vertex 0.104421 4.19316 3.6
    endloop
  endfacet
  facet normal -0.99786 -0.0653932 0
    outer loop
      vertex 0.799999 3.4 3.6
      vertex 0.793156 3.50442 5.6
      vertex 0.793156 3.50442 3.6
    endloop
  endfacet
  facet normal -0.99786 -0.0653932 0
    outer loop
      vertex 0.793156 3.50442 5.6
      vertex 0.799999 3.4 3.6
      vertex 0.799999 3.4 5.6
    endloop
  endfacet
  facet normal 0.99786 -0.0653932 0
    outer loop
      vertex -0.799999 3.4 5.6
      vertex -0.793156 3.50442 3.6
      vertex -0.793156 3.50442 5.6
    endloop
  endfacet
  facet normal 0.99786 -0.0653932 0
    outer loop
      vertex -0.793156 3.50442 3.6
      vertex -0.799999 3.4 5.6
      vertex -0.799999 3.4 3.6
    endloop
  endfacet
  facet normal 0.321463 -0.946922 0
    outer loop
      vertex -0.306147 4.1391 3.6
      vertex -0.207055 4.17274 5.6
      vertex -0.306147 4.1391 5.6
    endloop
  endfacet
  facet normal 0.321463 -0.946922 0
    outer loop
      vertex -0.207055 4.17274 5.6
      vertex -0.306147 4.1391 3.6
      vertex -0.207055 4.17274 3.6
    endloop
  endfacet
  facet normal -0.195135 -0.980776 0
    outer loop
      vertex 0.104421 4.19316 3.6
      vertex 0.207055 4.17274 5.6
      vertex 0.104421 4.19316 5.6
    endloop
  endfacet
  facet normal -0.195135 -0.980776 -0
    outer loop
      vertex 0.207055 4.17274 5.6
      vertex 0.104421 4.19316 3.6
      vertex 0.207055 4.17274 3.6
    endloop
  endfacet
  facet normal 0.831475 -0.555562 0
    outer loop
      vertex -0.69282 3.8 5.6
      vertex -0.634683 3.88701 3.6
      vertex -0.634683 3.88701 5.6
    endloop
  endfacet
  facet normal 0.831475 -0.555562 0
    outer loop
      vertex -0.634683 3.88701 3.6
      vertex -0.69282 3.8 5.6
      vertex -0.69282 3.8 3.6
    endloop
  endfacet
  facet normal -0.831475 -0.555562 0
    outer loop
      vertex 0.69282 3.8 3.6
      vertex 0.634683 3.88701 5.6
      vertex 0.634683 3.88701 3.6
    endloop
  endfacet
  facet normal -0.831475 -0.555562 0
    outer loop
      vertex 0.634683 3.88701 5.6
      vertex 0.69282 3.8 3.6
      vertex 0.69282 3.8 5.6
    endloop
  endfacet
  facet normal -0.659362 -0.751826 0
    outer loop
      vertex 0.487009 4.03468 3.6
      vertex 0.565685 3.96568 5.6
      vertex 0.487009 4.03468 5.6
    endloop
  endfacet
  facet normal -0.659362 -0.751826 -0
    outer loop
      vertex 0.565685 3.96568 5.6
      vertex 0.487009 4.03468 3.6
      vertex 0.565685 3.96568 3.6
    endloop
  endfacet
  facet normal -0.896868 -0.442299 0
    outer loop
      vertex 0.739103 3.70615 3.6
      vertex 0.69282 3.8 5.6
      vertex 0.69282 3.8 3.6
    endloop
  endfacet
  facet normal -0.896868 -0.442299 0
    outer loop
      vertex 0.69282 3.8 5.6
      vertex 0.739103 3.70615 3.6
      vertex 0.739103 3.70615 5.6
    endloop
  endfacet
  facet normal 0.75181 -0.65938 0
    outer loop
      vertex -0.634683 3.88701 5.6
      vertex -0.565685 3.96568 3.6
      vertex -0.565685 3.96568 5.6
    endloop
  endfacet
  facet normal 0.75181 -0.65938 0
    outer loop
      vertex -0.565685 3.96568 3.6
      vertex -0.634683 3.88701 5.6
      vertex -0.634683 3.88701 3.6
    endloop
  endfacet
  facet normal -0.946939 -0.321414 0
    outer loop
      vertex 0.77274 3.60705 3.6
      vertex 0.739103 3.70615 5.6
      vertex 0.739103 3.70615 3.6
    endloop
  endfacet
  facet normal -0.946939 -0.321414 0
    outer loop
      vertex 0.739103 3.70615 5.6
      vertex 0.77274 3.60705 3.6
      vertex 0.77274 3.60705 5.6
    endloop
  endfacet
  facet normal -0.980782 -0.195105 0
    outer loop
      vertex 0.793156 3.50442 3.6
      vertex 0.77274 3.60705 5.6
      vertex 0.77274 3.60705 3.6
    endloop
  endfacet
  facet normal -0.980782 -0.195105 0
    outer loop
      vertex 0.77274 3.60705 5.6
      vertex 0.793156 3.50442 3.6
      vertex 0.793156 3.50442 5.6
    endloop
  endfacet
  facet normal 0.946939 -0.321414 0
    outer loop
      vertex -0.77274 3.60705 5.6
      vertex -0.739103 3.70615 3.6
      vertex -0.739103 3.70615 5.6
    endloop
  endfacet
  facet normal 0.946939 -0.321414 0
    outer loop
      vertex -0.739103 3.70615 3.6
      vertex -0.77274 3.60705 5.6
      vertex -0.77274 3.60705 3.6
    endloop
  endfacet
  facet normal 0.980782 -0.195105 0
    outer loop
      vertex -0.793156 3.50442 5.6
      vertex -0.77274 3.60705 3.6
      vertex -0.77274 3.60705 5.6
    endloop
  endfacet
  facet normal 0.980782 -0.195105 0
    outer loop
      vertex -0.77274 3.60705 3.6
      vertex -0.793156 3.50442 5.6
      vertex -0.793156 3.50442 3.6
    endloop
  endfacet
  facet normal 0.896868 -0.442299 0
    outer loop
      vertex -0.739103 3.70615 5.6
      vertex -0.69282 3.8 3.6
      vertex -0.69282 3.8 5.6
    endloop
  endfacet
  facet normal 0.896868 -0.442299 0
    outer loop
      vertex -0.69282 3.8 3.6
      vertex -0.739103 3.70615 5.6
      vertex -0.739103 3.70615 3.6
    endloop
  endfacet
  facet normal 0.195135 -0.980776 0
    outer loop
      vertex -0.207055 4.17274 3.6
      vertex -0.104421 4.19316 5.6
      vertex -0.207055 4.17274 5.6
    endloop
  endfacet
  facet normal 0.195135 -0.980776 0
    outer loop
      vertex -0.104421 4.19316 5.6
      vertex -0.207055 4.17274 3.6
      vertex -0.104421 4.19316 3.6
    endloop
  endfacet
  facet normal -0.555586 -0.831459 0
    outer loop
      vertex 0.4 4.09282 3.6
      vertex 0.487009 4.03468 5.6
      vertex 0.4 4.09282 5.6
    endloop
  endfacet
  facet normal -0.555586 -0.831459 -0
    outer loop
      vertex 0.487009 4.03468 5.6
      vertex 0.4 4.09282 3.6
      vertex 0.487009 4.03468 3.6
    endloop
  endfacet
  facet normal 0.659362 -0.751826 0
    outer loop
      vertex -0.565685 3.96568 3.6
      vertex -0.487009 4.03468 5.6
      vertex -0.565685 3.96568 5.6
    endloop
  endfacet
  facet normal 0.659362 -0.751826 0
    outer loop
      vertex -0.487009 4.03468 5.6
      vertex -0.565685 3.96568 3.6
      vertex -0.487009 4.03468 3.6
    endloop
  endfacet
  facet normal -0.442276 -0.896879 0
    outer loop
      vertex 2.90615 4.1391 3.6
      vertex 3 4.09282 5.6
      vertex 2.90615 4.1391 5.6
    endloop
  endfacet
  facet normal -0.442276 -0.896879 -0
    outer loop
      vertex 3 4.09282 5.6
      vertex 2.90615 4.1391 3.6
      vertex 3 4.09282 3.6
    endloop
  endfacet
  facet normal -0.32144 -0.94693 0
    outer loop
      vertex 2.80705 4.17274 3.6
      vertex 2.90615 4.1391 5.6
      vertex 2.80705 4.17274 5.6
    endloop
  endfacet
  facet normal -0.32144 -0.94693 -0
    outer loop
      vertex 2.90615 4.1391 5.6
      vertex 2.80705 4.17274 3.6
      vertex 2.90615 4.1391 3.6
    endloop
  endfacet
  facet normal -1 0 0
    outer loop
      vertex 3.4 0 3.6
      vertex 3.4 3.4 5.6
      vertex 3.4 3.4 3.6
    endloop
  endfacet
  facet normal -1 -0 0
    outer loop
      vertex 3.4 3.4 5.6
      vertex 3.4 0 3.6
      vertex 3.4 0 5.6
    endloop
  endfacet
  facet normal 0.555582 -0.831462 0
    outer loop
      vertex 2.11299 4.03468 3.6
      vertex 2.2 4.09282 5.6
      vertex 2.11299 4.03468 5.6
    endloop
  endfacet
  facet normal 0.555582 -0.831462 0
    outer loop
      vertex 2.2 4.09282 5.6
      vertex 2.11299 4.03468 3.6
      vertex 2.2 4.09282 3.6
    endloop
  endfacet
  facet normal 1 -0 0
    outer loop
      vertex 1.8 0 5.6
      vertex 1.8 3.4 3.6
      vertex 1.8 3.4 5.6
    endloop
  endfacet
  facet normal 1 0 0
    outer loop
      vertex 1.8 3.4 3.6
      vertex 1.8 0 5.6
      vertex 1.8 0 3.6
    endloop
  endfacet
  facet normal -0.751801 -0.65939 0
    outer loop
      vertex 3.23468 3.88701 3.6
      vertex 3.16568 3.96568 5.6
      vertex 3.16568 3.96568 3.6
    endloop
  endfacet
  facet normal -0.751801 -0.65939 0
    outer loop
      vertex 3.16568 3.96568 5.6
      vertex 3.23468 3.88701 3.6
      vertex 3.23468 3.88701 5.6
    endloop
  endfacet
  facet normal 0.0653646 -0.997861 0
    outer loop
      vertex 2.49558 4.19316 3.6
      vertex 2.6 4.2 5.6
      vertex 2.49558 4.19316 5.6
    endloop
  endfacet
  facet normal 0.0653646 -0.997861 0
    outer loop
      vertex 2.6 4.2 5.6
      vertex 2.49558 4.19316 3.6
      vertex 2.6 4.2 3.6
    endloop
  endfacet
  facet normal 0.442276 -0.896879 0
    outer loop
      vertex 2.2 4.09282 3.6
      vertex 2.29385 4.1391 5.6
      vertex 2.2 4.09282 5.6
    endloop
  endfacet
  facet normal 0.442276 -0.896879 0
    outer loop
      vertex 2.29385 4.1391 5.6
      vertex 2.2 4.09282 3.6
      vertex 2.29385 4.1391 3.6
    endloop
  endfacet
  facet normal -0.0653646 -0.997861 0
    outer loop
      vertex 2.6 4.2 3.6
      vertex 2.70442 4.19316 5.6
      vertex 2.6 4.2 5.6
    endloop
  endfacet
  facet normal -0.0653646 -0.997861 -0
    outer loop
      vertex 2.70442 4.19316 5.6
      vertex 2.6 4.2 3.6
      vertex 2.70442 4.19316 3.6
    endloop
  endfacet
  facet normal -0.997861 -0.0653646 0
    outer loop
      vertex 3.4 3.4 3.6
      vertex 3.39316 3.50442 5.6
      vertex 3.39316 3.50442 3.6
    endloop
  endfacet
  facet normal -0.997861 -0.0653646 0
    outer loop
      vertex 3.39316 3.50442 5.6
      vertex 3.4 3.4 3.6
      vertex 3.4 3.4 5.6
    endloop
  endfacet
  facet normal 0.997861 -0.0653646 0
    outer loop
      vertex 1.8 3.4 5.6
      vertex 1.80684 3.50442 3.6
      vertex 1.80684 3.50442 5.6
    endloop
  endfacet
  facet normal 0.997861 -0.0653646 0
    outer loop
      vertex 1.80684 3.50442 3.6
      vertex 1.8 3.4 5.6
      vertex 1.8 3.4 3.6
    endloop
  endfacet
  facet normal 0.321469 -0.94692 0
    outer loop
      vertex 2.29385 4.1391 3.6
      vertex 2.39294 4.17274 5.6
      vertex 2.29385 4.1391 5.6
    endloop
  endfacet
  facet normal 0.321469 -0.94692 0
    outer loop
      vertex 2.39294 4.17274 5.6
      vertex 2.29385 4.1391 3.6
      vertex 2.39294 4.17274 3.6
    endloop
  endfacet
  facet normal -0.195142 -0.980775 0
    outer loop
      vertex 2.70442 4.19316 3.6
      vertex 2.80705 4.17274 5.6
      vertex 2.70442 4.19316 5.6
    endloop
  endfacet
  facet normal -0.195142 -0.980775 -0
    outer loop
      vertex 2.80705 4.17274 5.6
      vertex 2.70442 4.19316 3.6
      vertex 2.80705 4.17274 3.6
    endloop
  endfacet
  facet normal 0.831462 -0.555582 0
    outer loop
      vertex 1.90718 3.8 5.6
      vertex 1.96532 3.88701 3.6
      vertex 1.96532 3.88701 5.6
    endloop
  endfacet
  facet normal 0.831462 -0.555582 0
    outer loop
      vertex 1.96532 3.88701 3.6
      vertex 1.90718 3.8 5.6
      vertex 1.90718 3.8 3.6
    endloop
  endfacet
  facet normal -0.831462 -0.555582 0
    outer loop
      vertex 3.29282 3.8 3.6
      vertex 3.23468 3.88701 5.6
      vertex 3.23468 3.88701 3.6
    endloop
  endfacet
  facet normal -0.831462 -0.555582 0
    outer loop
      vertex 3.23468 3.88701 5.6
      vertex 3.29282 3.8 3.6
      vertex 3.29282 3.8 5.6
    endloop
  endfacet
  facet normal -0.65939 -0.751801 0
    outer loop
      vertex 3.08701 4.03468 3.6
      vertex 3.16568 3.96568 5.6
      vertex 3.08701 4.03468 5.6
    endloop
  endfacet
  facet normal -0.65939 -0.751801 -0
    outer loop
      vertex 3.16568 3.96568 5.6
      vertex 3.08701 4.03468 3.6
      vertex 3.16568 3.96568 3.6
    endloop
  endfacet
  facet normal -0.896879 -0.442276 0
    outer loop
      vertex 3.3391 3.70615 3.6
      vertex 3.29282 3.8 5.6
      vertex 3.29282 3.8 3.6
    endloop
  endfacet
  facet normal -0.896879 -0.442276 0
    outer loop
      vertex 3.29282 3.8 5.6
      vertex 3.3391 3.70615 3.6
      vertex 3.3391 3.70615 5.6
    endloop
  endfacet
  facet normal 0.751848 -0.659336 0
    outer loop
      vertex 1.96532 3.88701 5.6
      vertex 2.03431 3.96568 3.6
      vertex 2.03431 3.96568 5.6
    endloop
  endfacet
  facet normal 0.751848 -0.659336 0
    outer loop
      vertex 2.03431 3.96568 3.6
      vertex 1.96532 3.88701 5.6
      vertex 1.96532 3.88701 3.6
    endloop
  endfacet
  facet normal -0.94693 -0.32144 0
    outer loop
      vertex 3.37274 3.60705 3.6
      vertex 3.3391 3.70615 5.6
      vertex 3.3391 3.70615 3.6
    endloop
  endfacet
  facet normal -0.94693 -0.32144 0
    outer loop
      vertex 3.3391 3.70615 5.6
      vertex 3.37274 3.60705 3.6
      vertex 3.37274 3.60705 5.6
    endloop
  endfacet
  facet normal 0.980775 -0.195142 0
    outer loop
      vertex 1.80684 3.50442 5.6
      vertex 1.82726 3.60705 3.6
      vertex 1.82726 3.60705 5.6
    endloop
  endfacet
  facet normal 0.980775 -0.195142 0
    outer loop
      vertex 1.82726 3.60705 3.6
      vertex 1.80684 3.50442 5.6
      vertex 1.80684 3.50442 3.6
    endloop
  endfacet
  facet normal -0.980775 -0.195142 0
    outer loop
      vertex 3.39316 3.50442 3.6
      vertex 3.37274 3.60705 5.6
      vertex 3.37274 3.60705 3.6
    endloop
  endfacet
  facet normal -0.980775 -0.195142 0
    outer loop
      vertex 3.37274 3.60705 5.6
      vertex 3.39316 3.50442 3.6
      vertex 3.39316 3.50442 5.6
    endloop
  endfacet
  facet normal 0.94693 -0.32144 0
    outer loop
      vertex 1.82726 3.60705 5.6
      vertex 1.8609 3.70615 3.6
      vertex 1.8609 3.70615 5.6
    endloop
  endfacet
  facet normal 0.94693 -0.32144 0
    outer loop
      vertex 1.8609 3.70615 3.6
      vertex 1.82726 3.60705 5.6
      vertex 1.82726 3.60705 3.6
    endloop
  endfacet
  facet normal 0.896879 -0.442276 0
    outer loop
      vertex 1.8609 3.70615 5.6
      vertex 1.90718 3.8 3.6
      vertex 1.90718 3.8 5.6
    endloop
  endfacet
  facet normal 0.896879 -0.442276 0
    outer loop
      vertex 1.90718 3.8 3.6
      vertex 1.8609 3.70615 5.6
      vertex 1.8609 3.70615 3.6
    endloop
  endfacet
  facet normal 0.195124 -0.980779 0
    outer loop
      vertex 2.39294 4.17274 3.6
      vertex 2.49558 4.19316 5.6
      vertex 2.39294 4.17274 5.6
    endloop
  endfacet
  facet normal 0.195124 -0.980779 0
    outer loop
      vertex 2.49558 4.19316 5.6
      vertex 2.39294 4.17274 3.6
      vertex 2.49558 4.19316 3.6
    endloop
  endfacet
  facet normal -0.555582 -0.831462 0
    outer loop
      vertex 3 4.09282 3.6
      vertex 3.08701 4.03468 5.6
      vertex 3 4.09282 5.6
    endloop
  endfacet
  facet normal -0.555582 -0.831462 -0
    outer loop
      vertex 3.08701 4.03468 5.6
      vertex 3 4.09282 3.6
      vertex 3.08701 4.03468 3.6
    endloop
  endfacet
  facet normal 0.659343 -0.751842 0
    outer loop
      vertex 2.03431 3.96568 3.6
      vertex 2.11299 4.03468 5.6
      vertex 2.03431 3.96568 5.6
    endloop
  endfacet
  facet normal 0.659343 -0.751842 0
    outer loop
      vertex 2.11299 4.03468 5.6
      vertex 2.03431 3.96568 3.6
      vertex 2.11299 4.03468 3.6
    endloop
  endfacet
  facet normal -0.442276 -0.896879 0
    outer loop
      vertex 5.50615 4.1391 3.6
      vertex 5.6 4.09282 5.6
      vertex 5.50615 4.1391 5.6
    endloop
  endfacet
  facet normal -0.442276 -0.896879 -0
    outer loop
      vertex 5.6 4.09282 5.6
      vertex 5.50615 4.1391 3.6
      vertex 5.6 4.09282 3.6
    endloop
  endfacet
  facet normal -0.32144 -0.94693 0
    outer loop
      vertex 5.40705 4.17274 3.6
      vertex 5.50615 4.1391 5.6
      vertex 5.40705 4.17274 5.6
    endloop
  endfacet
  facet normal -0.32144 -0.94693 -0
    outer loop
      vertex 5.50615 4.1391 5.6
      vertex 5.40705 4.17274 3.6
      vertex 5.50615 4.1391 3.6
    endloop
  endfacet
  facet normal -1 0 0
    outer loop
      vertex 6 0 3.6
      vertex 6 3.4 5.6
      vertex 6 3.4 3.6
    endloop
  endfacet
  facet normal -1 -0 0
    outer loop
      vertex 6 3.4 5.6
      vertex 6 0 3.6
      vertex 6 0 5.6
    endloop
  endfacet
  facet normal 0.555582 -0.831462 0
    outer loop
      vertex 4.71299 4.03468 3.6
      vertex 4.8 4.09282 5.6
      vertex 4.71299 4.03468 5.6
    endloop
  endfacet
  facet normal 0.555582 -0.831462 0
    outer loop
      vertex 4.8 4.09282 5.6
      vertex 4.71299 4.03468 3.6
      vertex 4.8 4.09282 3.6
    endloop
  endfacet
  facet normal 1 -0 0
    outer loop
      vertex 4.4 0 5.6
      vertex 4.4 3.4 3.6
      vertex 4.4 3.4 5.6
    endloop
  endfacet
  facet normal 1 0 0
    outer loop
      vertex 4.4 3.4 3.6
      vertex 4.4 0 5.6
      vertex 4.4 0 3.6
    endloop
  endfacet
  facet normal -0.751848 -0.659336 0
    outer loop
      vertex 5.83468 3.88701 3.6
      vertex 5.76569 3.96568 5.6
      vertex 5.76569 3.96568 3.6
    endloop
  endfacet
  facet normal -0.751848 -0.659336 0
    outer loop
      vertex 5.76569 3.96568 5.6
      vertex 5.83468 3.88701 3.6
      vertex 5.83468 3.88701 5.6
    endloop
  endfacet
  facet normal 0.0653646 -0.997861 0
    outer loop
      vertex 5.09558 4.19316 3.6
      vertex 5.2 4.2 5.6
      vertex 5.09558 4.19316 5.6
    endloop
  endfacet
  facet normal 0.0653646 -0.997861 0
    outer loop
      vertex 5.2 4.2 5.6
      vertex 5.09558 4.19316 3.6
      vertex 5.2 4.2 3.6
    endloop
  endfacet
  facet normal 0.442276 -0.896879 0
    outer loop
      vertex 4.8 4.09282 3.6
      vertex 4.89385 4.1391 5.6
      vertex 4.8 4.09282 5.6
    endloop
  endfacet
  facet normal 0.442276 -0.896879 0
    outer loop
      vertex 4.89385 4.1391 5.6
      vertex 4.8 4.09282 3.6
      vertex 4.89385 4.1391 3.6
    endloop
  endfacet
  facet normal -0.0653646 -0.997861 0
    outer loop
      vertex 5.2 4.2 3.6
      vertex 5.30442 4.19316 5.6
      vertex 5.2 4.2 5.6
    endloop
  endfacet
  facet normal -0.0653646 -0.997861 -0
    outer loop
      vertex 5.30442 4.19316 5.6
      vertex 5.2 4.2 3.6
      vertex 5.30442 4.19316 3.6
    endloop
  endfacet
  facet normal -0.997861 -0.0653646 0
    outer loop
      vertex 6 3.4 3.6
      vertex 5.99316 3.50442 5.6
      vertex 5.99316 3.50442 3.6
    endloop
  endfacet
  facet normal -0.997861 -0.0653646 0
    outer loop
      vertex 5.99316 3.50442 5.6
      vertex 6 3.4 3.6
      vertex 6 3.4 5.6
    endloop
  endfacet
  facet normal 0.997861 -0.0653646 0
    outer loop
      vertex 4.4 3.4 5.6
      vertex 4.40684 3.50442 3.6
      vertex 4.40684 3.50442 5.6
    endloop
  endfacet
  facet normal 0.997861 -0.0653646 0
    outer loop
      vertex 4.40684 3.50442 3.6
      vertex 4.4 3.4 5.6
      vertex 4.4 3.4 3.6
    endloop
  endfacet
  facet normal 0.321469 -0.94692 0
    outer loop
      vertex 4.89385 4.1391 3.6
      vertex 4.99294 4.17274 5.6
      vertex 4.89385 4.1391 5.6
    endloop
  endfacet
  facet normal 0.321469 -0.94692 0
    outer loop
      vertex 4.99294 4.17274 5.6
      vertex 4.89385 4.1391 3.6
      vertex 4.99294 4.17274 3.6
    endloop
  endfacet
  facet normal -0.195142 -0.980775 0
    outer loop
      vertex 5.30442 4.19316 3.6
      vertex 5.40705 4.17274 5.6
      vertex 5.30442 4.19316 5.6
    endloop
  endfacet
  facet normal -0.195142 -0.980775 -0
    outer loop
      vertex 5.40705 4.17274 5.6
      vertex 5.30442 4.19316 3.6
      vertex 5.40705 4.17274 3.6
    endloop
  endfacet
  facet normal 0.831462 -0.555582 0
    outer loop
      vertex 4.50718 3.8 5.6
      vertex 4.56532 3.88701 3.6
      vertex 4.56532 3.88701 5.6
    endloop
  endfacet
  facet normal 0.831462 -0.555582 0
    outer loop
      vertex 4.56532 3.88701 3.6
      vertex 4.50718 3.8 5.6
      vertex 4.50718 3.8 3.6
    endloop
  endfacet
  facet normal -0.831462 -0.555582 0
    outer loop
      vertex 5.89282 3.8 3.6
      vertex 5.83468 3.88701 5.6
      vertex 5.83468 3.88701 3.6
    endloop
  endfacet
  facet normal -0.831462 -0.555582 0
    outer loop
      vertex 5.83468 3.88701 5.6
      vertex 5.89282 3.8 3.6
      vertex 5.89282 3.8 5.6
    endloop
  endfacet
  facet normal -0.659343 -0.751842 0
    outer loop
      vertex 5.68701 4.03468 3.6
      vertex 5.76569 3.96568 5.6
      vertex 5.68701 4.03468 5.6
    endloop
  endfacet
  facet normal -0.659343 -0.751842 -0
    outer loop
      vertex 5.76569 3.96568 5.6
      vertex 5.68701 4.03468 3.6
      vertex 5.76569 3.96568 3.6
    endloop
  endfacet
  facet normal -0.896879 -0.442276 0
    outer loop
      vertex 5.9391 3.70615 3.6
      vertex 5.89282 3.8 5.6
      vertex 5.89282 3.8 3.6
    endloop
  endfacet
  facet normal -0.896879 -0.442276 0
    outer loop
      vertex 5.89282 3.8 5.6
      vertex 5.9391 3.70615 3.6
      vertex 5.9391 3.70615 5.6
    endloop
  endfacet
  facet normal 0.751848 -0.659336 0
    outer loop
      vertex 4.56532 3.88701 5.6
      vertex 4.63431 3.96568 3.6
      vertex 4.63431 3.96568 5.6
    endloop
  endfacet
  facet normal 0.751848 -0.659336 0
    outer loop
      vertex 4.63431 3.96568 3.6
      vertex 4.56532 3.88701 5.6
      vertex 4.56532 3.88701 3.6
    endloop
  endfacet
  facet normal -0.94693 -0.32144 0
    outer loop
      vertex 5.97274 3.60705 3.6
      vertex 5.9391 3.70615 5.6
      vertex 5.9391 3.70615 3.6
    endloop
  endfacet
  facet normal -0.94693 -0.32144 0
    outer loop
      vertex 5.9391 3.70615 5.6
      vertex 5.97274 3.60705 3.6
      vertex 5.97274 3.60705 5.6
    endloop
  endfacet
  facet normal -0.980775 -0.195142 0
    outer loop
      vertex 5.99316 3.50442 3.6
      vertex 5.97274 3.60705 5.6
      vertex 5.97274 3.60705 3.6
    endloop
  endfacet
  facet normal -0.980775 -0.195142 0
    outer loop
      vertex 5.97274 3.60705 5.6
      vertex 5.99316 3.50442 3.6
      vertex 5.99316 3.50442 5.6
    endloop
  endfacet
  facet normal 0.94693 -0.32144 0
    outer loop
      vertex 4.42726 3.60705 5.6
      vertex 4.4609 3.70615 3.6
      vertex 4.4609 3.70615 5.6
    endloop
  endfacet
  facet normal 0.94693 -0.32144 0
    outer loop
      vertex 4.4609 3.70615 3.6
      vertex 4.42726 3.60705 5.6
      vertex 4.42726 3.60705 3.6
    endloop
  endfacet
  facet normal 0.980775 -0.195142 0
    outer loop
      vertex 4.40684 3.50442 5.6
      vertex 4.42726 3.60705 3.6
      vertex 4.42726 3.60705 5.6
    endloop
  endfacet
  facet normal 0.980775 -0.195142 0
    outer loop
      vertex 4.42726 3.60705 3.6
      vertex 4.40684 3.50442 5.6
      vertex 4.40684 3.50442 3.6
    endloop
  endfacet
  facet normal 0.896879 -0.442276 0
    outer loop
      vertex 4.4609 3.70615 5.6
      vertex 4.50718 3.8 3.6
      vertex 4.50718 3.8 5.6
    endloop
  endfacet
  facet normal 0.896879 -0.442276 0
    outer loop
      vertex 4.50718 3.8 3.6
      vertex 4.4609 3.70615 5.6
      vertex 4.4609 3.70615 3.6
    endloop
  endfacet
  facet normal 0.195124 -0.980779 0
    outer loop
      vertex 4.99294 4.17274 3.6
      vertex 5.09558 4.19316 5.6
      vertex 4.99294 4.17274 5.6
    endloop
  endfacet
  facet normal 0.195124 -0.980779 0
    outer loop
      vertex 5.09558 4.19316 5.6
      vertex 4.99294 4.17274 3.6
      vertex 5.09558 4.19316 3.6
    endloop
  endfacet
  facet normal -0.555582 -0.831462 0
    outer loop
      vertex 5.6 4.09282 3.6
      vertex 5.68701 4.03468 5.6
      vertex 5.6 4.09282 5.6
    endloop
  endfacet
  facet normal -0.555582 -0.831462 -0
    outer loop
      vertex 5.68701 4.03468 5.6
      vertex 5.6 4.09282 3.6
      vertex 5.68701 4.03468 3.6
    endloop
  endfacet
  facet normal 0.659343 -0.751842 0
    outer loop
      vertex 4.63431 3.96568 3.6
      vertex 4.71299 4.03468 5.6
      vertex 4.63431 3.96568 5.6
    endloop
  endfacet
  facet normal 0.659343 -0.751842 0
    outer loop
      vertex 4.71299 4.03468 5.6
      vertex 4.63431 3.96568 3.6
      vertex 4.71299 4.03468 3.6
    endloop
  endfacet
  facet normal 0.751842 0 -0.659343
    outer loop
      vertex -5.03468 5.2 2.68701
      vertex -4.96568 8.16026 2.76569
      vertex -4.96568 5.2 2.76569
    endloop
  endfacet
  facet normal 0.751842 0 -0.659343
    outer loop
      vertex -4.96568 8.16026 2.76569
      vertex -5.03468 5.2 2.68701
      vertex -5.03468 8.18692 2.68701
    endloop
  endfacet
  facet normal 0.195142 0 -0.980775
    outer loop
      vertex -4.60705 5.2 2.97274
      vertex -4.50442 8.08319 2.99316
      vertex -4.50442 5.2 2.99316
    endloop
  endfacet
  facet normal 0.195142 0 -0.980775
    outer loop
      vertex -4.50442 8.08319 2.99316
      vertex -4.60705 5.2 2.97274
      vertex -4.60705 8.09011 2.97274
    endloop
  endfacet
  facet normal -0.997861 0 -0.0653646
    outer loop
      vertex 5.2 5.2 2.2
      vertex 5.19316 8.31654 2.30442
      vertex 5.2 8.35191 2.2
    endloop
  endfacet
  facet normal -0.997861 -0 -0.0653646
    outer loop
      vertex 5.19316 8.31654 2.30442
      vertex 5.2 5.2 2.2
      vertex 5.19316 5.2 2.30442
    endloop
  endfacet
  facet normal 0.195142 0 0.980775
    outer loop
      vertex -4.60705 8.61372 1.42726
      vertex -4.50442 5.2 1.40684
      vertex -4.50442 8.62063 1.40684
    endloop
  endfacet
  facet normal 0.195142 0 0.980775
    outer loop
      vertex -4.50442 5.2 1.40684
      vertex -4.60705 8.61372 1.42726
      vertex -4.60705 5.2 1.42726
    endloop
  endfacet
  facet normal 0.32144 0 0.94693
    outer loop
      vertex -4.70615 8.60232 1.4609
      vertex -4.60705 5.2 1.42726
      vertex -4.60705 8.61372 1.42726
    endloop
  endfacet
  facet normal 0.32144 0 0.94693
    outer loop
      vertex -4.60705 5.2 1.42726
      vertex -4.70615 8.60232 1.4609
      vertex -4.70615 5.2 1.4609
    endloop
  endfacet
  facet normal -0.751842 0 0.659343
    outer loop
      vertex 4.96568 5.2 1.63431
      vertex 5.03468 8.51691 1.71299
      vertex 4.96568 8.54357 1.63431
    endloop
  endfacet
  facet normal -0.751842 0 0.659343
    outer loop
      vertex 5.03468 8.51691 1.71299
      vertex 4.96568 5.2 1.63431
      vertex 5.03468 5.2 1.71299
    endloop
  endfacet
  facet normal 0.0653646 0 0.997861
    outer loop
      vertex -4.50442 8.62063 1.40684
      vertex -4.4 5.2 1.4
      vertex -4.4 8.62295 1.4
    endloop
  endfacet
  facet normal 0.0653646 0 0.997861
    outer loop
      vertex -4.4 5.2 1.4
      vertex -4.50442 8.62063 1.40684
      vertex -4.50442 5.2 1.40684
    endloop
  endfacet
  facet normal -0 0 1
    outer loop
      vertex -4.4 8.62295 1.4
      vertex 4.4 5.2 1.4
      vertex 4.4 8.62295 1.4
    endloop
  endfacet
  facet normal 0 0 1
    outer loop
      vertex 4.4 5.2 1.4
      vertex -4.4 8.62295 1.4
      vertex -4.4 5.2 1.4
    endloop
  endfacet
  facet normal 0.659336 0 0.751848
    outer loop
      vertex -4.96568 8.54357 1.63431
      vertex -4.88701 5.2 1.56532
      vertex -4.88701 8.56694 1.56532
    endloop
  endfacet
  facet normal 0.659336 0 0.751848
    outer loop
      vertex -4.88701 5.2 1.56532
      vertex -4.96568 8.54357 1.63431
      vertex -4.96568 5.2 1.63431
    endloop
  endfacet
  facet normal 0 0 -1
    outer loop
      vertex -4.4 5.2 3
      vertex 4.4 8.08088 3
      vertex 4.4 5.2 3
    endloop
  endfacet
  facet normal -0 0 -1
    outer loop
      vertex 4.4 8.08088 3
      vertex -4.4 5.2 3
      vertex -4.4 8.08088 3
    endloop
  endfacet
  facet normal -0.896879 0 0.442276
    outer loop
      vertex 5.09282 5.2 1.8
      vertex 5.1391 8.45564 1.89385
      vertex 5.09282 8.48743 1.8
    endloop
  endfacet
  facet normal -0.896879 0 0.442276
    outer loop
      vertex 5.1391 8.45564 1.89385
      vertex 5.09282 5.2 1.8
      vertex 5.1391 5.2 1.89385
    endloop
  endfacet
  facet normal 0.0653646 0 -0.997861
    outer loop
      vertex -4.50442 5.2 2.99316
      vertex -4.4 8.08088 3
      vertex -4.4 5.2 3
    endloop
  endfacet
  facet normal 0.0653646 0 -0.997861
    outer loop
      vertex -4.4 8.08088 3
      vertex -4.50442 5.2 2.99316
      vertex -4.50442 8.08319 2.99316
    endloop
  endfacet
  facet normal 0.896879 0 -0.442276
    outer loop
      vertex -5.1391 5.2 2.50615
      vertex -5.09282 8.2164 2.6
      vertex -5.09282 5.2 2.6
    endloop
  endfacet
  facet normal 0.896879 0 -0.442276
    outer loop
      vertex -5.09282 8.2164 2.6
      vertex -5.1391 5.2 2.50615
      vertex -5.1391 8.24819 2.50615
    endloop
  endfacet
  facet normal 0.997861 0 0.0653646
    outer loop
      vertex -5.19316 5.2 2.09558
      vertex -5.2 8.35191 2.2
      vertex -5.2 5.2 2.2
    endloop
  endfacet
  facet normal 0.997861 0 0.0653646
    outer loop
      vertex -5.2 8.35191 2.2
      vertex -5.19316 5.2 2.09558
      vertex -5.19316 8.38729 2.09558
    endloop
  endfacet
  facet normal 0.896879 0 0.442276
    outer loop
      vertex -5.09282 5.2 1.8
      vertex -5.1391 8.45564 1.89385
      vertex -5.1391 5.2 1.89385
    endloop
  endfacet
  facet normal 0.896879 0 0.442276
    outer loop
      vertex -5.1391 8.45564 1.89385
      vertex -5.09282 5.2 1.8
      vertex -5.09282 8.48743 1.8
    endloop
  endfacet
  facet normal 0.32144 0 -0.94693
    outer loop
      vertex -4.70615 5.2 2.9391
      vertex -4.60705 8.09011 2.97274
      vertex -4.60705 5.2 2.97274
    endloop
  endfacet
  facet normal 0.32144 0 -0.94693
    outer loop
      vertex -4.60705 8.09011 2.97274
      vertex -4.70615 5.2 2.9391
      vertex -4.70615 8.10151 2.9391
    endloop
  endfacet
  facet normal 0.659336 0 -0.751848
    outer loop
      vertex -4.96568 5.2 2.76569
      vertex -4.88701 8.13688 2.83468
      vertex -4.88701 5.2 2.83468
    endloop
  endfacet
  facet normal 0.659336 0 -0.751848
    outer loop
      vertex -4.88701 8.13688 2.83468
      vertex -4.96568 5.2 2.76569
      vertex -4.96568 8.16026 2.76569
    endloop
  endfacet
  facet normal 0.997861 0 -0.0653646
    outer loop
      vertex -5.2 5.2 2.2
      vertex -5.19316 8.31654 2.30442
      vertex -5.19316 5.2 2.30442
    endloop
  endfacet
  facet normal 0.997861 0 -0.0653646
    outer loop
      vertex -5.19316 8.31654 2.30442
      vertex -5.2 5.2 2.2
      vertex -5.2 8.35191 2.2
    endloop
  endfacet
  facet normal 0.980775 0 -0.195142
    outer loop
      vertex -5.19316 5.2 2.30442
      vertex -5.17274 8.28176 2.40705
      vertex -5.17274 5.2 2.40705
    endloop
  endfacet
  facet normal 0.980775 0 -0.195142
    outer loop
      vertex -5.17274 8.28176 2.40705
      vertex -5.19316 5.2 2.30442
      vertex -5.19316 8.31654 2.30442
    endloop
  endfacet
  facet normal -0.0653646 -0 -0.997861
    outer loop
      vertex 4.4 8.08088 3
      vertex 4.50442 5.2 2.99316
      vertex 4.4 5.2 3
    endloop
  endfacet
  facet normal -0.0653646 0 -0.997861
    outer loop
      vertex 4.50442 5.2 2.99316
      vertex 4.4 8.08088 3
      vertex 4.50442 8.08319 2.99316
    endloop
  endfacet
  facet normal -0.659336 -0 -0.751848
    outer loop
      vertex 4.88701 8.13688 2.83468
      vertex 4.96568 5.2 2.76569
      vertex 4.88701 5.2 2.83468
    endloop
  endfacet
  facet normal -0.659336 0 -0.751848
    outer loop
      vertex 4.96568 5.2 2.76569
      vertex 4.88701 8.13688 2.83468
      vertex 4.96568 8.16026 2.76569
    endloop
  endfacet
  facet normal -0.555582 0 0.831462
    outer loop
      vertex 4.8 5.2 1.50718
      vertex 4.88701 8.56694 1.56532
      vertex 4.8 8.58664 1.50718
    endloop
  endfacet
  facet normal -0.555582 0 0.831462
    outer loop
      vertex 4.88701 8.56694 1.56532
      vertex 4.8 5.2 1.50718
      vertex 4.88701 5.2 1.56532
    endloop
  endfacet
  facet normal 0.94692 0 0.321469
    outer loop
      vertex -5.1391 5.2 1.89385
      vertex -5.17274 8.42206 1.99294
      vertex -5.17274 5.2 1.99294
    endloop
  endfacet
  facet normal 0.94692 0 0.321469
    outer loop
      vertex -5.17274 8.42206 1.99294
      vertex -5.1391 5.2 1.89385
      vertex -5.1391 8.45564 1.89385
    endloop
  endfacet
  facet normal -0.997861 0 0.0653646
    outer loop
      vertex 5.19316 5.2 2.09558
      vertex 5.2 8.35191 2.2
      vertex 5.19316 8.38729 2.09558
    endloop
  endfacet
  facet normal -0.997861 0 0.0653646
    outer loop
      vertex 5.2 8.35191 2.2
      vertex 5.19316 5.2 2.09558
      vertex 5.2 5.2 2.2
    endloop
  endfacet
  facet normal -0.980775 0 -0.195142
    outer loop
      vertex 5.19316 5.2 2.30442
      vertex 5.17274 8.28176 2.40705
      vertex 5.19316 8.31654 2.30442
    endloop
  endfacet
  facet normal -0.980775 -0 -0.195142
    outer loop
      vertex 5.17274 8.28176 2.40705
      vertex 5.19316 5.2 2.30442
      vertex 5.17274 5.2 2.40705
    endloop
  endfacet
  facet normal -0.32144 -0 -0.94693
    outer loop
      vertex 4.60705 8.09011 2.97274
      vertex 4.70615 5.2 2.9391
      vertex 4.60705 5.2 2.97274
    endloop
  endfacet
  facet normal -0.32144 0 -0.94693
    outer loop
      vertex 4.70615 5.2 2.9391
      vertex 4.60705 8.09011 2.97274
      vertex 4.70615 8.10151 2.9391
    endloop
  endfacet
  facet normal -0.195142 -0 -0.980775
    outer loop
      vertex 4.50442 8.08319 2.99316
      vertex 4.60705 5.2 2.97274
      vertex 4.50442 5.2 2.99316
    endloop
  endfacet
  facet normal -0.195142 0 -0.980775
    outer loop
      vertex 4.60705 5.2 2.97274
      vertex 4.50442 8.08319 2.99316
      vertex 4.60705 8.09011 2.97274
    endloop
  endfacet
  facet normal 0.442276 0 0.896879
    outer loop
      vertex -4.8 8.58664 1.50718
      vertex -4.70615 5.2 1.4609
      vertex -4.70615 8.60232 1.4609
    endloop
  endfacet
  facet normal 0.442276 0 0.896879
    outer loop
      vertex -4.70615 5.2 1.4609
      vertex -4.8 8.58664 1.50718
      vertex -4.8 5.2 1.50718
    endloop
  endfacet
  facet normal -0.980779 0 0.195124
    outer loop
      vertex 5.17274 5.2 1.99294
      vertex 5.19316 8.38729 2.09558
      vertex 5.17274 8.42206 1.99294
    endloop
  endfacet
  facet normal -0.980779 0 0.195124
    outer loop
      vertex 5.19316 8.38729 2.09558
      vertex 5.17274 5.2 1.99294
      vertex 5.19316 5.2 2.09558
    endloop
  endfacet
  facet normal -0.94692 0 0.321469
    outer loop
      vertex 5.1391 5.2 1.89385
      vertex 5.17274 8.42206 1.99294
      vertex 5.1391 8.45564 1.89385
    endloop
  endfacet
  facet normal -0.94692 0 0.321469
    outer loop
      vertex 5.17274 8.42206 1.99294
      vertex 5.1391 5.2 1.89385
      vertex 5.17274 5.2 1.99294
    endloop
  endfacet
  facet normal 0.980779 0 0.195124
    outer loop
      vertex -5.17274 5.2 1.99294
      vertex -5.19316 8.38729 2.09558
      vertex -5.19316 5.2 2.09558
    endloop
  endfacet
  facet normal 0.980779 0 0.195124
    outer loop
      vertex -5.19316 8.38729 2.09558
      vertex -5.17274 5.2 1.99294
      vertex -5.17274 8.42206 1.99294
    endloop
  endfacet
  facet normal -0.659336 0 0.751848
    outer loop
      vertex 4.88701 5.2 1.56532
      vertex 4.96568 8.54357 1.63431
      vertex 4.88701 8.56694 1.56532
    endloop
  endfacet
  facet normal -0.659336 0 0.751848
    outer loop
      vertex 4.96568 8.54357 1.63431
      vertex 4.88701 5.2 1.56532
      vertex 4.96568 5.2 1.63431
    endloop
  endfacet
  facet normal -0.0653646 0 0.997861
    outer loop
      vertex 4.4 5.2 1.4
      vertex 4.50442 8.62063 1.40684
      vertex 4.4 8.62295 1.4
    endloop
  endfacet
  facet normal -0.0653646 0 0.997861
    outer loop
      vertex 4.50442 8.62063 1.40684
      vertex 4.4 5.2 1.4
      vertex 4.50442 5.2 1.40684
    endloop
  endfacet
  facet normal 0.831462 0 0.555582
    outer loop
      vertex -5.03468 5.2 1.71299
      vertex -5.09282 8.48743 1.8
      vertex -5.09282 5.2 1.8
    endloop
  endfacet
  facet normal 0.831462 0 0.555582
    outer loop
      vertex -5.09282 8.48743 1.8
      vertex -5.03468 5.2 1.71299
      vertex -5.03468 8.51691 1.71299
    endloop
  endfacet
  facet normal 0.751842 0 0.659343
    outer loop
      vertex -4.96568 5.2 1.63431
      vertex -5.03468 8.51691 1.71299
      vertex -5.03468 5.2 1.71299
    endloop
  endfacet
  facet normal 0.751842 0 0.659343
    outer loop
      vertex -5.03468 8.51691 1.71299
      vertex -4.96568 5.2 1.63431
      vertex -4.96568 8.54357 1.63431
    endloop
  endfacet
  facet normal 0.442276 0 -0.896879
    outer loop
      vertex -4.8 5.2 2.89282
      vertex -4.70615 8.10151 2.9391
      vertex -4.70615 5.2 2.9391
    endloop
  endfacet
  facet normal 0.442276 0 -0.896879
    outer loop
      vertex -4.70615 8.10151 2.9391
      vertex -4.8 5.2 2.89282
      vertex -4.8 8.11719 2.89282
    endloop
  endfacet
  facet normal -0.831462 0 0.555582
    outer loop
      vertex 5.03468 5.2 1.71299
      vertex 5.09282 8.48743 1.8
      vertex 5.03468 8.51691 1.71299
    endloop
  endfacet
  facet normal -0.831462 0 0.555582
    outer loop
      vertex 5.09282 8.48743 1.8
      vertex 5.03468 5.2 1.71299
      vertex 5.09282 5.2 1.8
    endloop
  endfacet
  facet normal -0.32144 0 0.94693
    outer loop
      vertex 4.60705 5.2 1.42726
      vertex 4.70615 8.60232 1.4609
      vertex 4.60705 8.61372 1.42726
    endloop
  endfacet
  facet normal -0.32144 0 0.94693
    outer loop
      vertex 4.70615 8.60232 1.4609
      vertex 4.60705 5.2 1.42726
      vertex 4.70615 5.2 1.4609
    endloop
  endfacet
  facet normal 0.555582 0 -0.831462
    outer loop
      vertex -4.88701 5.2 2.83468
      vertex -4.8 8.11719 2.89282
      vertex -4.8 5.2 2.89282
    endloop
  endfacet
  facet normal 0.555582 0 -0.831462
    outer loop
      vertex -4.8 8.11719 2.89282
      vertex -4.88701 5.2 2.83468
      vertex -4.88701 8.13688 2.83468
    endloop
  endfacet
  facet normal 0.831462 0 -0.555582
    outer loop
      vertex -5.09282 5.2 2.6
      vertex -5.03468 8.18692 2.68701
      vertex -5.03468 5.2 2.68701
    endloop
  endfacet
  facet normal 0.831462 0 -0.555582
    outer loop
      vertex -5.03468 8.18692 2.68701
      vertex -5.09282 5.2 2.6
      vertex -5.09282 8.2164 2.6
    endloop
  endfacet
  facet normal 0.94693 0 -0.32144
    outer loop
      vertex -5.17274 5.2 2.40705
      vertex -5.1391 8.24819 2.50615
      vertex -5.1391 5.2 2.50615
    endloop
  endfacet
  facet normal 0.94693 0 -0.32144
    outer loop
      vertex -5.1391 8.24819 2.50615
      vertex -5.17274 5.2 2.40705
      vertex -5.17274 8.28176 2.40705
    endloop
  endfacet
  facet normal -0.442276 0 0.896879
    outer loop
      vertex 4.70615 5.2 1.4609
      vertex 4.8 8.58664 1.50718
      vertex 4.70615 8.60232 1.4609
    endloop
  endfacet
  facet normal -0.442276 0 0.896879
    outer loop
      vertex 4.8 8.58664 1.50718
      vertex 4.70615 5.2 1.4609
      vertex 4.8 5.2 1.50718
    endloop
  endfacet
  facet normal -0.896879 0 -0.442276
    outer loop
      vertex 5.1391 5.2 2.50615
      vertex 5.09282 8.2164 2.6
      vertex 5.1391 8.24819 2.50615
    endloop
  endfacet
  facet normal -0.896879 -0 -0.442276
    outer loop
      vertex 5.09282 8.2164 2.6
      vertex 5.1391 5.2 2.50615
      vertex 5.09282 5.2 2.6
    endloop
  endfacet
  facet normal -0.195142 0 0.980775
    outer loop
      vertex 4.50442 5.2 1.40684
      vertex 4.60705 8.61372 1.42726
      vertex 4.50442 8.62063 1.40684
    endloop
  endfacet
  facet normal -0.195142 0 0.980775
    outer loop
      vertex 4.60705 8.61372 1.42726
      vertex 4.50442 5.2 1.40684
      vertex 4.60705 5.2 1.42726
    endloop
  endfacet
  facet normal 0.555582 0 0.831462
    outer loop
      vertex -4.88701 8.56694 1.56532
      vertex -4.8 5.2 1.50718
      vertex -4.8 8.58664 1.50718
    endloop
  endfacet
  facet normal 0.555582 0 0.831462
    outer loop
      vertex -4.8 5.2 1.50718
      vertex -4.88701 8.56694 1.56532
      vertex -4.88701 5.2 1.56532
    endloop
  endfacet
  facet normal -0.94693 0 -0.32144
    outer loop
      vertex 5.17274 5.2 2.40705
      vertex 5.1391 8.24819 2.50615
      vertex 5.17274 8.28176 2.40705
    endloop
  endfacet
  facet normal -0.94693 -0 -0.32144
    outer loop
      vertex 5.1391 8.24819 2.50615
      vertex 5.17274 5.2 2.40705
      vertex 5.1391 5.2 2.50615
    endloop
  endfacet
  facet normal -0.442276 -0 -0.896879
    outer loop
      vertex 4.70615 8.10151 2.9391
      vertex 4.8 5.2 2.89282
      vertex 4.70615 5.2 2.9391
    endloop
  endfacet
  facet normal -0.442276 0 -0.896879
    outer loop
      vertex 4.8 5.2 2.89282
      vertex 4.70615 8.10151 2.9391
      vertex 4.8 8.11719 2.89282
    endloop
  endfacet
  facet normal -0.831462 0 -0.555582
    outer loop
      vertex 5.09282 5.2 2.6
      vertex 5.03468 8.18692 2.68701
      vertex 5.09282 8.2164 2.6
    endloop
  endfacet
  facet normal -0.831462 -0 -0.555582
    outer loop
      vertex 5.03468 8.18692 2.68701
      vertex 5.09282 5.2 2.6
      vertex 5.03468 5.2 2.68701
    endloop
  endfacet
  facet normal -0.555582 -0 -0.831462
    outer loop
      vertex 4.8 8.11719 2.89282
      vertex 4.88701 5.2 2.83468
      vertex 4.8 5.2 2.89282
    endloop
  endfacet
  facet normal -0.555582 0 -0.831462
    outer loop
      vertex 4.88701 5.2 2.83468
      vertex 4.8 8.11719 2.89282
      vertex 4.88701 8.13688 2.83468
    endloop
  endfacet
  facet normal -0.751842 0 -0.659343
    outer loop
      vertex 5.03468 5.2 2.68701
      vertex 4.96568 8.16026 2.76569
      vertex 5.03468 8.18692 2.68701
    endloop
  endfacet
  facet normal -0.751842 -0 -0.659343
    outer loop
      vertex 4.96568 8.16026 2.76569
      vertex 5.03468 5.2 2.68701
      vertex 4.96568 5.2 2.76569
    endloop
  endfacet
  facet normal -0.997626 0.065221 0.0220968
    outer loop
      vertex -12.7 8.27487 -2
      vertex -12.6872 5.89579 5.6
      vertex -12.6872 8.47066 -2
    endloop
  endfacet
  facet normal -0.997626 0.065221 0.0220968
    outer loop
      vertex -12.6872 5.89579 5.6
      vertex -12.7 8.27487 -2
      vertex -12.7 5.7 5.6
    endloop
  endfacet
  facet normal -0.638734 0.72874 0.246896
    outer loop
      vertex -12.1131 9.4649 -2
      vertex -12.2607 6.76066 5.6
      vertex -12.1131 6.89003 5.6
    endloop
  endfacet
  facet normal -0.638734 0.72874 0.246896
    outer loop
      vertex -12.2607 6.76066 5.6
      vertex -12.1131 9.4649 -2
      vertex -12.2607 9.33553 -2
    endloop
  endfacet
  facet normal -0.442233 0.8969 0
    outer loop
      vertex -11.774 9.66069 -4.68563
      vertex -11.95 9.57391 -2
      vertex -11.774 9.66069 -2
    endloop
  endfacet
  facet normal -0.442603 0.896718 -3.01285e-05
    outer loop
      vertex -11.782 9.65674 -4.7259
      vertex -11.95 9.57391 -2
      vertex -11.774 9.66069 -4.68563
    endloop
  endfacet
  facet normal -0.441907 0.897061 2.32011e-05
    outer loop
      vertex -11.8 9.64788 -5
      vertex -11.95 9.57391 -2
      vertex -11.782 9.65674 -4.7259
    endloop
  endfacet
  facet normal -0.442233 0.8969 0
    outer loop
      vertex -11.95 9.57391 -15.6
      vertex -11.774 9.66069 -5.31437
      vertex -11.774 9.66069 -15.6
    endloop
  endfacet
  facet normal -0.442686 0.896677 9.6317e-06
    outer loop
      vertex -11.774 9.66069 -5.31437
      vertex -11.95 9.57391 -15.6
      vertex -11.782 9.65674 -5.2741
    endloop
  endfacet
  facet normal -0.441739 0.897144 -9.5163e-06
    outer loop
      vertex -11.782 9.65674 -5.2741
      vertex -11.95 9.57391 -15.6
      vertex -11.8 9.64788 -5
    endloop
  endfacet
  facet normal -0.44228 0.896877 0
    outer loop
      vertex -11.8 9.64788 -5
      vertex -11.95 9.57391 -15.6
      vertex -11.95 9.57391 -2
    endloop
  endfacet
  facet normal -0.659139 0.752021 0
    outer loop
      vertex -12.1131 9.4649 -15.6
      vertex -12.2607 9.33553 -2
      vertex -12.1131 9.4649 -2
    endloop
  endfacet
  facet normal -0.659139 0.752021 0
    outer loop
      vertex -12.2607 9.33553 -2
      vertex -12.1131 9.4649 -15.6
      vertex -12.2607 9.33553 -15.6
    endloop
  endfacet
  facet normal -0.18518 0.930738 0.315333
    outer loop
      vertex -11.3958 9.76204 -2
      vertex -11.5882 7.14889 5.6
      vertex -11.3958 7.18717 5.6
    endloop
  endfacet
  facet normal -0.18518 0.930738 0.315333
    outer loop
      vertex -11.5882 7.14889 5.6
      vertex -11.3958 9.76204 -2
      vertex -11.5882 9.72376 -2
    endloop
  endfacet
  facet normal 0 1 0
    outer loop
      vertex -9.15648 9.77487 -7.02844
      vertex -11.2 9.77487 -15.6
      vertex -9.4259 9.77487 -7.08203
    endloop
  endfacet
  facet normal 0 1 0
    outer loop
      vertex 11.1241 9.77487 -7.08203
      vertex 12.35 9.77487 -15.6
      vertex 10.85 9.77487 -7.1
    endloop
  endfacet
  facet normal 0 1 0
    outer loop
      vertex 11.3935 9.77487 -7.02844
      vertex 12.35 9.77487 -15.6
      vertex 11.1241 9.77487 -7.08203
    endloop
  endfacet
  facet normal 0 1 0
    outer loop
      vertex 11.6536 9.77487 -6.94015
      vertex 12.35 9.77487 -15.6
      vertex 11.3935 9.77487 -7.02844
    endloop
  endfacet
  facet normal 0 1 0
    outer loop
      vertex 11.9 9.77487 -6.81865
      vertex 12.35 9.77487 -15.6
      vertex 11.6536 9.77487 -6.94015
    endloop
  endfacet
  facet normal 0 1 0
    outer loop
      vertex 12.1284 9.77487 -6.66604
      vertex 12.35 9.77487 -15.6
      vertex 11.9 9.77487 -6.81865
    endloop
  endfacet
  facet normal 0 1 0
    outer loop
      vertex 12.3349 9.77487 -6.48492
      vertex 12.35 9.77487 -15.6
      vertex 12.1284 9.77487 -6.66604
    endloop
  endfacet
  facet normal 0 1 -0
    outer loop
      vertex 12.35 9.77487 -15.6
      vertex 12.3349 9.77487 -6.48492
      vertex 12.35 9.77487 -6.46773
    endloop
  endfacet
  facet normal 0 1 0
    outer loop
      vertex 10.0464 9.77487 -3.05985
      vertex 12.35 9.77487 -2
      vertex 10.3065 9.77487 -2.97156
    endloop
  endfacet
  facet normal 0 1 0
    outer loop
      vertex -11.2 9.77487 -2
      vertex -9.4259 9.77487 -2.91797
      vertex -9.7 9.77487 -2.9
    endloop
  endfacet
  facet normal 0 1 0
    outer loop
      vertex 12.35 9.77487 -2
      vertex 10.0464 9.77487 -3.05985
      vertex -11.2 9.77487 -2
    endloop
  endfacet
  facet normal 0 1 0
    outer loop
      vertex -11.2 9.77487 -2
      vertex -9.15648 9.77487 -2.97156
      vertex -9.4259 9.77487 -2.91797
    endloop
  endfacet
  facet normal 0 1 -0
    outer loop
      vertex -8.89637 9.77487 -3.05985
      vertex -11.2 9.77487 -2
      vertex 10.0464 9.77487 -3.05985
    endloop
  endfacet
  facet normal 0 1 0
    outer loop
      vertex -11.2 9.77487 -2
      vertex -8.89637 9.77487 -3.05985
      vertex -9.15648 9.77487 -2.97156
    endloop
  endfacet
  facet normal 0 1 -0
    outer loop
      vertex 9.8 9.77487 -3.18135
      vertex -8.89637 9.77487 -3.05985
      vertex 10.0464 9.77487 -3.05985
    endloop
  endfacet
  facet normal 0 1 0
    outer loop
      vertex 9.8 9.77487 -3.18135
      vertex -8.65 9.77487 -3.18135
      vertex -8.89637 9.77487 -3.05985
    endloop
  endfacet
  facet normal 0 1 -0
    outer loop
      vertex 9.5716 9.77487 -3.33396
      vertex -8.65 9.77487 -3.18135
      vertex 9.8 9.77487 -3.18135
    endloop
  endfacet
  facet normal 0 1 0
    outer loop
      vertex 9.5716 9.77487 -3.33396
      vertex -8.4216 9.77487 -3.33396
      vertex -8.65 9.77487 -3.18135
    endloop
  endfacet
  facet normal 0 1 -0
    outer loop
      vertex 9.36508 9.77487 -3.51508
      vertex -8.4216 9.77487 -3.33396
      vertex 9.5716 9.77487 -3.33396
    endloop
  endfacet
  facet normal 0 1 0
    outer loop
      vertex 9.36508 9.77487 -3.51508
      vertex -8.21508 9.77487 -3.51508
      vertex -8.4216 9.77487 -3.33396
    endloop
  endfacet
  facet normal 0 1 -0
    outer loop
      vertex 9.18396 9.77487 -3.7216
      vertex -8.21508 9.77487 -3.51508
      vertex 9.36508 9.77487 -3.51508
    endloop
  endfacet
  facet normal 0 1 0
    outer loop
      vertex 9.18396 9.77487 -3.7216
      vertex -8.03396 9.77487 -3.7216
      vertex -8.21508 9.77487 -3.51508
    endloop
  endfacet
  facet normal 0 1 -0
    outer loop
      vertex 9.03135 9.77487 -3.95
      vertex -8.03396 9.77487 -3.7216
      vertex 9.18396 9.77487 -3.7216
    endloop
  endfacet
  facet normal 0 1 0
    outer loop
      vertex 9.03135 9.77487 -3.95
      vertex -7.88135 9.77487 -3.95
      vertex -8.03396 9.77487 -3.7216
    endloop
  endfacet
  facet normal 0 1 -0
    outer loop
      vertex 8.90985 9.77487 -4.19637
      vertex -7.88135 9.77487 -3.95
      vertex 9.03135 9.77487 -3.95
    endloop
  endfacet
  facet normal 0 1 0
    outer loop
      vertex 8.90985 9.77487 -4.19637
      vertex -7.75985 9.77487 -4.19637
      vertex -7.88135 9.77487 -3.95
    endloop
  endfacet
  facet normal 0 1 -0
    outer loop
      vertex 8.82156 9.77487 -4.45648
      vertex -7.75985 9.77487 -4.19637
      vertex 8.90985 9.77487 -4.19637
    endloop
  endfacet
  facet normal 0 1 0
    outer loop
      vertex 8.82156 9.77487 -4.45648
      vertex -7.67156 9.77487 -4.45648
      vertex -7.75985 9.77487 -4.19637
    endloop
  endfacet
  facet normal 0 1 -0
    outer loop
      vertex 8.76797 9.77487 -4.7259
      vertex -7.67156 9.77487 -4.45648
      vertex 8.82156 9.77487 -4.45648
    endloop
  endfacet
  facet normal 0 1 0
    outer loop
      vertex 8.76797 9.77487 -4.7259
      vertex -7.61797 9.77487 -4.7259
      vertex -7.67156 9.77487 -4.45648
    endloop
  endfacet
  facet normal 0 1 -0
    outer loop
      vertex 8.75 9.77487 -5
      vertex -7.61797 9.77487 -4.7259
      vertex 8.76797 9.77487 -4.7259
    endloop
  endfacet
  facet normal 0 1 0
    outer loop
      vertex 8.75 9.77487 -5
      vertex -7.6 9.77487 -5
      vertex -7.61797 9.77487 -4.7259
    endloop
  endfacet
  facet normal 0 1 0
    outer loop
      vertex 8.76797 9.77487 -5.2741
      vertex -7.6 9.77487 -5
      vertex 8.75 9.77487 -5
    endloop
  endfacet
  facet normal 0 1 0
    outer loop
      vertex 8.76797 9.77487 -5.2741
      vertex -7.61797 9.77487 -5.2741
      vertex -7.6 9.77487 -5
    endloop
  endfacet
  facet normal 0 1 0
    outer loop
      vertex 8.82156 9.77487 -5.54352
      vertex -7.61797 9.77487 -5.2741
      vertex 8.76797 9.77487 -5.2741
    endloop
  endfacet
  facet normal 0 1 0
    outer loop
      vertex 8.82156 9.77487 -5.54352
      vertex -7.67156 9.77487 -5.54352
      vertex -7.61797 9.77487 -5.2741
    endloop
  endfacet
  facet normal 0 1 0
    outer loop
      vertex 8.90985 9.77487 -5.80363
      vertex -7.67156 9.77487 -5.54352
      vertex 8.82156 9.77487 -5.54352
    endloop
  endfacet
  facet normal 0 1 0
    outer loop
      vertex 8.90985 9.77487 -5.80363
      vertex -7.75985 9.77487 -5.80363
      vertex -7.67156 9.77487 -5.54352
    endloop
  endfacet
  facet normal 0 1 0
    outer loop
      vertex 9.03135 9.77487 -6.05
      vertex -7.75985 9.77487 -5.80363
      vertex 8.90985 9.77487 -5.80363
    endloop
  endfacet
  facet normal 0 1 0
    outer loop
      vertex 9.03135 9.77487 -6.05
      vertex -7.88135 9.77487 -6.05
      vertex -7.75985 9.77487 -5.80363
    endloop
  endfacet
  facet normal 0 1 0
    outer loop
      vertex 9.18396 9.77487 -6.2784
      vertex -7.88135 9.77487 -6.05
      vertex 9.03135 9.77487 -6.05
    endloop
  endfacet
  facet normal 0 1 0
    outer loop
      vertex 9.18396 9.77487 -6.2784
      vertex -8.03396 9.77487 -6.2784
      vertex -7.88135 9.77487 -6.05
    endloop
  endfacet
  facet normal 0 1 0
    outer loop
      vertex 9.36508 9.77487 -6.48492
      vertex -8.03396 9.77487 -6.2784
      vertex 9.18396 9.77487 -6.2784
    endloop
  endfacet
  facet normal 0 1 0
    outer loop
      vertex 9.36508 9.77487 -6.48492
      vertex -8.21508 9.77487 -6.48492
      vertex -8.03396 9.77487 -6.2784
    endloop
  endfacet
  facet normal 0 1 0
    outer loop
      vertex 12.35 9.77487 -15.6
      vertex 9.36508 9.77487 -6.48492
      vertex 9.5716 9.77487 -6.66604
    endloop
  endfacet
  facet normal 0 1 0
    outer loop
      vertex 9.36508 9.77487 -6.48492
      vertex 12.35 9.77487 -15.6
      vertex -8.21508 9.77487 -6.48492
    endloop
  endfacet
  facet normal 0 1 0
    outer loop
      vertex 12.35 9.77487 -15.6
      vertex 9.5716 9.77487 -6.66604
      vertex 9.8 9.77487 -6.81865
    endloop
  endfacet
  facet normal 0 1 0
    outer loop
      vertex -11.2 9.77487 -15.6
      vertex -8.21508 9.77487 -6.48492
      vertex 12.35 9.77487 -15.6
    endloop
  endfacet
  facet normal 0 1 0
    outer loop
      vertex 12.35 9.77487 -15.6
      vertex 9.8 9.77487 -6.81865
      vertex 10.0464 9.77487 -6.94015
    endloop
  endfacet
  facet normal 0 1 0
    outer loop
      vertex -8.21508 9.77487 -6.48492
      vertex -11.2 9.77487 -15.6
      vertex -8.4216 9.77487 -6.66604
    endloop
  endfacet
  facet normal 0 1 0
    outer loop
      vertex 12.35 9.77487 -15.6
      vertex 10.0464 9.77487 -6.94015
      vertex 10.3065 9.77487 -7.02844
    endloop
  endfacet
  facet normal 0 1 0
    outer loop
      vertex -8.4216 9.77487 -6.66604
      vertex -11.2 9.77487 -15.6
      vertex -8.65 9.77487 -6.81865
    endloop
  endfacet
  facet normal 0 1 0
    outer loop
      vertex 12.35 9.77487 -15.6
      vertex 10.3065 9.77487 -7.02844
      vertex 10.5759 9.77487 -7.08203
    endloop
  endfacet
  facet normal 0 1 0
    outer loop
      vertex -8.65 9.77487 -6.81865
      vertex -11.2 9.77487 -15.6
      vertex -8.89637 9.77487 -6.94015
    endloop
  endfacet
  facet normal 0 1 0
    outer loop
      vertex 12.35 9.77487 -15.6
      vertex 10.5759 9.77487 -7.08203
      vertex 10.85 9.77487 -7.1
    endloop
  endfacet
  facet normal 0 1 0
    outer loop
      vertex -8.89637 9.77487 -6.94015
      vertex -11.2 9.77487 -15.6
      vertex -9.15648 9.77487 -7.02844
    endloop
  endfacet
  facet normal 0 1 0
    outer loop
      vertex 10.5759 9.77487 -2.91797
      vertex 12.35 9.77487 -2
      vertex 10.85 9.77487 -2.9
    endloop
  endfacet
  facet normal 0 1 0
    outer loop
      vertex 12.35 9.77487 -2
      vertex 11.1241 9.77487 -2.91797
      vertex 10.85 9.77487 -2.9
    endloop
  endfacet
  facet normal 0 1 0
    outer loop
      vertex 12.35 9.77487 -2
      vertex 11.3935 9.77487 -2.97156
      vertex 11.1241 9.77487 -2.91797
    endloop
  endfacet
  facet normal 0 1 0
    outer loop
      vertex 12.35 9.77487 -2
      vertex 11.6536 9.77487 -3.05985
      vertex 11.3935 9.77487 -2.97156
    endloop
  endfacet
  facet normal 0 1 0
    outer loop
      vertex 12.35 9.77487 -2
      vertex 11.9 9.77487 -3.18135
      vertex 11.6536 9.77487 -3.05985
    endloop
  endfacet
  facet normal 0 1 0
    outer loop
      vertex 12.35 9.77487 -2
      vertex 12.1284 9.77487 -3.33396
      vertex 11.9 9.77487 -3.18135
    endloop
  endfacet
  facet normal 0 1 0
    outer loop
      vertex 12.35 9.77487 -2
      vertex 12.3349 9.77487 -3.51508
      vertex 12.1284 9.77487 -3.33396
    endloop
  endfacet
  facet normal -0 1 0
    outer loop
      vertex 12.3349 9.77487 -3.51508
      vertex 12.35 9.77487 -2
      vertex 12.35 9.77487 -3.53227
    endloop
  endfacet
  facet normal 0 1 0
    outer loop
      vertex 10.3065 9.77487 -2.97156
      vertex 12.35 9.77487 -2
      vertex 10.5759 9.77487 -2.91797
    endloop
  endfacet
  facet normal 0 1 -0
    outer loop
      vertex -9.9741 9.77487 -2.91797
      vertex -11.2 9.77487 -2
      vertex -9.7 9.77487 -2.9
    endloop
  endfacet
  facet normal 0 1 -0
    outer loop
      vertex -10.2435 9.77487 -2.97156
      vertex -11.2 9.77487 -2
      vertex -9.9741 9.77487 -2.91797
    endloop
  endfacet
  facet normal 0 1 -0
    outer loop
      vertex -10.5036 9.77487 -3.05985
      vertex -11.2 9.77487 -2
      vertex -10.2435 9.77487 -2.97156
    endloop
  endfacet
  facet normal 0 1 -0
    outer loop
      vertex -10.75 9.77487 -3.18135
      vertex -11.2 9.77487 -2
      vertex -10.5036 9.77487 -3.05985
    endloop
  endfacet
  facet normal 0 1 -0
    outer loop
      vertex -10.9784 9.77487 -3.33396
      vertex -11.2 9.77487 -2
      vertex -10.75 9.77487 -3.18135
    endloop
  endfacet
  facet normal 0 1 -0
    outer loop
      vertex -11.1849 9.77487 -3.51508
      vertex -11.2 9.77487 -2
      vertex -10.9784 9.77487 -3.33396
    endloop
  endfacet
  facet normal 0 1 0
    outer loop
      vertex -11.2 9.77487 -2
      vertex -11.1849 9.77487 -3.51508
      vertex -11.2 9.77487 -3.53227
    endloop
  endfacet
  facet normal 0 1 0
    outer loop
      vertex -9.4259 9.77487 -7.08203
      vertex -11.2 9.77487 -15.6
      vertex -9.7 9.77487 -7.1
    endloop
  endfacet
  facet normal 0 1 0
    outer loop
      vertex -9.7 9.77487 -7.1
      vertex -11.2 9.77487 -15.6
      vertex -9.9741 9.77487 -7.08203
    endloop
  endfacet
  facet normal 0 1 0
    outer loop
      vertex -9.9741 9.77487 -7.08203
      vertex -11.2 9.77487 -15.6
      vertex -10.2435 9.77487 -7.02844
    endloop
  endfacet
  facet normal 0 1 0
    outer loop
      vertex -11.1849 9.77487 -6.48492
      vertex -11.2 9.77487 -15.6
      vertex -11.2 9.77487 -6.46773
    endloop
  endfacet
  facet normal 0 1 0
    outer loop
      vertex -10.9784 9.77487 -6.66604
      vertex -11.2 9.77487 -15.6
      vertex -11.1849 9.77487 -6.48492
    endloop
  endfacet
  facet normal 0 1 0
    outer loop
      vertex -10.75 9.77487 -6.81865
      vertex -11.2 9.77487 -15.6
      vertex -10.9784 9.77487 -6.66604
    endloop
  endfacet
  facet normal 0 1 0
    outer loop
      vertex -10.5036 9.77487 -6.94015
      vertex -11.2 9.77487 -15.6
      vertex -10.75 9.77487 -6.81865
    endloop
  endfacet
  facet normal 0 1 0
    outer loop
      vertex -10.2435 9.77487 -7.02844
      vertex -11.2 9.77487 -15.6
      vertex -10.5036 9.77487 -6.94015
    endloop
  endfacet
  facet normal -0.886935 0.43747 0.148214
    outer loop
      vertex -12.5858 8.84889 -2
      vertex -12.499 6.45 5.6
      vertex -12.499 9.02487 -2
    endloop
  endfacet
  facet normal -0.886935 0.43747 0.148214
    outer loop
      vertex -12.499 6.45 5.6
      vertex -12.5858 8.84889 -2
      vertex -12.5858 6.27402 5.6
    endloop
  endfacet
  facet normal -0.195136 0.980776 0
    outer loop
      vertex -11.5882 9.72376 -15.6
      vertex -11.3958 9.76204 -6.23388
      vertex -11.3958 9.76204 -15.6
    endloop
  endfacet
  facet normal -0.195045 0.980794 -1.94758e-06
    outer loop
      vertex -11.3958 9.76204 -6.23388
      vertex -11.5882 9.72376 -15.6
      vertex -11.5187 9.7376 -6.05
    endloop
  endfacet
  facet normal -0.195302 0.980743 0
    outer loop
      vertex -11.5187 9.7376 -6.05
      vertex -11.5882 9.72376 -15.6
      vertex -11.5882 9.72376 -5.90892
    endloop
  endfacet
  facet normal -0.195136 0.980776 0
    outer loop
      vertex -11.3958 9.76204 -3.76612
      vertex -11.5882 9.72376 -2
      vertex -11.3958 9.76204 -2
    endloop
  endfacet
  facet normal -0.195055 0.980792 9.15384e-06
    outer loop
      vertex -11.5187 9.7376 -3.95
      vertex -11.5882 9.72376 -2
      vertex -11.3958 9.76204 -3.76612
    endloop
  endfacet
  facet normal -0.195302 0.980743 0
    outer loop
      vertex -11.5882 9.72376 -2
      vertex -11.5187 9.7376 -3.95
      vertex -11.5882 9.72376 -4.09108
    endloop
  endfacet
  facet normal -0.733942 0.643294 0.217947
    outer loop
      vertex -12.39 9.18801 -2
      vertex -12.2607 6.76066 5.6
      vertex -12.2607 9.33553 -2
    endloop
  endfacet
  facet normal -0.733942 0.643294 0.217947
    outer loop
      vertex -12.2607 6.76066 5.6
      vertex -12.39 9.18801 -2
      vertex -12.39 6.61314 5.6
    endloop
  endfacet
  facet normal -1 0 0
    outer loop
      vertex -12.7 0 -15.6
      vertex -12.7 8.27487 -2
      vertex -12.7 8.27487 -15.6
    endloop
  endfacet
  facet normal -1 0 0
    outer loop
      vertex -12.7 0 5.6
      vertex -12.7 8.27487 -2
      vertex -12.7 0 -15.6
    endloop
  endfacet
  facet normal -1 0 0
    outer loop
      vertex -12.7 8.27487 -2
      vertex -12.7 0 5.6
      vertex -12.7 5.7 5.6
    endloop
  endfacet
  facet normal -0.817137 0.54596 0.184971
    outer loop
      vertex -12.499 9.02487 -2
      vertex -12.39 6.61314 5.6
      vertex -12.39 9.18801 -2
    endloop
  endfacet
  facet normal -0.817137 0.54596 0.184971
    outer loop
      vertex -12.39 6.61314 5.6
      vertex -12.499 9.02487 -2
      vertex -12.499 6.45 5.6
    endloop
  endfacet
  facet normal 0.555676 0.831399 -0
    outer loop
      vertex 13.2631 9.4649 -15.6
      vertex 13.1 9.57391 -2
      vertex 13.2631 9.4649 -2
    endloop
  endfacet
  facet normal 0.555676 0.831399 0
    outer loop
      vertex 13.1 9.57391 -2
      vertex 13.2631 9.4649 -15.6
      vertex 13.1 9.57391 -15.6
    endloop
  endfacet
  facet normal -0.0653858 0.99786 0
    outer loop
      vertex -11.2 9.77487 -3.53227
      vertex -11.3958 9.76204 -2
      vertex -11.2 9.77487 -2
    endloop
  endfacet
  facet normal -0.065452 0.997856 -8.49843e-06
    outer loop
      vertex -11.366 9.76398 -3.7216
      vertex -11.3958 9.76204 -2
      vertex -11.2 9.77487 -3.53227
    endloop
  endfacet
  facet normal -0.0649632 0.997888 0
    outer loop
      vertex -11.3958 9.76204 -2
      vertex -11.366 9.76398 -3.7216
      vertex -11.3958 9.76204 -3.76612
    endloop
  endfacet
  facet normal -0.0653858 0.99786 0
    outer loop
      vertex -11.3958 9.76204 -15.6
      vertex -11.2 9.77487 -6.46773
      vertex -11.2 9.77487 -15.6
    endloop
  endfacet
  facet normal -0.0654599 0.997855 1.59474e-06
    outer loop
      vertex -11.2 9.77487 -6.46773
      vertex -11.3958 9.76204 -15.6
      vertex -11.366 9.76398 -6.2784
    endloop
  endfacet
  facet normal -0.0649632 0.997888 0
    outer loop
      vertex -11.366 9.76398 -6.2784
      vertex -11.3958 9.76204 -15.6
      vertex -11.3958 9.76204 -6.23388
    endloop
  endfacet
  facet normal -0.978627 0.194769 0.0659876
    outer loop
      vertex -12.6872 8.47066 -2
      vertex -12.6489 6.08823 5.6
      vertex -12.6489 8.6631 -2
    endloop
  endfacet
  facet normal -0.978627 0.194769 0.0659876
    outer loop
      vertex -12.6489 6.08823 5.6
      vertex -12.6872 8.47066 -2
      vertex -12.6872 5.89579 5.6
    endloop
  endfacet
  facet normal 0.946879 0.321589 0
    outer loop
      vertex 13.7989 8.6631 -2
      vertex 13.7358 8.84889 -15.6
      vertex 13.7358 8.84889 -2
    endloop
  endfacet
  facet normal 0.946879 0.321589 0
    outer loop
      vertex 13.7358 8.84889 -15.6
      vertex 13.7989 8.6631 -2
      vertex 13.7989 8.6631 -15.6
    endloop
  endfacet
  facet normal 0.733942 0.643294 0.217947
    outer loop
      vertex 13.4107 6.76066 5.6
      vertex 13.54 9.18801 -2
      vertex 13.4107 9.33553 -2
    endloop
  endfacet
  facet normal 0.733942 0.643294 0.217947
    outer loop
      vertex 13.54 9.18801 -2
      vertex 13.4107 6.76066 5.6
      vertex 13.54 6.61314 5.6
    endloop
  endfacet
  facet normal -0.89684 0.442355 0
    outer loop
      vertex -12.5858 8.84889 -15.6
      vertex -12.499 9.02487 -2
      vertex -12.499 9.02487 -15.6
    endloop
  endfacet
  facet normal -0.89684 0.442355 0
    outer loop
      vertex -12.499 9.02487 -2
      vertex -12.5858 8.84889 -15.6
      vertex -12.5858 8.84889 -2
    endloop
  endfacet
  facet normal -0.752021 0.65914 0
    outer loop
      vertex -12.39 9.18801 -15.6
      vertex -12.2607 9.33553 -2
      vertex -12.2607 9.33553 -15.6
    endloop
  endfacet
  facet normal -0.752021 0.65914 0
    outer loop
      vertex -12.2607 9.33553 -2
      vertex -12.39 9.18801 -15.6
      vertex -12.39 9.18801 -2
    endloop
  endfacet
  facet normal 0.659139 0.752021 -0
    outer loop
      vertex 13.4107 9.33553 -15.6
      vertex 13.2631 9.4649 -2
      vertex 13.4107 9.33553 -2
    endloop
  endfacet
  facet normal 0.659139 0.752021 0
    outer loop
      vertex 13.2631 9.4649 -2
      vertex 13.4107 9.33553 -15.6
      vertex 13.2631 9.4649 -15.6
    endloop
  endfacet
  facet normal -0.555676 0.831399 0
    outer loop
      vertex -11.95 9.57391 -15.6
      vertex -12.1131 9.4649 -2
      vertex -11.95 9.57391 -2
    endloop
  endfacet
  facet normal -0.555676 0.831399 0
    outer loop
      vertex -12.1131 9.4649 -2
      vertex -11.95 9.57391 -15.6
      vertex -12.1131 9.4649 -15.6
    endloop
  endfacet
  facet normal 0 0.947119 0.320884
    outer loop
      vertex 12.35 7.2 5.6
      vertex 4.4 8.08088 3
      vertex -11.2 7.2 5.6
    endloop
  endfacet
  facet normal 5.58623e-05 0.94717 0.320731
    outer loop
      vertex 12.35 7.2 5.6
      vertex 4.50442 8.08319 2.99316
      vertex 4.4 8.08088 3
    endloop
  endfacet
  facet normal -1.01697e-05 0.94711 0.320909
    outer loop
      vertex 12.35 7.2 5.6
      vertex 4.60705 8.09011 2.97274
      vertex 4.50442 8.08319 2.99316
    endloop
  endfacet
  facet normal -1.35721e-05 0.947107 0.320918
    outer loop
      vertex 12.35 7.2 5.6
      vertex 4.70615 8.10151 2.9391
      vertex 4.60705 8.09011 2.97274
    endloop
  endfacet
  facet normal -1.61525e-06 0.947117 0.320887
    outer loop
      vertex 12.35 7.2 5.6
      vertex 4.8 8.11719 2.89282
      vertex 4.70615 8.10151 2.9391
    endloop
  endfacet
  facet normal 2.95617e-05 0.947144 0.320809
    outer loop
      vertex 12.35 7.2 5.6
      vertex 4.88701 8.13688 2.83468
      vertex 4.8 8.11719 2.89282
    endloop
  endfacet
  facet normal -2.30567e-05 0.947101 0.320936
    outer loop
      vertex 12.35 7.2 5.6
      vertex 4.96568 8.16026 2.76569
      vertex 4.88701 8.13688 2.83468
    endloop
  endfacet
  facet normal -1.15227e-05 0.94711 0.320909
    outer loop
      vertex 12.35 7.2 5.6
      vertex 5.03468 8.18692 2.68701
      vertex 4.96568 8.16026 2.76569
    endloop
  endfacet
  facet normal -3.56814e-06 0.947116 0.320892
    outer loop
      vertex 12.35 7.2 5.6
      vertex 5.09282 8.2164 2.6
      vertex 5.03468 8.18692 2.68701
    endloop
  endfacet
  facet normal 2.21095e-05 0.947135 0.320836
    outer loop
      vertex 12.35 7.2 5.6
      vertex 5.1391 8.24819 2.50615
      vertex 5.09282 8.2164 2.6
    endloop
  endfacet
  facet normal 1.74513e-05 0.947132 0.320846
    outer loop
      vertex 12.35 7.2 5.6
      vertex 5.17274 8.28176 2.40705
      vertex 5.1391 8.24819 2.50615
    endloop
  endfacet
  facet normal -3.51672e-05 0.947096 0.320952
    outer loop
      vertex 12.35 7.2 5.6
      vertex 5.19316 8.31654 2.30442
      vertex 5.17274 8.28176 2.40705
    endloop
  endfacet
  facet normal 3.00706e-05 0.947139 0.320825
    outer loop
      vertex 12.35 7.2 5.6
      vertex 5.2 8.35191 2.2
      vertex 5.19316 8.31654 2.30442
    endloop
  endfacet
  facet normal -1.25145e-05 0.947111 0.320905
    outer loop
      vertex 12.35 7.2 5.6
      vertex 5.19316 8.38729 2.09558
      vertex 5.2 8.35191 2.2
    endloop
  endfacet
  facet normal -3.81783e-07 0.947119 0.320883
    outer loop
      vertex 12.35 9.77487 -2
      vertex 5.19316 8.38729 2.09558
      vertex 12.35 7.2 5.6
    endloop
  endfacet
  facet normal -2.07141e-05 0.94713 0.320851
    outer loop
      vertex 5.19316 8.38729 2.09558
      vertex 12.35 9.77487 -2
      vertex 5.17274 8.42206 1.99294
    endloop
  endfacet
  facet normal 3.69448e-05 0.947098 0.320944
    outer loop
      vertex 5.17274 8.42206 1.99294
      vertex 12.35 9.77487 -2
      vertex 5.1391 8.45564 1.89385
    endloop
  endfacet
  facet normal -2.67954e-05 0.947134 0.320838
    outer loop
      vertex 5.1391 8.45564 1.89385
      vertex 12.35 9.77487 -2
      vertex 5.09282 8.48743 1.8
    endloop
  endfacet
  facet normal 4.27302e-06 0.947116 0.320891
    outer loop
      vertex 5.09282 8.48743 1.8
      vertex 12.35 9.77487 -2
      vertex 5.03468 8.51691 1.71299
    endloop
  endfacet
  facet normal 1.36876e-05 0.94711 0.320908
    outer loop
      vertex 5.03468 8.51691 1.71299
      vertex 12.35 9.77487 -2
      vertex 4.96568 8.54357 1.63431
    endloop
  endfacet
  facet normal -1.61503e-05 0.947129 0.320853
    outer loop
      vertex 4.96568 8.54357 1.63431
      vertex 12.35 9.77487 -2
      vertex 4.88701 8.56694 1.56532
    endloop
  endfacet
  facet normal -0 0.947119 0.320884
    outer loop
      vertex -11.2 9.77487 -2
      vertex 4.4 8.62295 1.4
      vertex 12.35 9.77487 -2
    endloop
  endfacet
  facet normal 2.0513e-05 0.947104 0.320927
    outer loop
      vertex 4.50442 8.62063 1.40684
      vertex 12.35 9.77487 -2
      vertex 4.4 8.62295 1.4
    endloop
  endfacet
  facet normal -5.26037e-05 0.947155 0.320776
    outer loop
      vertex 4.60705 8.61372 1.42726
      vertex 12.35 9.77487 -2
      vertex 4.50442 8.62063 1.40684
    endloop
  endfacet
  facet normal 1.5274e-05 0.947109 0.320913
    outer loop
      vertex 4.70615 8.60232 1.4609
      vertex 12.35 9.77487 -2
      vertex 4.60705 8.61372 1.42726
    endloop
  endfacet
  facet normal 1.81171e-06 0.947118 0.320887
    outer loop
      vertex 4.8 8.58664 1.50718
      vertex 12.35 9.77487 -2
      vertex 4.70615 8.60232 1.4609
    endloop
  endfacet
  facet normal 9.86904e-06 0.947112 0.320902
    outer loop
      vertex 4.88701 8.56694 1.56532
      vertex 12.35 9.77487 -2
      vertex 4.8 8.58664 1.50718
    endloop
  endfacet
  facet normal -0 0.947119 0.320884
    outer loop
      vertex -4.4 8.08088 3
      vertex -11.2 7.2 5.6
      vertex 4.4 8.08088 3
    endloop
  endfacet
  facet normal -5.72437e-05 0.947164 0.320749
    outer loop
      vertex -4.50442 8.08319 2.99316
      vertex -11.2 7.2 5.6
      vertex -4.4 8.08088 3
    endloop
  endfacet
  facet normal 1.07605e-05 0.947111 0.320906
    outer loop
      vertex -4.60705 8.09011 2.97274
      vertex -11.2 7.2 5.6
      vertex -4.50442 8.08319 2.99316
    endloop
  endfacet
  facet normal 1.46611e-05 0.947108 0.320915
    outer loop
      vertex -4.70615 8.10151 2.9391
      vertex -11.2 7.2 5.6
      vertex -4.60705 8.09011 2.97274
    endloop
  endfacet
  facet normal 1.77148e-06 0.947118 0.320887
    outer loop
      vertex -4.8 8.11719 2.89282
      vertex -11.2 7.2 5.6
      vertex -4.70615 8.10151 2.9391
    endloop
  endfacet
  facet normal -3.28144e-05 0.947142 0.320813
    outer loop
      vertex -4.88701 8.13688 2.83468
      vertex -11.2 7.2 5.6
      vertex -4.8 8.11719 2.89282
    endloop
  endfacet
  facet normal 2.58577e-05 0.947102 0.320934
    outer loop
      vertex -4.96568 8.16026 2.76569
      vertex -11.2 7.2 5.6
      vertex -4.88701 8.13688 2.83468
    endloop
  endfacet
  facet normal 1.30423e-05 0.94711 0.320908
    outer loop
      vertex -5.03468 8.18692 2.68701
      vertex -11.2 7.2 5.6
      vertex -4.96568 8.16026 2.76569
    endloop
  endfacet
  facet normal 4.07399e-06 0.947116 0.320891
    outer loop
      vertex -5.09282 8.2164 2.6
      vertex -11.2 7.2 5.6
      vertex -5.03468 8.18692 2.68701
    endloop
  endfacet
  facet normal -2.54609e-05 0.947134 0.320837
    outer loop
      vertex -5.1391 8.24819 2.50615
      vertex -11.2 7.2 5.6
      vertex -5.09282 8.2164 2.6
    endloop
  endfacet
  facet normal -2.02735e-05 0.947131 0.320846
    outer loop
      vertex -5.17274 8.28176 2.40705
      vertex -11.2 7.2 5.6
      vertex -5.1391 8.24819 2.50615
    endloop
  endfacet
  facet normal 4.12373e-05 0.947096 0.320951
    outer loop
      vertex -5.19316 8.31654 2.30442
      vertex -11.2 7.2 5.6
      vertex -5.17274 8.28176 2.40705
    endloop
  endfacet
  facet normal -3.56279e-05 0.947139 0.320825
    outer loop
      vertex -5.2 8.35191 2.2
      vertex -11.2 7.2 5.6
      vertex -5.19316 8.31654 2.30442
    endloop
  endfacet
  facet normal 1.50055e-05 0.947111 0.320905
    outer loop
      vertex -5.19316 8.38729 2.09558
      vertex -11.2 7.2 5.6
      vertex -5.2 8.35191 2.2
    endloop
  endfacet
  facet normal 2.42061e-05 0.94713 0.320851
    outer loop
      vertex -11.2 9.77487 -2
      vertex -5.19316 8.38729 2.09558
      vertex -5.17274 8.42206 1.99294
    endloop
  endfacet
  facet normal -4.26996e-05 0.947099 0.320942
    outer loop
      vertex -11.2 9.77487 -2
      vertex -5.17274 8.42206 1.99294
      vertex -5.1391 8.45564 1.89385
    endloop
  endfacet
  facet normal 3.06563e-05 0.947134 0.32084
    outer loop
      vertex -11.2 9.77487 -2
      vertex -5.1391 8.45564 1.89385
      vertex -5.09282 8.48743 1.8
    endloop
  endfacet
  facet normal -4.84135e-06 0.947116 0.320891
    outer loop
      vertex -11.2 9.77487 -2
      vertex -5.09282 8.48743 1.8
      vertex -5.03468 8.51691 1.71299
    endloop
  endfacet
  facet normal -1.53583e-05 0.947111 0.320906
    outer loop
      vertex -11.2 9.77487 -2
      vertex -5.03468 8.51691 1.71299
      vertex -4.96568 8.54357 1.63431
    endloop
  endfacet
  facet normal 1.79399e-05 0.947128 0.320855
    outer loop
      vertex -11.2 9.77487 -2
      vertex -4.96568 8.54357 1.63431
      vertex -4.88701 8.56694 1.56532
    endloop
  endfacet
  facet normal -1.08434e-05 0.947113 0.320901
    outer loop
      vertex -11.2 9.77487 -2
      vertex -4.88701 8.56694 1.56532
      vertex -4.8 8.58664 1.50718
    endloop
  endfacet
  facet normal 0 0.947119 0.320884
    outer loop
      vertex 4.4 8.62295 1.4
      vertex -11.2 9.77487 -2
      vertex -4.4 8.62295 1.4
    endloop
  endfacet
  facet normal -2.09149e-05 0.947106 0.320921
    outer loop
      vertex -4.4 8.62295 1.4
      vertex -11.2 9.77487 -2
      vertex -4.50442 8.62063 1.40684
    endloop
  endfacet
  facet normal 4.54875e-07 0.947119 0.320883
    outer loop
      vertex -5.19316 8.38729 2.09558
      vertex -11.2 9.77487 -2
      vertex -11.2 7.2 5.6
    endloop
  endfacet
  facet normal -1.9659e-06 0.947118 0.320886
    outer loop
      vertex -4.70615 8.60232 1.4609
      vertex -11.2 9.77487 -2
      vertex -4.8 8.58664 1.50718
    endloop
  endfacet
  facet normal -1.63264e-05 0.94711 0.320911
    outer loop
      vertex -4.60705 8.61372 1.42726
      vertex -11.2 9.77487 -2
      vertex -4.70615 8.60232 1.4609
    endloop
  endfacet
  facet normal 5.51433e-05 0.947151 0.320787
    outer loop
      vertex -4.50442 8.62063 1.40684
      vertex -11.2 9.77487 -2
      vertex -4.60705 8.61372 1.42726
    endloop
  endfacet
  facet normal -0.0619418 0.9453 0.320266
    outer loop
      vertex -11.2 9.77487 -2
      vertex -11.3958 7.18717 5.6
      vertex -11.2 7.2 5.6
    endloop
  endfacet
  facet normal -0.0619418 0.9453 0.320266
    outer loop
      vertex -11.3958 7.18717 5.6
      vertex -11.2 9.77487 -2
      vertex -11.3958 9.76204 -2
    endloop
  endfacet
  facet normal -0.321437 0.946931 0
    outer loop
      vertex -11.5882 9.72376 -4.09108
      vertex -11.774 9.66069 -2
      vertex -11.5882 9.72376 -2
    endloop
  endfacet
  facet normal -0.32161 0.946872 -1.71574e-05
    outer loop
      vertex -11.6401 9.70613 -4.19637
      vertex -11.774 9.66069 -2
      vertex -11.5882 9.72376 -4.09108
    endloop
  endfacet
  facet normal -0.321396 0.946945 -2.61191e-06
    outer loop
      vertex -11.7284 9.67616 -4.45648
      vertex -11.774 9.66069 -2
      vertex -11.6401 9.70613 -4.19637
    endloop
  endfacet
  facet normal -0.32127 0.946988 0
    outer loop
      vertex -11.774 9.66069 -2
      vertex -11.7284 9.67616 -4.45648
      vertex -11.774 9.66069 -4.68563
    endloop
  endfacet
  facet normal -0.321437 0.946931 0
    outer loop
      vertex -11.774 9.66069 -15.6
      vertex -11.5882 9.72376 -5.90892
      vertex -11.5882 9.72376 -15.6
    endloop
  endfacet
  facet normal -0.321633 0.946864 4.20583e-06
    outer loop
      vertex -11.5882 9.72376 -5.90892
      vertex -11.774 9.66069 -15.6
      vertex -11.6401 9.70613 -5.80363
    endloop
  endfacet
  facet normal -0.321401 0.946943 6.64024e-07
    outer loop
      vertex -11.6401 9.70613 -5.80363
      vertex -11.774 9.66069 -15.6
      vertex -11.7284 9.67616 -5.54352
    endloop
  endfacet
  facet normal -0.32127 0.946988 0
    outer loop
      vertex -11.7284 9.67616 -5.54352
      vertex -11.774 9.66069 -15.6
      vertex -11.774 9.66069 -5.31437
    endloop
  endfacet
  facet normal 0 0 -1
    outer loop
      vertex 5.50636 0.791389 -15.6
      vertex 13.85 8.27487 -15.6
      vertex 13.85 0 -15.6
    endloop
  endfacet
  facet normal 0 0 -1
    outer loop
      vertex 5.39424 0.919238 -15.6
      vertex 13.85 8.27487 -15.6
      vertex 5.50636 0.791389 -15.6
    endloop
  endfacet
  facet normal 0 -0 -1
    outer loop
      vertex 12.35 9.77487 -15.6
      vertex 13.85 8.27487 -15.6
      vertex 5.39424 0.919238 -15.6
    endloop
  endfacet
  facet normal 0 0 -1
    outer loop
      vertex 13.85 8.27487 -15.6
      vertex 12.35 9.77487 -15.6
      vertex 13.8372 8.47066 -15.6
    endloop
  endfacet
  facet normal 0 0 -1
    outer loop
      vertex 13.7358 8.84889 -15.6
      vertex 12.35 9.77487 -15.6
      vertex 13.649 9.02487 -15.6
    endloop
  endfacet
  facet normal 0 0 -1
    outer loop
      vertex 13.649 9.02487 -15.6
      vertex 12.35 9.77487 -15.6
      vertex 13.54 9.18801 -15.6
    endloop
  endfacet
  facet normal 0 0 -1
    outer loop
      vertex 13.54 9.18801 -15.6
      vertex 12.35 9.77487 -15.6
      vertex 13.4107 9.33553 -15.6
    endloop
  endfacet
  facet normal 0 0 -1
    outer loop
      vertex 13.4107 9.33553 -15.6
      vertex 12.35 9.77487 -15.6
      vertex 13.2631 9.4649 -15.6
    endloop
  endfacet
  facet normal 0 0 -1
    outer loop
      vertex 13.2631 9.4649 -15.6
      vertex 12.35 9.77487 -15.6
      vertex 13.1 9.57391 -15.6
    endloop
  endfacet
  facet normal 0 0 -1
    outer loop
      vertex 13.1 9.57391 -15.6
      vertex 12.35 9.77487 -15.6
      vertex 12.924 9.66069 -15.6
    endloop
  endfacet
  facet normal 0 0 -1
    outer loop
      vertex 12.924 9.66069 -15.6
      vertex 12.35 9.77487 -15.6
      vertex 12.7382 9.72376 -15.6
    endloop
  endfacet
  facet normal 0 0 -1
    outer loop
      vertex 12.7382 9.72376 -15.6
      vertex 12.35 9.77487 -15.6
      vertex 12.5458 9.76204 -15.6
    endloop
  endfacet
  facet normal 0 0 -1
    outer loop
      vertex 5.76388 0.169683 -15.6
      vertex 13.85 0 -15.6
      vertex 5.775 0 -15.6
    endloop
  endfacet
  facet normal 0 0 -1
    outer loop
      vertex 5.7307 0.336464 -15.6
      vertex 13.85 0 -15.6
      vertex 5.76388 0.169683 -15.6
    endloop
  endfacet
  facet normal 0 0 -1
    outer loop
      vertex 5.67604 0.497488 -15.6
      vertex 13.85 0 -15.6
      vertex 5.7307 0.336464 -15.6
    endloop
  endfacet
  facet normal 0 0 -1
    outer loop
      vertex 5.60083 0.65 -15.6
      vertex 13.85 0 -15.6
      vertex 5.67604 0.497488 -15.6
    endloop
  endfacet
  facet normal 0 0 -1
    outer loop
      vertex 5.50636 0.791389 -15.6
      vertex 13.85 0 -15.6
      vertex 5.60083 0.65 -15.6
    endloop
  endfacet
  facet normal 0 0 -1
    outer loop
      vertex 13.7989 8.6631 -15.6
      vertex 12.35 9.77487 -15.6
      vertex 13.7358 8.84889 -15.6
    endloop
  endfacet
  facet normal 0 0 -1
    outer loop
      vertex 13.8372 8.47066 -15.6
      vertex 12.35 9.77487 -15.6
      vertex 13.7989 8.6631 -15.6
    endloop
  endfacet
  facet normal 0 0 -1
    outer loop
      vertex 5.26639 1.03136 -15.6
      vertex 12.35 9.77487 -15.6
      vertex 5.39424 0.919238 -15.6
    endloop
  endfacet
  facet normal 0 0 -1
    outer loop
      vertex 5.125 1.12583 -15.6
      vertex 12.35 9.77487 -15.6
      vertex 5.26639 1.03136 -15.6
    endloop
  endfacet
  facet normal 0 0 -1
    outer loop
      vertex 4.97249 1.20104 -15.6
      vertex 12.35 9.77487 -15.6
      vertex 5.125 1.12583 -15.6
    endloop
  endfacet
  facet normal 0 0 -1
    outer loop
      vertex 4.81146 1.2557 -15.6
      vertex 12.35 9.77487 -15.6
      vertex 4.97249 1.20104 -15.6
    endloop
  endfacet
  facet normal 0 0 -1
    outer loop
      vertex 4.64468 1.28888 -15.6
      vertex 12.35 9.77487 -15.6
      vertex 4.81146 1.2557 -15.6
    endloop
  endfacet
  facet normal 0 0 -1
    outer loop
      vertex 4.475 1.3 -15.6
      vertex 12.35 9.77487 -15.6
      vertex 4.64468 1.28888 -15.6
    endloop
  endfacet
  facet normal 0 0 -1
    outer loop
      vertex 4.30532 1.28888 -15.6
      vertex 12.35 9.77487 -15.6
      vertex 4.475 1.3 -15.6
    endloop
  endfacet
  facet normal 0 0 -1
    outer loop
      vertex 4.13853 1.2557 -15.6
      vertex 12.35 9.77487 -15.6
      vertex 4.30532 1.28888 -15.6
    endloop
  endfacet
  facet normal 0 0 -1
    outer loop
      vertex -11.2 9.77487 -15.6
      vertex 4.13853 1.2557 -15.6
      vertex 3.97751 1.20104 -15.6
    endloop
  endfacet
  facet normal 0 0 -1
    outer loop
      vertex -11.2 9.77487 -15.6
      vertex 3.97751 1.20104 -15.6
      vertex 3.825 1.12583 -15.6
    endloop
  endfacet
  facet normal 0 0 -1
    outer loop
      vertex -11.2 9.77487 -15.6
      vertex 3.825 1.12583 -15.6
      vertex 3.68361 1.03136 -15.6
    endloop
  endfacet
  facet normal 0 0 -1
    outer loop
      vertex -11.2 9.77487 -15.6
      vertex 3.68361 1.03136 -15.6
      vertex 3.55576 0.919238 -15.6
    endloop
  endfacet
  facet normal 0 0 -1
    outer loop
      vertex 4.13853 1.2557 -15.6
      vertex -11.2 9.77487 -15.6
      vertex 12.35 9.77487 -15.6
    endloop
  endfacet
  facet normal 0 0 -1
    outer loop
      vertex 3.44364 0.791389 -15.6
      vertex -11.2 9.77487 -15.6
      vertex 3.55576 0.919238 -15.6
    endloop
  endfacet
  facet normal 0 0 -1
    outer loop
      vertex 3.34917 0.65 -15.6
      vertex -11.2 9.77487 -15.6
      vertex 3.44364 0.791389 -15.6
    endloop
  endfacet
  facet normal 0 0 -1
    outer loop
      vertex 3.27396 0.497488 -15.6
      vertex -11.2 9.77487 -15.6
      vertex 3.34917 0.65 -15.6
    endloop
  endfacet
  facet normal 0 0 -1
    outer loop
      vertex -12.7 0 -15.6
      vertex 3.27396 0.497488 -15.6
      vertex 3.2193 0.336464 -15.6
    endloop
  endfacet
  facet normal 0 0 -1
    outer loop
      vertex -12.7 0 -15.6
      vertex 3.2193 0.336464 -15.6
      vertex 3.18612 0.169683 -15.6
    endloop
  endfacet
  facet normal 0 0 -1
    outer loop
      vertex -12.7 0 -15.6
      vertex 3.18612 0.169683 -15.6
      vertex 3.175 0 -15.6
    endloop
  endfacet
  facet normal -0 0 -1
    outer loop
      vertex 3.27396 0.497488 -15.6
      vertex -12.7 0 -15.6
      vertex -11.2 9.77487 -15.6
    endloop
  endfacet
  facet normal 0 0 -1
    outer loop
      vertex -12.7 8.27487 -15.6
      vertex -11.2 9.77487 -15.6
      vertex -12.7 0 -15.6
    endloop
  endfacet
  facet normal 0 0 -1
    outer loop
      vertex -11.2 9.77487 -15.6
      vertex -12.7 8.27487 -15.6
      vertex -11.3958 9.76204 -15.6
    endloop
  endfacet
  facet normal 0 0 -1
    outer loop
      vertex -11.3958 9.76204 -15.6
      vertex -12.7 8.27487 -15.6
      vertex -11.5882 9.72376 -15.6
    endloop
  endfacet
  facet normal 0 0 -1
    outer loop
      vertex -11.774 9.66069 -15.6
      vertex -12.7 8.27487 -15.6
      vertex -11.95 9.57391 -15.6
    endloop
  endfacet
  facet normal 0 0 -1
    outer loop
      vertex -11.95 9.57391 -15.6
      vertex -12.7 8.27487 -15.6
      vertex -12.1131 9.4649 -15.6
    endloop
  endfacet
  facet normal 0 0 -1
    outer loop
      vertex -12.1131 9.4649 -15.6
      vertex -12.7 8.27487 -15.6
      vertex -12.2607 9.33553 -15.6
    endloop
  endfacet
  facet normal 0 0 -1
    outer loop
      vertex -12.2607 9.33553 -15.6
      vertex -12.7 8.27487 -15.6
      vertex -12.39 9.18801 -15.6
    endloop
  endfacet
  facet normal 0 0 -1
    outer loop
      vertex -12.39 9.18801 -15.6
      vertex -12.7 8.27487 -15.6
      vertex -12.499 9.02487 -15.6
    endloop
  endfacet
  facet normal 0 0 -1
    outer loop
      vertex -12.499 9.02487 -15.6
      vertex -12.7 8.27487 -15.6
      vertex -12.5858 8.84889 -15.6
    endloop
  endfacet
  facet normal 0 0 -1
    outer loop
      vertex -12.5858 8.84889 -15.6
      vertex -12.7 8.27487 -15.6
      vertex -12.6489 8.6631 -15.6
    endloop
  endfacet
  facet normal 0 0 -1
    outer loop
      vertex -11.5882 9.72376 -15.6
      vertex -12.7 8.27487 -15.6
      vertex -11.774 9.66069 -15.6
    endloop
  endfacet
  facet normal 0 0 -1
    outer loop
      vertex -12.6489 8.6631 -15.6
      vertex -12.7 8.27487 -15.6
      vertex -12.6872 8.47066 -15.6
    endloop
  endfacet
  facet normal 0.817137 0.54596 0.184971
    outer loop
      vertex 13.54 6.61314 5.6
      vertex 13.649 9.02487 -2
      vertex 13.54 9.18801 -2
    endloop
  endfacet
  facet normal 0.817137 0.54596 0.184971
    outer loop
      vertex 13.649 9.02487 -2
      vertex 13.54 6.61314 5.6
      vertex 13.649 6.45 5.6
    endloop
  endfacet
  facet normal 0.752021 0.65914 0
    outer loop
      vertex 13.54 9.18801 -2
      vertex 13.4107 9.33553 -15.6
      vertex 13.4107 9.33553 -2
    endloop
  endfacet
  facet normal 0.752021 0.65914 0
    outer loop
      vertex 13.4107 9.33553 -15.6
      vertex 13.54 9.18801 -2
      vertex 13.54 9.18801 -15.6
    endloop
  endfacet
  facet normal -0.534863 0.800258 0.271126
    outer loop
      vertex -11.95 9.57391 -2
      vertex -12.1131 6.89003 5.6
      vertex -11.95 6.99904 5.6
    endloop
  endfacet
  facet normal -0.534863 0.800258 0.271126
    outer loop
      vertex -12.1131 6.89003 5.6
      vertex -11.95 9.57391 -2
      vertex -12.1131 9.4649 -2
    endloop
  endfacet
  facet normal 0.980764 0.195195 0
    outer loop
      vertex 13.8372 8.47066 -2
      vertex 13.7989 8.6631 -15.6
      vertex 13.7989 8.6631 -2
    endloop
  endfacet
  facet normal 0.980764 0.195195 0
    outer loop
      vertex 13.7989 8.6631 -15.6
      vertex 13.8372 8.47066 -2
      vertex 13.8372 8.47066 -15.6
    endloop
  endfacet
  facet normal -0.946879 0.321589 0
    outer loop
      vertex -12.6489 8.6631 -15.6
      vertex -12.5858 8.84889 -2
      vertex -12.5858 8.84889 -15.6
    endloop
  endfacet
  facet normal -0.946879 0.321589 0
    outer loop
      vertex -12.5858 8.84889 -2
      vertex -12.6489 8.6631 -15.6
      vertex -12.6489 8.6631 -2
    endloop
  endfacet
  facet normal -0.423129 0.858155 0.290742
    outer loop
      vertex -11.774 9.66069 -2
      vertex -11.95 6.99904 5.6
      vertex -11.774 7.08582 5.6
    endloop
  endfacet
  facet normal -0.423129 0.858155 0.290742
    outer loop
      vertex -11.95 6.99904 5.6
      vertex -11.774 9.66069 -2
      vertex -11.95 9.57391 -2
    endloop
  endfacet
  facet normal -0.306071 0.901665 0.305483
    outer loop
      vertex -11.5882 9.72376 -2
      vertex -11.774 7.08582 5.6
      vertex -11.5882 7.14889 5.6
    endloop
  endfacet
  facet normal -0.306071 0.901665 0.305483
    outer loop
      vertex -11.774 7.08582 5.6
      vertex -11.5882 9.72376 -2
      vertex -11.774 9.66069 -2
    endloop
  endfacet
  facet normal 0.638734 0.72874 0.246896
    outer loop
      vertex 13.4107 9.33553 -2
      vertex 13.2631 6.89003 5.6
      vertex 13.4107 6.76066 5.6
    endloop
  endfacet
  facet normal 0.638734 0.72874 0.246896
    outer loop
      vertex 13.2631 6.89003 5.6
      vertex 13.4107 9.33553 -2
      vertex 13.2631 9.4649 -2
    endloop
  endfacet
  facet normal 0.423129 0.858155 0.290742
    outer loop
      vertex 13.1 9.57391 -2
      vertex 12.924 7.08582 5.6
      vertex 13.1 6.99904 5.6
    endloop
  endfacet
  facet normal 0.423129 0.858155 0.290742
    outer loop
      vertex 12.924 7.08582 5.6
      vertex 13.1 9.57391 -2
      vertex 12.924 9.66069 -2
    endloop
  endfacet
  facet normal 0.978627 0.194769 0.0659876
    outer loop
      vertex 13.7989 6.08823 5.6
      vertex 13.8372 8.47066 -2
      vertex 13.7989 8.6631 -2
    endloop
  endfacet
  facet normal 0.978627 0.194769 0.0659876
    outer loop
      vertex 13.8372 8.47066 -2
      vertex 13.7989 6.08823 5.6
      vertex 13.8372 5.89579 5.6
    endloop
  endfacet
  facet normal 0.831485 0.555547 0
    outer loop
      vertex 13.649 9.02487 -2
      vertex 13.54 9.18801 -15.6
      vertex 13.54 9.18801 -2
    endloop
  endfacet
  facet normal 0.831485 0.555547 0
    outer loop
      vertex 13.54 9.18801 -15.6
      vertex 13.649 9.02487 -2
      vertex 13.649 9.02487 -15.6
    endloop
  endfacet
  facet normal 0.0619418 0.9453 0.320266
    outer loop
      vertex 12.5458 9.76204 -2
      vertex 12.35 7.2 5.6
      vertex 12.5458 7.18717 5.6
    endloop
  endfacet
  facet normal 0.0619418 0.9453 0.320266
    outer loop
      vertex 12.35 7.2 5.6
      vertex 12.5458 9.76204 -2
      vertex 12.35 9.77487 -2
    endloop
  endfacet
  facet normal 0.99787 0.0652369 0
    outer loop
      vertex 13.85 8.27487 -2
      vertex 13.8372 8.47066 -15.6
      vertex 13.8372 8.47066 -2
    endloop
  endfacet
  facet normal 0.99787 0.0652369 0
    outer loop
      vertex 13.8372 8.47066 -15.6
      vertex 13.85 8.27487 -2
      vertex 13.85 8.27487 -15.6
    endloop
  endfacet
  facet normal 0.89684 0.442355 0
    outer loop
      vertex 13.7358 8.84889 -2
      vertex 13.649 9.02487 -15.6
      vertex 13.649 9.02487 -2
    endloop
  endfacet
  facet normal 0.89684 0.442355 0
    outer loop
      vertex 13.649 9.02487 -15.6
      vertex 13.7358 8.84889 -2
      vertex 13.7358 8.84889 -15.6
    endloop
  endfacet
  facet normal 0.195302 0.980743 -0
    outer loop
      vertex 12.7382 9.72376 -15.6
      vertex 12.6687 9.7376 -6.05
      vertex 12.7382 9.72376 -5.90892
    endloop
  endfacet
  facet normal 0.195045 0.980794 -1.94758e-06
    outer loop
      vertex 12.7382 9.72376 -15.6
      vertex 12.5458 9.76204 -6.23388
      vertex 12.6687 9.7376 -6.05
    endloop
  endfacet
  facet normal 0.195136 0.980776 0
    outer loop
      vertex 12.5458 9.76204 -6.23388
      vertex 12.7382 9.72376 -15.6
      vertex 12.5458 9.76204 -15.6
    endloop
  endfacet
  facet normal 0.195136 0.980776 0
    outer loop
      vertex 12.7382 9.72376 -2
      vertex 12.5458 9.76204 -3.76612
      vertex 12.5458 9.76204 -2
    endloop
  endfacet
  facet normal 0.195055 0.980792 9.15384e-06
    outer loop
      vertex 12.7382 9.72376 -2
      vertex 12.6687 9.7376 -3.95
      vertex 12.5458 9.76204 -3.76612
    endloop
  endfacet
  facet normal 0.195302 0.980743 0
    outer loop
      vertex 12.6687 9.7376 -3.95
      vertex 12.7382 9.72376 -2
      vertex 12.7382 9.72376 -4.09108
    endloop
  endfacet
  facet normal 0.0649632 0.997888 -0
    outer loop
      vertex 12.5458 9.76204 -15.6
      vertex 12.516 9.76398 -6.2784
      vertex 12.5458 9.76204 -6.23388
    endloop
  endfacet
  facet normal 0.0654599 0.997855 1.59474e-06
    outer loop
      vertex 12.5458 9.76204 -15.6
      vertex 12.35 9.77487 -6.46773
      vertex 12.516 9.76398 -6.2784
    endloop
  endfacet
  facet normal 0.0653858 0.99786 0
    outer loop
      vertex 12.35 9.77487 -6.46773
      vertex 12.5458 9.76204 -15.6
      vertex 12.35 9.77487 -15.6
    endloop
  endfacet
  facet normal 0.0653858 0.99786 0
    outer loop
      vertex 12.5458 9.76204 -2
      vertex 12.35 9.77487 -3.53227
      vertex 12.35 9.77487 -2
    endloop
  endfacet
  facet normal 0.065452 0.997856 -8.49843e-06
    outer loop
      vertex 12.5458 9.76204 -2
      vertex 12.516 9.76398 -3.7216
      vertex 12.35 9.77487 -3.53227
    endloop
  endfacet
  facet normal 0.0649632 0.997888 0
    outer loop
      vertex 12.516 9.76398 -3.7216
      vertex 12.5458 9.76204 -2
      vertex 12.5458 9.76204 -3.76612
    endloop
  endfacet
  facet normal 0.442233 0.8969 0
    outer loop
      vertex 13.1 9.57391 -2
      vertex 12.924 9.66069 -4.68563
      vertex 12.924 9.66069 -2
    endloop
  endfacet
  facet normal 0.442603 0.896718 -3.01285e-05
    outer loop
      vertex 13.1 9.57391 -2
      vertex 12.932 9.65674 -4.7259
      vertex 12.924 9.66069 -4.68563
    endloop
  endfacet
  facet normal 0.441907 0.897061 2.32011e-05
    outer loop
      vertex 13.1 9.57391 -2
      vertex 12.95 9.64788 -5
      vertex 12.932 9.65674 -4.7259
    endloop
  endfacet
  facet normal 0.44228 0.896877 -0
    outer loop
      vertex 13.1 9.57391 -15.6
      vertex 12.95 9.64788 -5
      vertex 13.1 9.57391 -2
    endloop
  endfacet
  facet normal 0.441739 0.897144 -9.5163e-06
    outer loop
      vertex 13.1 9.57391 -15.6
      vertex 12.932 9.65674 -5.2741
      vertex 12.95 9.64788 -5
    endloop
  endfacet
  facet normal 0.442686 0.896677 9.6317e-06
    outer loop
      vertex 13.1 9.57391 -15.6
      vertex 12.924 9.66069 -5.31437
      vertex 12.932 9.65674 -5.2741
    endloop
  endfacet
  facet normal 0.442233 0.8969 0
    outer loop
      vertex 12.924 9.66069 -5.31437
      vertex 13.1 9.57391 -15.6
      vertex 12.924 9.66069 -15.6
    endloop
  endfacet
  facet normal 0.321437 0.946931 0
    outer loop
      vertex 12.924 9.66069 -2
      vertex 12.7382 9.72376 -4.09108
      vertex 12.7382 9.72376 -2
    endloop
  endfacet
  facet normal 0.32161 0.946872 -1.71574e-05
    outer loop
      vertex 12.924 9.66069 -2
      vertex 12.7901 9.70613 -4.19637
      vertex 12.7382 9.72376 -4.09108
    endloop
  endfacet
  facet normal 0.321396 0.946945 -2.61191e-06
    outer loop
      vertex 12.924 9.66069 -2
      vertex 12.8784 9.67616 -4.45648
      vertex 12.7901 9.70613 -4.19637
    endloop
  endfacet
  facet normal 0.32127 0.946988 0
    outer loop
      vertex 12.8784 9.67616 -4.45648
      vertex 12.924 9.66069 -2
      vertex 12.924 9.66069 -4.68563
    endloop
  endfacet
  facet normal 0.32127 0.946988 -0
    outer loop
      vertex 12.924 9.66069 -15.6
      vertex 12.8784 9.67616 -5.54352
      vertex 12.924 9.66069 -5.31437
    endloop
  endfacet
  facet normal 0.321401 0.946943 6.64024e-07
    outer loop
      vertex 12.924 9.66069 -15.6
      vertex 12.7901 9.70613 -5.80363
      vertex 12.8784 9.67616 -5.54352
    endloop
  endfacet
  facet normal 0.321633 0.946864 4.20583e-06
    outer loop
      vertex 12.924 9.66069 -15.6
      vertex 12.7382 9.72376 -5.90892
      vertex 12.7901 9.70613 -5.80363
    endloop
  endfacet
  facet normal 0.321437 0.946931 0
    outer loop
      vertex 12.7382 9.72376 -5.90892
      vertex 12.924 9.66069 -15.6
      vertex 12.7382 9.72376 -15.6
    endloop
  endfacet
  facet normal -0.980764 0.195195 0
    outer loop
      vertex -12.6872 8.47066 -15.6
      vertex -12.6489 8.6631 -2
      vertex -12.6489 8.6631 -15.6
    endloop
  endfacet
  facet normal -0.980764 0.195195 0
    outer loop
      vertex -12.6489 8.6631 -2
      vertex -12.6872 8.47066 -15.6
      vertex -12.6872 8.47066 -2
    endloop
  endfacet
  facet normal -0.99787 0.0652369 0
    outer loop
      vertex -12.7 8.27487 -15.6
      vertex -12.6872 8.47066 -2
      vertex -12.6872 8.47066 -15.6
    endloop
  endfacet
  facet normal -0.99787 0.0652369 0
    outer loop
      vertex -12.6872 8.47066 -2
      vertex -12.7 8.27487 -15.6
      vertex -12.7 8.27487 -2
    endloop
  endfacet
  facet normal -0.941309 0.319697 0.108313
    outer loop
      vertex -12.6489 8.6631 -2
      vertex -12.5858 6.27402 5.6
      vertex -12.5858 8.84889 -2
    endloop
  endfacet
  facet normal -0.941309 0.319697 0.108313
    outer loop
      vertex -12.5858 6.27402 5.6
      vertex -12.6489 8.6631 -2
      vertex -12.6489 6.08823 5.6
    endloop
  endfacet
  facet normal -0.831485 0.555547 0
    outer loop
      vertex -12.499 9.02487 -15.6
      vertex -12.39 9.18801 -2
      vertex -12.39 9.18801 -15.6
    endloop
  endfacet
  facet normal -0.831485 0.555547 0
    outer loop
      vertex -12.39 9.18801 -2
      vertex -12.499 9.02487 -15.6
      vertex -12.499 9.02487 -2
    endloop
  endfacet
  facet normal 0.886935 0.43747 0.148214
    outer loop
      vertex 13.649 6.45 5.6
      vertex 13.7358 8.84889 -2
      vertex 13.649 9.02487 -2
    endloop
  endfacet
  facet normal 0.886935 0.43747 0.148214
    outer loop
      vertex 13.7358 8.84889 -2
      vertex 13.649 6.45 5.6
      vertex 13.7358 6.27402 5.6
    endloop
  endfacet
  facet normal 0.941309 0.319697 0.108313
    outer loop
      vertex 13.7358 6.27402 5.6
      vertex 13.7989 8.6631 -2
      vertex 13.7358 8.84889 -2
    endloop
  endfacet
  facet normal 0.941309 0.319697 0.108313
    outer loop
      vertex 13.7989 8.6631 -2
      vertex 13.7358 6.27402 5.6
      vertex 13.7989 6.08823 5.6
    endloop
  endfacet
  facet normal 0.997626 0.065221 0.0220968
    outer loop
      vertex 13.8372 5.89579 5.6
      vertex 13.85 8.27487 -2
      vertex 13.8372 8.47066 -2
    endloop
  endfacet
  facet normal 0.997626 0.065221 0.0220968
    outer loop
      vertex 13.85 8.27487 -2
      vertex 13.8372 5.89579 5.6
      vertex 13.85 5.7 5.6
    endloop
  endfacet
  facet normal 0.534863 0.800258 0.271126
    outer loop
      vertex 13.2631 9.4649 -2
      vertex 13.1 6.99904 5.6
      vertex 13.2631 6.89003 5.6
    endloop
  endfacet
  facet normal 0.534863 0.800258 0.271126
    outer loop
      vertex 13.1 6.99904 5.6
      vertex 13.2631 9.4649 -2
      vertex 13.1 9.57391 -2
    endloop
  endfacet
  facet normal 1 -0 0
    outer loop
      vertex 13.85 0 5.6
      vertex 13.85 8.27487 -2
      vertex 13.85 5.7 5.6
    endloop
  endfacet
  facet normal 1 0 0
    outer loop
      vertex 13.85 8.27487 -2
      vertex 13.85 0 5.6
      vertex 13.85 0 -15.6
    endloop
  endfacet
  facet normal 1 0 0
    outer loop
      vertex 13.85 8.27487 -2
      vertex 13.85 0 -15.6
      vertex 13.85 8.27487 -15.6
    endloop
  endfacet
  facet normal 0 0 1
    outer loop
      vertex 12.35 7.2 5.6
      vertex 5.99316 3.50442 5.6
      vertex 6 3.4 5.6
    endloop
  endfacet
  facet normal 0 0 1
    outer loop
      vertex 12.35 7.2 5.6
      vertex 5.97274 3.60705 5.6
      vertex 5.99316 3.50442 5.6
    endloop
  endfacet
  facet normal 0 0 1
    outer loop
      vertex 12.35 7.2 5.6
      vertex 5.9391 3.70615 5.6
      vertex 5.97274 3.60705 5.6
    endloop
  endfacet
  facet normal 0 0 1
    outer loop
      vertex 12.35 7.2 5.6
      vertex 5.89282 3.8 5.6
      vertex 5.9391 3.70615 5.6
    endloop
  endfacet
  facet normal 0 0 1
    outer loop
      vertex 12.35 7.2 5.6
      vertex 5.83468 3.88701 5.6
      vertex 5.89282 3.8 5.6
    endloop
  endfacet
  facet normal 0 0 1
    outer loop
      vertex 12.35 7.2 5.6
      vertex 5.76569 3.96568 5.6
      vertex 5.83468 3.88701 5.6
    endloop
  endfacet
  facet normal 0 0 1
    outer loop
      vertex 12.35 7.2 5.6
      vertex 5.68701 4.03468 5.6
      vertex 5.76569 3.96568 5.6
    endloop
  endfacet
  facet normal 0 0 1
    outer loop
      vertex 12.35 7.2 5.6
      vertex 5.6 4.09282 5.6
      vertex 5.68701 4.03468 5.6
    endloop
  endfacet
  facet normal 0 0 1
    outer loop
      vertex 12.35 7.2 5.6
      vertex 5.50615 4.1391 5.6
      vertex 5.6 4.09282 5.6
    endloop
  endfacet
  facet normal 0 0 1
    outer loop
      vertex 12.35 7.2 5.6
      vertex 5.40705 4.17274 5.6
      vertex 5.50615 4.1391 5.6
    endloop
  endfacet
  facet normal 0 0 1
    outer loop
      vertex 12.35 7.2 5.6
      vertex 5.30442 4.19316 5.6
      vertex 5.40705 4.17274 5.6
    endloop
  endfacet
  facet normal 0 0 1
    outer loop
      vertex 12.35 7.2 5.6
      vertex 5.2 4.2 5.6
      vertex 5.30442 4.19316 5.6
    endloop
  endfacet
  facet normal 0 0 1
    outer loop
      vertex 12.35 7.2 5.6
      vertex 5.09558 4.19316 5.6
      vertex 5.2 4.2 5.6
    endloop
  endfacet
  facet normal 0 0 1
    outer loop
      vertex 2.70442 4.19316 5.6
      vertex 5.09558 4.19316 5.6
      vertex 12.35 7.2 5.6
    endloop
  endfacet
  facet normal 0 0 1
    outer loop
      vertex 5.09558 4.19316 5.6
      vertex 2.70442 4.19316 5.6
      vertex 4.99294 4.17274 5.6
    endloop
  endfacet
  facet normal 0 0 1
    outer loop
      vertex 4.4 3.4 5.6
      vertex 3.4 3.4 5.6
      vertex 4.4 0 5.6
    endloop
  endfacet
  facet normal 0 0 1
    outer loop
      vertex 4.40684 3.50442 5.6
      vertex 3.4 3.4 5.6
      vertex 4.4 3.4 5.6
    endloop
  endfacet
  facet normal 0 0 1
    outer loop
      vertex 3.39316 3.50442 5.6
      vertex 4.40684 3.50442 5.6
      vertex 4.42726 3.60705 5.6
    endloop
  endfacet
  facet normal 0 0 1
    outer loop
      vertex 3.37274 3.60705 5.6
      vertex 4.42726 3.60705 5.6
      vertex 4.4609 3.70615 5.6
    endloop
  endfacet
  facet normal 0 0 1
    outer loop
      vertex 3.3391 3.70615 5.6
      vertex 4.4609 3.70615 5.6
      vertex 4.50718 3.8 5.6
    endloop
  endfacet
  facet normal 0 0 1
    outer loop
      vertex 3.29282 3.8 5.6
      vertex 4.50718 3.8 5.6
      vertex 4.56532 3.88701 5.6
    endloop
  endfacet
  facet normal 0 0 1
    outer loop
      vertex 3.23468 3.88701 5.6
      vertex 4.56532 3.88701 5.6
      vertex 4.63431 3.96568 5.6
    endloop
  endfacet
  facet normal 0 0 1
    outer loop
      vertex 3.16568 3.96568 5.6
      vertex 4.63431 3.96568 5.6
      vertex 4.71299 4.03468 5.6
    endloop
  endfacet
  facet normal 0 0 1
    outer loop
      vertex 3.08701 4.03468 5.6
      vertex 4.71299 4.03468 5.6
      vertex 4.8 4.09282 5.6
    endloop
  endfacet
  facet normal 0 0 1
    outer loop
      vertex 4.40684 3.50442 5.6
      vertex 3.39316 3.50442 5.6
      vertex 3.4 3.4 5.6
    endloop
  endfacet
  facet normal 0 0 1
    outer loop
      vertex 3 4.09282 5.6
      vertex 4.8 4.09282 5.6
      vertex 4.89385 4.1391 5.6
    endloop
  endfacet
  facet normal 0 0 1
    outer loop
      vertex 4.42726 3.60705 5.6
      vertex 3.37274 3.60705 5.6
      vertex 3.39316 3.50442 5.6
    endloop
  endfacet
  facet normal 0 -0 1
    outer loop
      vertex 2.80705 4.17274 5.6
      vertex 4.99294 4.17274 5.6
      vertex 2.70442 4.19316 5.6
    endloop
  endfacet
  facet normal 0 0 1
    outer loop
      vertex 4.4609 3.70615 5.6
      vertex 3.3391 3.70615 5.6
      vertex 3.37274 3.60705 5.6
    endloop
  endfacet
  facet normal 0 0 1
    outer loop
      vertex 4.50718 3.8 5.6
      vertex 3.29282 3.8 5.6
      vertex 3.3391 3.70615 5.6
    endloop
  endfacet
  facet normal 0 0 1
    outer loop
      vertex 4.56532 3.88701 5.6
      vertex 3.23468 3.88701 5.6
      vertex 3.29282 3.8 5.6
    endloop
  endfacet
  facet normal 0 0 1
    outer loop
      vertex 4.63431 3.96568 5.6
      vertex 3.16568 3.96568 5.6
      vertex 3.23468 3.88701 5.6
    endloop
  endfacet
  facet normal 0 0 1
    outer loop
      vertex 4.71299 4.03468 5.6
      vertex 3.08701 4.03468 5.6
      vertex 3.16568 3.96568 5.6
    endloop
  endfacet
  facet normal 0 0 1
    outer loop
      vertex 4.8 4.09282 5.6
      vertex 3 4.09282 5.6
      vertex 3.08701 4.03468 5.6
    endloop
  endfacet
  facet normal 0 0 1
    outer loop
      vertex 4.89385 4.1391 5.6
      vertex 2.90615 4.1391 5.6
      vertex 3 4.09282 5.6
    endloop
  endfacet
  facet normal 0 0 1
    outer loop
      vertex 4.89385 4.1391 5.6
      vertex 2.80705 4.17274 5.6
      vertex 2.90615 4.1391 5.6
    endloop
  endfacet
  facet normal 0 0 1
    outer loop
      vertex 4.99294 4.17274 5.6
      vertex 2.80705 4.17274 5.6
      vertex 4.89385 4.1391 5.6
    endloop
  endfacet
  facet normal 0 0 1
    outer loop
      vertex 12.35 7.2 5.6
      vertex 2.6 4.2 5.6
      vertex 2.70442 4.19316 5.6
    endloop
  endfacet
  facet normal 0 0 1
    outer loop
      vertex 12.35 7.2 5.6
      vertex 2.49558 4.19316 5.6
      vertex 2.6 4.2 5.6
    endloop
  endfacet
  facet normal 0 0 1
    outer loop
      vertex 0.104421 4.19316 5.6
      vertex 2.49558 4.19316 5.6
      vertex 12.35 7.2 5.6
    endloop
  endfacet
  facet normal 0 0 1
    outer loop
      vertex 1.8 3.4 5.6
      vertex 0.799999 3.4 5.6
      vertex 1.8 0 5.6
    endloop
  endfacet
  facet normal 0 0 1
    outer loop
      vertex 1.80684 3.50442 5.6
      vertex 0.799999 3.4 5.6
      vertex 1.8 3.4 5.6
    endloop
  endfacet
  facet normal 0 0 1
    outer loop
      vertex 0.793156 3.50442 5.6
      vertex 1.80684 3.50442 5.6
      vertex 1.82726 3.60705 5.6
    endloop
  endfacet
  facet normal 0 0 1
    outer loop
      vertex 0.77274 3.60705 5.6
      vertex 1.82726 3.60705 5.6
      vertex 1.8609 3.70615 5.6
    endloop
  endfacet
  facet normal 0 0 1
    outer loop
      vertex 0.739103 3.70615 5.6
      vertex 1.8609 3.70615 5.6
      vertex 1.90718 3.8 5.6
    endloop
  endfacet
  facet normal 0 0 1
    outer loop
      vertex 0.69282 3.8 5.6
      vertex 1.90718 3.8 5.6
      vertex 1.96532 3.88701 5.6
    endloop
  endfacet
  facet normal 0 0 1
    outer loop
      vertex 0.634683 3.88701 5.6
      vertex 1.96532 3.88701 5.6
      vertex 2.03431 3.96568 5.6
    endloop
  endfacet
  facet normal 0 0 1
    outer loop
      vertex 0.565685 3.96568 5.6
      vertex 2.03431 3.96568 5.6
      vertex 2.11299 4.03468 5.6
    endloop
  endfacet
  facet normal 0 0 1
    outer loop
      vertex 0.487009 4.03468 5.6
      vertex 2.11299 4.03468 5.6
      vertex 2.2 4.09282 5.6
    endloop
  endfacet
  facet normal 0 0 1
    outer loop
      vertex 1.80684 3.50442 5.6
      vertex 0.793156 3.50442 5.6
      vertex 0.799999 3.4 5.6
    endloop
  endfacet
  facet normal 0 0 1
    outer loop
      vertex 0.4 4.09282 5.6
      vertex 2.2 4.09282 5.6
      vertex 2.29385 4.1391 5.6
    endloop
  endfacet
  facet normal 0 0 1
    outer loop
      vertex 1.82726 3.60705 5.6
      vertex 0.77274 3.60705 5.6
      vertex 0.793156 3.50442 5.6
    endloop
  endfacet
  facet normal 0 0 1
    outer loop
      vertex 1.8609 3.70615 5.6
      vertex 0.739103 3.70615 5.6
      vertex 0.77274 3.60705 5.6
    endloop
  endfacet
  facet normal 0 0 1
    outer loop
      vertex 0.306147 4.1391 5.6
      vertex 2.29385 4.1391 5.6
      vertex 2.39294 4.17274 5.6
    endloop
  endfacet
  facet normal 0 0 1
    outer loop
      vertex 2.49558 4.19316 5.6
      vertex 0.104421 4.19316 5.6
      vertex 2.39294 4.17274 5.6
    endloop
  endfacet
  facet normal 0 0 1
    outer loop
      vertex 1.90718 3.8 5.6
      vertex 0.69282 3.8 5.6
      vertex 0.739103 3.70615 5.6
    endloop
  endfacet
  facet normal 0 0 1
    outer loop
      vertex 1.96532 3.88701 5.6
      vertex 0.634683 3.88701 5.6
      vertex 0.69282 3.8 5.6
    endloop
  endfacet
  facet normal 0 0 1
    outer loop
      vertex 2.03431 3.96568 5.6
      vertex 0.565685 3.96568 5.6
      vertex 0.634683 3.88701 5.6
    endloop
  endfacet
  facet normal 0 0 1
    outer loop
      vertex 2.11299 4.03468 5.6
      vertex 0.487009 4.03468 5.6
      vertex 0.565685 3.96568 5.6
    endloop
  endfacet
  facet normal 0 0 1
    outer loop
      vertex 2.2 4.09282 5.6
      vertex 0.4 4.09282 5.6
      vertex 0.487009 4.03468 5.6
    endloop
  endfacet
  facet normal 0 0 1
    outer loop
      vertex 2.29385 4.1391 5.6
      vertex 0.306147 4.1391 5.6
      vertex 0.4 4.09282 5.6
    endloop
  endfacet
  facet normal 0 0 1
    outer loop
      vertex 2.39294 4.17274 5.6
      vertex 0.207055 4.17274 5.6
      vertex 0.306147 4.1391 5.6
    endloop
  endfacet
  facet normal 0 0 1
    outer loop
      vertex 2.39294 4.17274 5.6
      vertex 0.104421 4.19316 5.6
      vertex 0.207055 4.17274 5.6
    endloop
  endfacet
  facet normal 0 0 1
    outer loop
      vertex 12.35 7.2 5.6
      vertex 0 4.2 5.6
      vertex 0.104421 4.19316 5.6
    endloop
  endfacet
  facet normal -0 0 1
    outer loop
      vertex -11.2 7.2 5.6
      vertex 0 4.2 5.6
      vertex 12.35 7.2 5.6
    endloop
  endfacet
  facet normal 0 0 1
    outer loop
      vertex 0 4.2 5.6
      vertex -11.2 7.2 5.6
      vertex -0.104421 4.19316 5.6
    endloop
  endfacet
  facet normal 0 0 1
    outer loop
      vertex -0.799999 3.4 5.6
      vertex -1.8 3.4 5.6
      vertex -0.799999 0 5.6
    endloop
  endfacet
  facet normal 0 0 1
    outer loop
      vertex -0.793156 3.50442 5.6
      vertex -1.8 3.4 5.6
      vertex -0.799999 3.4 5.6
    endloop
  endfacet
  facet normal 0 0 1
    outer loop
      vertex -1.80684 3.50442 5.6
      vertex -0.793156 3.50442 5.6
      vertex -0.77274 3.60705 5.6
    endloop
  endfacet
  facet normal 0 0 1
    outer loop
      vertex -1.82726 3.60705 5.6
      vertex -0.77274 3.60705 5.6
      vertex -0.739103 3.70615 5.6
    endloop
  endfacet
  facet normal 0 0 1
    outer loop
      vertex -1.8609 3.70615 5.6
      vertex -0.739103 3.70615 5.6
      vertex -0.69282 3.8 5.6
    endloop
  endfacet
  facet normal 0 0 1
    outer loop
      vertex -1.90718 3.8 5.6
      vertex -0.69282 3.8 5.6
      vertex -0.634683 3.88701 5.6
    endloop
  endfacet
  facet normal 0 0 1
    outer loop
      vertex -1.96532 3.88701 5.6
      vertex -0.634683 3.88701 5.6
      vertex -0.565685 3.96568 5.6
    endloop
  endfacet
  facet normal 0 0 1
    outer loop
      vertex -2.03431 3.96568 5.6
      vertex -0.565685 3.96568 5.6
      vertex -0.487009 4.03468 5.6
    endloop
  endfacet
  facet normal 0 0 1
    outer loop
      vertex -2.11299 4.03468 5.6
      vertex -0.487009 4.03468 5.6
      vertex -0.4 4.09282 5.6
    endloop
  endfacet
  facet normal 0 0 1
    outer loop
      vertex -0.793156 3.50442 5.6
      vertex -1.80684 3.50442 5.6
      vertex -1.8 3.4 5.6
    endloop
  endfacet
  facet normal 0 0 1
    outer loop
      vertex -2.2 4.09282 5.6
      vertex -0.4 4.09282 5.6
      vertex -0.306147 4.1391 5.6
    endloop
  endfacet
  facet normal 0 0 1
    outer loop
      vertex -0.77274 3.60705 5.6
      vertex -1.82726 3.60705 5.6
      vertex -1.80684 3.50442 5.6
    endloop
  endfacet
  facet normal 0 0 1
    outer loop
      vertex -0.739103 3.70615 5.6
      vertex -1.8609 3.70615 5.6
      vertex -1.82726 3.60705 5.6
    endloop
  endfacet
  facet normal 0 0 1
    outer loop
      vertex -2.29385 4.1391 5.6
      vertex -0.306147 4.1391 5.6
      vertex -0.207055 4.17274 5.6
    endloop
  endfacet
  facet normal 0 0 1
    outer loop
      vertex -0.69282 3.8 5.6
      vertex -1.90718 3.8 5.6
      vertex -1.8609 3.70615 5.6
    endloop
  endfacet
  facet normal 0 -0 1
    outer loop
      vertex -2.49558 4.19316 5.6
      vertex -0.104421 4.19316 5.6
      vertex -11.2 7.2 5.6
    endloop
  endfacet
  facet normal 0 0 1
    outer loop
      vertex -0.634683 3.88701 5.6
      vertex -1.96532 3.88701 5.6
      vertex -1.90718 3.8 5.6
    endloop
  endfacet
  facet normal 0 0 1
    outer loop
      vertex -0.565685 3.96568 5.6
      vertex -2.03431 3.96568 5.6
      vertex -1.96532 3.88701 5.6
    endloop
  endfacet
  facet normal 0 0 1
    outer loop
      vertex -0.487009 4.03468 5.6
      vertex -2.11299 4.03468 5.6
      vertex -2.03431 3.96568 5.6
    endloop
  endfacet
  facet normal 0 0 1
    outer loop
      vertex -0.4 4.09282 5.6
      vertex -2.2 4.09282 5.6
      vertex -2.11299 4.03468 5.6
    endloop
  endfacet
  facet normal 0 0 1
    outer loop
      vertex -0.306147 4.1391 5.6
      vertex -2.29385 4.1391 5.6
      vertex -2.2 4.09282 5.6
    endloop
  endfacet
  facet normal 0 0 1
    outer loop
      vertex -0.207055 4.17274 5.6
      vertex -2.39294 4.17274 5.6
      vertex -2.29385 4.1391 5.6
    endloop
  endfacet
  facet normal 0 0 1
    outer loop
      vertex -0.207055 4.17274 5.6
      vertex -2.49558 4.19316 5.6
      vertex -2.39294 4.17274 5.6
    endloop
  endfacet
  facet normal 0 0 1
    outer loop
      vertex -0.104421 4.19316 5.6
      vertex -2.49558 4.19316 5.6
      vertex -0.207055 4.17274 5.6
    endloop
  endfacet
  facet normal 0 0 1
    outer loop
      vertex -2.49558 4.19316 5.6
      vertex -11.2 7.2 5.6
      vertex -2.6 4.2 5.6
    endloop
  endfacet
  facet normal 0 0 1
    outer loop
      vertex -2.6 4.2 5.6
      vertex -11.2 7.2 5.6
      vertex -2.70442 4.19316 5.6
    endloop
  endfacet
  facet normal 0 0 1
    outer loop
      vertex -3.4 3.4 5.6
      vertex -4.4 3.4 5.6
      vertex -3.4 0 5.6
    endloop
  endfacet
  facet normal 0 0 1
    outer loop
      vertex -3.39316 3.50442 5.6
      vertex -4.4 3.4 5.6
      vertex -3.4 3.4 5.6
    endloop
  endfacet
  facet normal 0 0 1
    outer loop
      vertex -4.40684 3.50442 5.6
      vertex -3.39316 3.50442 5.6
      vertex -3.37274 3.60705 5.6
    endloop
  endfacet
  facet normal 0 0 1
    outer loop
      vertex -4.42726 3.60705 5.6
      vertex -3.37274 3.60705 5.6
      vertex -3.3391 3.70615 5.6
    endloop
  endfacet
  facet normal 0 0 1
    outer loop
      vertex -4.4609 3.70615 5.6
      vertex -3.3391 3.70615 5.6
      vertex -3.29282 3.8 5.6
    endloop
  endfacet
  facet normal 0 0 1
    outer loop
      vertex -4.50718 3.8 5.6
      vertex -3.29282 3.8 5.6
      vertex -3.23468 3.88701 5.6
    endloop
  endfacet
  facet normal 0 0 1
    outer loop
      vertex -4.56532 3.88701 5.6
      vertex -3.23468 3.88701 5.6
      vertex -3.16568 3.96568 5.6
    endloop
  endfacet
  facet normal 0 0 1
    outer loop
      vertex -4.63431 3.96568 5.6
      vertex -3.16568 3.96568 5.6
      vertex -3.08701 4.03468 5.6
    endloop
  endfacet
  facet normal 0 0 1
    outer loop
      vertex -4.71299 4.03468 5.6
      vertex -3.08701 4.03468 5.6
      vertex -3 4.09282 5.6
    endloop
  endfacet
  facet normal 0 0 1
    outer loop
      vertex -3.39316 3.50442 5.6
      vertex -4.40684 3.50442 5.6
      vertex -4.4 3.4 5.6
    endloop
  endfacet
  facet normal 0 0 1
    outer loop
      vertex -4.8 4.09282 5.6
      vertex -3 4.09282 5.6
      vertex -2.90615 4.1391 5.6
    endloop
  endfacet
  facet normal 0 0 1
    outer loop
      vertex -3.37274 3.60705 5.6
      vertex -4.42726 3.60705 5.6
      vertex -4.40684 3.50442 5.6
    endloop
  endfacet
  facet normal 0 0 1
    outer loop
      vertex -3.3391 3.70615 5.6
      vertex -4.4609 3.70615 5.6
      vertex -4.42726 3.60705 5.6
    endloop
  endfacet
  facet normal 0 0 1
    outer loop
      vertex -4.89385 4.1391 5.6
      vertex -2.90615 4.1391 5.6
      vertex -2.80705 4.17274 5.6
    endloop
  endfacet
  facet normal 0 0 1
    outer loop
      vertex -3.29282 3.8 5.6
      vertex -4.50718 3.8 5.6
      vertex -4.4609 3.70615 5.6
    endloop
  endfacet
  facet normal 0 0 1
    outer loop
      vertex -3.23468 3.88701 5.6
      vertex -4.56532 3.88701 5.6
      vertex -4.50718 3.8 5.6
    endloop
  endfacet
  facet normal 0 -0 1
    outer loop
      vertex -5.09558 4.19316 5.6
      vertex -2.70442 4.19316 5.6
      vertex -11.2 7.2 5.6
    endloop
  endfacet
  facet normal 0 0 1
    outer loop
      vertex -3.16568 3.96568 5.6
      vertex -4.63431 3.96568 5.6
      vertex -4.56532 3.88701 5.6
    endloop
  endfacet
  facet normal 0 0 1
    outer loop
      vertex -3.08701 4.03468 5.6
      vertex -4.71299 4.03468 5.6
      vertex -4.63431 3.96568 5.6
    endloop
  endfacet
  facet normal 0 0 1
    outer loop
      vertex -3 4.09282 5.6
      vertex -4.8 4.09282 5.6
      vertex -4.71299 4.03468 5.6
    endloop
  endfacet
  facet normal 0 0 1
    outer loop
      vertex -2.90615 4.1391 5.6
      vertex -4.89385 4.1391 5.6
      vertex -4.8 4.09282 5.6
    endloop
  endfacet
  facet normal 0 0 1
    outer loop
      vertex -2.80705 4.17274 5.6
      vertex -4.99294 4.17274 5.6
      vertex -4.89385 4.1391 5.6
    endloop
  endfacet
  facet normal 0 0 1
    outer loop
      vertex -2.70442 4.19316 5.6
      vertex -5.09558 4.19316 5.6
      vertex -2.80705 4.17274 5.6
    endloop
  endfacet
  facet normal 0 0 1
    outer loop
      vertex -2.80705 4.17274 5.6
      vertex -5.09558 4.19316 5.6
      vertex -4.99294 4.17274 5.6
    endloop
  endfacet
  facet normal 0 0 1
    outer loop
      vertex -5.09558 4.19316 5.6
      vertex -11.2 7.2 5.6
      vertex -5.2 4.2 5.6
    endloop
  endfacet
  facet normal 0 0 1
    outer loop
      vertex -5.2 4.2 5.6
      vertex -11.2 7.2 5.6
      vertex -5.30442 4.19316 5.6
    endloop
  endfacet
  facet normal 0 0 1
    outer loop
      vertex -11.2 7.2 5.6
      vertex -5.40705 4.17274 5.6
      vertex -5.30442 4.19316 5.6
    endloop
  endfacet
  facet normal 0 0 1
    outer loop
      vertex -11.2 7.2 5.6
      vertex -5.50615 4.1391 5.6
      vertex -5.40705 4.17274 5.6
    endloop
  endfacet
  facet normal 0 0 1
    outer loop
      vertex -11.2 7.2 5.6
      vertex -5.6 4.09282 5.6
      vertex -5.50615 4.1391 5.6
    endloop
  endfacet
  facet normal 0 0 1
    outer loop
      vertex -11.2 7.2 5.6
      vertex -5.68701 4.03468 5.6
      vertex -5.6 4.09282 5.6
    endloop
  endfacet
  facet normal 0 0 1
    outer loop
      vertex -11.2 7.2 5.6
      vertex -5.76569 3.96568 5.6
      vertex -5.68701 4.03468 5.6
    endloop
  endfacet
  facet normal 0 0 1
    outer loop
      vertex -11.2 7.2 5.6
      vertex -5.83468 3.88701 5.6
      vertex -5.76569 3.96568 5.6
    endloop
  endfacet
  facet normal 0 0 1
    outer loop
      vertex -11.2 7.2 5.6
      vertex -5.89282 3.8 5.6
      vertex -5.83468 3.88701 5.6
    endloop
  endfacet
  facet normal 0 0 1
    outer loop
      vertex -11.2 7.2 5.6
      vertex -5.9391 3.70615 5.6
      vertex -5.89282 3.8 5.6
    endloop
  endfacet
  facet normal 0 0 1
    outer loop
      vertex -11.2 7.2 5.6
      vertex -5.97274 3.60705 5.6
      vertex -5.9391 3.70615 5.6
    endloop
  endfacet
  facet normal 0 0 1
    outer loop
      vertex -11.2 7.2 5.6
      vertex -5.99316 3.50442 5.6
      vertex -5.97274 3.60705 5.6
    endloop
  endfacet
  facet normal -0 0 1
    outer loop
      vertex -12.7 5.7 5.6
      vertex -5.99316 3.50442 5.6
      vertex -11.2 7.2 5.6
    endloop
  endfacet
  facet normal 0 0 1
    outer loop
      vertex -5.99316 3.50442 5.6
      vertex -12.7 5.7 5.6
      vertex -6 3.4 5.6
    endloop
  endfacet
  facet normal 0 0 1
    outer loop
      vertex -12.7 5.7 5.6
      vertex -11.2 7.2 5.6
      vertex -11.3958 7.18717 5.6
    endloop
  endfacet
  facet normal 0 0 1
    outer loop
      vertex -12.7 5.7 5.6
      vertex -11.3958 7.18717 5.6
      vertex -11.5882 7.14889 5.6
    endloop
  endfacet
  facet normal 0 0 1
    outer loop
      vertex -12.7 5.7 5.6
      vertex -11.5882 7.14889 5.6
      vertex -11.774 7.08582 5.6
    endloop
  endfacet
  facet normal 0 0 1
    outer loop
      vertex -12.7 5.7 5.6
      vertex -11.774 7.08582 5.6
      vertex -11.95 6.99904 5.6
    endloop
  endfacet
  facet normal 0 0 1
    outer loop
      vertex -12.7 5.7 5.6
      vertex -11.95 6.99904 5.6
      vertex -12.1131 6.89003 5.6
    endloop
  endfacet
  facet normal 0 0 1
    outer loop
      vertex -12.7 5.7 5.6
      vertex -12.1131 6.89003 5.6
      vertex -12.2607 6.76066 5.6
    endloop
  endfacet
  facet normal 0 0 1
    outer loop
      vertex -12.7 5.7 5.6
      vertex -12.2607 6.76066 5.6
      vertex -12.39 6.61314 5.6
    endloop
  endfacet
  facet normal 0 0 1
    outer loop
      vertex -12.7 5.7 5.6
      vertex -12.39 6.61314 5.6
      vertex -12.499 6.45 5.6
    endloop
  endfacet
  facet normal 0 0 1
    outer loop
      vertex -12.7 5.7 5.6
      vertex -12.499 6.45 5.6
      vertex -12.5858 6.27402 5.6
    endloop
  endfacet
  facet normal 0 0 1
    outer loop
      vertex -12.7 5.7 5.6
      vertex -12.5858 6.27402 5.6
      vertex -12.6489 6.08823 5.6
    endloop
  endfacet
  facet normal 0 0 1
    outer loop
      vertex -12.7 5.7 5.6
      vertex -12.6489 6.08823 5.6
      vertex -12.6872 5.89579 5.6
    endloop
  endfacet
  facet normal 0 0 1
    outer loop
      vertex -12.7 0 5.6
      vertex -6 3.4 5.6
      vertex -12.7 5.7 5.6
    endloop
  endfacet
  facet normal 0 0 1
    outer loop
      vertex -6 3.4 5.6
      vertex -12.7 0 5.6
      vertex -6 0 5.6
    endloop
  endfacet
  facet normal 0 0 1
    outer loop
      vertex 12.35 7.2 5.6
      vertex 13.85 5.7 5.6
      vertex 13.8372 5.89579 5.6
    endloop
  endfacet
  facet normal 0 0 1
    outer loop
      vertex 12.35 7.2 5.6
      vertex 13.8372 5.89579 5.6
      vertex 13.7989 6.08823 5.6
    endloop
  endfacet
  facet normal 0 0 1
    outer loop
      vertex 12.35 7.2 5.6
      vertex 13.7989 6.08823 5.6
      vertex 13.7358 6.27402 5.6
    endloop
  endfacet
  facet normal 0 0 1
    outer loop
      vertex 12.35 7.2 5.6
      vertex 13.7358 6.27402 5.6
      vertex 13.649 6.45 5.6
    endloop
  endfacet
  facet normal 0 0 1
    outer loop
      vertex 12.35 7.2 5.6
      vertex 13.649 6.45 5.6
      vertex 13.54 6.61314 5.6
    endloop
  endfacet
  facet normal 0 0 1
    outer loop
      vertex 12.35 7.2 5.6
      vertex 13.54 6.61314 5.6
      vertex 13.4107 6.76066 5.6
    endloop
  endfacet
  facet normal 0 0 1
    outer loop
      vertex 12.35 7.2 5.6
      vertex 13.4107 6.76066 5.6
      vertex 13.2631 6.89003 5.6
    endloop
  endfacet
  facet normal 0 0 1
    outer loop
      vertex 12.35 7.2 5.6
      vertex 13.2631 6.89003 5.6
      vertex 13.1 6.99904 5.6
    endloop
  endfacet
  facet normal 0 0 1
    outer loop
      vertex 12.35 7.2 5.6
      vertex 13.1 6.99904 5.6
      vertex 12.924 7.08582 5.6
    endloop
  endfacet
  facet normal 0 0 1
    outer loop
      vertex 12.35 7.2 5.6
      vertex 12.924 7.08582 5.6
      vertex 12.7382 7.14889 5.6
    endloop
  endfacet
  facet normal 0 0 1
    outer loop
      vertex 12.35 7.2 5.6
      vertex 12.7382 7.14889 5.6
      vertex 12.5458 7.18717 5.6
    endloop
  endfacet
  facet normal 0 0 1
    outer loop
      vertex 13.85 5.7 5.6
      vertex 12.35 7.2 5.6
      vertex 6 3.4 5.6
    endloop
  endfacet
  facet normal 0 0 1
    outer loop
      vertex 13.85 5.7 5.6
      vertex 6 3.4 5.6
      vertex 13.85 0 5.6
    endloop
  endfacet
  facet normal 0 0 1
    outer loop
      vertex 13.85 0 5.6
      vertex 6 3.4 5.6
      vertex 6 0 5.6
    endloop
  endfacet
  facet normal 0 0 1
    outer loop
      vertex 4.4 0 5.6
      vertex 3.4 3.4 5.6
      vertex 3.4 0 5.6
    endloop
  endfacet
  facet normal 0 0 1
    outer loop
      vertex 1.8 0 5.6
      vertex 0.799999 3.4 5.6
      vertex 0.799999 0 5.6
    endloop
  endfacet
  facet normal 0 0 1
    outer loop
      vertex -0.799999 0 5.6
      vertex -1.8 3.4 5.6
      vertex -1.8 0 5.6
    endloop
  endfacet
  facet normal 0 0 1
    outer loop
      vertex -3.4 0 5.6
      vertex -4.4 3.4 5.6
      vertex -4.4 0 5.6
    endloop
  endfacet
  facet normal 0.18518 0.930738 0.315333
    outer loop
      vertex 12.7382 9.72376 -2
      vertex 12.5458 7.18717 5.6
      vertex 12.7382 7.14889 5.6
    endloop
  endfacet
  facet normal 0.18518 0.930738 0.315333
    outer loop
      vertex 12.5458 7.18717 5.6
      vertex 12.7382 9.72376 -2
      vertex 12.5458 9.76204 -2
    endloop
  endfacet
  facet normal 0.306071 0.901665 0.305483
    outer loop
      vertex 12.924 9.66069 -2
      vertex 12.7382 7.14889 5.6
      vertex 12.924 7.08582 5.6
    endloop
  endfacet
  facet normal 0.306071 0.901665 0.305483
    outer loop
      vertex 12.7382 7.14889 5.6
      vertex 12.924 9.66069 -2
      vertex 12.7382 9.72376 -2
    endloop
  endfacet
  facet normal -0.896874 -0.442286 0
    outer loop
      vertex 5.67604 0.497488 -15.6
      vertex 5.60083 0.65 -13.6
      vertex 5.60083 0.65 -15.6
    endloop
  endfacet
  facet normal -0.896874 -0.442286 0
    outer loop
      vertex 5.60083 0.65 -13.6
      vertex 5.67604 0.497488 -15.6
      vertex 5.67604 0.497488 -13.6
    endloop
  endfacet
  facet normal -0.980779 -0.19512 0
    outer loop
      vertex 5.76388 0.169683 -15.6
      vertex 5.7307 0.336464 -13.6
      vertex 5.7307 0.336464 -15.6
    endloop
  endfacet
  facet normal -0.980779 -0.19512 0
    outer loop
      vertex 5.7307 0.336464 -13.6
      vertex 5.76388 0.169683 -15.6
      vertex 5.76388 0.169683 -13.6
    endloop
  endfacet
  facet normal -0.751841 -0.659344 0
    outer loop
      vertex 5.50636 0.791389 -15.6
      vertex 5.39424 0.919238 -13.6
      vertex 5.39424 0.919238 -15.6
    endloop
  endfacet
  facet normal -0.751841 -0.659344 0
    outer loop
      vertex 5.39424 0.919238 -13.6
      vertex 5.50636 0.791389 -15.6
      vertex 5.50636 0.791389 -13.6
    endloop
  endfacet
  facet normal 0.980779 -0.19512 0
    outer loop
      vertex 3.18612 0.169683 -13.6
      vertex 3.2193 0.336464 -15.6
      vertex 3.2193 0.336464 -13.6
    endloop
  endfacet
  facet normal 0.980779 -0.19512 0
    outer loop
      vertex 3.2193 0.336464 -15.6
      vertex 3.18612 0.169683 -13.6
      vertex 3.18612 0.169683 -15.6
    endloop
  endfacet
  facet normal -0.659348 -0.751838 0
    outer loop
      vertex 5.26639 1.03136 -15.6
      vertex 5.39424 0.919238 -13.6
      vertex 5.26639 1.03136 -13.6
    endloop
  endfacet
  facet normal -0.659348 -0.751838 -0
    outer loop
      vertex 5.39424 0.919238 -13.6
      vertex 5.26639 1.03136 -15.6
      vertex 5.39424 0.919238 -15.6
    endloop
  endfacet
  facet normal -0.442291 -0.896872 0
    outer loop
      vertex 4.97249 1.20104 -15.6
      vertex 5.125 1.12583 -13.6
      vertex 4.97249 1.20104 -13.6
    endloop
  endfacet
  facet normal -0.442291 -0.896872 -0
    outer loop
      vertex 5.125 1.12583 -13.6
      vertex 4.97249 1.20104 -15.6
      vertex 5.125 1.12583 -15.6
    endloop
  endfacet
  facet normal -0.99786 -0.0653937 0
    outer loop
      vertex 5.775 0 -15.6
      vertex 5.76388 0.169683 -13.6
      vertex 5.76388 0.169683 -15.6
    endloop
  endfacet
  facet normal -0.99786 -0.0653937 0
    outer loop
      vertex 5.76388 0.169683 -13.6
      vertex 5.775 0 -15.6
      vertex 5.775 0 -13.6
    endloop
  endfacet
  facet normal -0.0653948 -0.997859 0
    outer loop
      vertex 4.475 1.3 -15.6
      vertex 4.64468 1.28888 -13.6
      vertex 4.475 1.3 -13.6
    endloop
  endfacet
  facet normal -0.0653948 -0.997859 -0
    outer loop
      vertex 4.64468 1.28888 -13.6
      vertex 4.475 1.3 -15.6
      vertex 4.64468 1.28888 -15.6
    endloop
  endfacet
  facet normal -0.321427 -0.946934 0
    outer loop
      vertex 4.81146 1.2557 -15.6
      vertex 4.97249 1.20104 -13.6
      vertex 4.81146 1.2557 -13.6
    endloop
  endfacet
  facet normal -0.321427 -0.946934 -0
    outer loop
      vertex 4.97249 1.20104 -13.6
      vertex 4.81146 1.2557 -15.6
      vertex 4.97249 1.20104 -15.6
    endloop
  endfacet
  facet normal -0.831478 -0.555558 0
    outer loop
      vertex 5.60083 0.65 -15.6
      vertex 5.50636 0.791389 -13.6
      vertex 5.50636 0.791389 -15.6
    endloop
  endfacet
  facet normal -0.831478 -0.555558 0
    outer loop
      vertex 5.50636 0.791389 -13.6
      vertex 5.60083 0.65 -15.6
      vertex 5.60083 0.65 -13.6
    endloop
  endfacet
  facet normal 0.19511 -0.980781 0
    outer loop
      vertex 4.13853 1.2557 -15.6
      vertex 4.30532 1.28888 -13.6
      vertex 4.13853 1.2557 -13.6
    endloop
  endfacet
  facet normal 0.19511 -0.980781 0
    outer loop
      vertex 4.30532 1.28888 -13.6
      vertex 4.13853 1.2557 -15.6
      vertex 4.30532 1.28888 -15.6
    endloop
  endfacet
  facet normal -0.555555 -0.83148 0
    outer loop
      vertex 5.125 1.12583 -15.6
      vertex 5.26639 1.03136 -13.6
      vertex 5.125 1.12583 -13.6
    endloop
  endfacet
  facet normal -0.555555 -0.83148 -0
    outer loop
      vertex 5.26639 1.03136 -13.6
      vertex 5.125 1.12583 -15.6
      vertex 5.26639 1.03136 -15.6
    endloop
  endfacet
  facet normal -0.946931 -0.321438 0
    outer loop
      vertex 5.7307 0.336464 -15.6
      vertex 5.67604 0.497488 -13.6
      vertex 5.67604 0.497488 -15.6
    endloop
  endfacet
  facet normal -0.946931 -0.321438 0
    outer loop
      vertex 5.67604 0.497488 -13.6
      vertex 5.7307 0.336464 -15.6
      vertex 5.7307 0.336464 -13.6
    endloop
  endfacet
  facet normal 0.442291 -0.896872 0
    outer loop
      vertex 3.825 1.12583 -15.6
      vertex 3.97751 1.20104 -13.6
      vertex 3.825 1.12583 -13.6
    endloop
  endfacet
  facet normal 0.442291 -0.896872 0
    outer loop
      vertex 3.97751 1.20104 -13.6
      vertex 3.825 1.12583 -15.6
      vertex 3.97751 1.20104 -15.6
    endloop
  endfacet
  facet normal 0.946931 -0.321438 0
    outer loop
      vertex 3.2193 0.336464 -13.6
      vertex 3.27396 0.497488 -15.6
      vertex 3.27396 0.497488 -13.6
    endloop
  endfacet
  facet normal 0.946931 -0.321438 0
    outer loop
      vertex 3.27396 0.497488 -15.6
      vertex 3.2193 0.336464 -13.6
      vertex 3.2193 0.336464 -15.6
    endloop
  endfacet
  facet normal 0.321445 -0.946928 0
    outer loop
      vertex 3.97751 1.20104 -15.6
      vertex 4.13853 1.2557 -13.6
      vertex 3.97751 1.20104 -13.6
    endloop
  endfacet
  facet normal 0.321445 -0.946928 0
    outer loop
      vertex 4.13853 1.2557 -13.6
      vertex 3.97751 1.20104 -15.6
      vertex 4.13853 1.2557 -15.6
    endloop
  endfacet
  facet normal 0.751841 -0.659344 0
    outer loop
      vertex 3.44364 0.791389 -13.6
      vertex 3.55576 0.919238 -15.6
      vertex 3.55576 0.919238 -13.6
    endloop
  endfacet
  facet normal 0.751841 -0.659344 0
    outer loop
      vertex 3.55576 0.919238 -15.6
      vertex 3.44364 0.791389 -13.6
      vertex 3.44364 0.791389 -15.6
    endloop
  endfacet
  facet normal 0.0653948 -0.997859 0
    outer loop
      vertex 4.30532 1.28888 -15.6
      vertex 4.475 1.3 -13.6
      vertex 4.30532 1.28888 -13.6
    endloop
  endfacet
  facet normal 0.0653948 -0.997859 0
    outer loop
      vertex 4.475 1.3 -13.6
      vertex 4.30532 1.28888 -15.6
      vertex 4.475 1.3 -15.6
    endloop
  endfacet
  facet normal -0.195121 -0.980779 0
    outer loop
      vertex 4.64468 1.28888 -15.6
      vertex 4.81146 1.2557 -13.6
      vertex 4.64468 1.28888 -13.6
    endloop
  endfacet
  facet normal -0.195121 -0.980779 -0
    outer loop
      vertex 4.81146 1.2557 -13.6
      vertex 4.64468 1.28888 -15.6
      vertex 4.81146 1.2557 -15.6
    endloop
  endfacet
  facet normal 0.659348 -0.751838 0
    outer loop
      vertex 3.55576 0.919238 -15.6
      vertex 3.68361 1.03136 -13.6
      vertex 3.55576 0.919238 -13.6
    endloop
  endfacet
  facet normal 0.659348 -0.751838 0
    outer loop
      vertex 3.68361 1.03136 -13.6
      vertex 3.55576 0.919238 -15.6
      vertex 3.68361 1.03136 -15.6
    endloop
  endfacet
  facet normal 0.555555 -0.83148 0
    outer loop
      vertex 3.68361 1.03136 -15.6
      vertex 3.825 1.12583 -13.6
      vertex 3.68361 1.03136 -13.6
    endloop
  endfacet
  facet normal 0.555555 -0.83148 0
    outer loop
      vertex 3.825 1.12583 -13.6
      vertex 3.68361 1.03136 -15.6
      vertex 3.825 1.12583 -15.6
    endloop
  endfacet
  facet normal 0.831478 -0.555558 0
    outer loop
      vertex 3.34917 0.65 -13.6
      vertex 3.44364 0.791389 -15.6
      vertex 3.44364 0.791389 -13.6
    endloop
  endfacet
  facet normal 0.831478 -0.555558 0
    outer loop
      vertex 3.44364 0.791389 -15.6
      vertex 3.34917 0.65 -13.6
      vertex 3.34917 0.65 -15.6
    endloop
  endfacet
  facet normal 0.896874 -0.442286 0
    outer loop
      vertex 3.27396 0.497488 -13.6
      vertex 3.34917 0.65 -15.6
      vertex 3.34917 0.65 -13.6
    endloop
  endfacet
  facet normal 0.896874 -0.442286 0
    outer loop
      vertex 3.34917 0.65 -15.6
      vertex 3.27396 0.497488 -13.6
      vertex 3.27396 0.497488 -15.6
    endloop
  endfacet
  facet normal 0.99786 -0.0653937 0
    outer loop
      vertex 3.175 0 -13.6
      vertex 3.18612 0.169683 -15.6
      vertex 3.18612 0.169683 -13.6
    endloop
  endfacet
  facet normal 0.99786 -0.0653937 0
    outer loop
      vertex 3.18612 0.169683 -15.6
      vertex 3.175 0 -13.6
      vertex 3.175 0 -15.6
    endloop
  endfacet
  facet normal 0 -1 0
    outer loop
      vertex -12.7 0 5.6
      vertex -6.7 0 3.6
      vertex -6 0 5.6
    endloop
  endfacet
  facet normal 0 -1 0
    outer loop
      vertex -12.7 0 5.6
      vertex -6.7 0 0
      vertex -6.7 0 3.6
    endloop
  endfacet
  facet normal 0 -1 0
    outer loop
      vertex 0.924871 0 -2
      vertex -6.7 0 0
      vertex -6.7 0 -2
    endloop
  endfacet
  facet normal 0 -1 0
    outer loop
      vertex -10.0106 0 -3.84089
      vertex -6.7 0 0
      vertex -12.7 0 5.6
    endloop
  endfacet
  facet normal -0 -1 0
    outer loop
      vertex -9.7 0 -3.8
      vertex -6.7 0 0
      vertex -9.85663 0 -3.81027
    endloop
  endfacet
  facet normal 0 -1 0
    outer loop
      vertex -9.54337 0 -3.81027
      vertex -6.7 0 0
      vertex -9.7 0 -3.8
    endloop
  endfacet
  facet normal 0 -1 0
    outer loop
      vertex -6.7 0 0
      vertex -10.0106 0 -3.84089
      vertex -9.85663 0 -3.81027
    endloop
  endfacet
  facet normal 0 -1 0
    outer loop
      vertex -12.7 0 5.6
      vertex -10.1592 0 -3.89135
      vertex -10.0106 0 -3.84089
    endloop
  endfacet
  facet normal 0 -1 0
    outer loop
      vertex -12.7 0 5.6
      vertex -10.3 0 -3.96077
      vertex -10.1592 0 -3.89135
    endloop
  endfacet
  facet normal 0 -1 0
    outer loop
      vertex -12.7 0 5.6
      vertex -10.4305 0 -4.04798
      vertex -10.3 0 -3.96077
    endloop
  endfacet
  facet normal 0 -1 0
    outer loop
      vertex -12.7 0 5.6
      vertex -10.5485 0 -4.15147
      vertex -10.4305 0 -4.04798
    endloop
  endfacet
  facet normal 0 -1 0
    outer loop
      vertex -12.7 0 5.6
      vertex -10.652 0 -4.26949
      vertex -10.5485 0 -4.15147
    endloop
  endfacet
  facet normal 0 -1 0
    outer loop
      vertex -12.7 0 5.6
      vertex -10.7392 0 -4.4
      vertex -10.652 0 -4.26949
    endloop
  endfacet
  facet normal 0 -1 0
    outer loop
      vertex -12.7 0 5.6
      vertex -10.8087 0 -4.54078
      vertex -10.7392 0 -4.4
    endloop
  endfacet
  facet normal 0 -1 0
    outer loop
      vertex -12.7 0 5.6
      vertex -10.8591 0 -4.68942
      vertex -10.8087 0 -4.54078
    endloop
  endfacet
  facet normal 0 -1 0
    outer loop
      vertex -12.7 0 5.6
      vertex -10.8897 0 -4.84337
      vertex -10.8591 0 -4.68942
    endloop
  endfacet
  facet normal 0 -1 0
    outer loop
      vertex -12.7 0 5.6
      vertex -10.9 0 -5
      vertex -10.8897 0 -4.84337
    endloop
  endfacet
  facet normal 0 -1 0
    outer loop
      vertex -12.7 0 -15.6
      vertex -10.9 0 -5
      vertex -12.7 0 5.6
    endloop
  endfacet
  facet normal 0 -1 0
    outer loop
      vertex -9.85663 0 -6.18973
      vertex -6.7 0 -13.6
      vertex -9.7 0 -6.2
    endloop
  endfacet
  facet normal 0 -1 0
    outer loop
      vertex -10.0106 0 -6.15911
      vertex -6.7 0 -13.6
      vertex -9.85663 0 -6.18973
    endloop
  endfacet
  facet normal 0 -1 0
    outer loop
      vertex -12.7 0 -15.6
      vertex -10.0106 0 -6.15911
      vertex -10.1592 0 -6.10865
    endloop
  endfacet
  facet normal 0 -1 0
    outer loop
      vertex -12.7 0 -15.6
      vertex -10.1592 0 -6.10865
      vertex -10.3 0 -6.03923
    endloop
  endfacet
  facet normal 0 -1 0
    outer loop
      vertex -12.7 0 -15.6
      vertex -10.3 0 -6.03923
      vertex -10.4305 0 -5.95202
    endloop
  endfacet
  facet normal 0 -1 0
    outer loop
      vertex -12.7 0 -15.6
      vertex -10.4305 0 -5.95202
      vertex -10.5485 0 -5.84853
    endloop
  endfacet
  facet normal 0 -1 0
    outer loop
      vertex -12.7 0 -15.6
      vertex -10.5485 0 -5.84853
      vertex -10.652 0 -5.73051
    endloop
  endfacet
  facet normal 0 -1 0
    outer loop
      vertex -12.7 0 -15.6
      vertex -10.652 0 -5.73051
      vertex -10.7392 0 -5.6
    endloop
  endfacet
  facet normal 0 -1 -0
    outer loop
      vertex -10.9 0 -5
      vertex -12.7 0 -15.6
      vertex -10.8897 0 -5.15663
    endloop
  endfacet
  facet normal 0 -1 0
    outer loop
      vertex -12.7 0 -15.6
      vertex -10.8591 0 -5.31058
      vertex -10.8897 0 -5.15663
    endloop
  endfacet
  facet normal 0 -1 0
    outer loop
      vertex -12.7 0 -15.6
      vertex -10.8087 0 -5.45922
      vertex -10.8591 0 -5.31058
    endloop
  endfacet
  facet normal 0 -1 0
    outer loop
      vertex -12.7 0 -15.6
      vertex -10.7392 0 -5.6
      vertex -10.8087 0 -5.45922
    endloop
  endfacet
  facet normal 0 -1 -0
    outer loop
      vertex -10.0106 0 -6.15911
      vertex -12.7 0 -15.6
      vertex -6.7 0 -13.6
    endloop
  endfacet
  facet normal 0 -1 0
    outer loop
      vertex 3.175 0 -15.6
      vertex -6.7 0 -13.6
      vertex -12.7 0 -15.6
    endloop
  endfacet
  facet normal 0 -1 0
    outer loop
      vertex -6.7 0 -13.6
      vertex 3.175 0 -15.6
      vertex 3.175 0 -13.6
    endloop
  endfacet
  facet normal 0 -1 -0
    outer loop
      vertex -6 0 5.6
      vertex -6.7 0 3.6
      vertex -6 0 3.6
    endloop
  endfacet
  facet normal 0 -1 0
    outer loop
      vertex -6.7 0 0
      vertex 0.924871 0 -2
      vertex 1.1 0 0
    endloop
  endfacet
  facet normal 0 -1 -0
    outer loop
      vertex -6.7 0 0
      vertex -9.54337 0 -3.81027
      vertex -6.7 0 -2
    endloop
  endfacet
  facet normal 0 -1 0
    outer loop
      vertex -9.38942 0 -3.84089
      vertex -6.7 0 -2
      vertex -9.54337 0 -3.81027
    endloop
  endfacet
  facet normal 0 -1 0
    outer loop
      vertex -9.24078 0 -3.89135
      vertex -6.7 0 -2
      vertex -9.38942 0 -3.84089
    endloop
  endfacet
  facet normal 0 -1 0
    outer loop
      vertex -9.1 0 -3.96077
      vertex -6.7 0 -2
      vertex -9.24078 0 -3.89135
    endloop
  endfacet
  facet normal 0 -1 0
    outer loop
      vertex -8.96949 0 -4.04798
      vertex -6.7 0 -2
      vertex -9.1 0 -3.96077
    endloop
  endfacet
  facet normal 0 -1 0
    outer loop
      vertex -8.85147 0 -4.15147
      vertex -6.7 0 -2
      vertex -8.96949 0 -4.04798
    endloop
  endfacet
  facet normal 0 -1 0
    outer loop
      vertex -8.74798 0 -4.26949
      vertex -6.7 0 -2
      vertex -8.85147 0 -4.15147
    endloop
  endfacet
  facet normal 0 -1 0
    outer loop
      vertex -8.66077 0 -4.4
      vertex -6.7 0 -2
      vertex -8.74798 0 -4.26949
    endloop
  endfacet
  facet normal 0 -1 0
    outer loop
      vertex -8.59134 0 -4.54078
      vertex -6.7 0 -2
      vertex -8.66077 0 -4.4
    endloop
  endfacet
  facet normal 0 -1 0
    outer loop
      vertex -8.54089 0 -4.68942
      vertex -6.7 0 -2
      vertex -8.59134 0 -4.54078
    endloop
  endfacet
  facet normal 0 -1 0
    outer loop
      vertex -8.51027 0 -4.84337
      vertex -6.7 0 -2
      vertex -8.54089 0 -4.68942
    endloop
  endfacet
  facet normal 0 -1 0
    outer loop
      vertex -8.5 0 -5
      vertex -6.7 0 -2
      vertex -8.51027 0 -4.84337
    endloop
  endfacet
  facet normal 0 -1 0
    outer loop
      vertex -8.51027 0 -5.15663
      vertex -6.7 0 -2
      vertex -8.5 0 -5
    endloop
  endfacet
  facet normal 0 -1 0
    outer loop
      vertex -8.54089 0 -5.31058
      vertex -6.7 0 -2
      vertex -8.51027 0 -5.15663
    endloop
  endfacet
  facet normal 0 -1 0
    outer loop
      vertex -6.7 0 -13.6
      vertex -8.54089 0 -5.31058
      vertex -8.59134 0 -5.45922
    endloop
  endfacet
  facet normal 0 -1 0
    outer loop
      vertex -6.7 0 -13.6
      vertex -8.59134 0 -5.45922
      vertex -8.66077 0 -5.6
    endloop
  endfacet
  facet normal 0 -1 0
    outer loop
      vertex -8.54089 0 -5.31058
      vertex -6.7 0 -13.6
      vertex -6.7 0 -2
    endloop
  endfacet
  facet normal 0 -1 0
    outer loop
      vertex -8.74798 0 -5.73051
      vertex -6.7 0 -13.6
      vertex -8.66077 0 -5.6
    endloop
  endfacet
  facet normal 0 -1 0
    outer loop
      vertex -8.85147 0 -5.84853
      vertex -6.7 0 -13.6
      vertex -8.74798 0 -5.73051
    endloop
  endfacet
  facet normal 0 -1 0
    outer loop
      vertex -8.96949 0 -5.95202
      vertex -6.7 0 -13.6
      vertex -8.85147 0 -5.84853
    endloop
  endfacet
  facet normal 0 -1 0
    outer loop
      vertex -9.1 0 -6.03923
      vertex -6.7 0 -13.6
      vertex -8.96949 0 -5.95202
    endloop
  endfacet
  facet normal 0 -1 0
    outer loop
      vertex -9.24078 0 -6.10865
      vertex -6.7 0 -13.6
      vertex -9.1 0 -6.03923
    endloop
  endfacet
  facet normal 0 -1 0
    outer loop
      vertex -9.38942 0 -6.15911
      vertex -6.7 0 -13.6
      vertex -9.24078 0 -6.10865
    endloop
  endfacet
  facet normal 0 -1 0
    outer loop
      vertex -9.54337 0 -6.18973
      vertex -6.7 0 -13.6
      vertex -9.38942 0 -6.15911
    endloop
  endfacet
  facet normal 0 -1 0
    outer loop
      vertex -6.7 0 -13.6
      vertex -9.54337 0 -6.18973
      vertex -9.7 0 -6.2
    endloop
  endfacet
  facet normal 0 -1 0
    outer loop
      vertex 5.775 0 -13.6
      vertex 5.775 0 -15.6
      vertex 7.85 0 -13.6
    endloop
  endfacet
  facet normal 0 -1 0
    outer loop
      vertex 7.85 0 -11.6
      vertex 7.85 0 -13.6
      vertex 8.86487 0 -11.6
    endloop
  endfacet
  facet normal 0 -1 0
    outer loop
      vertex 7.85 0 0
      vertex 10.6934 0 -3.81027
      vertex 10.85 0 -3.8
    endloop
  endfacet
  facet normal 0 -1 0
    outer loop
      vertex 7.85 0 0
      vertex 10.5394 0 -3.84089
      vertex 10.6934 0 -3.81027
    endloop
  endfacet
  facet normal 0 -1 0
    outer loop
      vertex 7.85 0 0
      vertex 10.3908 0 -3.89135
      vertex 10.5394 0 -3.84089
    endloop
  endfacet
  facet normal 0 -1 0
    outer loop
      vertex 7.85 0 0
      vertex 10.25 0 -3.96077
      vertex 10.3908 0 -3.89135
    endloop
  endfacet
  facet normal 0 -1 0
    outer loop
      vertex 7.85 0 0
      vertex 10.1195 0 -4.04798
      vertex 10.25 0 -3.96077
    endloop
  endfacet
  facet normal 0 -1 0
    outer loop
      vertex 7.85 0 0
      vertex 10.0015 0 -4.15147
      vertex 10.1195 0 -4.04798
    endloop
  endfacet
  facet normal 0 -1 0
    outer loop
      vertex 7.85 0 0
      vertex 9.89798 0 -4.26949
      vertex 10.0015 0 -4.15147
    endloop
  endfacet
  facet normal 0 -1 0
    outer loop
      vertex 7.85 0 0
      vertex 9.81077 0 -4.4
      vertex 9.89798 0 -4.26949
    endloop
  endfacet
  facet normal 0 -1 0
    outer loop
      vertex 7.85 0 0
      vertex 9.74135 0 -4.54078
      vertex 9.81077 0 -4.4
    endloop
  endfacet
  facet normal 0 -1 0
    outer loop
      vertex 7.85 0 0
      vertex 9.69089 0 -4.68942
      vertex 9.74135 0 -4.54078
    endloop
  endfacet
  facet normal 0 -1 0
    outer loop
      vertex 7.85 0 0
      vertex 9.66027 0 -4.84337
      vertex 9.69089 0 -4.68942
    endloop
  endfacet
  facet normal 0 -1 0
    outer loop
      vertex 7.85 0 0
      vertex 9.65 0 -5
      vertex 9.66027 0 -4.84337
    endloop
  endfacet
  facet normal 0 -1 0
    outer loop
      vertex 7.85 0 0
      vertex 9.66027 0 -5.15663
      vertex 9.65 0 -5
    endloop
  endfacet
  facet normal 0 -1 0
    outer loop
      vertex 8.86487 0 -11.59
      vertex 9.66027 0 -5.15663
      vertex 7.85 0 0
    endloop
  endfacet
  facet normal 0 -1 -0
    outer loop
      vertex 9.66027 0 -5.15663
      vertex 8.86487 0 -11.59
      vertex 9.69089 0 -5.31058
    endloop
  endfacet
  facet normal 0 -1 -0
    outer loop
      vertex 10.6934 0 -6.18973
      vertex 8.86487 0 -11.59
      vertex 10.85 0 -6.2
    endloop
  endfacet
  facet normal 0 -1 -0
    outer loop
      vertex 10.5394 0 -6.15911
      vertex 8.86487 0 -11.59
      vertex 10.6934 0 -6.18973
    endloop
  endfacet
  facet normal 0 -1 -0
    outer loop
      vertex 10.3908 0 -6.10865
      vertex 8.86487 0 -11.59
      vertex 10.5394 0 -6.15911
    endloop
  endfacet
  facet normal 0 -1 -0
    outer loop
      vertex 10.25 0 -6.03923
      vertex 8.86487 0 -11.59
      vertex 10.3908 0 -6.10865
    endloop
  endfacet
  facet normal 0 -1 -0
    outer loop
      vertex 10.1195 0 -5.95202
      vertex 8.86487 0 -11.59
      vertex 10.25 0 -6.03923
    endloop
  endfacet
  facet normal 0 -1 -0
    outer loop
      vertex 10.0015 0 -5.84853
      vertex 8.86487 0 -11.59
      vertex 10.1195 0 -5.95202
    endloop
  endfacet
  facet normal 0 -1 -0
    outer loop
      vertex 9.89798 0 -5.73051
      vertex 8.86487 0 -11.59
      vertex 10.0015 0 -5.84853
    endloop
  endfacet
  facet normal 0 -1 -0
    outer loop
      vertex 9.81077 0 -5.6
      vertex 8.86487 0 -11.59
      vertex 9.89798 0 -5.73051
    endloop
  endfacet
  facet normal 0 -1 -0
    outer loop
      vertex 9.74135 0 -5.45922
      vertex 8.86487 0 -11.59
      vertex 9.81077 0 -5.6
    endloop
  endfacet
  facet normal 0 -1 -0
    outer loop
      vertex 9.69089 0 -5.31058
      vertex 8.86487 0 -11.59
      vertex 9.74135 0 -5.45922
    endloop
  endfacet
  facet normal 0 -1 0
    outer loop
      vertex 6.7 0 3.6
      vertex 6 0 5.6
      vertex 6 0 3.6
    endloop
  endfacet
  facet normal 0 -1 0
    outer loop
      vertex 6 0 5.6
      vertex 6.7 0 3.6
      vertex 13.85 0 5.6
    endloop
  endfacet
  facet normal 0 -1 0
    outer loop
      vertex 7.85 0 0
      vertex 6.7 0 3.6
      vertex 6.7 0 0
    endloop
  endfacet
  facet normal 0 -1 0
    outer loop
      vertex 6.7 0 3.6
      vertex 7.85 0 0
      vertex 13.85 0 5.6
    endloop
  endfacet
  facet normal 0 -1 0
    outer loop
      vertex 11.0066 0 -3.81027
      vertex 7.85 0 0
      vertex 10.85 0 -3.8
    endloop
  endfacet
  facet normal 0 -1 0
    outer loop
      vertex 11.1606 0 -3.84089
      vertex 7.85 0 0
      vertex 11.0066 0 -3.81027
    endloop
  endfacet
  facet normal 0 -1 0
    outer loop
      vertex 7.85 0 0
      vertex 11.1606 0 -3.84089
      vertex 13.85 0 5.6
    endloop
  endfacet
  facet normal 0 -1 0
    outer loop
      vertex 11.3092 0 -3.89135
      vertex 13.85 0 5.6
      vertex 11.1606 0 -3.84089
    endloop
  endfacet
  facet normal 0 -1 0
    outer loop
      vertex 11.45 0 -3.96077
      vertex 13.85 0 5.6
      vertex 11.3092 0 -3.89135
    endloop
  endfacet
  facet normal 0 -1 0
    outer loop
      vertex 11.5805 0 -4.04798
      vertex 13.85 0 5.6
      vertex 11.45 0 -3.96077
    endloop
  endfacet
  facet normal 0 -1 0
    outer loop
      vertex 11.6985 0 -4.15147
      vertex 13.85 0 5.6
      vertex 11.5805 0 -4.04798
    endloop
  endfacet
  facet normal 0 -1 0
    outer loop
      vertex 11.802 0 -4.26949
      vertex 13.85 0 5.6
      vertex 11.6985 0 -4.15147
    endloop
  endfacet
  facet normal 0 -1 0
    outer loop
      vertex 11.8892 0 -4.4
      vertex 13.85 0 5.6
      vertex 11.802 0 -4.26949
    endloop
  endfacet
  facet normal 0 -1 0
    outer loop
      vertex 11.9587 0 -4.54078
      vertex 13.85 0 5.6
      vertex 11.8892 0 -4.4
    endloop
  endfacet
  facet normal 0 -1 0
    outer loop
      vertex 12.0091 0 -4.68942
      vertex 13.85 0 5.6
      vertex 11.9587 0 -4.54078
    endloop
  endfacet
  facet normal 0 -1 0
    outer loop
      vertex 12.0397 0 -4.84337
      vertex 13.85 0 5.6
      vertex 12.0091 0 -4.68942
    endloop
  endfacet
  facet normal 0 -1 0
    outer loop
      vertex 12.05 0 -5
      vertex 13.85 0 5.6
      vertex 12.0397 0 -4.84337
    endloop
  endfacet
  facet normal 0 -1 0
    outer loop
      vertex 13.85 0 -15.6
      vertex 12.05 0 -5
      vertex 12.0397 0 -5.15663
    endloop
  endfacet
  facet normal 0 -1 0
    outer loop
      vertex 8.86487 0 -11.59
      vertex 11.0066 0 -6.18973
      vertex 10.85 0 -6.2
    endloop
  endfacet
  facet normal 0 -1 0
    outer loop
      vertex 8.86487 0 -11.59
      vertex 11.1606 0 -6.15911
      vertex 11.0066 0 -6.18973
    endloop
  endfacet
  facet normal 0 -1 0
    outer loop
      vertex 8.86487 0 -11.59
      vertex 11.3092 0 -6.10865
      vertex 11.1606 0 -6.15911
    endloop
  endfacet
  facet normal 0 -1 0
    outer loop
      vertex 8.86487 0 -11.59
      vertex 11.45 0 -6.03923
      vertex 11.3092 0 -6.10865
    endloop
  endfacet
  facet normal 0 -1 0
    outer loop
      vertex 13.85 0 -15.6
      vertex 11.45 0 -6.03923
      vertex 8.86487 0 -11.59
    endloop
  endfacet
  facet normal 0 -1 0
    outer loop
      vertex 11.45 0 -6.03923
      vertex 13.85 0 -15.6
      vertex 11.5805 0 -5.95202
    endloop
  endfacet
  facet normal 0 -1 0
    outer loop
      vertex 11.5805 0 -5.95202
      vertex 13.85 0 -15.6
      vertex 11.6985 0 -5.84853
    endloop
  endfacet
  facet normal 0 -1 0
    outer loop
      vertex 11.6985 0 -5.84853
      vertex 13.85 0 -15.6
      vertex 11.802 0 -5.73051
    endloop
  endfacet
  facet normal 0 -1 0
    outer loop
      vertex 13.85 0 -15.6
      vertex 8.86487 0 -11.59
      vertex 8.86487 0 -11.6
    endloop
  endfacet
  facet normal 0 -1 0
    outer loop
      vertex 12.05 0 -5
      vertex 13.85 0 -15.6
      vertex 13.85 0 5.6
    endloop
  endfacet
  facet normal 0 -1 0
    outer loop
      vertex 12.0091 0 -5.31058
      vertex 13.85 0 -15.6
      vertex 12.0397 0 -5.15663
    endloop
  endfacet
  facet normal 0 -1 0
    outer loop
      vertex 11.9587 0 -5.45922
      vertex 13.85 0 -15.6
      vertex 12.0091 0 -5.31058
    endloop
  endfacet
  facet normal 0 -1 0
    outer loop
      vertex 11.8892 0 -5.6
      vertex 13.85 0 -15.6
      vertex 11.9587 0 -5.45922
    endloop
  endfacet
  facet normal 0 -1 0
    outer loop
      vertex 11.802 0 -5.73051
      vertex 13.85 0 -15.6
      vertex 11.8892 0 -5.6
    endloop
  endfacet
  facet normal 0 -1 0
    outer loop
      vertex 7.85 0 -13.6
      vertex 13.85 0 -15.6
      vertex 8.86487 0 -11.6
    endloop
  endfacet
  facet normal 0 -1 0
    outer loop
      vertex 13.85 0 -15.6
      vertex 7.85 0 -13.6
      vertex 5.775 0 -15.6
    endloop
  endfacet
  facet normal 0 -1 0
    outer loop
      vertex -4.4 0 3.6
      vertex -3.4 0 5.6
      vertex -4.4 0 5.6
    endloop
  endfacet
  facet normal 0 -1 -0
    outer loop
      vertex -3.4 0 5.6
      vertex -4.4 0 3.6
      vertex -3.4 0 3.6
    endloop
  endfacet
  facet normal 0 -1 0
    outer loop
      vertex -1.8 0 3.6
      vertex -0.799999 0 5.6
      vertex -1.8 0 5.6
    endloop
  endfacet
  facet normal 0 -1 -0
    outer loop
      vertex -0.799999 0 5.6
      vertex -1.8 0 3.6
      vertex -0.799999 0 3.6
    endloop
  endfacet
  facet normal 0 -1 0
    outer loop
      vertex 0.799999 0 3.6
      vertex 1.8 0 5.6
      vertex 0.799999 0 5.6
    endloop
  endfacet
  facet normal 0 -1 -0
    outer loop
      vertex 1.8 0 5.6
      vertex 0.799999 0 3.6
      vertex 1.8 0 3.6
    endloop
  endfacet
  facet normal 0 -1 0
    outer loop
      vertex 3.4 0 3.6
      vertex 4.4 0 5.6
      vertex 3.4 0 5.6
    endloop
  endfacet
  facet normal 0 -1 -0
    outer loop
      vertex 4.4 0 5.6
      vertex 3.4 0 3.6
      vertex 4.4 0 3.6
    endloop
  endfacet
  facet normal -0.065428 0 0.997857
    outer loop
      vertex -9.7 8.37487 -6.2
      vertex -9.54337 0 -6.18973
      vertex -9.54337 8.37487 -6.18973
    endloop
  endfacet
  facet normal -0.065428 0 0.997857
    outer loop
      vertex -9.54337 0 -6.18973
      vertex -9.7 8.37487 -6.2
      vertex -9.7 0 -6.2
    endloop
  endfacet
  facet normal -0.831452 0 0.555597
    outer loop
      vertex -8.74798 0 -5.73051
      vertex -8.66077 8.37487 -5.6
      vertex -8.74798 8.37487 -5.73051
    endloop
  endfacet
  facet normal -0.831452 0 0.555597
    outer loop
      vertex -8.66077 8.37487 -5.6
      vertex -8.74798 0 -5.73051
      vertex -8.66077 0 -5.6
    endloop
  endfacet
  facet normal -0.980788 0 0.195075
    outer loop
      vertex -8.54089 0 -5.31058
      vertex -8.51027 8.37487 -5.15663
      vertex -8.54089 8.37487 -5.31058
    endloop
  endfacet
  facet normal -0.980788 0 0.195075
    outer loop
      vertex -8.51027 8.37487 -5.15663
      vertex -8.54089 0 -5.31058
      vertex -8.51027 0 -5.15663
    endloop
  endfacet
  facet normal 0.997845 -0 0.0656183
    outer loop
      vertex -10.9 0 -5
      vertex -10.8897 8.37487 -5.15663
      vertex -10.9 8.37487 -5
    endloop
  endfacet
  facet normal 0.997845 0 0.0656183
    outer loop
      vertex -10.8897 8.37487 -5.15663
      vertex -10.9 0 -5
      vertex -10.8897 0 -5.15663
    endloop
  endfacet
  facet normal -0.831452 0 -0.555597
    outer loop
      vertex -8.66077 0 -4.4
      vertex -8.74798 8.37487 -4.26949
      vertex -8.66077 8.37487 -4.4
    endloop
  endfacet
  facet normal -0.831452 -0 -0.555597
    outer loop
      vertex -8.74798 8.37487 -4.26949
      vertex -8.66077 0 -4.4
      vertex -8.74798 0 -4.26949
    endloop
  endfacet
  facet normal 0.442212 0 0.89691
    outer loop
      vertex -10.3 8.37487 -6.03923
      vertex -10.1592 0 -6.10865
      vertex -10.1592 8.37487 -6.10865
    endloop
  endfacet
  facet normal 0.442212 0 0.89691
    outer loop
      vertex -10.1592 0 -6.10865
      vertex -10.3 8.37487 -6.03923
      vertex -10.3 0 -6.03923
    endloop
  endfacet
  facet normal 0.997845 0 -0.0656183
    outer loop
      vertex -10.8897 0 -4.84337
      vertex -10.9 8.37487 -5
      vertex -10.8897 8.37487 -4.84337
    endloop
  endfacet
  facet normal 0.997845 0 -0.0656183
    outer loop
      vertex -10.9 8.37487 -5
      vertex -10.8897 0 -4.84337
      vertex -10.9 0 -5
    endloop
  endfacet
  facet normal -0.065428 0 -0.997857
    outer loop
      vertex -9.7 0 -3.8
      vertex -9.54337 8.37487 -3.81027
      vertex -9.54337 0 -3.81027
    endloop
  endfacet
  facet normal -0.065428 0 -0.997857
    outer loop
      vertex -9.54337 8.37487 -3.81027
      vertex -9.7 0 -3.8
      vertex -9.7 8.37487 -3.8
    endloop
  endfacet
  facet normal -0.442263 0 -0.896885
    outer loop
      vertex -9.24078 0 -3.89135
      vertex -9.1 8.37487 -3.96077
      vertex -9.1 0 -3.96077
    endloop
  endfacet
  facet normal -0.442263 0 -0.896885
    outer loop
      vertex -9.1 8.37487 -3.96077
      vertex -9.24078 0 -3.89135
      vertex -9.24078 8.37487 -3.89135
    endloop
  endfacet
  facet normal 0.896683 -0 0.442673
    outer loop
      vertex -10.8087 0 -5.45922
      vertex -10.7392 8.37487 -5.6
      vertex -10.8087 8.37487 -5.45922
    endloop
  endfacet
  facet normal 0.896683 0 0.442673
    outer loop
      vertex -10.7392 8.37487 -5.6
      vertex -10.8087 0 -5.45922
      vertex -10.7392 0 -5.6
    endloop
  endfacet
  facet normal -0.997857 0 -0.065428
    outer loop
      vertex -8.5 0 -5
      vertex -8.51027 8.37487 -4.84337
      vertex -8.5 8.37487 -5
    endloop
  endfacet
  facet normal -0.997857 -0 -0.065428
    outer loop
      vertex -8.51027 8.37487 -4.84337
      vertex -8.5 0 -5
      vertex -8.51027 0 -4.84337
    endloop
  endfacet
  facet normal 0.065428 0 0.997857
    outer loop
      vertex -9.85663 8.37487 -6.18973
      vertex -9.7 0 -6.2
      vertex -9.7 8.37487 -6.2
    endloop
  endfacet
  facet normal 0.065428 0 0.997857
    outer loop
      vertex -9.7 0 -6.2
      vertex -9.85663 8.37487 -6.18973
      vertex -9.85663 0 -6.18973
    endloop
  endfacet
  facet normal 0.19505 0 -0.980793
    outer loop
      vertex -10.0106 0 -3.84089
      vertex -9.85663 8.37487 -3.81027
      vertex -9.85663 0 -3.81027
    endloop
  endfacet
  facet normal 0.19505 0 -0.980793
    outer loop
      vertex -9.85663 8.37487 -3.81027
      vertex -10.0106 0 -3.84089
      vertex -10.0106 8.37487 -3.84089
    endloop
  endfacet
  facet normal -0.89686 0 0.442314
    outer loop
      vertex -8.66077 0 -5.6
      vertex -8.59134 8.37487 -5.45922
      vertex -8.66077 8.37487 -5.6
    endloop
  endfacet
  facet normal -0.89686 0 0.442314
    outer loop
      vertex -8.59134 8.37487 -5.45922
      vertex -8.66077 0 -5.6
      vertex -8.59134 0 -5.45922
    endloop
  endfacet
  facet normal -0.659307 0 0.751874
    outer loop
      vertex -8.96949 8.37487 -5.95202
      vertex -8.85147 0 -5.84853
      vertex -8.85147 8.37487 -5.84853
    endloop
  endfacet
  facet normal -0.659307 0 0.751874
    outer loop
      vertex -8.85147 0 -5.84853
      vertex -8.96949 8.37487 -5.95202
      vertex -8.96949 0 -5.95202
    endloop
  endfacet
  facet normal 0.19505 0 0.980793
    outer loop
      vertex -10.0106 8.37487 -6.15911
      vertex -9.85663 0 -6.18973
      vertex -9.85663 8.37487 -6.18973
    endloop
  endfacet
  facet normal 0.19505 0 0.980793
    outer loop
      vertex -9.85663 0 -6.18973
      vertex -10.0106 8.37487 -6.15911
      vertex -10.0106 0 -6.15911
    endloop
  endfacet
  facet normal 0.321537 0 -0.946897
    outer loop
      vertex -10.1592 0 -3.89135
      vertex -10.0106 8.37487 -3.84089
      vertex -10.0106 0 -3.84089
    endloop
  endfacet
  facet normal 0.321537 0 -0.946897
    outer loop
      vertex -10.0106 8.37487 -3.84089
      vertex -10.1592 0 -3.89135
      vertex -10.1592 8.37487 -3.89135
    endloop
  endfacet
  facet normal -0.89686 0 -0.442314
    outer loop
      vertex -8.59134 0 -4.54078
      vertex -8.66077 8.37487 -4.4
      vertex -8.59134 8.37487 -4.54078
    endloop
  endfacet
  facet normal -0.89686 -0 -0.442314
    outer loop
      vertex -8.66077 8.37487 -4.4
      vertex -8.59134 0 -4.54078
      vertex -8.66077 0 -4.4
    endloop
  endfacet
  facet normal -0.997857 0 0.065428
    outer loop
      vertex -8.51027 0 -5.15663
      vertex -8.5 8.37487 -5
      vertex -8.51027 8.37487 -5.15663
    endloop
  endfacet
  facet normal -0.997857 0 0.065428
    outer loop
      vertex -8.5 8.37487 -5
      vertex -8.51027 0 -5.15663
      vertex -8.5 0 -5
    endloop
  endfacet
  facet normal -0.946943 0 0.321402
    outer loop
      vertex -8.59134 0 -5.45922
      vertex -8.54089 8.37487 -5.31058
      vertex -8.59134 8.37487 -5.45922
    endloop
  endfacet
  facet normal -0.946943 0 0.321402
    outer loop
      vertex -8.54089 8.37487 -5.31058
      vertex -8.59134 0 -5.45922
      vertex -8.54089 0 -5.31058
    endloop
  endfacet
  facet normal 0.94704 -0 0.321117
    outer loop
      vertex -10.8591 0 -5.31058
      vertex -10.8087 8.37487 -5.45922
      vertex -10.8591 8.37487 -5.31058
    endloop
  endfacet
  facet normal 0.94704 0 0.321117
    outer loop
      vertex -10.8087 8.37487 -5.45922
      vertex -10.8591 0 -5.31058
      vertex -10.8087 0 -5.45922
    endloop
  endfacet
  facet normal 0.980813 -0 0.194952
    outer loop
      vertex -10.8897 0 -5.15663
      vertex -10.8591 8.37487 -5.31058
      vertex -10.8897 8.37487 -5.15663
    endloop
  endfacet
  facet normal 0.980813 0 0.194952
    outer loop
      vertex -10.8591 8.37487 -5.31058
      vertex -10.8897 0 -5.15663
      vertex -10.8591 0 -5.31058
    endloop
  endfacet
  facet normal 0.65937 0 0.751818
    outer loop
      vertex -10.5485 8.37487 -5.84853
      vertex -10.4305 0 -5.95202
      vertex -10.4305 8.37487 -5.95202
    endloop
  endfacet
  facet normal 0.65937 0 0.751818
    outer loop
      vertex -10.4305 0 -5.95202
      vertex -10.5485 8.37487 -5.84853
      vertex -10.5485 0 -5.84853
    endloop
  endfacet
  facet normal 0.321537 0 0.946897
    outer loop
      vertex -10.1592 8.37487 -6.10865
      vertex -10.0106 0 -6.15911
      vertex -10.0106 8.37487 -6.15911
    endloop
  endfacet
  facet normal 0.321537 0 0.946897
    outer loop
      vertex -10.0106 0 -6.15911
      vertex -10.1592 8.37487 -6.10865
      vertex -10.1592 0 -6.10865
    endloop
  endfacet
  facet normal 0.555626 0 0.831432
    outer loop
      vertex -10.4305 8.37487 -5.95202
      vertex -10.3 0 -6.03923
      vertex -10.3 8.37487 -6.03923
    endloop
  endfacet
  facet normal 0.555626 0 0.831432
    outer loop
      vertex -10.3 0 -6.03923
      vertex -10.4305 8.37487 -5.95202
      vertex -10.4305 0 -5.95202
    endloop
  endfacet
  facet normal -0.442263 0 0.896885
    outer loop
      vertex -9.24078 8.37487 -6.10865
      vertex -9.1 0 -6.03923
      vertex -9.1 8.37487 -6.03923
    endloop
  endfacet
  facet normal -0.442263 0 0.896885
    outer loop
      vertex -9.1 0 -6.03923
      vertex -9.24078 8.37487 -6.10865
      vertex -9.24078 0 -6.10865
    endloop
  endfacet
  facet normal -0.751874 0 0.659307
    outer loop
      vertex -8.85147 0 -5.84853
      vertex -8.74798 8.37487 -5.73051
      vertex -8.85147 8.37487 -5.84853
    endloop
  endfacet
  facet normal -0.751874 0 0.659307
    outer loop
      vertex -8.74798 8.37487 -5.73051
      vertex -8.85147 0 -5.84853
      vertex -8.74798 0 -5.73051
    endloop
  endfacet
  facet normal -0.195075 0 0.980788
    outer loop
      vertex -9.54337 8.37487 -6.18973
      vertex -9.38942 0 -6.15911
      vertex -9.38942 8.37487 -6.15911
    endloop
  endfacet
  facet normal -0.195075 0 0.980788
    outer loop
      vertex -9.38942 0 -6.15911
      vertex -9.54337 8.37487 -6.18973
      vertex -9.54337 0 -6.18973
    endloop
  endfacet
  facet normal 0.555626 0 -0.831432
    outer loop
      vertex -10.4305 0 -4.04798
      vertex -10.3 8.37487 -3.96077
      vertex -10.3 0 -3.96077
    endloop
  endfacet
  facet normal 0.555626 0 -0.831432
    outer loop
      vertex -10.3 8.37487 -3.96077
      vertex -10.4305 0 -4.04798
      vertex -10.4305 8.37487 -4.04798
    endloop
  endfacet
  facet normal 0.751842 -0 0.659343
    outer loop
      vertex -10.652 0 -5.73051
      vertex -10.5485 8.37487 -5.84853
      vertex -10.652 8.37487 -5.73051
    endloop
  endfacet
  facet normal 0.751842 0 0.659343
    outer loop
      vertex -10.5485 8.37487 -5.84853
      vertex -10.652 0 -5.73051
      vertex -10.5485 0 -5.84853
    endloop
  endfacet
  facet normal -0.555597 0 0.831452
    outer loop
      vertex -9.1 8.37487 -6.03923
      vertex -8.96949 0 -5.95202
      vertex -8.96949 8.37487 -5.95202
    endloop
  endfacet
  facet normal -0.555597 0 0.831452
    outer loop
      vertex -8.96949 0 -5.95202
      vertex -9.1 8.37487 -6.03923
      vertex -9.1 0 -6.03923
    endloop
  endfacet
  facet normal 0.980813 0 -0.194952
    outer loop
      vertex -10.8591 0 -4.68942
      vertex -10.8897 8.37487 -4.84337
      vertex -10.8591 8.37487 -4.68942
    endloop
  endfacet
  facet normal 0.980813 0 -0.194952
    outer loop
      vertex -10.8897 8.37487 -4.84337
      vertex -10.8591 0 -4.68942
      vertex -10.8897 0 -4.84337
    endloop
  endfacet
  facet normal 0.94704 0 -0.321117
    outer loop
      vertex -10.8087 0 -4.54078
      vertex -10.8591 8.37487 -4.68942
      vertex -10.8087 8.37487 -4.54078
    endloop
  endfacet
  facet normal 0.94704 0 -0.321117
    outer loop
      vertex -10.8591 8.37487 -4.68942
      vertex -10.8087 0 -4.54078
      vertex -10.8591 0 -4.68942
    endloop
  endfacet
  facet normal -0.980788 0 -0.195075
    outer loop
      vertex -8.51027 0 -4.84337
      vertex -8.54089 8.37487 -4.68942
      vertex -8.51027 8.37487 -4.84337
    endloop
  endfacet
  facet normal -0.980788 -0 -0.195075
    outer loop
      vertex -8.54089 8.37487 -4.68942
      vertex -8.51027 0 -4.84337
      vertex -8.54089 0 -4.68942
    endloop
  endfacet
  facet normal 0.65937 0 -0.751818
    outer loop
      vertex -10.5485 0 -4.15147
      vertex -10.4305 8.37487 -4.04798
      vertex -10.4305 0 -4.04798
    endloop
  endfacet
  facet normal 0.65937 0 -0.751818
    outer loop
      vertex -10.4305 8.37487 -4.04798
      vertex -10.5485 0 -4.15147
      vertex -10.5485 8.37487 -4.15147
    endloop
  endfacet
  facet normal 0.896683 0 -0.442673
    outer loop
      vertex -10.7392 0 -4.4
      vertex -10.8087 8.37487 -4.54078
      vertex -10.7392 8.37487 -4.4
    endloop
  endfacet
  facet normal 0.896683 0 -0.442673
    outer loop
      vertex -10.8087 8.37487 -4.54078
      vertex -10.7392 0 -4.4
      vertex -10.8087 0 -4.54078
    endloop
  endfacet
  facet normal -0.195075 0 -0.980788
    outer loop
      vertex -9.54337 0 -3.81027
      vertex -9.38942 8.37487 -3.84089
      vertex -9.38942 0 -3.84089
    endloop
  endfacet
  facet normal -0.195075 0 -0.980788
    outer loop
      vertex -9.38942 8.37487 -3.84089
      vertex -9.54337 0 -3.81027
      vertex -9.54337 8.37487 -3.81027
    endloop
  endfacet
  facet normal -0.751874 0 -0.659307
    outer loop
      vertex -8.74798 0 -4.26949
      vertex -8.85147 8.37487 -4.15147
      vertex -8.74798 8.37487 -4.26949
    endloop
  endfacet
  facet normal -0.751874 -0 -0.659307
    outer loop
      vertex -8.85147 8.37487 -4.15147
      vertex -8.74798 0 -4.26949
      vertex -8.85147 0 -4.15147
    endloop
  endfacet
  facet normal -0.946943 0 -0.321402
    outer loop
      vertex -8.54089 0 -4.68942
      vertex -8.59134 8.37487 -4.54078
      vertex -8.54089 8.37487 -4.68942
    endloop
  endfacet
  facet normal -0.946943 -0 -0.321402
    outer loop
      vertex -8.59134 8.37487 -4.54078
      vertex -8.54089 0 -4.68942
      vertex -8.59134 0 -4.54078
    endloop
  endfacet
  facet normal -0.555597 0 -0.831452
    outer loop
      vertex -9.1 0 -3.96077
      vertex -8.96949 8.37487 -4.04798
      vertex -8.96949 0 -4.04798
    endloop
  endfacet
  facet normal -0.555597 0 -0.831452
    outer loop
      vertex -8.96949 8.37487 -4.04798
      vertex -9.1 0 -3.96077
      vertex -9.1 8.37487 -3.96077
    endloop
  endfacet
  facet normal -0.32146 0 0.946923
    outer loop
      vertex -9.38942 8.37487 -6.15911
      vertex -9.24078 0 -6.10865
      vertex -9.24078 8.37487 -6.10865
    endloop
  endfacet
  facet normal -0.32146 0 0.946923
    outer loop
      vertex -9.24078 0 -6.10865
      vertex -9.38942 8.37487 -6.15911
      vertex -9.38942 0 -6.15911
    endloop
  endfacet
  facet normal -0.659307 0 -0.751874
    outer loop
      vertex -8.96949 0 -4.04798
      vertex -8.85147 8.37487 -4.15147
      vertex -8.85147 0 -4.15147
    endloop
  endfacet
  facet normal -0.659307 0 -0.751874
    outer loop
      vertex -8.85147 8.37487 -4.15147
      vertex -8.96949 0 -4.04798
      vertex -8.96949 8.37487 -4.04798
    endloop
  endfacet
  facet normal 0.442212 0 -0.89691
    outer loop
      vertex -10.3 0 -3.96077
      vertex -10.1592 8.37487 -3.89135
      vertex -10.1592 0 -3.89135
    endloop
  endfacet
  facet normal 0.442212 0 -0.89691
    outer loop
      vertex -10.1592 8.37487 -3.89135
      vertex -10.3 0 -3.96077
      vertex -10.3 8.37487 -3.96077
    endloop
  endfacet
  facet normal 0.065428 0 -0.997857
    outer loop
      vertex -9.85663 0 -3.81027
      vertex -9.7 8.37487 -3.8
      vertex -9.7 0 -3.8
    endloop
  endfacet
  facet normal 0.065428 0 -0.997857
    outer loop
      vertex -9.7 8.37487 -3.8
      vertex -9.85663 0 -3.81027
      vertex -9.85663 8.37487 -3.81027
    endloop
  endfacet
  facet normal 0.831481 -0 0.555553
    outer loop
      vertex -10.7392 0 -5.6
      vertex -10.652 8.37487 -5.73051
      vertex -10.7392 8.37487 -5.6
    endloop
  endfacet
  facet normal 0.831481 0 0.555553
    outer loop
      vertex -10.652 8.37487 -5.73051
      vertex -10.7392 0 -5.6
      vertex -10.652 0 -5.73051
    endloop
  endfacet
  facet normal 0.831481 0 -0.555553
    outer loop
      vertex -10.652 0 -4.26949
      vertex -10.7392 8.37487 -4.4
      vertex -10.652 8.37487 -4.26949
    endloop
  endfacet
  facet normal 0.831481 0 -0.555553
    outer loop
      vertex -10.7392 8.37487 -4.4
      vertex -10.652 0 -4.26949
      vertex -10.7392 0 -4.4
    endloop
  endfacet
  facet normal 0.751842 0 -0.659343
    outer loop
      vertex -10.5485 0 -4.15147
      vertex -10.652 8.37487 -4.26949
      vertex -10.5485 8.37487 -4.15147
    endloop
  endfacet
  facet normal 0.751842 0 -0.659343
    outer loop
      vertex -10.652 8.37487 -4.26949
      vertex -10.5485 0 -4.15147
      vertex -10.652 0 -4.26949
    endloop
  endfacet
  facet normal -0.32146 0 -0.946923
    outer loop
      vertex -9.38942 0 -3.84089
      vertex -9.24078 8.37487 -3.89135
      vertex -9.24078 0 -3.89135
    endloop
  endfacet
  facet normal -0.32146 0 -0.946923
    outer loop
      vertex -9.24078 8.37487 -3.89135
      vertex -9.38942 0 -3.84089
      vertex -9.38942 8.37487 -3.84089
    endloop
  endfacet
  facet normal -0.4423 0 -0.896867
    outer loop
      vertex -8.89637 8.37487 -3.05985
      vertex -8.65 9.77487 -3.18135
      vertex -8.65 8.37487 -3.18135
    endloop
  endfacet
  facet normal -0.4423 0 -0.896867
    outer loop
      vertex -8.65 9.77487 -3.18135
      vertex -8.89637 8.37487 -3.05985
      vertex -8.89637 9.77487 -3.05985
    endloop
  endfacet
  facet normal 0.0654196 0 0.997858
    outer loop
      vertex -9.9741 9.77487 -7.08203
      vertex -9.7 8.37487 -7.1
      vertex -9.7 9.77487 -7.1
    endloop
  endfacet
  facet normal 0.0654196 0 0.997858
    outer loop
      vertex -9.7 8.37487 -7.1
      vertex -9.9741 9.77487 -7.08203
      vertex -9.9741 8.37487 -7.08203
    endloop
  endfacet
  facet normal -0.831473 0 0.555565
    outer loop
      vertex -8.03396 8.37487 -6.2784
      vertex -7.88135 9.77487 -6.05
      vertex -8.03396 9.77487 -6.2784
    endloop
  endfacet
  facet normal -0.831473 0 0.555565
    outer loop
      vertex -7.88135 9.77487 -6.05
      vertex -8.03396 8.37487 -6.2784
      vertex -7.88135 8.37487 -6.05
    endloop
  endfacet
  facet normal -0.751827 0 -0.65936
    outer loop
      vertex -8.03396 8.37487 -3.7216
      vertex -8.21508 9.77487 -3.51508
      vertex -8.03396 9.77487 -3.7216
    endloop
  endfacet
  facet normal -0.751827 -0 -0.65936
    outer loop
      vertex -8.21508 9.77487 -3.51508
      vertex -8.03396 8.37487 -3.7216
      vertex -8.21508 8.37487 -3.51508
    endloop
  endfacet
  facet normal -0.555565 0 0.831473
    outer loop
      vertex -8.65 9.77487 -6.81865
      vertex -8.4216 8.37487 -6.66604
      vertex -8.4216 9.77487 -6.66604
    endloop
  endfacet
  facet normal -0.555565 0 0.831473
    outer loop
      vertex -8.4216 8.37487 -6.66604
      vertex -8.65 9.77487 -6.81865
      vertex -8.65 8.37487 -6.81865
    endloop
  endfacet
  facet normal -0.896867 0 0.4423
    outer loop
      vertex -7.88135 8.37487 -6.05
      vertex -7.75985 9.77487 -5.80363
      vertex -7.88135 9.77487 -6.05
    endloop
  endfacet
  facet normal -0.896867 0 0.4423
    outer loop
      vertex -7.75985 9.77487 -5.80363
      vertex -7.88135 8.37487 -6.05
      vertex -7.75985 8.37487 -5.80363
    endloop
  endfacet
  facet normal 0.831015 0 -0.55625
    outer loop
      vertex -11.366 8.37487 -3.7216
      vertex -11.3958 9.76204 -3.76612
      vertex -11.366 9.76398 -3.7216
    endloop
  endfacet
  facet normal 0.831394 2.63412e-05 -0.555683
    outer loop
      vertex -11.3958 9.76204 -3.76612
      vertex -11.366 8.37487 -3.7216
      vertex -11.5187 9.7376 -3.95
    endloop
  endfacet
  facet normal 0.831322 0 -0.555792
    outer loop
      vertex -11.5187 9.7376 -3.95
      vertex -11.366 8.37487 -3.7216
      vertex -11.5187 8.37487 -3.95
    endloop
  endfacet
  facet normal 0.659396 0 -0.751796
    outer loop
      vertex -11.1849 8.37487 -3.51508
      vertex -10.9784 9.77487 -3.33396
      vertex -10.9784 8.37487 -3.33396
    endloop
  endfacet
  facet normal 0.659396 0 -0.751796
    outer loop
      vertex -10.9784 9.77487 -3.33396
      vertex -11.1849 8.37487 -3.51508
      vertex -11.1849 9.77487 -3.51508
    endloop
  endfacet
  facet normal -0.321422 0 0.946936
    outer loop
      vertex -9.15648 9.77487 -7.02844
      vertex -8.89637 8.37487 -6.94015
      vertex -8.89637 9.77487 -6.94015
    endloop
  endfacet
  facet normal -0.321422 0 0.946936
    outer loop
      vertex -8.89637 8.37487 -6.94015
      vertex -9.15648 9.77487 -7.02844
      vertex -9.15648 8.37487 -7.02844
    endloop
  endfacet
  facet normal -0.65936 0 0.751827
    outer loop
      vertex -8.4216 9.77487 -6.66604
      vertex -8.21508 8.37487 -6.48492
      vertex -8.21508 9.77487 -6.48492
    endloop
  endfacet
  facet normal -0.65936 0 0.751827
    outer loop
      vertex -8.21508 8.37487 -6.48492
      vertex -8.4216 9.77487 -6.66604
      vertex -8.4216 8.37487 -6.66604
    endloop
  endfacet
  facet normal -0.896867 0 -0.4423
    outer loop
      vertex -7.75985 8.37487 -4.19637
      vertex -7.88135 9.77487 -3.95
      vertex -7.75985 9.77487 -4.19637
    endloop
  endfacet
  facet normal -0.896867 -0 -0.4423
    outer loop
      vertex -7.88135 9.77487 -3.95
      vertex -7.75985 8.37487 -4.19637
      vertex -7.88135 8.37487 -3.95
    endloop
  endfacet
  facet normal -0.0654196 0 -0.997858
    outer loop
      vertex -9.7 8.37487 -2.9
      vertex -9.4259 9.77487 -2.91797
      vertex -9.4259 8.37487 -2.91797
    endloop
  endfacet
  facet normal -0.0654196 0 -0.997858
    outer loop
      vertex -9.4259 9.77487 -2.91797
      vertex -9.7 8.37487 -2.9
      vertex -9.7 9.77487 -2.9
    endloop
  endfacet
  facet normal 0.555565 0 -0.831473
    outer loop
      vertex -10.9784 8.37487 -3.33396
      vertex -10.75 9.77487 -3.18135
      vertex -10.75 8.37487 -3.18135
    endloop
  endfacet
  facet normal 0.555565 0 -0.831473
    outer loop
      vertex -10.75 9.77487 -3.18135
      vertex -10.9784 8.37487 -3.33396
      vertex -10.9784 9.77487 -3.33396
    endloop
  endfacet
  facet normal 0.555565 0 0.831473
    outer loop
      vertex -10.9784 9.77487 -6.66604
      vertex -10.75 8.37487 -6.81865
      vertex -10.75 9.77487 -6.81865
    endloop
  endfacet
  facet normal 0.555565 0 0.831473
    outer loop
      vertex -10.75 8.37487 -6.81865
      vertex -10.9784 9.77487 -6.66604
      vertex -10.9784 8.37487 -6.66604
    endloop
  endfacet
  facet normal -0.980786 0 0.195087
    outer loop
      vertex -7.67156 8.37487 -5.54352
      vertex -7.61797 9.77487 -5.2741
      vertex -7.67156 9.77487 -5.54352
    endloop
  endfacet
  facet normal -0.980786 0 0.195087
    outer loop
      vertex -7.61797 9.77487 -5.2741
      vertex -7.67156 8.37487 -5.54352
      vertex -7.61797 8.37487 -5.2741
    endloop
  endfacet
  facet normal -0.195087 0 -0.980786
    outer loop
      vertex -9.4259 8.37487 -2.91797
      vertex -9.15648 9.77487 -2.97156
      vertex -9.15648 8.37487 -2.97156
    endloop
  endfacet
  facet normal -0.195087 0 -0.980786
    outer loop
      vertex -9.15648 9.77487 -2.97156
      vertex -9.4259 8.37487 -2.91797
      vertex -9.4259 9.77487 -2.91797
    endloop
  endfacet
  facet normal -0.997858 0 0.0654196
    outer loop
      vertex -7.61797 8.37487 -5.2741
      vertex -7.6 9.77487 -5
      vertex -7.61797 9.77487 -5.2741
    endloop
  endfacet
  facet normal -0.997858 0 0.0654196
    outer loop
      vertex -7.6 9.77487 -5
      vertex -7.61797 8.37487 -5.2741
      vertex -7.6 8.37487 -5
    endloop
  endfacet
  facet normal -0.195087 0 0.980786
    outer loop
      vertex -9.4259 9.77487 -7.08203
      vertex -9.15648 8.37487 -7.02844
      vertex -9.15648 9.77487 -7.02844
    endloop
  endfacet
  facet normal -0.195087 0 0.980786
    outer loop
      vertex -9.15648 8.37487 -7.02844
      vertex -9.4259 9.77487 -7.08203
      vertex -9.4259 8.37487 -7.08203
    endloop
  endfacet
  facet normal 0.321433 0 0.946932
    outer loop
      vertex -10.5036 9.77487 -6.94015
      vertex -10.2435 8.37487 -7.02844
      vertex -10.2435 9.77487 -7.02844
    endloop
  endfacet
  facet normal 0.321433 0 0.946932
    outer loop
      vertex -10.2435 8.37487 -7.02844
      vertex -10.5036 9.77487 -6.94015
      vertex -10.5036 8.37487 -6.94015
    endloop
  endfacet
  facet normal -0.751827 0 0.65936
    outer loop
      vertex -8.21508 8.37487 -6.48492
      vertex -8.03396 9.77487 -6.2784
      vertex -8.21508 9.77487 -6.48492
    endloop
  endfacet
  facet normal -0.751827 0 0.65936
    outer loop
      vertex -8.03396 9.77487 -6.2784
      vertex -8.21508 8.37487 -6.48492
      vertex -8.03396 8.37487 -6.2784
    endloop
  endfacet
  facet normal -0.997858 0 -0.0654196
    outer loop
      vertex -7.6 8.37487 -5
      vertex -7.61797 9.77487 -4.7259
      vertex -7.6 9.77487 -5
    endloop
  endfacet
  facet normal -0.997858 -0 -0.0654196
    outer loop
      vertex -7.61797 9.77487 -4.7259
      vertex -7.6 8.37487 -5
      vertex -7.61797 8.37487 -4.7259
    endloop
  endfacet
  facet normal -0.980786 0 -0.195087
    outer loop
      vertex -7.61797 8.37487 -4.7259
      vertex -7.67156 9.77487 -4.45648
      vertex -7.61797 9.77487 -4.7259
    endloop
  endfacet
  facet normal -0.980786 -0 -0.195087
    outer loop
      vertex -7.67156 9.77487 -4.45648
      vertex -7.61797 8.37487 -4.7259
      vertex -7.67156 8.37487 -4.45648
    endloop
  endfacet
  facet normal -0.946936 0 0.321422
    outer loop
      vertex -7.75985 8.37487 -5.80363
      vertex -7.67156 9.77487 -5.54352
      vertex -7.75985 9.77487 -5.80363
    endloop
  endfacet
  facet normal -0.946936 0 0.321422
    outer loop
      vertex -7.67156 9.77487 -5.54352
      vertex -7.75985 8.37487 -5.80363
      vertex -7.67156 8.37487 -5.54352
    endloop
  endfacet
  facet normal -0.321422 0 -0.946936
    outer loop
      vertex -9.15648 8.37487 -2.97156
      vertex -8.89637 9.77487 -3.05985
      vertex -8.89637 8.37487 -3.05985
    endloop
  endfacet
  facet normal -0.321422 0 -0.946936
    outer loop
      vertex -8.89637 9.77487 -3.05985
      vertex -9.15648 8.37487 -2.97156
      vertex -9.15648 9.77487 -2.97156
    endloop
  endfacet
  facet normal 0.997851 0 0.0655283
    outer loop
      vertex -11.782 8.37487 -5.2741
      vertex -11.8 9.64788 -5
      vertex -11.8 8.37487 -5
    endloop
  endfacet
  facet normal 0.997851 0 0.0655283
    outer loop
      vertex -11.8 9.64788 -5
      vertex -11.782 8.37487 -5.2741
      vertex -11.782 9.65674 -5.2741
    endloop
  endfacet
  facet normal 0.659396 0 0.751796
    outer loop
      vertex -11.1849 9.77487 -6.48492
      vertex -10.9784 8.37487 -6.66604
      vertex -10.9784 9.77487 -6.66604
    endloop
  endfacet
  facet normal 0.659396 0 0.751796
    outer loop
      vertex -10.9784 8.37487 -6.66604
      vertex -11.1849 9.77487 -6.48492
      vertex -11.1849 8.37487 -6.48492
    endloop
  endfacet
  facet normal -0.4423 0 0.896867
    outer loop
      vertex -8.89637 9.77487 -6.94015
      vertex -8.65 8.37487 -6.81865
      vertex -8.65 9.77487 -6.81865
    endloop
  endfacet
  facet normal -0.4423 0 0.896867
    outer loop
      vertex -8.65 8.37487 -6.81865
      vertex -8.89637 9.77487 -6.94015
      vertex -8.89637 8.37487 -6.94015
    endloop
  endfacet
  facet normal 0.897057 0 -0.441916
    outer loop
      vertex -11.5187 8.37487 -3.95
      vertex -11.5882 9.72376 -4.09108
      vertex -11.5187 9.7376 -3.95
    endloop
  endfacet
  facet normal 0.896953 -2.72912e-05 -0.442125
    outer loop
      vertex -11.5882 9.72376 -4.09108
      vertex -11.5187 8.37487 -3.95
      vertex -11.6401 9.70613 -4.19637
    endloop
  endfacet
  facet normal 0.897012 0 -0.442007
    outer loop
      vertex -11.6401 9.70613 -4.19637
      vertex -11.5187 8.37487 -3.95
      vertex -11.6401 8.37487 -4.19637
    endloop
  endfacet
  facet normal -0.831473 0 -0.555565
    outer loop
      vertex -7.88135 8.37487 -3.95
      vertex -8.03396 9.77487 -3.7216
      vertex -7.88135 9.77487 -3.95
    endloop
  endfacet
  facet normal -0.831473 -0 -0.555565
    outer loop
      vertex -8.03396 9.77487 -3.7216
      vertex -7.88135 8.37487 -3.95
      vertex -8.03396 8.37487 -3.7216
    endloop
  endfacet
  facet normal 0.442256 0 0.896889
    outer loop
      vertex -10.75 9.77487 -6.81865
      vertex -10.5036 8.37487 -6.94015
      vertex -10.5036 9.77487 -6.94015
    endloop
  endfacet
  facet normal 0.442256 0 0.896889
    outer loop
      vertex -10.5036 8.37487 -6.94015
      vertex -10.75 9.77487 -6.81865
      vertex -10.75 8.37487 -6.81865
    endloop
  endfacet
  facet normal 0.751914 1.5146e-05 0.659261
    outer loop
      vertex -11.1849 8.37487 -6.48492
      vertex -11.2 9.77487 -6.46773
      vertex -11.366 9.76398 -6.2784
    endloop
  endfacet
  facet normal 0.751864 0 0.659319
    outer loop
      vertex -11.1849 8.37487 -6.48492
      vertex -11.366 9.76398 -6.2784
      vertex -11.366 8.37487 -6.2784
    endloop
  endfacet
  facet normal 0.751303 0 0.659958
    outer loop
      vertex -11.2 9.77487 -6.46773
      vertex -11.1849 8.37487 -6.48492
      vertex -11.1849 9.77487 -6.48492
    endloop
  endfacet
  facet normal -0.65936 0 -0.751827
    outer loop
      vertex -8.4216 8.37487 -3.33396
      vertex -8.21508 9.77487 -3.51508
      vertex -8.21508 8.37487 -3.51508
    endloop
  endfacet
  facet normal -0.65936 0 -0.751827
    outer loop
      vertex -8.21508 9.77487 -3.51508
      vertex -8.4216 8.37487 -3.33396
      vertex -8.4216 9.77487 -3.33396
    endloop
  endfacet
  facet normal 0.946925 0 -0.321454
    outer loop
      vertex -11.6401 8.37487 -4.19637
      vertex -11.7284 9.67616 -4.45648
      vertex -11.6401 9.70613 -4.19637
    endloop
  endfacet
  facet normal 0.946925 0 -0.321454
    outer loop
      vertex -11.7284 9.67616 -4.45648
      vertex -11.6401 8.37487 -4.19637
      vertex -11.7284 8.37487 -4.45648
    endloop
  endfacet
  facet normal 0.0654196 0 -0.997858
    outer loop
      vertex -9.9741 8.37487 -2.91797
      vertex -9.7 9.77487 -2.9
      vertex -9.7 8.37487 -2.9
    endloop
  endfacet
  facet normal 0.0654196 0 -0.997858
    outer loop
      vertex -9.7 9.77487 -2.9
      vertex -9.9741 8.37487 -2.91797
      vertex -9.9741 9.77487 -2.91797
    endloop
  endfacet
  facet normal 0.195101 0 0.980783
    outer loop
      vertex -10.2435 9.77487 -7.02844
      vertex -9.9741 8.37487 -7.08203
      vertex -9.9741 9.77487 -7.08203
    endloop
  endfacet
  facet normal 0.195101 0 0.980783
    outer loop
      vertex -9.9741 8.37487 -7.08203
      vertex -10.2435 9.77487 -7.02844
      vertex -10.2435 8.37487 -7.02844
    endloop
  endfacet
  facet normal 0.98077 0 -0.195169
    outer loop
      vertex -11.7284 8.37487 -4.45648
      vertex -11.774 9.66069 -4.68563
      vertex -11.7284 9.67616 -4.45648
    endloop
  endfacet
  facet normal 0.980779 8.8105e-06 -0.195122
    outer loop
      vertex -11.782 8.37487 -4.7259
      vertex -11.774 9.66069 -4.68563
      vertex -11.7284 8.37487 -4.45648
    endloop
  endfacet
  facet normal 0.980833 0 -0.194851
    outer loop
      vertex -11.774 9.66069 -4.68563
      vertex -11.782 8.37487 -4.7259
      vertex -11.782 9.65674 -4.7259
    endloop
  endfacet
  facet normal 0.997851 0 -0.0655283
    outer loop
      vertex -11.782 8.37487 -4.7259
      vertex -11.8 9.64788 -5
      vertex -11.782 9.65674 -4.7259
    endloop
  endfacet
  facet normal 0.997851 0 -0.0655283
    outer loop
      vertex -11.8 9.64788 -5
      vertex -11.782 8.37487 -4.7259
      vertex -11.8 8.37487 -5
    endloop
  endfacet
  facet normal -0.0654196 0 0.997858
    outer loop
      vertex -9.7 9.77487 -7.1
      vertex -9.4259 8.37487 -7.08203
      vertex -9.4259 9.77487 -7.08203
    endloop
  endfacet
  facet normal -0.0654196 0 0.997858
    outer loop
      vertex -9.4259 8.37487 -7.08203
      vertex -9.7 9.77487 -7.1
      vertex -9.7 8.37487 -7.1
    endloop
  endfacet
  facet normal 0.321433 0 -0.946932
    outer loop
      vertex -10.5036 8.37487 -3.05985
      vertex -10.2435 9.77487 -2.97156
      vertex -10.2435 8.37487 -2.97156
    endloop
  endfacet
  facet normal 0.321433 0 -0.946932
    outer loop
      vertex -10.2435 9.77487 -2.97156
      vertex -10.5036 8.37487 -3.05985
      vertex -10.5036 9.77487 -3.05985
    endloop
  endfacet
  facet normal -0.555565 0 -0.831473
    outer loop
      vertex -8.65 8.37487 -3.18135
      vertex -8.4216 9.77487 -3.33396
      vertex -8.4216 8.37487 -3.33396
    endloop
  endfacet
  facet normal -0.555565 0 -0.831473
    outer loop
      vertex -8.4216 9.77487 -3.33396
      vertex -8.65 8.37487 -3.18135
      vertex -8.65 9.77487 -3.18135
    endloop
  endfacet
  facet normal -0.946936 0 -0.321422
    outer loop
      vertex -7.67156 8.37487 -4.45648
      vertex -7.75985 9.77487 -4.19637
      vertex -7.67156 9.77487 -4.45648
    endloop
  endfacet
  facet normal -0.946936 -0 -0.321422
    outer loop
      vertex -7.75985 9.77487 -4.19637
      vertex -7.67156 8.37487 -4.45648
      vertex -7.75985 8.37487 -4.19637
    endloop
  endfacet
  facet normal 0.896953 -2.72912e-05 0.442125
    outer loop
      vertex -11.5187 8.37487 -6.05
      vertex -11.5882 9.72376 -5.90892
      vertex -11.6401 9.70613 -5.80363
    endloop
  endfacet
  facet normal 0.897012 0 0.442007
    outer loop
      vertex -11.5187 8.37487 -6.05
      vertex -11.6401 9.70613 -5.80363
      vertex -11.6401 8.37487 -5.80363
    endloop
  endfacet
  facet normal 0.897057 0 0.441916
    outer loop
      vertex -11.5882 9.72376 -5.90892
      vertex -11.5187 8.37487 -6.05
      vertex -11.5187 9.7376 -6.05
    endloop
  endfacet
  facet normal 0.831394 2.63412e-05 0.555683
    outer loop
      vertex -11.366 8.37487 -6.2784
      vertex -11.3958 9.76204 -6.23388
      vertex -11.5187 9.7376 -6.05
    endloop
  endfacet
  facet normal 0.831322 0 0.555792
    outer loop
      vertex -11.366 8.37487 -6.2784
      vertex -11.5187 9.7376 -6.05
      vertex -11.5187 8.37487 -6.05
    endloop
  endfacet
  facet normal 0.831015 0 0.55625
    outer loop
      vertex -11.3958 9.76204 -6.23388
      vertex -11.366 8.37487 -6.2784
      vertex -11.366 9.76398 -6.2784
    endloop
  endfacet
  facet normal 0.751303 0 -0.659958
    outer loop
      vertex -11.1849 8.37487 -3.51508
      vertex -11.2 9.77487 -3.53227
      vertex -11.1849 9.77487 -3.51508
    endloop
  endfacet
  facet normal 0.751914 1.5146e-05 -0.659261
    outer loop
      vertex -11.2 9.77487 -3.53227
      vertex -11.1849 8.37487 -3.51508
      vertex -11.366 9.76398 -3.7216
    endloop
  endfacet
  facet normal 0.751864 0 -0.659319
    outer loop
      vertex -11.366 9.76398 -3.7216
      vertex -11.1849 8.37487 -3.51508
      vertex -11.366 8.37487 -3.7216
    endloop
  endfacet
  facet normal 0.980833 -0 0.194851
    outer loop
      vertex -11.782 8.37487 -5.2741
      vertex -11.774 9.66069 -5.31437
      vertex -11.782 9.65674 -5.2741
    endloop
  endfacet
  facet normal 0.980779 8.8105e-06 0.195122
    outer loop
      vertex -11.774 9.66069 -5.31437
      vertex -11.782 8.37487 -5.2741
      vertex -11.7284 8.37487 -5.54352
    endloop
  endfacet
  facet normal 0.98077 0 0.195169
    outer loop
      vertex -11.774 9.66069 -5.31437
      vertex -11.7284 8.37487 -5.54352
      vertex -11.7284 9.67616 -5.54352
    endloop
  endfacet
  facet normal 0.946925 0 0.321454
    outer loop
      vertex -11.6401 8.37487 -5.80363
      vertex -11.7284 9.67616 -5.54352
      vertex -11.7284 8.37487 -5.54352
    endloop
  endfacet
  facet normal 0.946925 0 0.321454
    outer loop
      vertex -11.7284 9.67616 -5.54352
      vertex -11.6401 8.37487 -5.80363
      vertex -11.6401 9.70613 -5.80363
    endloop
  endfacet
  facet normal 0 1 0
    outer loop
      vertex -9.7 8.37487 -3.8
      vertex -9.7 8.37487 -2.9
      vertex -9.4259 8.37487 -2.91797
    endloop
  endfacet
  facet normal 0 1 0
    outer loop
      vertex -9.54337 8.37487 -3.81027
      vertex -9.4259 8.37487 -2.91797
      vertex -9.15648 8.37487 -2.97156
    endloop
  endfacet
  facet normal 0 1 0
    outer loop
      vertex -9.7 8.37487 -2.9
      vertex -9.7 8.37487 -3.8
      vertex -9.9741 8.37487 -2.91797
    endloop
  endfacet
  facet normal 0 1 0
    outer loop
      vertex -9.38942 8.37487 -3.84089
      vertex -9.15648 8.37487 -2.97156
      vertex -8.89637 8.37487 -3.05985
    endloop
  endfacet
  facet normal 0 1 -0
    outer loop
      vertex -9.85663 8.37487 -3.81027
      vertex -9.9741 8.37487 -2.91797
      vertex -9.7 8.37487 -3.8
    endloop
  endfacet
  facet normal 0 1 0
    outer loop
      vertex -9.24078 8.37487 -3.89135
      vertex -8.89637 8.37487 -3.05985
      vertex -8.65 8.37487 -3.18135
    endloop
  endfacet
  facet normal 0 1 0
    outer loop
      vertex -9.9741 8.37487 -2.91797
      vertex -9.85663 8.37487 -3.81027
      vertex -10.2435 8.37487 -2.97156
    endloop
  endfacet
  facet normal 0 1 0
    outer loop
      vertex -9.1 8.37487 -3.96077
      vertex -8.65 8.37487 -3.18135
      vertex -8.4216 8.37487 -3.33396
    endloop
  endfacet
  facet normal 0 1 -0
    outer loop
      vertex -10.0106 8.37487 -3.84089
      vertex -10.2435 8.37487 -2.97156
      vertex -9.85663 8.37487 -3.81027
    endloop
  endfacet
  facet normal 0 1 0
    outer loop
      vertex -8.96949 8.37487 -4.04798
      vertex -8.4216 8.37487 -3.33396
      vertex -8.21508 8.37487 -3.51508
    endloop
  endfacet
  facet normal 0 1 0
    outer loop
      vertex -10.2435 8.37487 -2.97156
      vertex -10.0106 8.37487 -3.84089
      vertex -10.5036 8.37487 -3.05985
    endloop
  endfacet
  facet normal 0 1 0
    outer loop
      vertex -8.85147 8.37487 -4.15147
      vertex -8.21508 8.37487 -3.51508
      vertex -8.03396 8.37487 -3.7216
    endloop
  endfacet
  facet normal 0 1 -0
    outer loop
      vertex -10.1592 8.37487 -3.89135
      vertex -10.5036 8.37487 -3.05985
      vertex -10.0106 8.37487 -3.84089
    endloop
  endfacet
  facet normal 0 1 0
    outer loop
      vertex -10.5036 8.37487 -3.05985
      vertex -10.1592 8.37487 -3.89135
      vertex -10.75 8.37487 -3.18135
    endloop
  endfacet
  facet normal 0 1 0
    outer loop
      vertex -9.4259 8.37487 -2.91797
      vertex -9.54337 8.37487 -3.81027
      vertex -9.7 8.37487 -3.8
    endloop
  endfacet
  facet normal 0 1 0
    outer loop
      vertex -9.15648 8.37487 -2.97156
      vertex -9.38942 8.37487 -3.84089
      vertex -9.54337 8.37487 -3.81027
    endloop
  endfacet
  facet normal 0 1 0
    outer loop
      vertex -8.89637 8.37487 -3.05985
      vertex -9.24078 8.37487 -3.89135
      vertex -9.38942 8.37487 -3.84089
    endloop
  endfacet
  facet normal 0 1 0
    outer loop
      vertex -8.74798 8.37487 -4.26949
      vertex -8.03396 8.37487 -3.7216
      vertex -7.88135 8.37487 -3.95
    endloop
  endfacet
  facet normal 0 1 0
    outer loop
      vertex -8.65 8.37487 -3.18135
      vertex -9.1 8.37487 -3.96077
      vertex -9.24078 8.37487 -3.89135
    endloop
  endfacet
  facet normal 0 1 0
    outer loop
      vertex -8.4216 8.37487 -3.33396
      vertex -8.96949 8.37487 -4.04798
      vertex -9.1 8.37487 -3.96077
    endloop
  endfacet
  facet normal 0 1 0
    outer loop
      vertex -8.21508 8.37487 -3.51508
      vertex -8.85147 8.37487 -4.15147
      vertex -8.96949 8.37487 -4.04798
    endloop
  endfacet
  facet normal 0 1 0
    outer loop
      vertex -8.66077 8.37487 -4.4
      vertex -7.88135 8.37487 -3.95
      vertex -7.75985 8.37487 -4.19637
    endloop
  endfacet
  facet normal 0 1 0
    outer loop
      vertex -8.03396 8.37487 -3.7216
      vertex -8.74798 8.37487 -4.26949
      vertex -8.85147 8.37487 -4.15147
    endloop
  endfacet
  facet normal 0 1 0
    outer loop
      vertex -7.88135 8.37487 -3.95
      vertex -8.66077 8.37487 -4.4
      vertex -8.74798 8.37487 -4.26949
    endloop
  endfacet
  facet normal 0 1 0
    outer loop
      vertex -8.59134 8.37487 -4.54078
      vertex -7.75985 8.37487 -4.19637
      vertex -7.67156 8.37487 -4.45648
    endloop
  endfacet
  facet normal 0 1 0
    outer loop
      vertex -7.75985 8.37487 -4.19637
      vertex -8.59134 8.37487 -4.54078
      vertex -8.66077 8.37487 -4.4
    endloop
  endfacet
  facet normal 0 1 0
    outer loop
      vertex -7.67156 8.37487 -4.45648
      vertex -8.54089 8.37487 -4.68942
      vertex -8.59134 8.37487 -4.54078
    endloop
  endfacet
  facet normal 0 1 0
    outer loop
      vertex -7.61797 8.37487 -4.7259
      vertex -8.54089 8.37487 -4.68942
      vertex -7.67156 8.37487 -4.45648
    endloop
  endfacet
  facet normal 0 1 0
    outer loop
      vertex -7.61797 8.37487 -4.7259
      vertex -8.51027 8.37487 -4.84337
      vertex -8.54089 8.37487 -4.68942
    endloop
  endfacet
  facet normal 0 1 0
    outer loop
      vertex -7.6 8.37487 -5
      vertex -8.51027 8.37487 -4.84337
      vertex -7.61797 8.37487 -4.7259
    endloop
  endfacet
  facet normal 0 1 0
    outer loop
      vertex -7.6 8.37487 -5
      vertex -8.5 8.37487 -5
      vertex -8.51027 8.37487 -4.84337
    endloop
  endfacet
  facet normal 0 1 0
    outer loop
      vertex -7.6 8.37487 -5
      vertex -8.51027 8.37487 -5.15663
      vertex -8.5 8.37487 -5
    endloop
  endfacet
  facet normal 0 1 -0
    outer loop
      vertex -7.61797 8.37487 -5.2741
      vertex -8.51027 8.37487 -5.15663
      vertex -7.6 8.37487 -5
    endloop
  endfacet
  facet normal 0 1 0
    outer loop
      vertex -7.61797 8.37487 -5.2741
      vertex -8.54089 8.37487 -5.31058
      vertex -8.51027 8.37487 -5.15663
    endloop
  endfacet
  facet normal 0 1 -0
    outer loop
      vertex -7.67156 8.37487 -5.54352
      vertex -8.54089 8.37487 -5.31058
      vertex -7.61797 8.37487 -5.2741
    endloop
  endfacet
  facet normal 0 1 0
    outer loop
      vertex -8.54089 8.37487 -5.31058
      vertex -7.67156 8.37487 -5.54352
      vertex -8.59134 8.37487 -5.45922
    endloop
  endfacet
  facet normal 0 1 -0
    outer loop
      vertex -7.75985 8.37487 -5.80363
      vertex -8.59134 8.37487 -5.45922
      vertex -7.67156 8.37487 -5.54352
    endloop
  endfacet
  facet normal 0 1 0
    outer loop
      vertex -8.59134 8.37487 -5.45922
      vertex -7.75985 8.37487 -5.80363
      vertex -8.66077 8.37487 -5.6
    endloop
  endfacet
  facet normal 0 1 -0
    outer loop
      vertex -7.88135 8.37487 -6.05
      vertex -8.66077 8.37487 -5.6
      vertex -7.75985 8.37487 -5.80363
    endloop
  endfacet
  facet normal 0 1 0
    outer loop
      vertex -8.66077 8.37487 -5.6
      vertex -7.88135 8.37487 -6.05
      vertex -8.74798 8.37487 -5.73051
    endloop
  endfacet
  facet normal 0 1 -0
    outer loop
      vertex -8.03396 8.37487 -6.2784
      vertex -8.74798 8.37487 -5.73051
      vertex -7.88135 8.37487 -6.05
    endloop
  endfacet
  facet normal 0 1 0
    outer loop
      vertex -8.74798 8.37487 -5.73051
      vertex -8.03396 8.37487 -6.2784
      vertex -8.85147 8.37487 -5.84853
    endloop
  endfacet
  facet normal 0 1 -0
    outer loop
      vertex -8.21508 8.37487 -6.48492
      vertex -8.85147 8.37487 -5.84853
      vertex -8.03396 8.37487 -6.2784
    endloop
  endfacet
  facet normal 0 1 0
    outer loop
      vertex -8.85147 8.37487 -5.84853
      vertex -8.21508 8.37487 -6.48492
      vertex -8.96949 8.37487 -5.95202
    endloop
  endfacet
  facet normal 0 1 -0
    outer loop
      vertex -8.4216 8.37487 -6.66604
      vertex -8.96949 8.37487 -5.95202
      vertex -8.21508 8.37487 -6.48492
    endloop
  endfacet
  facet normal 0 1 0
    outer loop
      vertex -8.96949 8.37487 -5.95202
      vertex -8.4216 8.37487 -6.66604
      vertex -9.1 8.37487 -6.03923
    endloop
  endfacet
  facet normal 0 1 0
    outer loop
      vertex -9.1 8.37487 -6.03923
      vertex -8.65 8.37487 -6.81865
      vertex -9.24078 8.37487 -6.10865
    endloop
  endfacet
  facet normal 0 1 -0
    outer loop
      vertex -8.65 8.37487 -6.81865
      vertex -9.1 8.37487 -6.03923
      vertex -8.4216 8.37487 -6.66604
    endloop
  endfacet
  facet normal 0 1 -0
    outer loop
      vertex -10.3 8.37487 -3.96077
      vertex -10.75 8.37487 -3.18135
      vertex -10.1592 8.37487 -3.89135
    endloop
  endfacet
  facet normal 0 1 0
    outer loop
      vertex -10.75 8.37487 -3.18135
      vertex -10.3 8.37487 -3.96077
      vertex -10.9784 8.37487 -3.33396
    endloop
  endfacet
  facet normal 0 1 -0
    outer loop
      vertex -10.4305 8.37487 -4.04798
      vertex -10.9784 8.37487 -3.33396
      vertex -10.3 8.37487 -3.96077
    endloop
  endfacet
  facet normal 0 1 0
    outer loop
      vertex -10.9784 8.37487 -3.33396
      vertex -10.4305 8.37487 -4.04798
      vertex -11.1849 8.37487 -3.51508
    endloop
  endfacet
  facet normal 0 1 -0
    outer loop
      vertex -10.5485 8.37487 -4.15147
      vertex -11.1849 8.37487 -3.51508
      vertex -10.4305 8.37487 -4.04798
    endloop
  endfacet
  facet normal 0 1 0
    outer loop
      vertex -11.1849 8.37487 -3.51508
      vertex -10.5485 8.37487 -4.15147
      vertex -11.366 8.37487 -3.7216
    endloop
  endfacet
  facet normal 0 1 -0
    outer loop
      vertex -10.652 8.37487 -4.26949
      vertex -11.366 8.37487 -3.7216
      vertex -10.5485 8.37487 -4.15147
    endloop
  endfacet
  facet normal 0 1 0
    outer loop
      vertex -11.366 8.37487 -3.7216
      vertex -10.652 8.37487 -4.26949
      vertex -11.5187 8.37487 -3.95
    endloop
  endfacet
  facet normal 0 1 -0
    outer loop
      vertex -10.7392 8.37487 -4.4
      vertex -11.5187 8.37487 -3.95
      vertex -10.652 8.37487 -4.26949
    endloop
  endfacet
  facet normal 0 1 0
    outer loop
      vertex -11.5187 8.37487 -3.95
      vertex -10.7392 8.37487 -4.4
      vertex -11.6401 8.37487 -4.19637
    endloop
  endfacet
  facet normal 0 1 -0
    outer loop
      vertex -10.8087 8.37487 -4.54078
      vertex -11.6401 8.37487 -4.19637
      vertex -10.7392 8.37487 -4.4
    endloop
  endfacet
  facet normal 0 1 0
    outer loop
      vertex -11.6401 8.37487 -4.19637
      vertex -10.8087 8.37487 -4.54078
      vertex -11.7284 8.37487 -4.45648
    endloop
  endfacet
  facet normal 0 1 -0
    outer loop
      vertex -10.8591 8.37487 -4.68942
      vertex -11.7284 8.37487 -4.45648
      vertex -10.8087 8.37487 -4.54078
    endloop
  endfacet
  facet normal 0 1 0
    outer loop
      vertex -10.8591 8.37487 -4.68942
      vertex -11.782 8.37487 -4.7259
      vertex -11.7284 8.37487 -4.45648
    endloop
  endfacet
  facet normal 0 1 -0
    outer loop
      vertex -10.8897 8.37487 -4.84337
      vertex -11.782 8.37487 -4.7259
      vertex -10.8591 8.37487 -4.68942
    endloop
  endfacet
  facet normal 0 1 -0
    outer loop
      vertex -10.9 8.37487 -5
      vertex -11.782 8.37487 -4.7259
      vertex -10.8897 8.37487 -4.84337
    endloop
  endfacet
  facet normal 0 1 0
    outer loop
      vertex -10.9 8.37487 -5
      vertex -11.8 8.37487 -5
      vertex -11.782 8.37487 -4.7259
    endloop
  endfacet
  facet normal 0 1 0
    outer loop
      vertex -10.8897 8.37487 -5.15663
      vertex -11.8 8.37487 -5
      vertex -10.9 8.37487 -5
    endloop
  endfacet
  facet normal 0 1 0
    outer loop
      vertex -10.8897 8.37487 -5.15663
      vertex -11.782 8.37487 -5.2741
      vertex -11.8 8.37487 -5
    endloop
  endfacet
  facet normal 0 1 0
    outer loop
      vertex -10.8591 8.37487 -5.31058
      vertex -11.782 8.37487 -5.2741
      vertex -10.8897 8.37487 -5.15663
    endloop
  endfacet
  facet normal 0 1 0
    outer loop
      vertex -11.7284 8.37487 -5.54352
      vertex -10.8591 8.37487 -5.31058
      vertex -10.8087 8.37487 -5.45922
    endloop
  endfacet
  facet normal 0 1 0
    outer loop
      vertex -10.8591 8.37487 -5.31058
      vertex -11.7284 8.37487 -5.54352
      vertex -11.782 8.37487 -5.2741
    endloop
  endfacet
  facet normal 0 1 0
    outer loop
      vertex -11.6401 8.37487 -5.80363
      vertex -10.8087 8.37487 -5.45922
      vertex -10.7392 8.37487 -5.6
    endloop
  endfacet
  facet normal 0 1 0
    outer loop
      vertex -11.5187 8.37487 -6.05
      vertex -10.7392 8.37487 -5.6
      vertex -10.652 8.37487 -5.73051
    endloop
  endfacet
  facet normal 0 1 0
    outer loop
      vertex -10.8087 8.37487 -5.45922
      vertex -11.6401 8.37487 -5.80363
      vertex -11.7284 8.37487 -5.54352
    endloop
  endfacet
  facet normal 0 1 0
    outer loop
      vertex -11.366 8.37487 -6.2784
      vertex -10.652 8.37487 -5.73051
      vertex -10.5485 8.37487 -5.84853
    endloop
  endfacet
  facet normal 0 1 0
    outer loop
      vertex -11.1849 8.37487 -6.48492
      vertex -10.5485 8.37487 -5.84853
      vertex -10.4305 8.37487 -5.95202
    endloop
  endfacet
  facet normal 0 1 0
    outer loop
      vertex -10.9784 8.37487 -6.66604
      vertex -10.4305 8.37487 -5.95202
      vertex -10.3 8.37487 -6.03923
    endloop
  endfacet
  facet normal 0 1 0
    outer loop
      vertex -10.7392 8.37487 -5.6
      vertex -11.5187 8.37487 -6.05
      vertex -11.6401 8.37487 -5.80363
    endloop
  endfacet
  facet normal 0 1 0
    outer loop
      vertex -10.75 8.37487 -6.81865
      vertex -10.3 8.37487 -6.03923
      vertex -10.1592 8.37487 -6.10865
    endloop
  endfacet
  facet normal 0 1 0
    outer loop
      vertex -10.5036 8.37487 -6.94015
      vertex -10.1592 8.37487 -6.10865
      vertex -10.0106 8.37487 -6.15911
    endloop
  endfacet
  facet normal 0 1 0
    outer loop
      vertex -10.2435 8.37487 -7.02844
      vertex -10.0106 8.37487 -6.15911
      vertex -9.85663 8.37487 -6.18973
    endloop
  endfacet
  facet normal 0 1 0
    outer loop
      vertex -10.652 8.37487 -5.73051
      vertex -11.366 8.37487 -6.2784
      vertex -11.5187 8.37487 -6.05
    endloop
  endfacet
  facet normal 0 1 0
    outer loop
      vertex -9.9741 8.37487 -7.08203
      vertex -9.85663 8.37487 -6.18973
      vertex -9.7 8.37487 -6.2
    endloop
  endfacet
  facet normal 0 1 -0
    outer loop
      vertex -8.89637 8.37487 -6.94015
      vertex -9.24078 8.37487 -6.10865
      vertex -8.65 8.37487 -6.81865
    endloop
  endfacet
  facet normal 0 1 0
    outer loop
      vertex -9.24078 8.37487 -6.10865
      vertex -8.89637 8.37487 -6.94015
      vertex -9.38942 8.37487 -6.15911
    endloop
  endfacet
  facet normal 0 1 0
    outer loop
      vertex -10.5485 8.37487 -5.84853
      vertex -11.1849 8.37487 -6.48492
      vertex -11.366 8.37487 -6.2784
    endloop
  endfacet
  facet normal 0 1 -0
    outer loop
      vertex -9.15648 8.37487 -7.02844
      vertex -9.38942 8.37487 -6.15911
      vertex -8.89637 8.37487 -6.94015
    endloop
  endfacet
  facet normal 0 1 0
    outer loop
      vertex -10.4305 8.37487 -5.95202
      vertex -10.9784 8.37487 -6.66604
      vertex -11.1849 8.37487 -6.48492
    endloop
  endfacet
  facet normal 0 1 0
    outer loop
      vertex -9.38942 8.37487 -6.15911
      vertex -9.15648 8.37487 -7.02844
      vertex -9.54337 8.37487 -6.18973
    endloop
  endfacet
  facet normal 0 1 0
    outer loop
      vertex -10.3 8.37487 -6.03923
      vertex -10.75 8.37487 -6.81865
      vertex -10.9784 8.37487 -6.66604
    endloop
  endfacet
  facet normal 0 1 -0
    outer loop
      vertex -9.4259 8.37487 -7.08203
      vertex -9.54337 8.37487 -6.18973
      vertex -9.15648 8.37487 -7.02844
    endloop
  endfacet
  facet normal 0 1 0
    outer loop
      vertex -10.1592 8.37487 -6.10865
      vertex -10.5036 8.37487 -6.94015
      vertex -10.75 8.37487 -6.81865
    endloop
  endfacet
  facet normal 0 1 0
    outer loop
      vertex -9.54337 8.37487 -6.18973
      vertex -9.4259 8.37487 -7.08203
      vertex -9.7 8.37487 -6.2
    endloop
  endfacet
  facet normal 0 1 0
    outer loop
      vertex -10.0106 8.37487 -6.15911
      vertex -10.2435 8.37487 -7.02844
      vertex -10.5036 8.37487 -6.94015
    endloop
  endfacet
  facet normal 0 1 0
    outer loop
      vertex -9.7 8.37487 -7.1
      vertex -9.7 8.37487 -6.2
      vertex -9.4259 8.37487 -7.08203
    endloop
  endfacet
  facet normal 0 1 0
    outer loop
      vertex -9.85663 8.37487 -6.18973
      vertex -9.9741 8.37487 -7.08203
      vertex -10.2435 8.37487 -7.02844
    endloop
  endfacet
  facet normal 0 1 0
    outer loop
      vertex -9.7 8.37487 -6.2
      vertex -9.7 8.37487 -7.1
      vertex -9.9741 8.37487 -7.08203
    endloop
  endfacet
  facet normal 0.195101 0 -0.980783
    outer loop
      vertex -10.2435 8.37487 -2.97156
      vertex -9.9741 9.77487 -2.91797
      vertex -9.9741 8.37487 -2.91797
    endloop
  endfacet
  facet normal 0.195101 0 -0.980783
    outer loop
      vertex -9.9741 9.77487 -2.91797
      vertex -10.2435 8.37487 -2.97156
      vertex -10.2435 9.77487 -2.97156
    endloop
  endfacet
  facet normal 0.442256 0 -0.896889
    outer loop
      vertex -10.75 8.37487 -3.18135
      vertex -10.5036 9.77487 -3.05985
      vertex -10.5036 8.37487 -3.05985
    endloop
  endfacet
  facet normal 0.442256 0 -0.896889
    outer loop
      vertex -10.5036 9.77487 -3.05985
      vertex -10.75 8.37487 -3.18135
      vertex -10.75 9.77487 -3.18135
    endloop
  endfacet
  facet normal -0.0654405 0 0.997856
    outer loop
      vertex 10.85 8.37487 -6.2
      vertex 11.0066 0 -6.18973
      vertex 11.0066 8.37487 -6.18973
    endloop
  endfacet
  facet normal -0.0654405 0 0.997856
    outer loop
      vertex 11.0066 0 -6.18973
      vertex 10.85 8.37487 -6.2
      vertex 10.85 0 -6.2
    endloop
  endfacet
  facet normal -0.831481 0 0.555553
    outer loop
      vertex 11.802 0 -5.73051
      vertex 11.8892 8.37487 -5.6
      vertex 11.802 8.37487 -5.73051
    endloop
  endfacet
  facet normal -0.831481 0 0.555553
    outer loop
      vertex 11.8892 8.37487 -5.6
      vertex 11.802 0 -5.73051
      vertex 11.8892 0 -5.6
    endloop
  endfacet
  facet normal -0.980813 0 0.194952
    outer loop
      vertex 12.0091 0 -5.31058
      vertex 12.0397 8.37487 -5.15663
      vertex 12.0091 8.37487 -5.31058
    endloop
  endfacet
  facet normal -0.980813 0 0.194952
    outer loop
      vertex 12.0397 8.37487 -5.15663
      vertex 12.0091 0 -5.31058
      vertex 12.0397 0 -5.15663
    endloop
  endfacet
  facet normal 0.997857 -0 0.065428
    outer loop
      vertex 9.65 0 -5
      vertex 9.66027 8.37487 -5.15663
      vertex 9.65 8.37487 -5
    endloop
  endfacet
  facet normal 0.997857 0 0.065428
    outer loop
      vertex 9.66027 8.37487 -5.15663
      vertex 9.65 0 -5
      vertex 9.66027 0 -5.15663
    endloop
  endfacet
  facet normal -0.831481 0 -0.555553
    outer loop
      vertex 11.8892 0 -4.4
      vertex 11.802 8.37487 -4.26949
      vertex 11.8892 8.37487 -4.4
    endloop
  endfacet
  facet normal -0.831481 -0 -0.555553
    outer loop
      vertex 11.802 8.37487 -4.26949
      vertex 11.8892 0 -4.4
      vertex 11.802 0 -4.26949
    endloop
  endfacet
  facet normal 0.442212 0 0.89691
    outer loop
      vertex 10.25 8.37487 -6.03923
      vertex 10.3908 0 -6.10865
      vertex 10.3908 8.37487 -6.10865
    endloop
  endfacet
  facet normal 0.442212 0 0.89691
    outer loop
      vertex 10.3908 0 -6.10865
      vertex 10.25 8.37487 -6.03923
      vertex 10.25 0 -6.03923
    endloop
  endfacet
  facet normal 0.997857 0 -0.065428
    outer loop
      vertex 9.66027 0 -4.84337
      vertex 9.65 8.37487 -5
      vertex 9.66027 8.37487 -4.84337
    endloop
  endfacet
  facet normal 0.997857 0 -0.065428
    outer loop
      vertex 9.65 8.37487 -5
      vertex 9.66027 0 -4.84337
      vertex 9.65 0 -5
    endloop
  endfacet
  facet normal -0.0654405 0 -0.997856
    outer loop
      vertex 10.85 0 -3.8
      vertex 11.0066 8.37487 -3.81027
      vertex 11.0066 0 -3.81027
    endloop
  endfacet
  facet normal -0.0654405 0 -0.997856
    outer loop
      vertex 11.0066 8.37487 -3.81027
      vertex 10.85 0 -3.8
      vertex 10.85 8.37487 -3.8
    endloop
  endfacet
  facet normal -0.442212 0 -0.89691
    outer loop
      vertex 11.3092 0 -3.89135
      vertex 11.45 8.37487 -3.96077
      vertex 11.45 0 -3.96077
    endloop
  endfacet
  facet normal -0.442212 0 -0.89691
    outer loop
      vertex 11.45 8.37487 -3.96077
      vertex 11.3092 0 -3.89135
      vertex 11.3092 8.37487 -3.89135
    endloop
  endfacet
  facet normal 0.896885 -0 0.442263
    outer loop
      vertex 9.74135 0 -5.45922
      vertex 9.81077 8.37487 -5.6
      vertex 9.74135 8.37487 -5.45922
    endloop
  endfacet
  facet normal 0.896885 0 0.442263
    outer loop
      vertex 9.81077 8.37487 -5.6
      vertex 9.74135 0 -5.45922
      vertex 9.81077 0 -5.6
    endloop
  endfacet
  facet normal -0.997845 0 -0.0656183
    outer loop
      vertex 12.05 0 -5
      vertex 12.0397 8.37487 -4.84337
      vertex 12.05 8.37487 -5
    endloop
  endfacet
  facet normal -0.997845 -0 -0.0656183
    outer loop
      vertex 12.0397 8.37487 -4.84337
      vertex 12.05 0 -5
      vertex 12.0397 0 -4.84337
    endloop
  endfacet
  facet normal 0.0654405 0 0.997856
    outer loop
      vertex 10.6934 8.37487 -6.18973
      vertex 10.85 0 -6.2
      vertex 10.85 8.37487 -6.2
    endloop
  endfacet
  facet normal 0.0654405 0 0.997856
    outer loop
      vertex 10.85 0 -6.2
      vertex 10.6934 8.37487 -6.18973
      vertex 10.6934 0 -6.18973
    endloop
  endfacet
  facet normal 0.195014 0 -0.980801
    outer loop
      vertex 10.5394 0 -3.84089
      vertex 10.6934 8.37487 -3.81027
      vertex 10.6934 0 -3.81027
    endloop
  endfacet
  facet normal 0.195014 0 -0.980801
    outer loop
      vertex 10.6934 8.37487 -3.81027
      vertex 10.5394 0 -3.84089
      vertex 10.5394 8.37487 -3.84089
    endloop
  endfacet
  facet normal -0.896683 0 0.442673
    outer loop
      vertex 11.8892 0 -5.6
      vertex 11.9587 8.37487 -5.45922
      vertex 11.8892 8.37487 -5.6
    endloop
  endfacet
  facet normal -0.896683 0 0.442673
    outer loop
      vertex 11.9587 8.37487 -5.45922
      vertex 11.8892 0 -5.6
      vertex 11.9587 0 -5.45922
    endloop
  endfacet
  facet normal -0.65937 0 0.751818
    outer loop
      vertex 11.5805 8.37487 -5.95202
      vertex 11.6985 0 -5.84853
      vertex 11.6985 8.37487 -5.84853
    endloop
  endfacet
  facet normal -0.65937 0 0.751818
    outer loop
      vertex 11.6985 0 -5.84853
      vertex 11.5805 8.37487 -5.95202
      vertex 11.5805 0 -5.95202
    endloop
  endfacet
  facet normal 0.195014 0 0.980801
    outer loop
      vertex 10.5394 8.37487 -6.15911
      vertex 10.6934 0 -6.18973
      vertex 10.6934 8.37487 -6.18973
    endloop
  endfacet
  facet normal 0.195014 0 0.980801
    outer loop
      vertex 10.6934 0 -6.18973
      vertex 10.5394 8.37487 -6.15911
      vertex 10.5394 0 -6.15911
    endloop
  endfacet
  facet normal 0.321537 0 -0.946897
    outer loop
      vertex 10.3908 0 -3.89135
      vertex 10.5394 8.37487 -3.84089
      vertex 10.5394 0 -3.84089
    endloop
  endfacet
  facet normal 0.321537 0 -0.946897
    outer loop
      vertex 10.5394 8.37487 -3.84089
      vertex 10.3908 0 -3.89135
      vertex 10.3908 8.37487 -3.89135
    endloop
  endfacet
  facet normal -0.896683 0 -0.442673
    outer loop
      vertex 11.9587 0 -4.54078
      vertex 11.8892 8.37487 -4.4
      vertex 11.9587 8.37487 -4.54078
    endloop
  endfacet
  facet normal -0.896683 -0 -0.442673
    outer loop
      vertex 11.8892 8.37487 -4.4
      vertex 11.9587 0 -4.54078
      vertex 11.8892 0 -4.4
    endloop
  endfacet
  facet normal -0.997845 0 0.0656183
    outer loop
      vertex 12.0397 0 -5.15663
      vertex 12.05 8.37487 -5
      vertex 12.0397 8.37487 -5.15663
    endloop
  endfacet
  facet normal -0.997845 0 0.0656183
    outer loop
      vertex 12.05 8.37487 -5
      vertex 12.0397 0 -5.15663
      vertex 12.05 0 -5
    endloop
  endfacet
  facet normal -0.94704 0 0.321117
    outer loop
      vertex 11.9587 0 -5.45922
      vertex 12.0091 8.37487 -5.31058
      vertex 11.9587 8.37487 -5.45922
    endloop
  endfacet
  facet normal -0.94704 0 0.321117
    outer loop
      vertex 12.0091 8.37487 -5.31058
      vertex 11.9587 0 -5.45922
      vertex 12.0091 0 -5.31058
    endloop
  endfacet
  facet normal 0.946923 -0 0.32146
    outer loop
      vertex 9.69089 0 -5.31058
      vertex 9.74135 8.37487 -5.45922
      vertex 9.69089 8.37487 -5.31058
    endloop
  endfacet
  facet normal 0.946923 0 0.32146
    outer loop
      vertex 9.74135 8.37487 -5.45922
      vertex 9.69089 0 -5.31058
      vertex 9.74135 0 -5.45922
    endloop
  endfacet
  facet normal 0.980788 -0 0.195075
    outer loop
      vertex 9.66027 0 -5.15663
      vertex 9.69089 8.37487 -5.31058
      vertex 9.66027 8.37487 -5.15663
    endloop
  endfacet
  facet normal 0.980788 0 0.195075
    outer loop
      vertex 9.69089 8.37487 -5.31058
      vertex 9.66027 0 -5.15663
      vertex 9.69089 0 -5.31058
    endloop
  endfacet
  facet normal 0.65937 0 0.751818
    outer loop
      vertex 10.0015 8.37487 -5.84853
      vertex 10.1195 0 -5.95202
      vertex 10.1195 8.37487 -5.95202
    endloop
  endfacet
  facet normal 0.65937 0 0.751818
    outer loop
      vertex 10.1195 0 -5.95202
      vertex 10.0015 8.37487 -5.84853
      vertex 10.0015 0 -5.84853
    endloop
  endfacet
  facet normal 0.321537 0 0.946897
    outer loop
      vertex 10.3908 8.37487 -6.10865
      vertex 10.5394 0 -6.15911
      vertex 10.5394 8.37487 -6.15911
    endloop
  endfacet
  facet normal 0.321537 0 0.946897
    outer loop
      vertex 10.5394 0 -6.15911
      vertex 10.3908 8.37487 -6.10865
      vertex 10.3908 0 -6.10865
    endloop
  endfacet
  facet normal 0.555626 0 0.831432
    outer loop
      vertex 10.1195 8.37487 -5.95202
      vertex 10.25 0 -6.03923
      vertex 10.25 8.37487 -6.03923
    endloop
  endfacet
  facet normal 0.555626 0 0.831432
    outer loop
      vertex 10.25 0 -6.03923
      vertex 10.1195 8.37487 -5.95202
      vertex 10.1195 0 -5.95202
    endloop
  endfacet
  facet normal -0.442212 0 0.89691
    outer loop
      vertex 11.3092 8.37487 -6.10865
      vertex 11.45 0 -6.03923
      vertex 11.45 8.37487 -6.03923
    endloop
  endfacet
  facet normal -0.442212 0 0.89691
    outer loop
      vertex 11.45 0 -6.03923
      vertex 11.3092 8.37487 -6.10865
      vertex 11.3092 0 -6.10865
    endloop
  endfacet
  facet normal -0.751842 0 0.659343
    outer loop
      vertex 11.6985 0 -5.84853
      vertex 11.802 8.37487 -5.73051
      vertex 11.6985 8.37487 -5.84853
    endloop
  endfacet
  facet normal -0.751842 0 0.659343
    outer loop
      vertex 11.802 8.37487 -5.73051
      vertex 11.6985 0 -5.84853
      vertex 11.802 0 -5.73051
    endloop
  endfacet
  facet normal -0.195014 0 0.980801
    outer loop
      vertex 11.0066 8.37487 -6.18973
      vertex 11.1606 0 -6.15911
      vertex 11.1606 8.37487 -6.15911
    endloop
  endfacet
  facet normal -0.195014 0 0.980801
    outer loop
      vertex 11.1606 0 -6.15911
      vertex 11.0066 8.37487 -6.18973
      vertex 11.0066 0 -6.18973
    endloop
  endfacet
  facet normal 0.555626 0 -0.831432
    outer loop
      vertex 10.1195 0 -4.04798
      vertex 10.25 8.37487 -3.96077
      vertex 10.25 0 -3.96077
    endloop
  endfacet
  facet normal 0.555626 0 -0.831432
    outer loop
      vertex 10.25 8.37487 -3.96077
      vertex 10.1195 0 -4.04798
      vertex 10.1195 8.37487 -4.04798
    endloop
  endfacet
  facet normal 0.751779 -0 0.659415
    outer loop
      vertex 9.89798 0 -5.73051
      vertex 10.0015 8.37487 -5.84853
      vertex 9.89798 8.37487 -5.73051
    endloop
  endfacet
  facet normal 0.751779 0 0.659415
    outer loop
      vertex 10.0015 8.37487 -5.84853
      vertex 9.89798 0 -5.73051
      vertex 10.0015 0 -5.84853
    endloop
  endfacet
  facet normal -0.555626 0 0.831432
    outer loop
      vertex 11.45 8.37487 -6.03923
      vertex 11.5805 0 -5.95202
      vertex 11.5805 8.37487 -5.95202
    endloop
  endfacet
  facet normal -0.555626 0 0.831432
    outer loop
      vertex 11.5805 0 -5.95202
      vertex 11.45 8.37487 -6.03923
      vertex 11.45 0 -6.03923
    endloop
  endfacet
  facet normal 0.980788 0 -0.195075
    outer loop
      vertex 9.69089 0 -4.68942
      vertex 9.66027 8.37487 -4.84337
      vertex 9.69089 8.37487 -4.68942
    endloop
  endfacet
  facet normal 0.980788 0 -0.195075
    outer loop
      vertex 9.66027 8.37487 -4.84337
      vertex 9.69089 0 -4.68942
      vertex 9.66027 0 -4.84337
    endloop
  endfacet
  facet normal 0.946923 0 -0.32146
    outer loop
      vertex 9.74135 0 -4.54078
      vertex 9.69089 8.37487 -4.68942
      vertex 9.74135 8.37487 -4.54078
    endloop
  endfacet
  facet normal 0.946923 0 -0.32146
    outer loop
      vertex 9.69089 8.37487 -4.68942
      vertex 9.74135 0 -4.54078
      vertex 9.69089 0 -4.68942
    endloop
  endfacet
  facet normal -0.980813 0 -0.194952
    outer loop
      vertex 12.0397 0 -4.84337
      vertex 12.0091 8.37487 -4.68942
      vertex 12.0397 8.37487 -4.84337
    endloop
  endfacet
  facet normal -0.980813 -0 -0.194952
    outer loop
      vertex 12.0091 8.37487 -4.68942
      vertex 12.0397 0 -4.84337
      vertex 12.0091 0 -4.68942
    endloop
  endfacet
  facet normal 0.65937 0 -0.751818
    outer loop
      vertex 10.0015 0 -4.15147
      vertex 10.1195 8.37487 -4.04798
      vertex 10.1195 0 -4.04798
    endloop
  endfacet
  facet normal 0.65937 0 -0.751818
    outer loop
      vertex 10.1195 8.37487 -4.04798
      vertex 10.0015 0 -4.15147
      vertex 10.0015 8.37487 -4.15147
    endloop
  endfacet
  facet normal 0.896885 0 -0.442263
    outer loop
      vertex 9.81077 0 -4.4
      vertex 9.74135 8.37487 -4.54078
      vertex 9.81077 8.37487 -4.4
    endloop
  endfacet
  facet normal 0.896885 0 -0.442263
    outer loop
      vertex 9.74135 8.37487 -4.54078
      vertex 9.81077 0 -4.4
      vertex 9.74135 0 -4.54078
    endloop
  endfacet
  facet normal -0.195014 0 -0.980801
    outer loop
      vertex 11.0066 0 -3.81027
      vertex 11.1606 8.37487 -3.84089
      vertex 11.1606 0 -3.84089
    endloop
  endfacet
  facet normal -0.195014 0 -0.980801
    outer loop
      vertex 11.1606 8.37487 -3.84089
      vertex 11.0066 0 -3.81027
      vertex 11.0066 8.37487 -3.81027
    endloop
  endfacet
  facet normal -0.751842 0 -0.659343
    outer loop
      vertex 11.802 0 -4.26949
      vertex 11.6985 8.37487 -4.15147
      vertex 11.802 8.37487 -4.26949
    endloop
  endfacet
  facet normal -0.751842 -0 -0.659343
    outer loop
      vertex 11.6985 8.37487 -4.15147
      vertex 11.802 0 -4.26949
      vertex 11.6985 0 -4.15147
    endloop
  endfacet
  facet normal -0.94704 0 -0.321117
    outer loop
      vertex 12.0091 0 -4.68942
      vertex 11.9587 8.37487 -4.54078
      vertex 12.0091 8.37487 -4.68942
    endloop
  endfacet
  facet normal -0.94704 -0 -0.321117
    outer loop
      vertex 11.9587 8.37487 -4.54078
      vertex 12.0091 0 -4.68942
      vertex 11.9587 0 -4.54078
    endloop
  endfacet
  facet normal -0.555626 0 -0.831432
    outer loop
      vertex 11.45 0 -3.96077
      vertex 11.5805 8.37487 -4.04798
      vertex 11.5805 0 -4.04798
    endloop
  endfacet
  facet normal -0.555626 0 -0.831432
    outer loop
      vertex 11.5805 8.37487 -4.04798
      vertex 11.45 0 -3.96077
      vertex 11.45 8.37487 -3.96077
    endloop
  endfacet
  facet normal -0.321537 0 0.946897
    outer loop
      vertex 11.1606 8.37487 -6.15911
      vertex 11.3092 0 -6.10865
      vertex 11.3092 8.37487 -6.10865
    endloop
  endfacet
  facet normal -0.321537 0 0.946897
    outer loop
      vertex 11.3092 0 -6.10865
      vertex 11.1606 8.37487 -6.15911
      vertex 11.1606 0 -6.15911
    endloop
  endfacet
  facet normal -0.65937 0 -0.751818
    outer loop
      vertex 11.5805 0 -4.04798
      vertex 11.6985 8.37487 -4.15147
      vertex 11.6985 0 -4.15147
    endloop
  endfacet
  facet normal -0.65937 0 -0.751818
    outer loop
      vertex 11.6985 8.37487 -4.15147
      vertex 11.5805 0 -4.04798
      vertex 11.5805 8.37487 -4.04798
    endloop
  endfacet
  facet normal 0.442212 0 -0.89691
    outer loop
      vertex 10.25 0 -3.96077
      vertex 10.3908 8.37487 -3.89135
      vertex 10.3908 0 -3.89135
    endloop
  endfacet
  facet normal 0.442212 0 -0.89691
    outer loop
      vertex 10.3908 8.37487 -3.89135
      vertex 10.25 0 -3.96077
      vertex 10.25 8.37487 -3.96077
    endloop
  endfacet
  facet normal 0.0654405 0 -0.997856
    outer loop
      vertex 10.6934 0 -3.81027
      vertex 10.85 8.37487 -3.8
      vertex 10.85 0 -3.8
    endloop
  endfacet
  facet normal 0.0654405 0 -0.997856
    outer loop
      vertex 10.85 8.37487 -3.8
      vertex 10.6934 0 -3.81027
      vertex 10.6934 8.37487 -3.81027
    endloop
  endfacet
  facet normal 0.831452 -0 0.555597
    outer loop
      vertex 9.81077 0 -5.6
      vertex 9.89798 8.37487 -5.73051
      vertex 9.81077 8.37487 -5.6
    endloop
  endfacet
  facet normal 0.831452 0 0.555597
    outer loop
      vertex 9.89798 8.37487 -5.73051
      vertex 9.81077 0 -5.6
      vertex 9.89798 0 -5.73051
    endloop
  endfacet
  facet normal 0.831452 0 -0.555597
    outer loop
      vertex 9.89798 0 -4.26949
      vertex 9.81077 8.37487 -4.4
      vertex 9.89798 8.37487 -4.26949
    endloop
  endfacet
  facet normal 0.831452 0 -0.555597
    outer loop
      vertex 9.81077 8.37487 -4.4
      vertex 9.89798 0 -4.26949
      vertex 9.81077 0 -4.4
    endloop
  endfacet
  facet normal 0.751779 0 -0.659415
    outer loop
      vertex 10.0015 0 -4.15147
      vertex 9.89798 8.37487 -4.26949
      vertex 10.0015 8.37487 -4.15147
    endloop
  endfacet
  facet normal 0.751779 0 -0.659415
    outer loop
      vertex 9.89798 8.37487 -4.26949
      vertex 10.0015 0 -4.15147
      vertex 9.89798 0 -4.26949
    endloop
  endfacet
  facet normal -0.321537 0 -0.946897
    outer loop
      vertex 11.1606 0 -3.84089
      vertex 11.3092 8.37487 -3.89135
      vertex 11.3092 0 -3.89135
    endloop
  endfacet
  facet normal -0.321537 0 -0.946897
    outer loop
      vertex 11.3092 8.37487 -3.89135
      vertex 11.1606 0 -3.84089
      vertex 11.1606 8.37487 -3.84089
    endloop
  endfacet
  facet normal -0.442256 0 -0.896889
    outer loop
      vertex 11.6536 8.37487 -3.05985
      vertex 11.9 9.77487 -3.18135
      vertex 11.9 8.37487 -3.18135
    endloop
  endfacet
  facet normal -0.442256 0 -0.896889
    outer loop
      vertex 11.9 9.77487 -3.18135
      vertex 11.6536 8.37487 -3.05985
      vertex 11.6536 9.77487 -3.05985
    endloop
  endfacet
  facet normal 0.0654196 0 0.997858
    outer loop
      vertex 10.5759 9.77487 -7.08203
      vertex 10.85 8.37487 -7.1
      vertex 10.85 9.77487 -7.1
    endloop
  endfacet
  facet normal 0.0654196 0 0.997858
    outer loop
      vertex 10.85 8.37487 -7.1
      vertex 10.5759 9.77487 -7.08203
      vertex 10.5759 8.37487 -7.08203
    endloop
  endfacet
  facet normal -0.831015 0 0.55625
    outer loop
      vertex 12.516 8.37487 -6.2784
      vertex 12.5458 9.76204 -6.23388
      vertex 12.516 9.76398 -6.2784
    endloop
  endfacet
  facet normal -0.831394 2.63412e-05 0.555683
    outer loop
      vertex 12.5458 9.76204 -6.23388
      vertex 12.516 8.37487 -6.2784
      vertex 12.6687 9.7376 -6.05
    endloop
  endfacet
  facet normal -0.831322 0 0.555792
    outer loop
      vertex 12.6687 9.7376 -6.05
      vertex 12.516 8.37487 -6.2784
      vertex 12.6687 8.37487 -6.05
    endloop
  endfacet
  facet normal -0.751914 1.5146e-05 -0.659261
    outer loop
      vertex 12.3349 8.37487 -3.51508
      vertex 12.35 9.77487 -3.53227
      vertex 12.516 9.76398 -3.7216
    endloop
  endfacet
  facet normal -0.751864 0 -0.659319
    outer loop
      vertex 12.3349 8.37487 -3.51508
      vertex 12.516 9.76398 -3.7216
      vertex 12.516 8.37487 -3.7216
    endloop
  endfacet
  facet normal -0.751303 0 -0.659958
    outer loop
      vertex 12.35 9.77487 -3.53227
      vertex 12.3349 8.37487 -3.51508
      vertex 12.3349 9.77487 -3.51508
    endloop
  endfacet
  facet normal -0.555565 0 0.831473
    outer loop
      vertex 11.9 9.77487 -6.81865
      vertex 12.1284 8.37487 -6.66604
      vertex 12.1284 9.77487 -6.66604
    endloop
  endfacet
  facet normal -0.555565 0 0.831473
    outer loop
      vertex 12.1284 8.37487 -6.66604
      vertex 11.9 9.77487 -6.81865
      vertex 11.9 8.37487 -6.81865
    endloop
  endfacet
  facet normal -0.897057 0 0.441916
    outer loop
      vertex 12.6687 8.37487 -6.05
      vertex 12.7382 9.72376 -5.90892
      vertex 12.6687 9.7376 -6.05
    endloop
  endfacet
  facet normal -0.896953 -2.72912e-05 0.442125
    outer loop
      vertex 12.7382 9.72376 -5.90892
      vertex 12.6687 8.37487 -6.05
      vertex 12.7901 9.70613 -5.80363
    endloop
  endfacet
  facet normal -0.897012 0 0.442007
    outer loop
      vertex 12.7901 9.70613 -5.80363
      vertex 12.6687 8.37487 -6.05
      vertex 12.7901 8.37487 -5.80363
    endloop
  endfacet
  facet normal 0.831473 0 -0.555565
    outer loop
      vertex 9.18396 8.37487 -3.7216
      vertex 9.03135 9.77487 -3.95
      vertex 9.18396 9.77487 -3.7216
    endloop
  endfacet
  facet normal 0.831473 0 -0.555565
    outer loop
      vertex 9.03135 9.77487 -3.95
      vertex 9.18396 8.37487 -3.7216
      vertex 9.03135 8.37487 -3.95
    endloop
  endfacet
  facet normal 0.65936 0 -0.751827
    outer loop
      vertex 9.36508 8.37487 -3.51508
      vertex 9.5716 9.77487 -3.33396
      vertex 9.5716 8.37487 -3.33396
    endloop
  endfacet
  facet normal 0.65936 0 -0.751827
    outer loop
      vertex 9.5716 9.77487 -3.33396
      vertex 9.36508 8.37487 -3.51508
      vertex 9.36508 9.77487 -3.51508
    endloop
  endfacet
  facet normal -0.321433 0 0.946932
    outer loop
      vertex 11.3935 9.77487 -7.02844
      vertex 11.6536 8.37487 -6.94015
      vertex 11.6536 9.77487 -6.94015
    endloop
  endfacet
  facet normal -0.321433 0 0.946932
    outer loop
      vertex 11.6536 8.37487 -6.94015
      vertex 11.3935 9.77487 -7.02844
      vertex 11.3935 8.37487 -7.02844
    endloop
  endfacet
  facet normal -0.659396 0 0.751796
    outer loop
      vertex 12.1284 9.77487 -6.66604
      vertex 12.3349 8.37487 -6.48492
      vertex 12.3349 9.77487 -6.48492
    endloop
  endfacet
  facet normal -0.659396 0 0.751796
    outer loop
      vertex 12.3349 8.37487 -6.48492
      vertex 12.1284 9.77487 -6.66604
      vertex 12.1284 8.37487 -6.66604
    endloop
  endfacet
  facet normal -0.896953 -2.72912e-05 -0.442125
    outer loop
      vertex 12.6687 8.37487 -3.95
      vertex 12.7382 9.72376 -4.09108
      vertex 12.7901 9.70613 -4.19637
    endloop
  endfacet
  facet normal -0.897012 0 -0.442007
    outer loop
      vertex 12.6687 8.37487 -3.95
      vertex 12.7901 9.70613 -4.19637
      vertex 12.7901 8.37487 -4.19637
    endloop
  endfacet
  facet normal -0.897057 0 -0.441916
    outer loop
      vertex 12.7382 9.72376 -4.09108
      vertex 12.6687 8.37487 -3.95
      vertex 12.6687 9.7376 -3.95
    endloop
  endfacet
  facet normal -0.0654196 0 -0.997858
    outer loop
      vertex 10.85 8.37487 -2.9
      vertex 11.1241 9.77487 -2.91797
      vertex 11.1241 8.37487 -2.91797
    endloop
  endfacet
  facet normal -0.0654196 0 -0.997858
    outer loop
      vertex 11.1241 9.77487 -2.91797
      vertex 10.85 8.37487 -2.9
      vertex 10.85 9.77487 -2.9
    endloop
  endfacet
  facet normal 0.555565 0 -0.831473
    outer loop
      vertex 9.5716 8.37487 -3.33396
      vertex 9.8 9.77487 -3.18135
      vertex 9.8 8.37487 -3.18135
    endloop
  endfacet
  facet normal 0.555565 0 -0.831473
    outer loop
      vertex 9.8 9.77487 -3.18135
      vertex 9.5716 8.37487 -3.33396
      vertex 9.5716 9.77487 -3.33396
    endloop
  endfacet
  facet normal 0.555565 0 0.831473
    outer loop
      vertex 9.5716 9.77487 -6.66604
      vertex 9.8 8.37487 -6.81865
      vertex 9.8 9.77487 -6.81865
    endloop
  endfacet
  facet normal 0.555565 0 0.831473
    outer loop
      vertex 9.8 8.37487 -6.81865
      vertex 9.5716 9.77487 -6.66604
      vertex 9.5716 8.37487 -6.66604
    endloop
  endfacet
  facet normal -0.98077 0 0.195169
    outer loop
      vertex 12.8784 8.37487 -5.54352
      vertex 12.924 9.66069 -5.31437
      vertex 12.8784 9.67616 -5.54352
    endloop
  endfacet
  facet normal -0.980779 8.8105e-06 0.195122
    outer loop
      vertex 12.932 8.37487 -5.2741
      vertex 12.924 9.66069 -5.31437
      vertex 12.8784 8.37487 -5.54352
    endloop
  endfacet
  facet normal -0.980833 0 0.194851
    outer loop
      vertex 12.924 9.66069 -5.31437
      vertex 12.932 8.37487 -5.2741
      vertex 12.932 9.65674 -5.2741
    endloop
  endfacet
  facet normal -0.195101 0 -0.980783
    outer loop
      vertex 11.1241 8.37487 -2.91797
      vertex 11.3935 9.77487 -2.97156
      vertex 11.3935 8.37487 -2.97156
    endloop
  endfacet
  facet normal -0.195101 0 -0.980783
    outer loop
      vertex 11.3935 9.77487 -2.97156
      vertex 11.1241 8.37487 -2.91797
      vertex 11.1241 9.77487 -2.91797
    endloop
  endfacet
  facet normal -0.997851 0 0.0655283
    outer loop
      vertex 12.932 8.37487 -5.2741
      vertex 12.95 9.64788 -5
      vertex 12.932 9.65674 -5.2741
    endloop
  endfacet
  facet normal -0.997851 0 0.0655283
    outer loop
      vertex 12.95 9.64788 -5
      vertex 12.932 8.37487 -5.2741
      vertex 12.95 8.37487 -5
    endloop
  endfacet
  facet normal -0.195101 0 0.980783
    outer loop
      vertex 11.1241 9.77487 -7.08203
      vertex 11.3935 8.37487 -7.02844
      vertex 11.3935 9.77487 -7.02844
    endloop
  endfacet
  facet normal -0.195101 0 0.980783
    outer loop
      vertex 11.3935 8.37487 -7.02844
      vertex 11.1241 9.77487 -7.08203
      vertex 11.1241 8.37487 -7.08203
    endloop
  endfacet
  facet normal 0.321433 0 0.946932
    outer loop
      vertex 10.0464 9.77487 -6.94015
      vertex 10.3065 8.37487 -7.02844
      vertex 10.3065 9.77487 -7.02844
    endloop
  endfacet
  facet normal 0.321433 0 0.946932
    outer loop
      vertex 10.3065 8.37487 -7.02844
      vertex 10.0464 9.77487 -6.94015
      vertex 10.0464 8.37487 -6.94015
    endloop
  endfacet
  facet normal -0.751303 0 0.659958
    outer loop
      vertex 12.3349 8.37487 -6.48492
      vertex 12.35 9.77487 -6.46773
      vertex 12.3349 9.77487 -6.48492
    endloop
  endfacet
  facet normal -0.751914 1.5146e-05 0.659261
    outer loop
      vertex 12.35 9.77487 -6.46773
      vertex 12.3349 8.37487 -6.48492
      vertex 12.516 9.76398 -6.2784
    endloop
  endfacet
  facet normal -0.751864 0 0.659319
    outer loop
      vertex 12.516 9.76398 -6.2784
      vertex 12.3349 8.37487 -6.48492
      vertex 12.516 8.37487 -6.2784
    endloop
  endfacet
  facet normal -0.997851 0 -0.0655283
    outer loop
      vertex 12.932 8.37487 -4.7259
      vertex 12.95 9.64788 -5
      vertex 12.95 8.37487 -5
    endloop
  endfacet
  facet normal -0.997851 0 -0.0655283
    outer loop
      vertex 12.95 9.64788 -5
      vertex 12.932 8.37487 -4.7259
      vertex 12.932 9.65674 -4.7259
    endloop
  endfacet
  facet normal -0.980833 0 -0.194851
    outer loop
      vertex 12.932 8.37487 -4.7259
      vertex 12.924 9.66069 -4.68563
      vertex 12.932 9.65674 -4.7259
    endloop
  endfacet
  facet normal -0.980779 8.8105e-06 -0.195122
    outer loop
      vertex 12.924 9.66069 -4.68563
      vertex 12.932 8.37487 -4.7259
      vertex 12.8784 8.37487 -4.45648
    endloop
  endfacet
  facet normal -0.98077 0 -0.195169
    outer loop
      vertex 12.924 9.66069 -4.68563
      vertex 12.8784 8.37487 -4.45648
      vertex 12.8784 9.67616 -4.45648
    endloop
  endfacet
  facet normal -0.946925 0 0.321454
    outer loop
      vertex 12.7901 8.37487 -5.80363
      vertex 12.8784 9.67616 -5.54352
      vertex 12.7901 9.70613 -5.80363
    endloop
  endfacet
  facet normal -0.946925 0 0.321454
    outer loop
      vertex 12.8784 9.67616 -5.54352
      vertex 12.7901 8.37487 -5.80363
      vertex 12.8784 8.37487 -5.54352
    endloop
  endfacet
  facet normal -0.321433 0 -0.946932
    outer loop
      vertex 11.3935 8.37487 -2.97156
      vertex 11.6536 9.77487 -3.05985
      vertex 11.6536 8.37487 -3.05985
    endloop
  endfacet
  facet normal -0.321433 0 -0.946932
    outer loop
      vertex 11.6536 9.77487 -3.05985
      vertex 11.3935 8.37487 -2.97156
      vertex 11.3935 9.77487 -2.97156
    endloop
  endfacet
  facet normal 0.997858 -0 0.0654196
    outer loop
      vertex 8.75 8.37487 -5
      vertex 8.76797 9.77487 -5.2741
      vertex 8.75 9.77487 -5
    endloop
  endfacet
  facet normal 0.997858 0 0.0654196
    outer loop
      vertex 8.76797 9.77487 -5.2741
      vertex 8.75 8.37487 -5
      vertex 8.76797 8.37487 -5.2741
    endloop
  endfacet
  facet normal 0.65936 0 0.751827
    outer loop
      vertex 9.36508 9.77487 -6.48492
      vertex 9.5716 8.37487 -6.66604
      vertex 9.5716 9.77487 -6.66604
    endloop
  endfacet
  facet normal 0.65936 0 0.751827
    outer loop
      vertex 9.5716 8.37487 -6.66604
      vertex 9.36508 9.77487 -6.48492
      vertex 9.36508 8.37487 -6.48492
    endloop
  endfacet
  facet normal -0.442256 0 0.896889
    outer loop
      vertex 11.6536 9.77487 -6.94015
      vertex 11.9 8.37487 -6.81865
      vertex 11.9 9.77487 -6.81865
    endloop
  endfacet
  facet normal -0.442256 0 0.896889
    outer loop
      vertex 11.9 8.37487 -6.81865
      vertex 11.6536 9.77487 -6.94015
      vertex 11.6536 8.37487 -6.94015
    endloop
  endfacet
  facet normal 0.896867 0 -0.4423
    outer loop
      vertex 9.03135 8.37487 -3.95
      vertex 8.90985 9.77487 -4.19637
      vertex 9.03135 9.77487 -3.95
    endloop
  endfacet
  facet normal 0.896867 0 -0.4423
    outer loop
      vertex 8.90985 9.77487 -4.19637
      vertex 9.03135 8.37487 -3.95
      vertex 8.90985 8.37487 -4.19637
    endloop
  endfacet
  facet normal -0.831394 2.63412e-05 -0.555683
    outer loop
      vertex 12.516 8.37487 -3.7216
      vertex 12.5458 9.76204 -3.76612
      vertex 12.6687 9.7376 -3.95
    endloop
  endfacet
  facet normal -0.831322 0 -0.555792
    outer loop
      vertex 12.516 8.37487 -3.7216
      vertex 12.6687 9.7376 -3.95
      vertex 12.6687 8.37487 -3.95
    endloop
  endfacet
  facet normal -0.831015 0 -0.55625
    outer loop
      vertex 12.5458 9.76204 -3.76612
      vertex 12.516 8.37487 -3.7216
      vertex 12.516 9.76398 -3.7216
    endloop
  endfacet
  facet normal 0.442256 0 0.896889
    outer loop
      vertex 9.8 9.77487 -6.81865
      vertex 10.0464 8.37487 -6.94015
      vertex 10.0464 9.77487 -6.94015
    endloop
  endfacet
  facet normal 0.442256 0 0.896889
    outer loop
      vertex 10.0464 8.37487 -6.94015
      vertex 9.8 9.77487 -6.81865
      vertex 9.8 8.37487 -6.81865
    endloop
  endfacet
  facet normal 0.751827 -0 0.65936
    outer loop
      vertex 9.18396 8.37487 -6.2784
      vertex 9.36508 9.77487 -6.48492
      vertex 9.18396 9.77487 -6.2784
    endloop
  endfacet
  facet normal 0.751827 0 0.65936
    outer loop
      vertex 9.36508 9.77487 -6.48492
      vertex 9.18396 8.37487 -6.2784
      vertex 9.36508 8.37487 -6.48492
    endloop
  endfacet
  facet normal -0.659396 0 -0.751796
    outer loop
      vertex 12.1284 8.37487 -3.33396
      vertex 12.3349 9.77487 -3.51508
      vertex 12.3349 8.37487 -3.51508
    endloop
  endfacet
  facet normal -0.659396 0 -0.751796
    outer loop
      vertex 12.3349 9.77487 -3.51508
      vertex 12.1284 8.37487 -3.33396
      vertex 12.1284 9.77487 -3.33396
    endloop
  endfacet
  facet normal 0.946936 0 -0.321422
    outer loop
      vertex 8.90985 8.37487 -4.19637
      vertex 8.82156 9.77487 -4.45648
      vertex 8.90985 9.77487 -4.19637
    endloop
  endfacet
  facet normal 0.946936 0 -0.321422
    outer loop
      vertex 8.82156 9.77487 -4.45648
      vertex 8.90985 8.37487 -4.19637
      vertex 8.82156 8.37487 -4.45648
    endloop
  endfacet
  facet normal 0.0654196 0 -0.997858
    outer loop
      vertex 10.5759 8.37487 -2.91797
      vertex 10.85 9.77487 -2.9
      vertex 10.85 8.37487 -2.9
    endloop
  endfacet
  facet normal 0.0654196 0 -0.997858
    outer loop
      vertex 10.85 9.77487 -2.9
      vertex 10.5759 8.37487 -2.91797
      vertex 10.5759 9.77487 -2.91797
    endloop
  endfacet
  facet normal 0.195101 0 0.980783
    outer loop
      vertex 10.3065 9.77487 -7.02844
      vertex 10.5759 8.37487 -7.08203
      vertex 10.5759 9.77487 -7.08203
    endloop
  endfacet
  facet normal 0.195101 0 0.980783
    outer loop
      vertex 10.5759 8.37487 -7.08203
      vertex 10.3065 9.77487 -7.02844
      vertex 10.3065 8.37487 -7.02844
    endloop
  endfacet
  facet normal 0.980786 0 -0.195087
    outer loop
      vertex 8.82156 8.37487 -4.45648
      vertex 8.76797 9.77487 -4.7259
      vertex 8.82156 9.77487 -4.45648
    endloop
  endfacet
  facet normal 0.980786 0 -0.195087
    outer loop
      vertex 8.76797 9.77487 -4.7259
      vertex 8.82156 8.37487 -4.45648
      vertex 8.76797 8.37487 -4.7259
    endloop
  endfacet
  facet normal 0.997858 0 -0.0654196
    outer loop
      vertex 8.76797 8.37487 -4.7259
      vertex 8.75 9.77487 -5
      vertex 8.76797 9.77487 -4.7259
    endloop
  endfacet
  facet normal 0.997858 0 -0.0654196
    outer loop
      vertex 8.75 9.77487 -5
      vertex 8.76797 8.37487 -4.7259
      vertex 8.75 8.37487 -5
    endloop
  endfacet
  facet normal -0.0654196 0 0.997858
    outer loop
      vertex 10.85 9.77487 -7.1
      vertex 11.1241 8.37487 -7.08203
      vertex 11.1241 9.77487 -7.08203
    endloop
  endfacet
  facet normal -0.0654196 0 0.997858
    outer loop
      vertex 11.1241 8.37487 -7.08203
      vertex 10.85 9.77487 -7.1
      vertex 10.85 8.37487 -7.1
    endloop
  endfacet
  facet normal 0.321433 0 -0.946932
    outer loop
      vertex 10.0464 8.37487 -3.05985
      vertex 10.3065 9.77487 -2.97156
      vertex 10.3065 8.37487 -2.97156
    endloop
  endfacet
  facet normal 0.321433 0 -0.946932
    outer loop
      vertex 10.3065 9.77487 -2.97156
      vertex 10.0464 8.37487 -3.05985
      vertex 10.0464 9.77487 -3.05985
    endloop
  endfacet
  facet normal -0.555565 0 -0.831473
    outer loop
      vertex 11.9 8.37487 -3.18135
      vertex 12.1284 9.77487 -3.33396
      vertex 12.1284 8.37487 -3.33396
    endloop
  endfacet
  facet normal -0.555565 0 -0.831473
    outer loop
      vertex 12.1284 9.77487 -3.33396
      vertex 11.9 8.37487 -3.18135
      vertex 11.9 9.77487 -3.18135
    endloop
  endfacet
  facet normal -0.946925 0 -0.321454
    outer loop
      vertex 12.7901 8.37487 -4.19637
      vertex 12.8784 9.67616 -4.45648
      vertex 12.8784 8.37487 -4.45648
    endloop
  endfacet
  facet normal -0.946925 0 -0.321454
    outer loop
      vertex 12.8784 9.67616 -4.45648
      vertex 12.7901 8.37487 -4.19637
      vertex 12.7901 9.70613 -4.19637
    endloop
  endfacet
  facet normal 0.896867 -0 0.4423
    outer loop
      vertex 8.90985 8.37487 -5.80363
      vertex 9.03135 9.77487 -6.05
      vertex 8.90985 9.77487 -5.80363
    endloop
  endfacet
  facet normal 0.896867 0 0.4423
    outer loop
      vertex 9.03135 9.77487 -6.05
      vertex 8.90985 8.37487 -5.80363
      vertex 9.03135 8.37487 -6.05
    endloop
  endfacet
  facet normal 0.831473 -0 0.555565
    outer loop
      vertex 9.03135 8.37487 -6.05
      vertex 9.18396 9.77487 -6.2784
      vertex 9.03135 9.77487 -6.05
    endloop
  endfacet
  facet normal 0.831473 0 0.555565
    outer loop
      vertex 9.18396 9.77487 -6.2784
      vertex 9.03135 8.37487 -6.05
      vertex 9.18396 8.37487 -6.2784
    endloop
  endfacet
  facet normal 0.751827 0 -0.65936
    outer loop
      vertex 9.36508 8.37487 -3.51508
      vertex 9.18396 9.77487 -3.7216
      vertex 9.36508 9.77487 -3.51508
    endloop
  endfacet
  facet normal 0.751827 0 -0.65936
    outer loop
      vertex 9.18396 9.77487 -3.7216
      vertex 9.36508 8.37487 -3.51508
      vertex 9.18396 8.37487 -3.7216
    endloop
  endfacet
  facet normal 0.980786 -0 0.195087
    outer loop
      vertex 8.76797 8.37487 -5.2741
      vertex 8.82156 9.77487 -5.54352
      vertex 8.76797 9.77487 -5.2741
    endloop
  endfacet
  facet normal 0.980786 0 0.195087
    outer loop
      vertex 8.82156 9.77487 -5.54352
      vertex 8.76797 8.37487 -5.2741
      vertex 8.82156 8.37487 -5.54352
    endloop
  endfacet
  facet normal 0.946936 -0 0.321422
    outer loop
      vertex 8.82156 8.37487 -5.54352
      vertex 8.90985 9.77487 -5.80363
      vertex 8.82156 9.77487 -5.54352
    endloop
  endfacet
  facet normal 0.946936 0 0.321422
    outer loop
      vertex 8.90985 9.77487 -5.80363
      vertex 8.82156 8.37487 -5.54352
      vertex 8.90985 8.37487 -5.80363
    endloop
  endfacet
  facet normal 0 1 0
    outer loop
      vertex 10.85 8.37487 -3.8
      vertex 10.85 8.37487 -2.9
      vertex 11.1241 8.37487 -2.91797
    endloop
  endfacet
  facet normal 0 1 0
    outer loop
      vertex 11.0066 8.37487 -3.81027
      vertex 11.1241 8.37487 -2.91797
      vertex 11.3935 8.37487 -2.97156
    endloop
  endfacet
  facet normal 0 1 0
    outer loop
      vertex 10.85 8.37487 -2.9
      vertex 10.85 8.37487 -3.8
      vertex 10.5759 8.37487 -2.91797
    endloop
  endfacet
  facet normal 0 1 0
    outer loop
      vertex 11.1606 8.37487 -3.84089
      vertex 11.3935 8.37487 -2.97156
      vertex 11.6536 8.37487 -3.05985
    endloop
  endfacet
  facet normal 0 1 -0
    outer loop
      vertex 10.6934 8.37487 -3.81027
      vertex 10.5759 8.37487 -2.91797
      vertex 10.85 8.37487 -3.8
    endloop
  endfacet
  facet normal 0 1 0
    outer loop
      vertex 11.3092 8.37487 -3.89135
      vertex 11.6536 8.37487 -3.05985
      vertex 11.9 8.37487 -3.18135
    endloop
  endfacet
  facet normal 0 1 0
    outer loop
      vertex 10.5759 8.37487 -2.91797
      vertex 10.6934 8.37487 -3.81027
      vertex 10.3065 8.37487 -2.97156
    endloop
  endfacet
  facet normal 0 1 0
    outer loop
      vertex 11.45 8.37487 -3.96077
      vertex 11.9 8.37487 -3.18135
      vertex 12.1284 8.37487 -3.33396
    endloop
  endfacet
  facet normal 0 1 -0
    outer loop
      vertex 10.5394 8.37487 -3.84089
      vertex 10.3065 8.37487 -2.97156
      vertex 10.6934 8.37487 -3.81027
    endloop
  endfacet
  facet normal 0 1 0
    outer loop
      vertex 11.5805 8.37487 -4.04798
      vertex 12.1284 8.37487 -3.33396
      vertex 12.3349 8.37487 -3.51508
    endloop
  endfacet
  facet normal 0 1 0
    outer loop
      vertex 10.3065 8.37487 -2.97156
      vertex 10.5394 8.37487 -3.84089
      vertex 10.0464 8.37487 -3.05985
    endloop
  endfacet
  facet normal 0 1 0
    outer loop
      vertex 11.6985 8.37487 -4.15147
      vertex 12.3349 8.37487 -3.51508
      vertex 12.516 8.37487 -3.7216
    endloop
  endfacet
  facet normal 0 1 -0
    outer loop
      vertex 10.3908 8.37487 -3.89135
      vertex 10.0464 8.37487 -3.05985
      vertex 10.5394 8.37487 -3.84089
    endloop
  endfacet
  facet normal 0 1 0
    outer loop
      vertex 10.0464 8.37487 -3.05985
      vertex 10.3908 8.37487 -3.89135
      vertex 9.8 8.37487 -3.18135
    endloop
  endfacet
  facet normal 0 1 0
    outer loop
      vertex 11.1241 8.37487 -2.91797
      vertex 11.0066 8.37487 -3.81027
      vertex 10.85 8.37487 -3.8
    endloop
  endfacet
  facet normal 0 1 0
    outer loop
      vertex 11.3935 8.37487 -2.97156
      vertex 11.1606 8.37487 -3.84089
      vertex 11.0066 8.37487 -3.81027
    endloop
  endfacet
  facet normal 0 1 0
    outer loop
      vertex 11.6536 8.37487 -3.05985
      vertex 11.3092 8.37487 -3.89135
      vertex 11.1606 8.37487 -3.84089
    endloop
  endfacet
  facet normal 0 1 0
    outer loop
      vertex 11.802 8.37487 -4.26949
      vertex 12.516 8.37487 -3.7216
      vertex 12.6687 8.37487 -3.95
    endloop
  endfacet
  facet normal 0 1 0
    outer loop
      vertex 11.9 8.37487 -3.18135
      vertex 11.45 8.37487 -3.96077
      vertex 11.3092 8.37487 -3.89135
    endloop
  endfacet
  facet normal 0 1 0
    outer loop
      vertex 12.1284 8.37487 -3.33396
      vertex 11.5805 8.37487 -4.04798
      vertex 11.45 8.37487 -3.96077
    endloop
  endfacet
  facet normal 0 1 0
    outer loop
      vertex 12.3349 8.37487 -3.51508
      vertex 11.6985 8.37487 -4.15147
      vertex 11.5805 8.37487 -4.04798
    endloop
  endfacet
  facet normal 0 1 0
    outer loop
      vertex 11.8892 8.37487 -4.4
      vertex 12.6687 8.37487 -3.95
      vertex 12.7901 8.37487 -4.19637
    endloop
  endfacet
  facet normal 0 1 0
    outer loop
      vertex 12.516 8.37487 -3.7216
      vertex 11.802 8.37487 -4.26949
      vertex 11.6985 8.37487 -4.15147
    endloop
  endfacet
  facet normal 0 1 0
    outer loop
      vertex 12.6687 8.37487 -3.95
      vertex 11.8892 8.37487 -4.4
      vertex 11.802 8.37487 -4.26949
    endloop
  endfacet
  facet normal 0 1 0
    outer loop
      vertex 11.9587 8.37487 -4.54078
      vertex 12.7901 8.37487 -4.19637
      vertex 12.8784 8.37487 -4.45648
    endloop
  endfacet
  facet normal 0 1 0
    outer loop
      vertex 12.7901 8.37487 -4.19637
      vertex 11.9587 8.37487 -4.54078
      vertex 11.8892 8.37487 -4.4
    endloop
  endfacet
  facet normal 0 1 0
    outer loop
      vertex 12.8784 8.37487 -4.45648
      vertex 12.0091 8.37487 -4.68942
      vertex 11.9587 8.37487 -4.54078
    endloop
  endfacet
  facet normal 0 1 0
    outer loop
      vertex 12.932 8.37487 -4.7259
      vertex 12.0091 8.37487 -4.68942
      vertex 12.8784 8.37487 -4.45648
    endloop
  endfacet
  facet normal 0 1 0
    outer loop
      vertex 12.932 8.37487 -4.7259
      vertex 12.0397 8.37487 -4.84337
      vertex 12.0091 8.37487 -4.68942
    endloop
  endfacet
  facet normal 0 1 0
    outer loop
      vertex 12.95 8.37487 -5
      vertex 12.0397 8.37487 -4.84337
      vertex 12.932 8.37487 -4.7259
    endloop
  endfacet
  facet normal 0 1 0
    outer loop
      vertex 12.95 8.37487 -5
      vertex 12.05 8.37487 -5
      vertex 12.0397 8.37487 -4.84337
    endloop
  endfacet
  facet normal 0 1 0
    outer loop
      vertex 12.95 8.37487 -5
      vertex 12.0397 8.37487 -5.15663
      vertex 12.05 8.37487 -5
    endloop
  endfacet
  facet normal 0 1 -0
    outer loop
      vertex 12.932 8.37487 -5.2741
      vertex 12.0397 8.37487 -5.15663
      vertex 12.95 8.37487 -5
    endloop
  endfacet
  facet normal 0 1 0
    outer loop
      vertex 12.932 8.37487 -5.2741
      vertex 12.0091 8.37487 -5.31058
      vertex 12.0397 8.37487 -5.15663
    endloop
  endfacet
  facet normal 0 1 -0
    outer loop
      vertex 12.8784 8.37487 -5.54352
      vertex 12.0091 8.37487 -5.31058
      vertex 12.932 8.37487 -5.2741
    endloop
  endfacet
  facet normal 0 1 0
    outer loop
      vertex 12.0091 8.37487 -5.31058
      vertex 12.8784 8.37487 -5.54352
      vertex 11.9587 8.37487 -5.45922
    endloop
  endfacet
  facet normal 0 1 -0
    outer loop
      vertex 12.7901 8.37487 -5.80363
      vertex 11.9587 8.37487 -5.45922
      vertex 12.8784 8.37487 -5.54352
    endloop
  endfacet
  facet normal 0 1 0
    outer loop
      vertex 11.9587 8.37487 -5.45922
      vertex 12.7901 8.37487 -5.80363
      vertex 11.8892 8.37487 -5.6
    endloop
  endfacet
  facet normal 0 1 -0
    outer loop
      vertex 12.6687 8.37487 -6.05
      vertex 11.8892 8.37487 -5.6
      vertex 12.7901 8.37487 -5.80363
    endloop
  endfacet
  facet normal 0 1 0
    outer loop
      vertex 11.8892 8.37487 -5.6
      vertex 12.6687 8.37487 -6.05
      vertex 11.802 8.37487 -5.73051
    endloop
  endfacet
  facet normal 0 1 -0
    outer loop
      vertex 12.516 8.37487 -6.2784
      vertex 11.802 8.37487 -5.73051
      vertex 12.6687 8.37487 -6.05
    endloop
  endfacet
  facet normal 0 1 0
    outer loop
      vertex 11.802 8.37487 -5.73051
      vertex 12.516 8.37487 -6.2784
      vertex 11.6985 8.37487 -5.84853
    endloop
  endfacet
  facet normal 0 1 -0
    outer loop
      vertex 12.3349 8.37487 -6.48492
      vertex 11.6985 8.37487 -5.84853
      vertex 12.516 8.37487 -6.2784
    endloop
  endfacet
  facet normal 0 1 0
    outer loop
      vertex 11.6985 8.37487 -5.84853
      vertex 12.3349 8.37487 -6.48492
      vertex 11.5805 8.37487 -5.95202
    endloop
  endfacet
  facet normal 0 1 -0
    outer loop
      vertex 12.1284 8.37487 -6.66604
      vertex 11.5805 8.37487 -5.95202
      vertex 12.3349 8.37487 -6.48492
    endloop
  endfacet
  facet normal 0 1 0
    outer loop
      vertex 11.5805 8.37487 -5.95202
      vertex 12.1284 8.37487 -6.66604
      vertex 11.45 8.37487 -6.03923
    endloop
  endfacet
  facet normal 0 1 0
    outer loop
      vertex 11.45 8.37487 -6.03923
      vertex 11.9 8.37487 -6.81865
      vertex 11.3092 8.37487 -6.10865
    endloop
  endfacet
  facet normal 0 1 -0
    outer loop
      vertex 11.9 8.37487 -6.81865
      vertex 11.45 8.37487 -6.03923
      vertex 12.1284 8.37487 -6.66604
    endloop
  endfacet
  facet normal 0 1 -0
    outer loop
      vertex 10.25 8.37487 -3.96077
      vertex 9.8 8.37487 -3.18135
      vertex 10.3908 8.37487 -3.89135
    endloop
  endfacet
  facet normal 0 1 0
    outer loop
      vertex 9.8 8.37487 -3.18135
      vertex 10.25 8.37487 -3.96077
      vertex 9.5716 8.37487 -3.33396
    endloop
  endfacet
  facet normal 0 1 -0
    outer loop
      vertex 10.1195 8.37487 -4.04798
      vertex 9.5716 8.37487 -3.33396
      vertex 10.25 8.37487 -3.96077
    endloop
  endfacet
  facet normal 0 1 0
    outer loop
      vertex 9.5716 8.37487 -3.33396
      vertex 10.1195 8.37487 -4.04798
      vertex 9.36508 8.37487 -3.51508
    endloop
  endfacet
  facet normal 0 1 -0
    outer loop
      vertex 10.0015 8.37487 -4.15147
      vertex 9.36508 8.37487 -3.51508
      vertex 10.1195 8.37487 -4.04798
    endloop
  endfacet
  facet normal 0 1 0
    outer loop
      vertex 9.36508 8.37487 -3.51508
      vertex 10.0015 8.37487 -4.15147
      vertex 9.18396 8.37487 -3.7216
    endloop
  endfacet
  facet normal 0 1 -0
    outer loop
      vertex 9.89798 8.37487 -4.26949
      vertex 9.18396 8.37487 -3.7216
      vertex 10.0015 8.37487 -4.15147
    endloop
  endfacet
  facet normal 0 1 0
    outer loop
      vertex 9.18396 8.37487 -3.7216
      vertex 9.89798 8.37487 -4.26949
      vertex 9.03135 8.37487 -3.95
    endloop
  endfacet
  facet normal 0 1 -0
    outer loop
      vertex 9.81077 8.37487 -4.4
      vertex 9.03135 8.37487 -3.95
      vertex 9.89798 8.37487 -4.26949
    endloop
  endfacet
  facet normal 0 1 0
    outer loop
      vertex 9.03135 8.37487 -3.95
      vertex 9.81077 8.37487 -4.4
      vertex 8.90985 8.37487 -4.19637
    endloop
  endfacet
  facet normal 0 1 -0
    outer loop
      vertex 9.74135 8.37487 -4.54078
      vertex 8.90985 8.37487 -4.19637
      vertex 9.81077 8.37487 -4.4
    endloop
  endfacet
  facet normal 0 1 0
    outer loop
      vertex 8.90985 8.37487 -4.19637
      vertex 9.74135 8.37487 -4.54078
      vertex 8.82156 8.37487 -4.45648
    endloop
  endfacet
  facet normal 0 1 -0
    outer loop
      vertex 9.69089 8.37487 -4.68942
      vertex 8.82156 8.37487 -4.45648
      vertex 9.74135 8.37487 -4.54078
    endloop
  endfacet
  facet normal 0 1 0
    outer loop
      vertex 9.69089 8.37487 -4.68942
      vertex 8.76797 8.37487 -4.7259
      vertex 8.82156 8.37487 -4.45648
    endloop
  endfacet
  facet normal 0 1 -0
    outer loop
      vertex 9.66027 8.37487 -4.84337
      vertex 8.76797 8.37487 -4.7259
      vertex 9.69089 8.37487 -4.68942
    endloop
  endfacet
  facet normal 0 1 -0
    outer loop
      vertex 9.65 8.37487 -5
      vertex 8.76797 8.37487 -4.7259
      vertex 9.66027 8.37487 -4.84337
    endloop
  endfacet
  facet normal 0 1 0
    outer loop
      vertex 9.65 8.37487 -5
      vertex 8.75 8.37487 -5
      vertex 8.76797 8.37487 -4.7259
    endloop
  endfacet
  facet normal 0 1 0
    outer loop
      vertex 9.66027 8.37487 -5.15663
      vertex 8.75 8.37487 -5
      vertex 9.65 8.37487 -5
    endloop
  endfacet
  facet normal 0 1 0
    outer loop
      vertex 9.66027 8.37487 -5.15663
      vertex 8.76797 8.37487 -5.2741
      vertex 8.75 8.37487 -5
    endloop
  endfacet
  facet normal 0 1 0
    outer loop
      vertex 9.69089 8.37487 -5.31058
      vertex 8.76797 8.37487 -5.2741
      vertex 9.66027 8.37487 -5.15663
    endloop
  endfacet
  facet normal 0 1 0
    outer loop
      vertex 8.82156 8.37487 -5.54352
      vertex 9.69089 8.37487 -5.31058
      vertex 9.74135 8.37487 -5.45922
    endloop
  endfacet
  facet normal 0 1 0
    outer loop
      vertex 9.69089 8.37487 -5.31058
      vertex 8.82156 8.37487 -5.54352
      vertex 8.76797 8.37487 -5.2741
    endloop
  endfacet
  facet normal 0 1 0
    outer loop
      vertex 8.90985 8.37487 -5.80363
      vertex 9.74135 8.37487 -5.45922
      vertex 9.81077 8.37487 -5.6
    endloop
  endfacet
  facet normal 0 1 0
    outer loop
      vertex 9.03135 8.37487 -6.05
      vertex 9.81077 8.37487 -5.6
      vertex 9.89798 8.37487 -5.73051
    endloop
  endfacet
  facet normal 0 1 0
    outer loop
      vertex 9.74135 8.37487 -5.45922
      vertex 8.90985 8.37487 -5.80363
      vertex 8.82156 8.37487 -5.54352
    endloop
  endfacet
  facet normal 0 1 0
    outer loop
      vertex 9.18396 8.37487 -6.2784
      vertex 9.89798 8.37487 -5.73051
      vertex 10.0015 8.37487 -5.84853
    endloop
  endfacet
  facet normal 0 1 0
    outer loop
      vertex 9.36508 8.37487 -6.48492
      vertex 10.0015 8.37487 -5.84853
      vertex 10.1195 8.37487 -5.95202
    endloop
  endfacet
  facet normal 0 1 0
    outer loop
      vertex 9.5716 8.37487 -6.66604
      vertex 10.1195 8.37487 -5.95202
      vertex 10.25 8.37487 -6.03923
    endloop
  endfacet
  facet normal 0 1 0
    outer loop
      vertex 9.81077 8.37487 -5.6
      vertex 9.03135 8.37487 -6.05
      vertex 8.90985 8.37487 -5.80363
    endloop
  endfacet
  facet normal 0 1 0
    outer loop
      vertex 9.8 8.37487 -6.81865
      vertex 10.25 8.37487 -6.03923
      vertex 10.3908 8.37487 -6.10865
    endloop
  endfacet
  facet normal 0 1 0
    outer loop
      vertex 10.0464 8.37487 -6.94015
      vertex 10.3908 8.37487 -6.10865
      vertex 10.5394 8.37487 -6.15911
    endloop
  endfacet
  facet normal 0 1 0
    outer loop
      vertex 10.3065 8.37487 -7.02844
      vertex 10.5394 8.37487 -6.15911
      vertex 10.6934 8.37487 -6.18973
    endloop
  endfacet
  facet normal 0 1 0
    outer loop
      vertex 9.89798 8.37487 -5.73051
      vertex 9.18396 8.37487 -6.2784
      vertex 9.03135 8.37487 -6.05
    endloop
  endfacet
  facet normal 0 1 0
    outer loop
      vertex 10.5759 8.37487 -7.08203
      vertex 10.6934 8.37487 -6.18973
      vertex 10.85 8.37487 -6.2
    endloop
  endfacet
  facet normal 0 1 -0
    outer loop
      vertex 11.6536 8.37487 -6.94015
      vertex 11.3092 8.37487 -6.10865
      vertex 11.9 8.37487 -6.81865
    endloop
  endfacet
  facet normal 0 1 0
    outer loop
      vertex 11.3092 8.37487 -6.10865
      vertex 11.6536 8.37487 -6.94015
      vertex 11.1606 8.37487 -6.15911
    endloop
  endfacet
  facet normal 0 1 0
    outer loop
      vertex 10.0015 8.37487 -5.84853
      vertex 9.36508 8.37487 -6.48492
      vertex 9.18396 8.37487 -6.2784
    endloop
  endfacet
  facet normal 0 1 -0
    outer loop
      vertex 11.3935 8.37487 -7.02844
      vertex 11.1606 8.37487 -6.15911
      vertex 11.6536 8.37487 -6.94015
    endloop
  endfacet
  facet normal 0 1 0
    outer loop
      vertex 10.1195 8.37487 -5.95202
      vertex 9.5716 8.37487 -6.66604
      vertex 9.36508 8.37487 -6.48492
    endloop
  endfacet
  facet normal 0 1 0
    outer loop
      vertex 11.1606 8.37487 -6.15911
      vertex 11.3935 8.37487 -7.02844
      vertex 11.0066 8.37487 -6.18973
    endloop
  endfacet
  facet normal 0 1 0
    outer loop
      vertex 10.25 8.37487 -6.03923
      vertex 9.8 8.37487 -6.81865
      vertex 9.5716 8.37487 -6.66604
    endloop
  endfacet
  facet normal 0 1 -0
    outer loop
      vertex 11.1241 8.37487 -7.08203
      vertex 11.0066 8.37487 -6.18973
      vertex 11.3935 8.37487 -7.02844
    endloop
  endfacet
  facet normal 0 1 0
    outer loop
      vertex 10.3908 8.37487 -6.10865
      vertex 10.0464 8.37487 -6.94015
      vertex 9.8 8.37487 -6.81865
    endloop
  endfacet
  facet normal 0 1 0
    outer loop
      vertex 11.0066 8.37487 -6.18973
      vertex 11.1241 8.37487 -7.08203
      vertex 10.85 8.37487 -6.2
    endloop
  endfacet
  facet normal 0 1 0
    outer loop
      vertex 10.5394 8.37487 -6.15911
      vertex 10.3065 8.37487 -7.02844
      vertex 10.0464 8.37487 -6.94015
    endloop
  endfacet
  facet normal 0 1 0
    outer loop
      vertex 10.85 8.37487 -7.1
      vertex 10.85 8.37487 -6.2
      vertex 11.1241 8.37487 -7.08203
    endloop
  endfacet
  facet normal 0 1 0
    outer loop
      vertex 10.6934 8.37487 -6.18973
      vertex 10.5759 8.37487 -7.08203
      vertex 10.3065 8.37487 -7.02844
    endloop
  endfacet
  facet normal 0 1 0
    outer loop
      vertex 10.85 8.37487 -6.2
      vertex 10.85 8.37487 -7.1
      vertex 10.5759 8.37487 -7.08203
    endloop
  endfacet
  facet normal 0.195101 0 -0.980783
    outer loop
      vertex 10.3065 8.37487 -2.97156
      vertex 10.5759 9.77487 -2.91797
      vertex 10.5759 8.37487 -2.91797
    endloop
  endfacet
  facet normal 0.195101 0 -0.980783
    outer loop
      vertex 10.5759 9.77487 -2.91797
      vertex 10.3065 8.37487 -2.97156
      vertex 10.3065 9.77487 -2.97156
    endloop
  endfacet
  facet normal 0.442256 0 -0.896889
    outer loop
      vertex 9.8 8.37487 -3.18135
      vertex 10.0464 9.77487 -3.05985
      vertex 10.0464 8.37487 -3.05985
    endloop
  endfacet
  facet normal 0.442256 0 -0.896889
    outer loop
      vertex 10.0464 9.77487 -3.05985
      vertex 9.8 8.37487 -3.18135
      vertex 9.8 9.77487 -3.18135
    endloop
  endfacet
endsolid OpenSCAD_Model
