solid OpenSCAD_Model
  facet normal 0.941489 -0.337044 0
    outer loop
      vertex -24.7833 -11.4501 1.6
      vertex -24.732 -11.3068 0
      vertex -24.732 -11.3068 1.6
    endloop
  endfacet
  facet normal 0.941489 -0.337044 0
    outer loop
      vertex -24.732 -11.3068 0
      vertex -24.7833 -11.4501 1.6
      vertex -24.7833 -11.4501 0
    endloop
  endfacet
  facet normal -0.9892 -0.146572 0
    outer loop
      vertex -21.7575 -11.7481 0
      vertex -21.7798 -11.5976 1.6
      vertex -21.7798 -11.5976 0
    endloop
  endfacet
  facet normal -0.9892 -0.146572 0
    outer loop
      vertex -21.7798 -11.5976 1.6
      vertex -21.7575 -11.7481 0
      vertex -21.7575 -11.7481 1.6
    endloop
  endfacet
  facet normal -0.998783 -0.0493145 0
    outer loop
      vertex -21.75 -11.9 0
      vertex -21.7575 -11.7481 1.6
      vertex -21.7575 -11.7481 0
    endloop
  endfacet
  facet normal -0.998783 -0.0493145 0
    outer loop
      vertex -21.7575 -11.7481 1.6
      vertex -21.75 -11.9 0
      vertex -21.75 -11.9 1.6
    endloop
  endfacet
  facet normal -0.970104 -0.24269 0
    outer loop
      vertex -21.7798 -11.5976 0
      vertex -21.8167 -11.4501 1.6
      vertex -21.8167 -11.4501 0
    endloop
  endfacet
  facet normal -0.970104 -0.24269 0
    outer loop
      vertex -21.8167 -11.4501 1.6
      vertex -21.7798 -11.5976 0
      vertex -21.7798 -11.5976 1.6
    endloop
  endfacet
  facet normal -0.514302 -0.857609 0
    outer loop
      vertex -22.5693 -10.533 0
      vertex -22.4389 -10.6112 1.6
      vertex -22.5693 -10.533 1.6
    endloop
  endfacet
  facet normal -0.514302 -0.857609 -0
    outer loop
      vertex -22.4389 -10.6112 1.6
      vertex -22.5693 -10.533 0
      vertex -22.4389 -10.6112 0
    endloop
  endfacet
  facet normal 0.904072 -0.42738 0
    outer loop
      vertex -24.732 -11.3068 1.6
      vertex -24.667 -11.1693 0
      vertex -24.667 -11.1693 1.6
    endloop
  endfacet
  facet normal 0.904072 -0.42738 0
    outer loop
      vertex -24.667 -11.1693 0
      vertex -24.732 -11.3068 1.6
      vertex -24.732 -11.3068 0
    endloop
  endfacet
  facet normal -0.998783 0.0493145 0
    outer loop
      vertex -21.7575 -12.0519 0
      vertex -21.75 -11.9 1.6
      vertex -21.75 -11.9 0
    endloop
  endfacet
  facet normal -0.998783 0.0493145 0
    outer loop
      vertex -21.75 -11.9 1.6
      vertex -21.7575 -12.0519 0
      vertex -21.7575 -12.0519 1.6
    endloop
  endfacet
  facet normal -0.24269 0.970104 0
    outer loop
      vertex -22.8501 -13.3833 0
      vertex -22.9976 -13.4202 1.6
      vertex -22.8501 -13.3833 1.6
    endloop
  endfacet
  facet normal -0.24269 0.970104 0
    outer loop
      vertex -22.9976 -13.4202 1.6
      vertex -22.8501 -13.3833 0
      vertex -22.9976 -13.4202 0
    endloop
  endfacet
  facet normal -0.514302 0.857609 0
    outer loop
      vertex -22.4389 -13.1888 0
      vertex -22.5693 -13.267 1.6
      vertex -22.4389 -13.1888 1.6
    endloop
  endfacet
  facet normal -0.514302 0.857609 0
    outer loop
      vertex -22.5693 -13.267 1.6
      vertex -22.4389 -13.1888 0
      vertex -22.5693 -13.267 0
    endloop
  endfacet
  facet normal -0.0493145 0.998783 0
    outer loop
      vertex -23.1481 -13.4425 0
      vertex -23.3 -13.45 1.6
      vertex -23.1481 -13.4425 1.6
    endloop
  endfacet
  facet normal -0.0493145 0.998783 0
    outer loop
      vertex -23.3 -13.45 1.6
      vertex -23.1481 -13.4425 0
      vertex -23.3 -13.45 0
    endloop
  endfacet
  facet normal -0.146572 -0.9892 0
    outer loop
      vertex -23.1481 -10.3575 0
      vertex -22.9976 -10.3798 1.6
      vertex -23.1481 -10.3575 1.6
    endloop
  endfacet
  facet normal -0.146572 -0.9892 -0
    outer loop
      vertex -22.9976 -10.3798 1.6
      vertex -23.1481 -10.3575 0
      vertex -22.9976 -10.3798 0
    endloop
  endfacet
  facet normal -0.42738 0.904072 0
    outer loop
      vertex -22.5693 -13.267 0
      vertex -22.7068 -13.332 1.6
      vertex -22.5693 -13.267 1.6
    endloop
  endfacet
  facet normal -0.42738 0.904072 0
    outer loop
      vertex -22.7068 -13.332 1.6
      vertex -22.5693 -13.267 0
      vertex -22.7068 -13.332 0
    endloop
  endfacet
  facet normal 0.803301 -0.595573 0
    outer loop
      vertex -24.5888 -11.0389 1.6
      vertex -24.4982 -10.9167 0
      vertex -24.4982 -10.9167 1.6
    endloop
  endfacet
  facet normal 0.803301 -0.595573 0
    outer loop
      vertex -24.4982 -10.9167 0
      vertex -24.5888 -11.0389 1.6
      vertex -24.5888 -11.0389 0
    endloop
  endfacet
  facet normal 0.24269 0.970104 -0
    outer loop
      vertex -23.6024 -13.4202 0
      vertex -23.7499 -13.3833 1.6
      vertex -23.6024 -13.4202 1.6
    endloop
  endfacet
  facet normal 0.24269 0.970104 0
    outer loop
      vertex -23.7499 -13.3833 1.6
      vertex -23.6024 -13.4202 0
      vertex -23.7499 -13.3833 0
    endloop
  endfacet
  facet normal -0.904072 -0.42738 0
    outer loop
      vertex -21.868 -11.3068 0
      vertex -21.933 -11.1693 1.6
      vertex -21.933 -11.1693 0
    endloop
  endfacet
  facet normal -0.904072 -0.42738 0
    outer loop
      vertex -21.933 -11.1693 1.6
      vertex -21.868 -11.3068 0
      vertex -21.868 -11.3068 1.6
    endloop
  endfacet
  facet normal 0.146572 0.9892 -0
    outer loop
      vertex -23.4519 -13.4425 0
      vertex -23.6024 -13.4202 1.6
      vertex -23.4519 -13.4425 1.6
    endloop
  endfacet
  facet normal 0.146572 0.9892 0
    outer loop
      vertex -23.6024 -13.4202 1.6
      vertex -23.4519 -13.4425 0
      vertex -23.6024 -13.4202 0
    endloop
  endfacet
  facet normal -0.0493145 -0.998783 0
    outer loop
      vertex -23.3 -10.35 0
      vertex -23.1481 -10.3575 1.6
      vertex -23.3 -10.35 1.6
    endloop
  endfacet
  facet normal -0.0493145 -0.998783 -0
    outer loop
      vertex -23.1481 -10.3575 1.6
      vertex -23.3 -10.35 0
      vertex -23.1481 -10.3575 0
    endloop
  endfacet
  facet normal -0.595573 0.803301 0
    outer loop
      vertex -22.3167 -13.0982 0
      vertex -22.4389 -13.1888 1.6
      vertex -22.3167 -13.0982 1.6
    endloop
  endfacet
  facet normal -0.595573 0.803301 0
    outer loop
      vertex -22.4389 -13.1888 1.6
      vertex -22.3167 -13.0982 0
      vertex -22.4389 -13.1888 0
    endloop
  endfacet
  facet normal -0.595573 -0.803301 0
    outer loop
      vertex -22.4389 -10.6112 0
      vertex -22.3167 -10.7018 1.6
      vertex -22.4389 -10.6112 1.6
    endloop
  endfacet
  facet normal -0.595573 -0.803301 -0
    outer loop
      vertex -22.3167 -10.7018 1.6
      vertex -22.4389 -10.6112 0
      vertex -22.3167 -10.7018 0
    endloop
  endfacet
  facet normal -0.803301 0.595573 0
    outer loop
      vertex -22.1018 -12.8833 0
      vertex -22.0112 -12.7611 1.6
      vertex -22.0112 -12.7611 0
    endloop
  endfacet
  facet normal -0.803301 0.595573 0
    outer loop
      vertex -22.0112 -12.7611 1.6
      vertex -22.1018 -12.8833 0
      vertex -22.1018 -12.8833 1.6
    endloop
  endfacet
  facet normal -0.337044 0.941489 0
    outer loop
      vertex -22.7068 -13.332 0
      vertex -22.8501 -13.3833 1.6
      vertex -22.7068 -13.332 1.6
    endloop
  endfacet
  facet normal -0.337044 0.941489 0
    outer loop
      vertex -22.8501 -13.3833 1.6
      vertex -22.7068 -13.332 0
      vertex -22.8501 -13.3833 0
    endloop
  endfacet
  facet normal 0.970104 0.24269 0
    outer loop
      vertex -24.7833 -12.3499 1.6
      vertex -24.8202 -12.2024 0
      vertex -24.8202 -12.2024 1.6
    endloop
  endfacet
  facet normal 0.970104 0.24269 0
    outer loop
      vertex -24.8202 -12.2024 0
      vertex -24.7833 -12.3499 1.6
      vertex -24.7833 -12.3499 0
    endloop
  endfacet
  facet normal -0.803301 -0.595573 0
    outer loop
      vertex -22.0112 -11.0389 0
      vertex -22.1018 -10.9167 1.6
      vertex -22.1018 -10.9167 0
    endloop
  endfacet
  facet normal -0.803301 -0.595573 0
    outer loop
      vertex -22.1018 -10.9167 1.6
      vertex -22.0112 -11.0389 0
      vertex -22.0112 -11.0389 1.6
    endloop
  endfacet
  facet normal 0.42738 -0.904072 0
    outer loop
      vertex -24.0307 -10.533 0
      vertex -23.8932 -10.468 1.6
      vertex -24.0307 -10.533 1.6
    endloop
  endfacet
  facet normal 0.42738 -0.904072 0
    outer loop
      vertex -23.8932 -10.468 1.6
      vertex -24.0307 -10.533 0
      vertex -23.8932 -10.468 0
    endloop
  endfacet
  facet normal 0.146572 -0.9892 0
    outer loop
      vertex -23.6024 -10.3798 0
      vertex -23.4519 -10.3575 1.6
      vertex -23.6024 -10.3798 1.6
    endloop
  endfacet
  facet normal 0.146572 -0.9892 0
    outer loop
      vertex -23.4519 -10.3575 1.6
      vertex -23.6024 -10.3798 0
      vertex -23.4519 -10.3575 0
    endloop
  endfacet
  facet normal 0.337044 -0.941489 0
    outer loop
      vertex -23.8932 -10.468 0
      vertex -23.7499 -10.4167 1.6
      vertex -23.8932 -10.468 1.6
    endloop
  endfacet
  facet normal 0.337044 -0.941489 0
    outer loop
      vertex -23.7499 -10.4167 1.6
      vertex -23.8932 -10.468 0
      vertex -23.7499 -10.4167 0
    endloop
  endfacet
  facet normal -0.146572 0.9892 0
    outer loop
      vertex -22.9976 -13.4202 0
      vertex -23.1481 -13.4425 1.6
      vertex -22.9976 -13.4202 1.6
    endloop
  endfacet
  facet normal -0.146572 0.9892 0
    outer loop
      vertex -23.1481 -13.4425 1.6
      vertex -22.9976 -13.4202 0
      vertex -23.1481 -13.4425 0
    endloop
  endfacet
  facet normal 0.998783 0.0493145 0
    outer loop
      vertex -24.8425 -12.0519 1.6
      vertex -24.85 -11.9 0
      vertex -24.85 -11.9 1.6
    endloop
  endfacet
  facet normal 0.998783 0.0493145 0
    outer loop
      vertex -24.85 -11.9 0
      vertex -24.8425 -12.0519 1.6
      vertex -24.8425 -12.0519 0
    endloop
  endfacet
  facet normal -0.941489 -0.337044 0
    outer loop
      vertex -21.8167 -11.4501 0
      vertex -21.868 -11.3068 1.6
      vertex -21.868 -11.3068 0
    endloop
  endfacet
  facet normal -0.941489 -0.337044 0
    outer loop
      vertex -21.868 -11.3068 1.6
      vertex -21.8167 -11.4501 0
      vertex -21.8167 -11.4501 1.6
    endloop
  endfacet
  facet normal -0.671756 -0.740772 0
    outer loop
      vertex -22.3167 -10.7018 0
      vertex -22.204 -10.804 1.6
      vertex -22.3167 -10.7018 1.6
    endloop
  endfacet
  facet normal -0.671756 -0.740772 -0
    outer loop
      vertex -22.204 -10.804 1.6
      vertex -22.3167 -10.7018 0
      vertex -22.204 -10.804 0
    endloop
  endfacet
  facet normal -0.970104 0.24269 0
    outer loop
      vertex -21.8167 -12.3499 0
      vertex -21.7798 -12.2024 1.6
      vertex -21.7798 -12.2024 0
    endloop
  endfacet
  facet normal -0.970104 0.24269 0
    outer loop
      vertex -21.7798 -12.2024 1.6
      vertex -21.8167 -12.3499 0
      vertex -21.8167 -12.3499 1.6
    endloop
  endfacet
  facet normal 0.740772 0.671756 0
    outer loop
      vertex -24.396 -12.996 1.6
      vertex -24.4982 -12.8833 0
      vertex -24.4982 -12.8833 1.6
    endloop
  endfacet
  facet normal 0.740772 0.671756 0
    outer loop
      vertex -24.4982 -12.8833 0
      vertex -24.396 -12.996 1.6
      vertex -24.396 -12.996 0
    endloop
  endfacet
  facet normal 0.9892 -0.146572 0
    outer loop
      vertex -24.8425 -11.7481 1.6
      vertex -24.8202 -11.5976 0
      vertex -24.8202 -11.5976 1.6
    endloop
  endfacet
  facet normal 0.9892 -0.146572 0
    outer loop
      vertex -24.8202 -11.5976 0
      vertex -24.8425 -11.7481 1.6
      vertex -24.8425 -11.7481 0
    endloop
  endfacet
  facet normal -0.337044 -0.941489 0
    outer loop
      vertex -22.8501 -10.4167 0
      vertex -22.7068 -10.468 1.6
      vertex -22.8501 -10.4167 1.6
    endloop
  endfacet
  facet normal -0.337044 -0.941489 -0
    outer loop
      vertex -22.7068 -10.468 1.6
      vertex -22.8501 -10.4167 0
      vertex -22.7068 -10.468 0
    endloop
  endfacet
  facet normal 0.514302 -0.857609 0
    outer loop
      vertex -24.1611 -10.6112 0
      vertex -24.0307 -10.533 1.6
      vertex -24.1611 -10.6112 1.6
    endloop
  endfacet
  facet normal 0.514302 -0.857609 0
    outer loop
      vertex -24.0307 -10.533 1.6
      vertex -24.1611 -10.6112 0
      vertex -24.0307 -10.533 0
    endloop
  endfacet
  facet normal -0.9892 0.146572 0
    outer loop
      vertex -21.7798 -12.2024 0
      vertex -21.7575 -12.0519 1.6
      vertex -21.7575 -12.0519 0
    endloop
  endfacet
  facet normal -0.9892 0.146572 0
    outer loop
      vertex -21.7575 -12.0519 1.6
      vertex -21.7798 -12.2024 0
      vertex -21.7798 -12.2024 1.6
    endloop
  endfacet
  facet normal 0.671756 0.740772 -0
    outer loop
      vertex -24.2833 -13.0982 0
      vertex -24.396 -12.996 1.6
      vertex -24.2833 -13.0982 1.6
    endloop
  endfacet
  facet normal 0.671756 0.740772 0
    outer loop
      vertex -24.396 -12.996 1.6
      vertex -24.2833 -13.0982 0
      vertex -24.396 -12.996 0
    endloop
  endfacet
  facet normal -0.857609 0.514302 0
    outer loop
      vertex -22.0112 -12.7611 0
      vertex -21.933 -12.6307 1.6
      vertex -21.933 -12.6307 0
    endloop
  endfacet
  facet normal -0.857609 0.514302 0
    outer loop
      vertex -21.933 -12.6307 1.6
      vertex -22.0112 -12.7611 0
      vertex -22.0112 -12.7611 1.6
    endloop
  endfacet
  facet normal -0.42738 -0.904072 0
    outer loop
      vertex -22.7068 -10.468 0
      vertex -22.5693 -10.533 1.6
      vertex -22.7068 -10.468 1.6
    endloop
  endfacet
  facet normal -0.42738 -0.904072 -0
    outer loop
      vertex -22.5693 -10.533 1.6
      vertex -22.7068 -10.468 0
      vertex -22.5693 -10.533 0
    endloop
  endfacet
  facet normal -0.904072 0.42738 0
    outer loop
      vertex -21.933 -12.6307 0
      vertex -21.868 -12.4932 1.6
      vertex -21.868 -12.4932 0
    endloop
  endfacet
  facet normal -0.904072 0.42738 0
    outer loop
      vertex -21.868 -12.4932 1.6
      vertex -21.933 -12.6307 0
      vertex -21.933 -12.6307 1.6
    endloop
  endfacet
  facet normal -0.671756 0.740772 0
    outer loop
      vertex -22.204 -12.996 0
      vertex -22.3167 -13.0982 1.6
      vertex -22.204 -12.996 1.6
    endloop
  endfacet
  facet normal -0.671756 0.740772 0
    outer loop
      vertex -22.3167 -13.0982 1.6
      vertex -22.204 -12.996 0
      vertex -22.3167 -13.0982 0
    endloop
  endfacet
  facet normal -0.857609 -0.514302 0
    outer loop
      vertex -21.933 -11.1693 0
      vertex -22.0112 -11.0389 1.6
      vertex -22.0112 -11.0389 0
    endloop
  endfacet
  facet normal -0.857609 -0.514302 0
    outer loop
      vertex -22.0112 -11.0389 1.6
      vertex -21.933 -11.1693 0
      vertex -21.933 -11.1693 1.6
    endloop
  endfacet
  facet normal 0.970104 -0.24269 0
    outer loop
      vertex -24.8202 -11.5976 1.6
      vertex -24.7833 -11.4501 0
      vertex -24.7833 -11.4501 1.6
    endloop
  endfacet
  facet normal 0.970104 -0.24269 0
    outer loop
      vertex -24.7833 -11.4501 0
      vertex -24.8202 -11.5976 1.6
      vertex -24.8202 -11.5976 0
    endloop
  endfacet
  facet normal 0.904072 0.42738 0
    outer loop
      vertex -24.667 -12.6307 1.6
      vertex -24.732 -12.4932 0
      vertex -24.732 -12.4932 1.6
    endloop
  endfacet
  facet normal 0.904072 0.42738 0
    outer loop
      vertex -24.732 -12.4932 0
      vertex -24.667 -12.6307 1.6
      vertex -24.667 -12.6307 0
    endloop
  endfacet
  facet normal 0.941489 0.337044 0
    outer loop
      vertex -24.732 -12.4932 1.6
      vertex -24.7833 -12.3499 0
      vertex -24.7833 -12.3499 1.6
    endloop
  endfacet
  facet normal 0.941489 0.337044 0
    outer loop
      vertex -24.7833 -12.3499 0
      vertex -24.732 -12.4932 1.6
      vertex -24.732 -12.4932 0
    endloop
  endfacet
  facet normal 0.671756 -0.740772 0
    outer loop
      vertex -24.396 -10.804 0
      vertex -24.2833 -10.7018 1.6
      vertex -24.396 -10.804 1.6
    endloop
  endfacet
  facet normal 0.671756 -0.740772 0
    outer loop
      vertex -24.2833 -10.7018 1.6
      vertex -24.396 -10.804 0
      vertex -24.2833 -10.7018 0
    endloop
  endfacet
  facet normal 0.0493145 -0.998783 0
    outer loop
      vertex -23.4519 -10.3575 0
      vertex -23.3 -10.35 1.6
      vertex -23.4519 -10.3575 1.6
    endloop
  endfacet
  facet normal 0.0493145 -0.998783 0
    outer loop
      vertex -23.3 -10.35 1.6
      vertex -23.4519 -10.3575 0
      vertex -23.3 -10.35 0
    endloop
  endfacet
  facet normal 0.857609 0.514302 0
    outer loop
      vertex -24.5888 -12.7611 1.6
      vertex -24.667 -12.6307 0
      vertex -24.667 -12.6307 1.6
    endloop
  endfacet
  facet normal 0.857609 0.514302 0
    outer loop
      vertex -24.667 -12.6307 0
      vertex -24.5888 -12.7611 1.6
      vertex -24.5888 -12.7611 0
    endloop
  endfacet
  facet normal 0.24269 -0.970104 0
    outer loop
      vertex -23.7499 -10.4167 0
      vertex -23.6024 -10.3798 1.6
      vertex -23.7499 -10.4167 1.6
    endloop
  endfacet
  facet normal 0.24269 -0.970104 0
    outer loop
      vertex -23.6024 -10.3798 1.6
      vertex -23.7499 -10.4167 0
      vertex -23.6024 -10.3798 0
    endloop
  endfacet
  facet normal 0.740772 -0.671756 0
    outer loop
      vertex -24.4982 -10.9167 1.6
      vertex -24.396 -10.804 0
      vertex -24.396 -10.804 1.6
    endloop
  endfacet
  facet normal 0.740772 -0.671756 0
    outer loop
      vertex -24.396 -10.804 0
      vertex -24.4982 -10.9167 1.6
      vertex -24.4982 -10.9167 0
    endloop
  endfacet
  facet normal 0.998783 -0.0493145 0
    outer loop
      vertex -24.85 -11.9 1.6
      vertex -24.8425 -11.7481 0
      vertex -24.8425 -11.7481 1.6
    endloop
  endfacet
  facet normal 0.998783 -0.0493145 0
    outer loop
      vertex -24.8425 -11.7481 0
      vertex -24.85 -11.9 1.6
      vertex -24.85 -11.9 0
    endloop
  endfacet
  facet normal 0.803301 0.595573 0
    outer loop
      vertex -24.4982 -12.8833 1.6
      vertex -24.5888 -12.7611 0
      vertex -24.5888 -12.7611 1.6
    endloop
  endfacet
  facet normal 0.803301 0.595573 0
    outer loop
      vertex -24.5888 -12.7611 0
      vertex -24.4982 -12.8833 1.6
      vertex -24.4982 -12.8833 0
    endloop
  endfacet
  facet normal 0.42738 0.904072 -0
    outer loop
      vertex -23.8932 -13.332 0
      vertex -24.0307 -13.267 1.6
      vertex -23.8932 -13.332 1.6
    endloop
  endfacet
  facet normal 0.42738 0.904072 0
    outer loop
      vertex -24.0307 -13.267 1.6
      vertex -23.8932 -13.332 0
      vertex -24.0307 -13.267 0
    endloop
  endfacet
  facet normal 0.9892 0.146572 0
    outer loop
      vertex -24.8202 -12.2024 1.6
      vertex -24.8425 -12.0519 0
      vertex -24.8425 -12.0519 1.6
    endloop
  endfacet
  facet normal 0.9892 0.146572 0
    outer loop
      vertex -24.8425 -12.0519 0
      vertex -24.8202 -12.2024 1.6
      vertex -24.8202 -12.2024 0
    endloop
  endfacet
  facet normal 0.514302 0.857609 -0
    outer loop
      vertex -24.0307 -13.267 0
      vertex -24.1611 -13.1888 1.6
      vertex -24.0307 -13.267 1.6
    endloop
  endfacet
  facet normal 0.514302 0.857609 0
    outer loop
      vertex -24.1611 -13.1888 1.6
      vertex -24.0307 -13.267 0
      vertex -24.1611 -13.1888 0
    endloop
  endfacet
  facet normal 0.595573 0.803301 -0
    outer loop
      vertex -24.1611 -13.1888 0
      vertex -24.2833 -13.0982 1.6
      vertex -24.1611 -13.1888 1.6
    endloop
  endfacet
  facet normal 0.595573 0.803301 0
    outer loop
      vertex -24.2833 -13.0982 1.6
      vertex -24.1611 -13.1888 0
      vertex -24.2833 -13.0982 0
    endloop
  endfacet
  facet normal -0.941489 0.337044 0
    outer loop
      vertex -21.868 -12.4932 0
      vertex -21.8167 -12.3499 1.6
      vertex -21.8167 -12.3499 0
    endloop
  endfacet
  facet normal -0.941489 0.337044 0
    outer loop
      vertex -21.8167 -12.3499 1.6
      vertex -21.868 -12.4932 0
      vertex -21.868 -12.4932 1.6
    endloop
  endfacet
  facet normal 0.595573 -0.803301 0
    outer loop
      vertex -24.2833 -10.7018 0
      vertex -24.1611 -10.6112 1.6
      vertex -24.2833 -10.7018 1.6
    endloop
  endfacet
  facet normal 0.595573 -0.803301 0
    outer loop
      vertex -24.1611 -10.6112 1.6
      vertex -24.2833 -10.7018 0
      vertex -24.1611 -10.6112 0
    endloop
  endfacet
  facet normal -0.740772 -0.671756 0
    outer loop
      vertex -22.1018 -10.9167 0
      vertex -22.204 -10.804 1.6
      vertex -22.204 -10.804 0
    endloop
  endfacet
  facet normal -0.740772 -0.671756 0
    outer loop
      vertex -22.204 -10.804 1.6
      vertex -22.1018 -10.9167 0
      vertex -22.1018 -10.9167 1.6
    endloop
  endfacet
  facet normal 0.857609 -0.514302 0
    outer loop
      vertex -24.667 -11.1693 1.6
      vertex -24.5888 -11.0389 0
      vertex -24.5888 -11.0389 1.6
    endloop
  endfacet
  facet normal 0.857609 -0.514302 0
    outer loop
      vertex -24.5888 -11.0389 0
      vertex -24.667 -11.1693 1.6
      vertex -24.667 -11.1693 0
    endloop
  endfacet
  facet normal 0.0493145 0.998783 -0
    outer loop
      vertex -23.3 -13.45 0
      vertex -23.4519 -13.4425 1.6
      vertex -23.3 -13.45 1.6
    endloop
  endfacet
  facet normal 0.0493145 0.998783 0
    outer loop
      vertex -23.4519 -13.4425 1.6
      vertex -23.3 -13.45 0
      vertex -23.4519 -13.4425 0
    endloop
  endfacet
  facet normal 0.337044 0.941489 -0
    outer loop
      vertex -23.7499 -13.3833 0
      vertex -23.8932 -13.332 1.6
      vertex -23.7499 -13.3833 1.6
    endloop
  endfacet
  facet normal 0.337044 0.941489 0
    outer loop
      vertex -23.8932 -13.332 1.6
      vertex -23.7499 -13.3833 0
      vertex -23.8932 -13.332 0
    endloop
  endfacet
  facet normal -0.24269 -0.970104 0
    outer loop
      vertex -22.9976 -10.3798 0
      vertex -22.8501 -10.4167 1.6
      vertex -22.9976 -10.3798 1.6
    endloop
  endfacet
  facet normal -0.24269 -0.970104 -0
    outer loop
      vertex -22.8501 -10.4167 1.6
      vertex -22.9976 -10.3798 0
      vertex -22.8501 -10.4167 0
    endloop
  endfacet
  facet normal -0.740772 0.671756 0
    outer loop
      vertex -22.204 -12.996 0
      vertex -22.1018 -12.8833 1.6
      vertex -22.1018 -12.8833 0
    endloop
  endfacet
  facet normal -0.740772 0.671756 0
    outer loop
      vertex -22.1018 -12.8833 1.6
      vertex -22.204 -12.996 0
      vertex -22.204 -12.996 1.6
    endloop
  endfacet
  facet normal 0.803301 -0.595573 0
    outer loop
      vertex -24.5888 12.7611 1.6
      vertex -24.4982 12.8833 0
      vertex -24.4982 12.8833 1.6
    endloop
  endfacet
  facet normal 0.803301 -0.595573 0
    outer loop
      vertex -24.4982 12.8833 0
      vertex -24.5888 12.7611 1.6
      vertex -24.5888 12.7611 0
    endloop
  endfacet
  facet normal 0.9892 0.146572 0
    outer loop
      vertex -24.8202 11.5976 1.6
      vertex -24.8425 11.7481 0
      vertex -24.8425 11.7481 1.6
    endloop
  endfacet
  facet normal 0.9892 0.146572 0
    outer loop
      vertex -24.8425 11.7481 0
      vertex -24.8202 11.5976 1.6
      vertex -24.8202 11.5976 0
    endloop
  endfacet
  facet normal -0.803301 -0.595573 0
    outer loop
      vertex -22.0112 12.7611 0
      vertex -22.1018 12.8833 1.6
      vertex -22.1018 12.8833 0
    endloop
  endfacet
  facet normal -0.803301 -0.595573 0
    outer loop
      vertex -22.1018 12.8833 1.6
      vertex -22.0112 12.7611 0
      vertex -22.0112 12.7611 1.6
    endloop
  endfacet
  facet normal -0.9892 -0.146572 0
    outer loop
      vertex -21.7575 12.0519 0
      vertex -21.7798 12.2024 1.6
      vertex -21.7798 12.2024 0
    endloop
  endfacet
  facet normal -0.9892 -0.146572 0
    outer loop
      vertex -21.7798 12.2024 1.6
      vertex -21.7575 12.0519 0
      vertex -21.7575 12.0519 1.6
    endloop
  endfacet
  facet normal -0.740772 -0.671756 0
    outer loop
      vertex -22.1018 12.8833 0
      vertex -22.204 12.996 1.6
      vertex -22.204 12.996 0
    endloop
  endfacet
  facet normal -0.740772 -0.671756 0
    outer loop
      vertex -22.204 12.996 1.6
      vertex -22.1018 12.8833 0
      vertex -22.1018 12.8833 1.6
    endloop
  endfacet
  facet normal -0.337044 -0.941489 0
    outer loop
      vertex -22.8501 13.3833 0
      vertex -22.7068 13.332 1.6
      vertex -22.8501 13.3833 1.6
    endloop
  endfacet
  facet normal -0.337044 -0.941489 -0
    outer loop
      vertex -22.7068 13.332 1.6
      vertex -22.8501 13.3833 0
      vertex -22.7068 13.332 0
    endloop
  endfacet
  facet normal 0.740772 0.671756 0
    outer loop
      vertex -24.396 10.804 1.6
      vertex -24.4982 10.9167 0
      vertex -24.4982 10.9167 1.6
    endloop
  endfacet
  facet normal 0.740772 0.671756 0
    outer loop
      vertex -24.4982 10.9167 0
      vertex -24.396 10.804 1.6
      vertex -24.396 10.804 0
    endloop
  endfacet
  facet normal -0.146572 0.9892 0
    outer loop
      vertex -22.9976 10.3798 0
      vertex -23.1481 10.3575 1.6
      vertex -22.9976 10.3798 1.6
    endloop
  endfacet
  facet normal -0.146572 0.9892 0
    outer loop
      vertex -23.1481 10.3575 1.6
      vertex -22.9976 10.3798 0
      vertex -23.1481 10.3575 0
    endloop
  endfacet
  facet normal -0.0493145 0.998783 0
    outer loop
      vertex -23.1481 10.3575 0
      vertex -23.3 10.35 1.6
      vertex -23.1481 10.3575 1.6
    endloop
  endfacet
  facet normal -0.0493145 0.998783 0
    outer loop
      vertex -23.3 10.35 1.6
      vertex -23.1481 10.3575 0
      vertex -23.3 10.35 0
    endloop
  endfacet
  facet normal 0.904072 -0.42738 0
    outer loop
      vertex -24.732 12.4932 1.6
      vertex -24.667 12.6307 0
      vertex -24.667 12.6307 1.6
    endloop
  endfacet
  facet normal 0.904072 -0.42738 0
    outer loop
      vertex -24.667 12.6307 0
      vertex -24.732 12.4932 1.6
      vertex -24.732 12.4932 0
    endloop
  endfacet
  facet normal -0.0493145 -0.998783 0
    outer loop
      vertex -23.3 13.45 0
      vertex -23.1481 13.4425 1.6
      vertex -23.3 13.45 1.6
    endloop
  endfacet
  facet normal -0.0493145 -0.998783 -0
    outer loop
      vertex -23.1481 13.4425 1.6
      vertex -23.3 13.45 0
      vertex -23.1481 13.4425 0
    endloop
  endfacet
  facet normal 0.146572 -0.9892 0
    outer loop
      vertex -23.6024 13.4202 0
      vertex -23.4519 13.4425 1.6
      vertex -23.6024 13.4202 1.6
    endloop
  endfacet
  facet normal 0.146572 -0.9892 0
    outer loop
      vertex -23.4519 13.4425 1.6
      vertex -23.6024 13.4202 0
      vertex -23.4519 13.4425 0
    endloop
  endfacet
  facet normal -0.42738 -0.904072 0
    outer loop
      vertex -22.7068 13.332 0
      vertex -22.5693 13.267 1.6
      vertex -22.7068 13.332 1.6
    endloop
  endfacet
  facet normal -0.42738 -0.904072 -0
    outer loop
      vertex -22.5693 13.267 1.6
      vertex -22.7068 13.332 0
      vertex -22.5693 13.267 0
    endloop
  endfacet
  facet normal -0.970104 -0.24269 0
    outer loop
      vertex -21.7798 12.2024 0
      vertex -21.8167 12.3499 1.6
      vertex -21.8167 12.3499 0
    endloop
  endfacet
  facet normal -0.970104 -0.24269 0
    outer loop
      vertex -21.8167 12.3499 1.6
      vertex -21.7798 12.2024 0
      vertex -21.7798 12.2024 1.6
    endloop
  endfacet
  facet normal -0.998783 -0.0493145 0
    outer loop
      vertex -21.75 11.9 0
      vertex -21.7575 12.0519 1.6
      vertex -21.7575 12.0519 0
    endloop
  endfacet
  facet normal -0.998783 -0.0493145 0
    outer loop
      vertex -21.7575 12.0519 1.6
      vertex -21.75 11.9 0
      vertex -21.75 11.9 1.6
    endloop
  endfacet
  facet normal 0.146572 0.9892 -0
    outer loop
      vertex -23.4519 10.3575 0
      vertex -23.6024 10.3798 1.6
      vertex -23.4519 10.3575 1.6
    endloop
  endfacet
  facet normal 0.146572 0.9892 0
    outer loop
      vertex -23.6024 10.3798 1.6
      vertex -23.4519 10.3575 0
      vertex -23.6024 10.3798 0
    endloop
  endfacet
  facet normal 0.998783 -0.0493145 0
    outer loop
      vertex -24.85 11.9 1.6
      vertex -24.8425 12.0519 0
      vertex -24.8425 12.0519 1.6
    endloop
  endfacet
  facet normal 0.998783 -0.0493145 0
    outer loop
      vertex -24.8425 12.0519 0
      vertex -24.85 11.9 1.6
      vertex -24.85 11.9 0
    endloop
  endfacet
  facet normal 0.803301 0.595573 0
    outer loop
      vertex -24.4982 10.9167 1.6
      vertex -24.5888 11.0389 0
      vertex -24.5888 11.0389 1.6
    endloop
  endfacet
  facet normal 0.803301 0.595573 0
    outer loop
      vertex -24.5888 11.0389 0
      vertex -24.4982 10.9167 1.6
      vertex -24.4982 10.9167 0
    endloop
  endfacet
  facet normal -0.42738 0.904072 0
    outer loop
      vertex -22.5693 10.533 0
      vertex -22.7068 10.468 1.6
      vertex -22.5693 10.533 1.6
    endloop
  endfacet
  facet normal -0.42738 0.904072 0
    outer loop
      vertex -22.7068 10.468 1.6
      vertex -22.5693 10.533 0
      vertex -22.7068 10.468 0
    endloop
  endfacet
  facet normal 0.941489 0.337044 0
    outer loop
      vertex -24.732 11.3068 1.6
      vertex -24.7833 11.4501 0
      vertex -24.7833 11.4501 1.6
    endloop
  endfacet
  facet normal 0.941489 0.337044 0
    outer loop
      vertex -24.7833 11.4501 0
      vertex -24.732 11.3068 1.6
      vertex -24.732 11.3068 0
    endloop
  endfacet
  facet normal -0.941489 0.337044 0
    outer loop
      vertex -21.868 11.3068 0
      vertex -21.8167 11.4501 1.6
      vertex -21.8167 11.4501 0
    endloop
  endfacet
  facet normal -0.941489 0.337044 0
    outer loop
      vertex -21.8167 11.4501 1.6
      vertex -21.868 11.3068 0
      vertex -21.868 11.3068 1.6
    endloop
  endfacet
  facet normal -0.9892 0.146572 0
    outer loop
      vertex -21.7798 11.5976 0
      vertex -21.7575 11.7481 1.6
      vertex -21.7575 11.7481 0
    endloop
  endfacet
  facet normal -0.9892 0.146572 0
    outer loop
      vertex -21.7575 11.7481 1.6
      vertex -21.7798 11.5976 0
      vertex -21.7798 11.5976 1.6
    endloop
  endfacet
  facet normal 0.337044 -0.941489 0
    outer loop
      vertex -23.8932 13.332 0
      vertex -23.7499 13.3833 1.6
      vertex -23.8932 13.332 1.6
    endloop
  endfacet
  facet normal 0.337044 -0.941489 0
    outer loop
      vertex -23.7499 13.3833 1.6
      vertex -23.8932 13.332 0
      vertex -23.7499 13.3833 0
    endloop
  endfacet
  facet normal 0.0493145 -0.998783 0
    outer loop
      vertex -23.4519 13.4425 0
      vertex -23.3 13.45 1.6
      vertex -23.4519 13.4425 1.6
    endloop
  endfacet
  facet normal 0.0493145 -0.998783 0
    outer loop
      vertex -23.3 13.45 1.6
      vertex -23.4519 13.4425 0
      vertex -23.3 13.45 0
    endloop
  endfacet
  facet normal 0.671756 0.740772 -0
    outer loop
      vertex -24.2833 10.7018 0
      vertex -24.396 10.804 1.6
      vertex -24.2833 10.7018 1.6
    endloop
  endfacet
  facet normal 0.671756 0.740772 0
    outer loop
      vertex -24.396 10.804 1.6
      vertex -24.2833 10.7018 0
      vertex -24.396 10.804 0
    endloop
  endfacet
  facet normal 0.740772 -0.671756 0
    outer loop
      vertex -24.4982 12.8833 1.6
      vertex -24.396 12.996 0
      vertex -24.396 12.996 1.6
    endloop
  endfacet
  facet normal 0.740772 -0.671756 0
    outer loop
      vertex -24.396 12.996 0
      vertex -24.4982 12.8833 1.6
      vertex -24.4982 12.8833 0
    endloop
  endfacet
  facet normal -0.904072 0.42738 0
    outer loop
      vertex -21.933 11.1693 0
      vertex -21.868 11.3068 1.6
      vertex -21.868 11.3068 0
    endloop
  endfacet
  facet normal -0.904072 0.42738 0
    outer loop
      vertex -21.868 11.3068 1.6
      vertex -21.933 11.1693 0
      vertex -21.933 11.1693 1.6
    endloop
  endfacet
  facet normal 0.24269 -0.970104 0
    outer loop
      vertex -23.7499 13.3833 0
      vertex -23.6024 13.4202 1.6
      vertex -23.7499 13.3833 1.6
    endloop
  endfacet
  facet normal 0.24269 -0.970104 0
    outer loop
      vertex -23.6024 13.4202 1.6
      vertex -23.7499 13.3833 0
      vertex -23.6024 13.4202 0
    endloop
  endfacet
  facet normal -0.941489 -0.337044 0
    outer loop
      vertex -21.8167 12.3499 0
      vertex -21.868 12.4932 1.6
      vertex -21.868 12.4932 0
    endloop
  endfacet
  facet normal -0.941489 -0.337044 0
    outer loop
      vertex -21.868 12.4932 1.6
      vertex -21.8167 12.3499 0
      vertex -21.8167 12.3499 1.6
    endloop
  endfacet
  facet normal -0.904072 -0.42738 0
    outer loop
      vertex -21.868 12.4932 0
      vertex -21.933 12.6307 1.6
      vertex -21.933 12.6307 0
    endloop
  endfacet
  facet normal -0.904072 -0.42738 0
    outer loop
      vertex -21.933 12.6307 1.6
      vertex -21.868 12.4932 0
      vertex -21.868 12.4932 1.6
    endloop
  endfacet
  facet normal 0.998783 0.0493145 0
    outer loop
      vertex -24.8425 11.7481 1.6
      vertex -24.85 11.9 0
      vertex -24.85 11.9 1.6
    endloop
  endfacet
  facet normal 0.998783 0.0493145 0
    outer loop
      vertex -24.85 11.9 0
      vertex -24.8425 11.7481 1.6
      vertex -24.8425 11.7481 0
    endloop
  endfacet
  facet normal -0.595573 -0.803301 0
    outer loop
      vertex -22.4389 13.1888 0
      vertex -22.3167 13.0982 1.6
      vertex -22.4389 13.1888 1.6
    endloop
  endfacet
  facet normal -0.595573 -0.803301 -0
    outer loop
      vertex -22.3167 13.0982 1.6
      vertex -22.4389 13.1888 0
      vertex -22.3167 13.0982 0
    endloop
  endfacet
  facet normal 0.42738 -0.904072 0
    outer loop
      vertex -24.0307 13.267 0
      vertex -23.8932 13.332 1.6
      vertex -24.0307 13.267 1.6
    endloop
  endfacet
  facet normal 0.42738 -0.904072 0
    outer loop
      vertex -23.8932 13.332 1.6
      vertex -24.0307 13.267 0
      vertex -23.8932 13.332 0
    endloop
  endfacet
  facet normal -0.24269 -0.970104 0
    outer loop
      vertex -22.9976 13.4202 0
      vertex -22.8501 13.3833 1.6
      vertex -22.9976 13.4202 1.6
    endloop
  endfacet
  facet normal -0.24269 -0.970104 -0
    outer loop
      vertex -22.8501 13.3833 1.6
      vertex -22.9976 13.4202 0
      vertex -22.8501 13.3833 0
    endloop
  endfacet
  facet normal -0.24269 0.970104 0
    outer loop
      vertex -22.8501 10.4167 0
      vertex -22.9976 10.3798 1.6
      vertex -22.8501 10.4167 1.6
    endloop
  endfacet
  facet normal -0.24269 0.970104 0
    outer loop
      vertex -22.9976 10.3798 1.6
      vertex -22.8501 10.4167 0
      vertex -22.9976 10.3798 0
    endloop
  endfacet
  facet normal -0.514302 -0.857609 0
    outer loop
      vertex -22.5693 13.267 0
      vertex -22.4389 13.1888 1.6
      vertex -22.5693 13.267 1.6
    endloop
  endfacet
  facet normal -0.514302 -0.857609 -0
    outer loop
      vertex -22.4389 13.1888 1.6
      vertex -22.5693 13.267 0
      vertex -22.4389 13.1888 0
    endloop
  endfacet
  facet normal 0.9892 -0.146572 0
    outer loop
      vertex -24.8425 12.0519 1.6
      vertex -24.8202 12.2024 0
      vertex -24.8202 12.2024 1.6
    endloop
  endfacet
  facet normal 0.9892 -0.146572 0
    outer loop
      vertex -24.8202 12.2024 0
      vertex -24.8425 12.0519 1.6
      vertex -24.8425 12.0519 0
    endloop
  endfacet
  facet normal -0.970104 0.24269 0
    outer loop
      vertex -21.8167 11.4501 0
      vertex -21.7798 11.5976 1.6
      vertex -21.7798 11.5976 0
    endloop
  endfacet
  facet normal -0.970104 0.24269 0
    outer loop
      vertex -21.7798 11.5976 1.6
      vertex -21.8167 11.4501 0
      vertex -21.8167 11.4501 1.6
    endloop
  endfacet
  facet normal -0.857609 -0.514302 0
    outer loop
      vertex -21.933 12.6307 0
      vertex -22.0112 12.7611 1.6
      vertex -22.0112 12.7611 0
    endloop
  endfacet
  facet normal -0.857609 -0.514302 0
    outer loop
      vertex -22.0112 12.7611 1.6
      vertex -21.933 12.6307 0
      vertex -21.933 12.6307 1.6
    endloop
  endfacet
  facet normal 0.970104 -0.24269 0
    outer loop
      vertex -24.8202 12.2024 1.6
      vertex -24.7833 12.3499 0
      vertex -24.7833 12.3499 1.6
    endloop
  endfacet
  facet normal 0.970104 -0.24269 0
    outer loop
      vertex -24.7833 12.3499 0
      vertex -24.8202 12.2024 1.6
      vertex -24.8202 12.2024 0
    endloop
  endfacet
  facet normal -0.671756 -0.740772 0
    outer loop
      vertex -22.3167 13.0982 0
      vertex -22.204 12.996 1.6
      vertex -22.3167 13.0982 1.6
    endloop
  endfacet
  facet normal -0.671756 -0.740772 -0
    outer loop
      vertex -22.204 12.996 1.6
      vertex -22.3167 13.0982 0
      vertex -22.204 12.996 0
    endloop
  endfacet
  facet normal 0.671756 -0.740772 0
    outer loop
      vertex -24.396 12.996 0
      vertex -24.2833 13.0982 1.6
      vertex -24.396 12.996 1.6
    endloop
  endfacet
  facet normal 0.671756 -0.740772 0
    outer loop
      vertex -24.2833 13.0982 1.6
      vertex -24.396 12.996 0
      vertex -24.2833 13.0982 0
    endloop
  endfacet
  facet normal 0.857609 -0.514302 0
    outer loop
      vertex -24.667 12.6307 1.6
      vertex -24.5888 12.7611 0
      vertex -24.5888 12.7611 1.6
    endloop
  endfacet
  facet normal 0.857609 -0.514302 0
    outer loop
      vertex -24.5888 12.7611 0
      vertex -24.667 12.6307 1.6
      vertex -24.667 12.6307 0
    endloop
  endfacet
  facet normal -0.146572 -0.9892 0
    outer loop
      vertex -23.1481 13.4425 0
      vertex -22.9976 13.4202 1.6
      vertex -23.1481 13.4425 1.6
    endloop
  endfacet
  facet normal -0.146572 -0.9892 -0
    outer loop
      vertex -22.9976 13.4202 1.6
      vertex -23.1481 13.4425 0
      vertex -22.9976 13.4202 0
    endloop
  endfacet
  facet normal -0.998783 0.0493145 0
    outer loop
      vertex -21.7575 11.7481 0
      vertex -21.75 11.9 1.6
      vertex -21.75 11.9 0
    endloop
  endfacet
  facet normal -0.998783 0.0493145 0
    outer loop
      vertex -21.75 11.9 1.6
      vertex -21.7575 11.7481 0
      vertex -21.7575 11.7481 1.6
    endloop
  endfacet
  facet normal 0.595573 -0.803301 0
    outer loop
      vertex -24.2833 13.0982 0
      vertex -24.1611 13.1888 1.6
      vertex -24.2833 13.0982 1.6
    endloop
  endfacet
  facet normal 0.595573 -0.803301 0
    outer loop
      vertex -24.1611 13.1888 1.6
      vertex -24.2833 13.0982 0
      vertex -24.1611 13.1888 0
    endloop
  endfacet
  facet normal 0.337044 0.941489 -0
    outer loop
      vertex -23.7499 10.4167 0
      vertex -23.8932 10.468 1.6
      vertex -23.7499 10.4167 1.6
    endloop
  endfacet
  facet normal 0.337044 0.941489 0
    outer loop
      vertex -23.8932 10.468 1.6
      vertex -23.7499 10.4167 0
      vertex -23.8932 10.468 0
    endloop
  endfacet
  facet normal -0.857609 0.514302 0
    outer loop
      vertex -22.0112 11.0389 0
      vertex -21.933 11.1693 1.6
      vertex -21.933 11.1693 0
    endloop
  endfacet
  facet normal -0.857609 0.514302 0
    outer loop
      vertex -21.933 11.1693 1.6
      vertex -22.0112 11.0389 0
      vertex -22.0112 11.0389 1.6
    endloop
  endfacet
  facet normal 0.970104 0.24269 0
    outer loop
      vertex -24.7833 11.4501 1.6
      vertex -24.8202 11.5976 0
      vertex -24.8202 11.5976 1.6
    endloop
  endfacet
  facet normal 0.970104 0.24269 0
    outer loop
      vertex -24.8202 11.5976 0
      vertex -24.7833 11.4501 1.6
      vertex -24.7833 11.4501 0
    endloop
  endfacet
  facet normal 0.904072 0.42738 0
    outer loop
      vertex -24.667 11.1693 1.6
      vertex -24.732 11.3068 0
      vertex -24.732 11.3068 1.6
    endloop
  endfacet
  facet normal 0.904072 0.42738 0
    outer loop
      vertex -24.732 11.3068 0
      vertex -24.667 11.1693 1.6
      vertex -24.667 11.1693 0
    endloop
  endfacet
  facet normal 0.24269 0.970104 -0
    outer loop
      vertex -23.6024 10.3798 0
      vertex -23.7499 10.4167 1.6
      vertex -23.6024 10.3798 1.6
    endloop
  endfacet
  facet normal 0.24269 0.970104 0
    outer loop
      vertex -23.7499 10.4167 1.6
      vertex -23.6024 10.3798 0
      vertex -23.7499 10.4167 0
    endloop
  endfacet
  facet normal -0.740772 0.671756 0
    outer loop
      vertex -22.204 10.804 0
      vertex -22.1018 10.9167 1.6
      vertex -22.1018 10.9167 0
    endloop
  endfacet
  facet normal -0.740772 0.671756 0
    outer loop
      vertex -22.1018 10.9167 1.6
      vertex -22.204 10.804 0
      vertex -22.204 10.804 1.6
    endloop
  endfacet
  facet normal -0.337044 0.941489 0
    outer loop
      vertex -22.7068 10.468 0
      vertex -22.8501 10.4167 1.6
      vertex -22.7068 10.468 1.6
    endloop
  endfacet
  facet normal -0.337044 0.941489 0
    outer loop
      vertex -22.8501 10.4167 1.6
      vertex -22.7068 10.468 0
      vertex -22.8501 10.4167 0
    endloop
  endfacet
  facet normal 0.514302 0.857609 -0
    outer loop
      vertex -24.0307 10.533 0
      vertex -24.1611 10.6112 1.6
      vertex -24.0307 10.533 1.6
    endloop
  endfacet
  facet normal 0.514302 0.857609 0
    outer loop
      vertex -24.1611 10.6112 1.6
      vertex -24.0307 10.533 0
      vertex -24.1611 10.6112 0
    endloop
  endfacet
  facet normal 0.941489 -0.337044 0
    outer loop
      vertex -24.7833 12.3499 1.6
      vertex -24.732 12.4932 0
      vertex -24.732 12.4932 1.6
    endloop
  endfacet
  facet normal 0.941489 -0.337044 0
    outer loop
      vertex -24.732 12.4932 0
      vertex -24.7833 12.3499 1.6
      vertex -24.7833 12.3499 0
    endloop
  endfacet
  facet normal -0.803301 0.595573 0
    outer loop
      vertex -22.1018 10.9167 0
      vertex -22.0112 11.0389 1.6
      vertex -22.0112 11.0389 0
    endloop
  endfacet
  facet normal -0.803301 0.595573 0
    outer loop
      vertex -22.0112 11.0389 1.6
      vertex -22.1018 10.9167 0
      vertex -22.1018 10.9167 1.6
    endloop
  endfacet
  facet normal -0.514302 0.857609 0
    outer loop
      vertex -22.4389 10.6112 0
      vertex -22.5693 10.533 1.6
      vertex -22.4389 10.6112 1.6
    endloop
  endfacet
  facet normal -0.514302 0.857609 0
    outer loop
      vertex -22.5693 10.533 1.6
      vertex -22.4389 10.6112 0
      vertex -22.5693 10.533 0
    endloop
  endfacet
  facet normal -0.595573 0.803301 0
    outer loop
      vertex -22.3167 10.7018 0
      vertex -22.4389 10.6112 1.6
      vertex -22.3167 10.7018 1.6
    endloop
  endfacet
  facet normal -0.595573 0.803301 0
    outer loop
      vertex -22.4389 10.6112 1.6
      vertex -22.3167 10.7018 0
      vertex -22.4389 10.6112 0
    endloop
  endfacet
  facet normal -0.671756 0.740772 0
    outer loop
      vertex -22.204 10.804 0
      vertex -22.3167 10.7018 1.6
      vertex -22.204 10.804 1.6
    endloop
  endfacet
  facet normal -0.671756 0.740772 0
    outer loop
      vertex -22.3167 10.7018 1.6
      vertex -22.204 10.804 0
      vertex -22.3167 10.7018 0
    endloop
  endfacet
  facet normal 0.595573 0.803301 -0
    outer loop
      vertex -24.1611 10.6112 0
      vertex -24.2833 10.7018 1.6
      vertex -24.1611 10.6112 1.6
    endloop
  endfacet
  facet normal 0.595573 0.803301 0
    outer loop
      vertex -24.2833 10.7018 1.6
      vertex -24.1611 10.6112 0
      vertex -24.2833 10.7018 0
    endloop
  endfacet
  facet normal 0.857609 0.514302 0
    outer loop
      vertex -24.5888 11.0389 1.6
      vertex -24.667 11.1693 0
      vertex -24.667 11.1693 1.6
    endloop
  endfacet
  facet normal 0.857609 0.514302 0
    outer loop
      vertex -24.667 11.1693 0
      vertex -24.5888 11.0389 1.6
      vertex -24.5888 11.0389 0
    endloop
  endfacet
  facet normal 0.514302 -0.857609 0
    outer loop
      vertex -24.1611 13.1888 0
      vertex -24.0307 13.267 1.6
      vertex -24.1611 13.1888 1.6
    endloop
  endfacet
  facet normal 0.514302 -0.857609 0
    outer loop
      vertex -24.0307 13.267 1.6
      vertex -24.1611 13.1888 0
      vertex -24.0307 13.267 0
    endloop
  endfacet
  facet normal 0.0493145 0.998783 -0
    outer loop
      vertex -23.3 10.35 0
      vertex -23.4519 10.3575 1.6
      vertex -23.3 10.35 1.6
    endloop
  endfacet
  facet normal 0.0493145 0.998783 0
    outer loop
      vertex -23.4519 10.3575 1.6
      vertex -23.3 10.35 0
      vertex -23.4519 10.3575 0
    endloop
  endfacet
  facet normal 0.42738 0.904072 -0
    outer loop
      vertex -23.8932 10.468 0
      vertex -24.0307 10.533 1.6
      vertex -23.8932 10.468 1.6
    endloop
  endfacet
  facet normal 0.42738 0.904072 0
    outer loop
      vertex -24.0307 10.533 1.6
      vertex -23.8932 10.468 0
      vertex -24.0307 10.533 0
    endloop
  endfacet
  facet normal 0.9892 0.146572 0
    outer loop
      vertex 21.7798 -12.2024 1.6
      vertex 21.7575 -12.0519 0
      vertex 21.7575 -12.0519 1.6
    endloop
  endfacet
  facet normal 0.9892 0.146572 0
    outer loop
      vertex 21.7575 -12.0519 0
      vertex 21.7798 -12.2024 1.6
      vertex 21.7798 -12.2024 0
    endloop
  endfacet
  facet normal -0.970104 0.24269 0
    outer loop
      vertex 24.7833 -12.3499 0
      vertex 24.8202 -12.2024 1.6
      vertex 24.8202 -12.2024 0
    endloop
  endfacet
  facet normal -0.970104 0.24269 0
    outer loop
      vertex 24.8202 -12.2024 1.6
      vertex 24.7833 -12.3499 0
      vertex 24.7833 -12.3499 1.6
    endloop
  endfacet
  facet normal -0.803301 -0.595573 0
    outer loop
      vertex 24.5888 -11.0389 0
      vertex 24.4982 -10.9167 1.6
      vertex 24.4982 -10.9167 0
    endloop
  endfacet
  facet normal -0.803301 -0.595573 0
    outer loop
      vertex 24.4982 -10.9167 1.6
      vertex 24.5888 -11.0389 0
      vertex 24.5888 -11.0389 1.6
    endloop
  endfacet
  facet normal -0.9892 -0.146572 0
    outer loop
      vertex 24.8425 -11.7481 0
      vertex 24.8202 -11.5976 1.6
      vertex 24.8202 -11.5976 0
    endloop
  endfacet
  facet normal -0.9892 -0.146572 0
    outer loop
      vertex 24.8202 -11.5976 1.6
      vertex 24.8425 -11.7481 0
      vertex 24.8425 -11.7481 1.6
    endloop
  endfacet
  facet normal -0.740772 -0.671756 0
    outer loop
      vertex 24.4982 -10.9167 0
      vertex 24.396 -10.804 1.6
      vertex 24.396 -10.804 0
    endloop
  endfacet
  facet normal -0.740772 -0.671756 0
    outer loop
      vertex 24.396 -10.804 1.6
      vertex 24.4982 -10.9167 0
      vertex 24.4982 -10.9167 1.6
    endloop
  endfacet
  facet normal -0.42738 0.904072 0
    outer loop
      vertex 24.0307 -13.267 0
      vertex 23.8932 -13.332 1.6
      vertex 24.0307 -13.267 1.6
    endloop
  endfacet
  facet normal -0.42738 0.904072 0
    outer loop
      vertex 23.8932 -13.332 1.6
      vertex 24.0307 -13.267 0
      vertex 23.8932 -13.332 0
    endloop
  endfacet
  facet normal 0.970104 -0.24269 0
    outer loop
      vertex 21.7798 -11.5976 1.6
      vertex 21.8167 -11.4501 0
      vertex 21.8167 -11.4501 1.6
    endloop
  endfacet
  facet normal 0.970104 -0.24269 0
    outer loop
      vertex 21.8167 -11.4501 0
      vertex 21.7798 -11.5976 1.6
      vertex 21.7798 -11.5976 0
    endloop
  endfacet
  facet normal 0.671756 -0.740772 0
    outer loop
      vertex 22.204 -10.804 0
      vertex 22.3167 -10.7018 1.6
      vertex 22.204 -10.804 1.6
    endloop
  endfacet
  facet normal 0.671756 -0.740772 0
    outer loop
      vertex 22.3167 -10.7018 1.6
      vertex 22.204 -10.804 0
      vertex 22.3167 -10.7018 0
    endloop
  endfacet
  facet normal -0.337044 -0.941489 0
    outer loop
      vertex 23.7499 -10.4167 0
      vertex 23.8932 -10.468 1.6
      vertex 23.7499 -10.4167 1.6
    endloop
  endfacet
  facet normal -0.337044 -0.941489 -0
    outer loop
      vertex 23.8932 -10.468 1.6
      vertex 23.7499 -10.4167 0
      vertex 23.8932 -10.468 0
    endloop
  endfacet
  facet normal 0.857609 0.514302 0
    outer loop
      vertex 22.0112 -12.7611 1.6
      vertex 21.933 -12.6307 0
      vertex 21.933 -12.6307 1.6
    endloop
  endfacet
  facet normal 0.857609 0.514302 0
    outer loop
      vertex 21.933 -12.6307 0
      vertex 22.0112 -12.7611 1.6
      vertex 22.0112 -12.7611 0
    endloop
  endfacet
  facet normal -0.0493145 0.998783 0
    outer loop
      vertex 23.4519 -13.4425 0
      vertex 23.3 -13.45 1.6
      vertex 23.4519 -13.4425 1.6
    endloop
  endfacet
  facet normal -0.0493145 0.998783 0
    outer loop
      vertex 23.3 -13.45 1.6
      vertex 23.4519 -13.4425 0
      vertex 23.3 -13.45 0
    endloop
  endfacet
  facet normal 0.0493145 0.998783 -0
    outer loop
      vertex 23.3 -13.45 0
      vertex 23.1481 -13.4425 1.6
      vertex 23.3 -13.45 1.6
    endloop
  endfacet
  facet normal 0.0493145 0.998783 0
    outer loop
      vertex 23.1481 -13.4425 1.6
      vertex 23.3 -13.45 0
      vertex 23.1481 -13.4425 0
    endloop
  endfacet
  facet normal -0.0493145 -0.998783 0
    outer loop
      vertex 23.3 -10.35 0
      vertex 23.4519 -10.3575 1.6
      vertex 23.3 -10.35 1.6
    endloop
  endfacet
  facet normal -0.0493145 -0.998783 -0
    outer loop
      vertex 23.4519 -10.3575 1.6
      vertex 23.3 -10.35 0
      vertex 23.4519 -10.3575 0
    endloop
  endfacet
  facet normal 0.740772 -0.671756 0
    outer loop
      vertex 22.1018 -10.9167 1.6
      vertex 22.204 -10.804 0
      vertex 22.204 -10.804 1.6
    endloop
  endfacet
  facet normal 0.740772 -0.671756 0
    outer loop
      vertex 22.204 -10.804 0
      vertex 22.1018 -10.9167 1.6
      vertex 22.1018 -10.9167 0
    endloop
  endfacet
  facet normal -0.42738 -0.904072 0
    outer loop
      vertex 23.8932 -10.468 0
      vertex 24.0307 -10.533 1.6
      vertex 23.8932 -10.468 1.6
    endloop
  endfacet
  facet normal -0.42738 -0.904072 -0
    outer loop
      vertex 24.0307 -10.533 1.6
      vertex 23.8932 -10.468 0
      vertex 24.0307 -10.533 0
    endloop
  endfacet
  facet normal 0.941489 0.337044 0
    outer loop
      vertex 21.868 -12.4932 1.6
      vertex 21.8167 -12.3499 0
      vertex 21.8167 -12.3499 1.6
    endloop
  endfacet
  facet normal 0.941489 0.337044 0
    outer loop
      vertex 21.8167 -12.3499 0
      vertex 21.868 -12.4932 1.6
      vertex 21.868 -12.4932 0
    endloop
  endfacet
  facet normal -0.970104 -0.24269 0
    outer loop
      vertex 24.8202 -11.5976 0
      vertex 24.7833 -11.4501 1.6
      vertex 24.7833 -11.4501 0
    endloop
  endfacet
  facet normal -0.970104 -0.24269 0
    outer loop
      vertex 24.7833 -11.4501 1.6
      vertex 24.8202 -11.5976 0
      vertex 24.8202 -11.5976 1.6
    endloop
  endfacet
  facet normal -0.998783 -0.0493145 0
    outer loop
      vertex 24.85 -11.9 0
      vertex 24.8425 -11.7481 1.6
      vertex 24.8425 -11.7481 0
    endloop
  endfacet
  facet normal -0.998783 -0.0493145 0
    outer loop
      vertex 24.8425 -11.7481 1.6
      vertex 24.85 -11.9 0
      vertex 24.85 -11.9 1.6
    endloop
  endfacet
  facet normal 0.998783 -0.0493145 0
    outer loop
      vertex 21.75 -11.9 1.6
      vertex 21.7575 -11.7481 0
      vertex 21.7575 -11.7481 1.6
    endloop
  endfacet
  facet normal 0.998783 -0.0493145 0
    outer loop
      vertex 21.7575 -11.7481 0
      vertex 21.75 -11.9 1.6
      vertex 21.75 -11.9 0
    endloop
  endfacet
  facet normal 0.998783 0.0493145 0
    outer loop
      vertex 21.7575 -12.0519 1.6
      vertex 21.75 -11.9 0
      vertex 21.75 -11.9 1.6
    endloop
  endfacet
  facet normal 0.998783 0.0493145 0
    outer loop
      vertex 21.75 -11.9 0
      vertex 21.7575 -12.0519 1.6
      vertex 21.7575 -12.0519 0
    endloop
  endfacet
  facet normal 0.514302 0.857609 -0
    outer loop
      vertex 22.5693 -13.267 0
      vertex 22.4389 -13.1888 1.6
      vertex 22.5693 -13.267 1.6
    endloop
  endfacet
  facet normal 0.514302 0.857609 0
    outer loop
      vertex 22.4389 -13.1888 1.6
      vertex 22.5693 -13.267 0
      vertex 22.4389 -13.1888 0
    endloop
  endfacet
  facet normal -0.9892 0.146572 0
    outer loop
      vertex 24.8202 -12.2024 0
      vertex 24.8425 -12.0519 1.6
      vertex 24.8425 -12.0519 0
    endloop
  endfacet
  facet normal -0.9892 0.146572 0
    outer loop
      vertex 24.8425 -12.0519 1.6
      vertex 24.8202 -12.2024 0
      vertex 24.8202 -12.2024 1.6
    endloop
  endfacet
  facet normal 0.337044 -0.941489 0
    outer loop
      vertex 22.7068 -10.468 0
      vertex 22.8501 -10.4167 1.6
      vertex 22.7068 -10.468 1.6
    endloop
  endfacet
  facet normal 0.337044 -0.941489 0
    outer loop
      vertex 22.8501 -10.4167 1.6
      vertex 22.7068 -10.468 0
      vertex 22.8501 -10.4167 0
    endloop
  endfacet
  facet normal 0.0493145 -0.998783 0
    outer loop
      vertex 23.1481 -10.3575 0
      vertex 23.3 -10.35 1.6
      vertex 23.1481 -10.3575 1.6
    endloop
  endfacet
  facet normal 0.0493145 -0.998783 0
    outer loop
      vertex 23.3 -10.35 1.6
      vertex 23.1481 -10.3575 0
      vertex 23.3 -10.35 0
    endloop
  endfacet
  facet normal 0.595573 -0.803301 0
    outer loop
      vertex 22.3167 -10.7018 0
      vertex 22.4389 -10.6112 1.6
      vertex 22.3167 -10.7018 1.6
    endloop
  endfacet
  facet normal 0.595573 -0.803301 0
    outer loop
      vertex 22.4389 -10.6112 1.6
      vertex 22.3167 -10.7018 0
      vertex 22.4389 -10.6112 0
    endloop
  endfacet
  facet normal -0.24269 -0.970104 0
    outer loop
      vertex 23.6024 -10.3798 0
      vertex 23.7499 -10.4167 1.6
      vertex 23.6024 -10.3798 1.6
    endloop
  endfacet
  facet normal -0.24269 -0.970104 -0
    outer loop
      vertex 23.7499 -10.4167 1.6
      vertex 23.6024 -10.3798 0
      vertex 23.7499 -10.4167 0
    endloop
  endfacet
  facet normal -0.941489 -0.337044 0
    outer loop
      vertex 24.7833 -11.4501 0
      vertex 24.732 -11.3068 1.6
      vertex 24.732 -11.3068 0
    endloop
  endfacet
  facet normal -0.941489 -0.337044 0
    outer loop
      vertex 24.732 -11.3068 1.6
      vertex 24.7833 -11.4501 0
      vertex 24.7833 -11.4501 1.6
    endloop
  endfacet
  facet normal -0.904072 -0.42738 0
    outer loop
      vertex 24.732 -11.3068 0
      vertex 24.667 -11.1693 1.6
      vertex 24.667 -11.1693 0
    endloop
  endfacet
  facet normal -0.904072 -0.42738 0
    outer loop
      vertex 24.667 -11.1693 1.6
      vertex 24.732 -11.3068 0
      vertex 24.732 -11.3068 1.6
    endloop
  endfacet
  facet normal 0.740772 0.671756 0
    outer loop
      vertex 22.204 -12.996 1.6
      vertex 22.1018 -12.8833 0
      vertex 22.1018 -12.8833 1.6
    endloop
  endfacet
  facet normal 0.740772 0.671756 0
    outer loop
      vertex 22.1018 -12.8833 0
      vertex 22.204 -12.996 1.6
      vertex 22.204 -12.996 0
    endloop
  endfacet
  facet normal -0.740772 0.671756 0
    outer loop
      vertex 24.396 -12.996 0
      vertex 24.4982 -12.8833 1.6
      vertex 24.4982 -12.8833 0
    endloop
  endfacet
  facet normal -0.740772 0.671756 0
    outer loop
      vertex 24.4982 -12.8833 1.6
      vertex 24.396 -12.996 0
      vertex 24.396 -12.996 1.6
    endloop
  endfacet
  facet normal -0.595573 -0.803301 0
    outer loop
      vertex 24.1611 -10.6112 0
      vertex 24.2833 -10.7018 1.6
      vertex 24.1611 -10.6112 1.6
    endloop
  endfacet
  facet normal -0.595573 -0.803301 -0
    outer loop
      vertex 24.2833 -10.7018 1.6
      vertex 24.1611 -10.6112 0
      vertex 24.2833 -10.7018 0
    endloop
  endfacet
  facet normal -0.146572 0.9892 0
    outer loop
      vertex 23.6024 -13.4202 0
      vertex 23.4519 -13.4425 1.6
      vertex 23.6024 -13.4202 1.6
    endloop
  endfacet
  facet normal -0.146572 0.9892 0
    outer loop
      vertex 23.4519 -13.4425 1.6
      vertex 23.6024 -13.4202 0
      vertex 23.4519 -13.4425 0
    endloop
  endfacet
  facet normal 0.904072 -0.42738 0
    outer loop
      vertex 21.868 -11.3068 1.6
      vertex 21.933 -11.1693 0
      vertex 21.933 -11.1693 1.6
    endloop
  endfacet
  facet normal 0.904072 -0.42738 0
    outer loop
      vertex 21.933 -11.1693 0
      vertex 21.868 -11.3068 1.6
      vertex 21.868 -11.3068 0
    endloop
  endfacet
  facet normal -0.514302 -0.857609 0
    outer loop
      vertex 24.0307 -10.533 0
      vertex 24.1611 -10.6112 1.6
      vertex 24.0307 -10.533 1.6
    endloop
  endfacet
  facet normal -0.514302 -0.857609 -0
    outer loop
      vertex 24.1611 -10.6112 1.6
      vertex 24.0307 -10.533 0
      vertex 24.1611 -10.6112 0
    endloop
  endfacet
  facet normal 0.9892 -0.146572 0
    outer loop
      vertex 21.7575 -11.7481 1.6
      vertex 21.7798 -11.5976 0
      vertex 21.7798 -11.5976 1.6
    endloop
  endfacet
  facet normal 0.9892 -0.146572 0
    outer loop
      vertex 21.7798 -11.5976 0
      vertex 21.7575 -11.7481 1.6
      vertex 21.7575 -11.7481 0
    endloop
  endfacet
  facet normal -0.857609 -0.514302 0
    outer loop
      vertex 24.667 -11.1693 0
      vertex 24.5888 -11.0389 1.6
      vertex 24.5888 -11.0389 0
    endloop
  endfacet
  facet normal -0.857609 -0.514302 0
    outer loop
      vertex 24.5888 -11.0389 1.6
      vertex 24.667 -11.1693 0
      vertex 24.667 -11.1693 1.6
    endloop
  endfacet
  facet normal 0.904072 0.42738 0
    outer loop
      vertex 21.933 -12.6307 1.6
      vertex 21.868 -12.4932 0
      vertex 21.868 -12.4932 1.6
    endloop
  endfacet
  facet normal 0.904072 0.42738 0
    outer loop
      vertex 21.868 -12.4932 0
      vertex 21.933 -12.6307 1.6
      vertex 21.933 -12.6307 0
    endloop
  endfacet
  facet normal 0.24269 0.970104 -0
    outer loop
      vertex 22.9976 -13.4202 0
      vertex 22.8501 -13.3833 1.6
      vertex 22.9976 -13.4202 1.6
    endloop
  endfacet
  facet normal 0.24269 0.970104 0
    outer loop
      vertex 22.8501 -13.3833 1.6
      vertex 22.9976 -13.4202 0
      vertex 22.8501 -13.3833 0
    endloop
  endfacet
  facet normal -0.671756 -0.740772 0
    outer loop
      vertex 24.2833 -10.7018 0
      vertex 24.396 -10.804 1.6
      vertex 24.2833 -10.7018 1.6
    endloop
  endfacet
  facet normal -0.671756 -0.740772 -0
    outer loop
      vertex 24.396 -10.804 1.6
      vertex 24.2833 -10.7018 0
      vertex 24.396 -10.804 0
    endloop
  endfacet
  facet normal 0.970104 0.24269 0
    outer loop
      vertex 21.8167 -12.3499 1.6
      vertex 21.7798 -12.2024 0
      vertex 21.7798 -12.2024 1.6
    endloop
  endfacet
  facet normal 0.970104 0.24269 0
    outer loop
      vertex 21.7798 -12.2024 0
      vertex 21.8167 -12.3499 1.6
      vertex 21.8167 -12.3499 0
    endloop
  endfacet
  facet normal -0.24269 0.970104 0
    outer loop
      vertex 23.7499 -13.3833 0
      vertex 23.6024 -13.4202 1.6
      vertex 23.7499 -13.3833 1.6
    endloop
  endfacet
  facet normal -0.24269 0.970104 0
    outer loop
      vertex 23.6024 -13.4202 1.6
      vertex 23.7499 -13.3833 0
      vertex 23.6024 -13.4202 0
    endloop
  endfacet
  facet normal 0.803301 0.595573 0
    outer loop
      vertex 22.1018 -12.8833 1.6
      vertex 22.0112 -12.7611 0
      vertex 22.0112 -12.7611 1.6
    endloop
  endfacet
  facet normal 0.803301 0.595573 0
    outer loop
      vertex 22.0112 -12.7611 0
      vertex 22.1018 -12.8833 1.6
      vertex 22.1018 -12.8833 0
    endloop
  endfacet
  facet normal 0.146572 -0.9892 0
    outer loop
      vertex 22.9976 -10.3798 0
      vertex 23.1481 -10.3575 1.6
      vertex 22.9976 -10.3798 1.6
    endloop
  endfacet
  facet normal 0.146572 -0.9892 0
    outer loop
      vertex 23.1481 -10.3575 1.6
      vertex 22.9976 -10.3798 0
      vertex 23.1481 -10.3575 0
    endloop
  endfacet
  facet normal 0.24269 -0.970104 0
    outer loop
      vertex 22.8501 -10.4167 0
      vertex 22.9976 -10.3798 1.6
      vertex 22.8501 -10.4167 1.6
    endloop
  endfacet
  facet normal 0.24269 -0.970104 0
    outer loop
      vertex 22.9976 -10.3798 1.6
      vertex 22.8501 -10.4167 0
      vertex 22.9976 -10.3798 0
    endloop
  endfacet
  facet normal -0.671756 0.740772 0
    outer loop
      vertex 24.396 -12.996 0
      vertex 24.2833 -13.0982 1.6
      vertex 24.396 -12.996 1.6
    endloop
  endfacet
  facet normal -0.671756 0.740772 0
    outer loop
      vertex 24.2833 -13.0982 1.6
      vertex 24.396 -12.996 0
      vertex 24.2833 -13.0982 0
    endloop
  endfacet
  facet normal 0.42738 0.904072 -0
    outer loop
      vertex 22.7068 -13.332 0
      vertex 22.5693 -13.267 1.6
      vertex 22.7068 -13.332 1.6
    endloop
  endfacet
  facet normal 0.42738 0.904072 0
    outer loop
      vertex 22.5693 -13.267 1.6
      vertex 22.7068 -13.332 0
      vertex 22.5693 -13.267 0
    endloop
  endfacet
  facet normal -0.857609 0.514302 0
    outer loop
      vertex 24.5888 -12.7611 0
      vertex 24.667 -12.6307 1.6
      vertex 24.667 -12.6307 0
    endloop
  endfacet
  facet normal -0.857609 0.514302 0
    outer loop
      vertex 24.667 -12.6307 1.6
      vertex 24.5888 -12.7611 0
      vertex 24.5888 -12.7611 1.6
    endloop
  endfacet
  facet normal -0.998783 0.0493145 0
    outer loop
      vertex 24.8425 -12.0519 0
      vertex 24.85 -11.9 1.6
      vertex 24.85 -11.9 0
    endloop
  endfacet
  facet normal -0.998783 0.0493145 0
    outer loop
      vertex 24.85 -11.9 1.6
      vertex 24.8425 -12.0519 0
      vertex 24.8425 -12.0519 1.6
    endloop
  endfacet
  facet normal -0.595573 0.803301 0
    outer loop
      vertex 24.2833 -13.0982 0
      vertex 24.1611 -13.1888 1.6
      vertex 24.2833 -13.0982 1.6
    endloop
  endfacet
  facet normal -0.595573 0.803301 0
    outer loop
      vertex 24.1611 -13.1888 1.6
      vertex 24.2833 -13.0982 0
      vertex 24.1611 -13.1888 0
    endloop
  endfacet
  facet normal 0.42738 -0.904072 0
    outer loop
      vertex 22.5693 -10.533 0
      vertex 22.7068 -10.468 1.6
      vertex 22.5693 -10.533 1.6
    endloop
  endfacet
  facet normal 0.42738 -0.904072 0
    outer loop
      vertex 22.7068 -10.468 1.6
      vertex 22.5693 -10.533 0
      vertex 22.7068 -10.468 0
    endloop
  endfacet
  facet normal -0.803301 0.595573 0
    outer loop
      vertex 24.4982 -12.8833 0
      vertex 24.5888 -12.7611 1.6
      vertex 24.5888 -12.7611 0
    endloop
  endfacet
  facet normal -0.803301 0.595573 0
    outer loop
      vertex 24.5888 -12.7611 1.6
      vertex 24.4982 -12.8833 0
      vertex 24.4982 -12.8833 1.6
    endloop
  endfacet
  facet normal 0.941489 -0.337044 0
    outer loop
      vertex 21.8167 -11.4501 1.6
      vertex 21.868 -11.3068 0
      vertex 21.868 -11.3068 1.6
    endloop
  endfacet
  facet normal 0.941489 -0.337044 0
    outer loop
      vertex 21.868 -11.3068 0
      vertex 21.8167 -11.4501 1.6
      vertex 21.8167 -11.4501 0
    endloop
  endfacet
  facet normal 0.595573 0.803301 -0
    outer loop
      vertex 22.4389 -13.1888 0
      vertex 22.3167 -13.0982 1.6
      vertex 22.4389 -13.1888 1.6
    endloop
  endfacet
  facet normal 0.595573 0.803301 0
    outer loop
      vertex 22.3167 -13.0982 1.6
      vertex 22.4389 -13.1888 0
      vertex 22.3167 -13.0982 0
    endloop
  endfacet
  facet normal -0.904072 0.42738 0
    outer loop
      vertex 24.667 -12.6307 0
      vertex 24.732 -12.4932 1.6
      vertex 24.732 -12.4932 0
    endloop
  endfacet
  facet normal -0.904072 0.42738 0
    outer loop
      vertex 24.732 -12.4932 1.6
      vertex 24.667 -12.6307 0
      vertex 24.667 -12.6307 1.6
    endloop
  endfacet
  facet normal -0.941489 0.337044 0
    outer loop
      vertex 24.732 -12.4932 0
      vertex 24.7833 -12.3499 1.6
      vertex 24.7833 -12.3499 0
    endloop
  endfacet
  facet normal -0.941489 0.337044 0
    outer loop
      vertex 24.7833 -12.3499 1.6
      vertex 24.732 -12.4932 0
      vertex 24.732 -12.4932 1.6
    endloop
  endfacet
  facet normal 0.857609 -0.514302 0
    outer loop
      vertex 21.933 -11.1693 1.6
      vertex 22.0112 -11.0389 0
      vertex 22.0112 -11.0389 1.6
    endloop
  endfacet
  facet normal 0.857609 -0.514302 0
    outer loop
      vertex 22.0112 -11.0389 0
      vertex 21.933 -11.1693 1.6
      vertex 21.933 -11.1693 0
    endloop
  endfacet
  facet normal 0.514302 -0.857609 0
    outer loop
      vertex 22.4389 -10.6112 0
      vertex 22.5693 -10.533 1.6
      vertex 22.4389 -10.6112 1.6
    endloop
  endfacet
  facet normal 0.514302 -0.857609 0
    outer loop
      vertex 22.5693 -10.533 1.6
      vertex 22.4389 -10.6112 0
      vertex 22.5693 -10.533 0
    endloop
  endfacet
  facet normal 0.337044 0.941489 -0
    outer loop
      vertex 22.8501 -13.3833 0
      vertex 22.7068 -13.332 1.6
      vertex 22.8501 -13.3833 1.6
    endloop
  endfacet
  facet normal 0.337044 0.941489 0
    outer loop
      vertex 22.7068 -13.332 1.6
      vertex 22.8501 -13.3833 0
      vertex 22.7068 -13.332 0
    endloop
  endfacet
  facet normal 0.671756 0.740772 -0
    outer loop
      vertex 22.3167 -13.0982 0
      vertex 22.204 -12.996 1.6
      vertex 22.3167 -13.0982 1.6
    endloop
  endfacet
  facet normal 0.671756 0.740772 0
    outer loop
      vertex 22.204 -12.996 1.6
      vertex 22.3167 -13.0982 0
      vertex 22.204 -12.996 0
    endloop
  endfacet
  facet normal -0.337044 0.941489 0
    outer loop
      vertex 23.8932 -13.332 0
      vertex 23.7499 -13.3833 1.6
      vertex 23.8932 -13.332 1.6
    endloop
  endfacet
  facet normal -0.337044 0.941489 0
    outer loop
      vertex 23.7499 -13.3833 1.6
      vertex 23.8932 -13.332 0
      vertex 23.7499 -13.3833 0
    endloop
  endfacet
  facet normal -0.146572 -0.9892 0
    outer loop
      vertex 23.4519 -10.3575 0
      vertex 23.6024 -10.3798 1.6
      vertex 23.4519 -10.3575 1.6
    endloop
  endfacet
  facet normal -0.146572 -0.9892 -0
    outer loop
      vertex 23.6024 -10.3798 1.6
      vertex 23.4519 -10.3575 0
      vertex 23.6024 -10.3798 0
    endloop
  endfacet
  facet normal -0.514302 0.857609 0
    outer loop
      vertex 24.1611 -13.1888 0
      vertex 24.0307 -13.267 1.6
      vertex 24.1611 -13.1888 1.6
    endloop
  endfacet
  facet normal -0.514302 0.857609 0
    outer loop
      vertex 24.0307 -13.267 1.6
      vertex 24.1611 -13.1888 0
      vertex 24.0307 -13.267 0
    endloop
  endfacet
  facet normal 0.803301 -0.595573 0
    outer loop
      vertex 22.0112 -11.0389 1.6
      vertex 22.1018 -10.9167 0
      vertex 22.1018 -10.9167 1.6
    endloop
  endfacet
  facet normal 0.803301 -0.595573 0
    outer loop
      vertex 22.1018 -10.9167 0
      vertex 22.0112 -11.0389 1.6
      vertex 22.0112 -11.0389 0
    endloop
  endfacet
  facet normal 0.146572 0.9892 -0
    outer loop
      vertex 23.1481 -13.4425 0
      vertex 22.9976 -13.4202 1.6
      vertex 23.1481 -13.4425 1.6
    endloop
  endfacet
  facet normal 0.146572 0.9892 0
    outer loop
      vertex 22.9976 -13.4202 1.6
      vertex 23.1481 -13.4425 0
      vertex 22.9976 -13.4202 0
    endloop
  endfacet
  facet normal -0.9892 -0.146572 0
    outer loop
      vertex 24.8425 12.0519 0
      vertex 24.8202 12.2024 1.6
      vertex 24.8202 12.2024 0
    endloop
  endfacet
  facet normal -0.9892 -0.146572 0
    outer loop
      vertex 24.8202 12.2024 1.6
      vertex 24.8425 12.0519 0
      vertex 24.8425 12.0519 1.6
    endloop
  endfacet
  facet normal -0.998783 -0.0493145 0
    outer loop
      vertex 24.85 11.9 0
      vertex 24.8425 12.0519 1.6
      vertex 24.8425 12.0519 0
    endloop
  endfacet
  facet normal -0.998783 -0.0493145 0
    outer loop
      vertex 24.8425 12.0519 1.6
      vertex 24.85 11.9 0
      vertex 24.85 11.9 1.6
    endloop
  endfacet
  facet normal -0.970104 -0.24269 0
    outer loop
      vertex 24.8202 12.2024 0
      vertex 24.7833 12.3499 1.6
      vertex 24.7833 12.3499 0
    endloop
  endfacet
  facet normal -0.970104 -0.24269 0
    outer loop
      vertex 24.7833 12.3499 1.6
      vertex 24.8202 12.2024 0
      vertex 24.8202 12.2024 1.6
    endloop
  endfacet
  facet normal 0.24269 -0.970104 0
    outer loop
      vertex 22.8501 13.3833 0
      vertex 22.9976 13.4202 1.6
      vertex 22.8501 13.3833 1.6
    endloop
  endfacet
  facet normal 0.24269 -0.970104 0
    outer loop
      vertex 22.9976 13.4202 1.6
      vertex 22.8501 13.3833 0
      vertex 22.9976 13.4202 0
    endloop
  endfacet
  facet normal 0.904072 0.42738 0
    outer loop
      vertex 21.933 11.1693 1.6
      vertex 21.868 11.3068 0
      vertex 21.868 11.3068 1.6
    endloop
  endfacet
  facet normal 0.904072 0.42738 0
    outer loop
      vertex 21.868 11.3068 0
      vertex 21.933 11.1693 1.6
      vertex 21.933 11.1693 0
    endloop
  endfacet
  facet normal -0.42738 0.904072 0
    outer loop
      vertex 24.0307 10.533 0
      vertex 23.8932 10.468 1.6
      vertex 24.0307 10.533 1.6
    endloop
  endfacet
  facet normal -0.42738 0.904072 0
    outer loop
      vertex 23.8932 10.468 1.6
      vertex 24.0307 10.533 0
      vertex 23.8932 10.468 0
    endloop
  endfacet
  facet normal -0.514302 -0.857609 0
    outer loop
      vertex 24.0307 13.267 0
      vertex 24.1611 13.1888 1.6
      vertex 24.0307 13.267 1.6
    endloop
  endfacet
  facet normal -0.514302 -0.857609 -0
    outer loop
      vertex 24.1611 13.1888 1.6
      vertex 24.0307 13.267 0
      vertex 24.1611 13.1888 0
    endloop
  endfacet
  facet normal -0.514302 0.857609 0
    outer loop
      vertex 24.1611 10.6112 0
      vertex 24.0307 10.533 1.6
      vertex 24.1611 10.6112 1.6
    endloop
  endfacet
  facet normal -0.514302 0.857609 0
    outer loop
      vertex 24.0307 10.533 1.6
      vertex 24.1611 10.6112 0
      vertex 24.0307 10.533 0
    endloop
  endfacet
  facet normal -0.337044 0.941489 0
    outer loop
      vertex 23.8932 10.468 0
      vertex 23.7499 10.4167 1.6
      vertex 23.8932 10.468 1.6
    endloop
  endfacet
  facet normal -0.337044 0.941489 0
    outer loop
      vertex 23.7499 10.4167 1.6
      vertex 23.8932 10.468 0
      vertex 23.7499 10.4167 0
    endloop
  endfacet
  facet normal 0.970104 -0.24269 0
    outer loop
      vertex 21.7798 12.2024 1.6
      vertex 21.8167 12.3499 0
      vertex 21.8167 12.3499 1.6
    endloop
  endfacet
  facet normal 0.970104 -0.24269 0
    outer loop
      vertex 21.8167 12.3499 0
      vertex 21.7798 12.2024 1.6
      vertex 21.7798 12.2024 0
    endloop
  endfacet
  facet normal 0.671756 -0.740772 0
    outer loop
      vertex 22.204 12.996 0
      vertex 22.3167 13.0982 1.6
      vertex 22.204 12.996 1.6
    endloop
  endfacet
  facet normal 0.671756 -0.740772 0
    outer loop
      vertex 22.3167 13.0982 1.6
      vertex 22.204 12.996 0
      vertex 22.3167 13.0982 0
    endloop
  endfacet
  facet normal 0.514302 -0.857609 0
    outer loop
      vertex 22.4389 13.1888 0
      vertex 22.5693 13.267 1.6
      vertex 22.4389 13.1888 1.6
    endloop
  endfacet
  facet normal 0.514302 -0.857609 0
    outer loop
      vertex 22.5693 13.267 1.6
      vertex 22.4389 13.1888 0
      vertex 22.5693 13.267 0
    endloop
  endfacet
  facet normal -0.146572 0.9892 0
    outer loop
      vertex 23.6024 10.3798 0
      vertex 23.4519 10.3575 1.6
      vertex 23.6024 10.3798 1.6
    endloop
  endfacet
  facet normal -0.146572 0.9892 0
    outer loop
      vertex 23.4519 10.3575 1.6
      vertex 23.6024 10.3798 0
      vertex 23.4519 10.3575 0
    endloop
  endfacet
  facet normal 0.803301 -0.595573 0
    outer loop
      vertex 22.0112 12.7611 1.6
      vertex 22.1018 12.8833 0
      vertex 22.1018 12.8833 1.6
    endloop
  endfacet
  facet normal 0.803301 -0.595573 0
    outer loop
      vertex 22.1018 12.8833 0
      vertex 22.0112 12.7611 1.6
      vertex 22.0112 12.7611 0
    endloop
  endfacet
  facet normal -0.904072 -0.42738 0
    outer loop
      vertex 24.732 12.4932 0
      vertex 24.667 12.6307 1.6
      vertex 24.667 12.6307 0
    endloop
  endfacet
  facet normal -0.904072 -0.42738 0
    outer loop
      vertex 24.667 12.6307 1.6
      vertex 24.732 12.4932 0
      vertex 24.732 12.4932 1.6
    endloop
  endfacet
  facet normal 0.941489 -0.337044 0
    outer loop
      vertex 21.8167 12.3499 1.6
      vertex 21.868 12.4932 0
      vertex 21.868 12.4932 1.6
    endloop
  endfacet
  facet normal 0.941489 -0.337044 0
    outer loop
      vertex 21.868 12.4932 0
      vertex 21.8167 12.3499 1.6
      vertex 21.8167 12.3499 0
    endloop
  endfacet
  facet normal 0.337044 0.941489 -0
    outer loop
      vertex 22.8501 10.4167 0
      vertex 22.7068 10.468 1.6
      vertex 22.8501 10.4167 1.6
    endloop
  endfacet
  facet normal 0.337044 0.941489 0
    outer loop
      vertex 22.7068 10.468 1.6
      vertex 22.8501 10.4167 0
      vertex 22.7068 10.468 0
    endloop
  endfacet
  facet normal -0.595573 -0.803301 0
    outer loop
      vertex 24.1611 13.1888 0
      vertex 24.2833 13.0982 1.6
      vertex 24.1611 13.1888 1.6
    endloop
  endfacet
  facet normal -0.595573 -0.803301 -0
    outer loop
      vertex 24.2833 13.0982 1.6
      vertex 24.1611 13.1888 0
      vertex 24.2833 13.0982 0
    endloop
  endfacet
  facet normal 0.904072 -0.42738 0
    outer loop
      vertex 21.868 12.4932 1.6
      vertex 21.933 12.6307 0
      vertex 21.933 12.6307 1.6
    endloop
  endfacet
  facet normal 0.904072 -0.42738 0
    outer loop
      vertex 21.933 12.6307 0
      vertex 21.868 12.4932 1.6
      vertex 21.868 12.4932 0
    endloop
  endfacet
  facet normal -0.803301 0.595573 0
    outer loop
      vertex 24.4982 10.9167 0
      vertex 24.5888 11.0389 1.6
      vertex 24.5888 11.0389 0
    endloop
  endfacet
  facet normal -0.803301 0.595573 0
    outer loop
      vertex 24.5888 11.0389 1.6
      vertex 24.4982 10.9167 0
      vertex 24.4982 10.9167 1.6
    endloop
  endfacet
  facet normal -0.146572 -0.9892 0
    outer loop
      vertex 23.4519 13.4425 0
      vertex 23.6024 13.4202 1.6
      vertex 23.4519 13.4425 1.6
    endloop
  endfacet
  facet normal -0.146572 -0.9892 -0
    outer loop
      vertex 23.6024 13.4202 1.6
      vertex 23.4519 13.4425 0
      vertex 23.6024 13.4202 0
    endloop
  endfacet
  facet normal 0.9892 -0.146572 0
    outer loop
      vertex 21.7575 12.0519 1.6
      vertex 21.7798 12.2024 0
      vertex 21.7798 12.2024 1.6
    endloop
  endfacet
  facet normal 0.9892 -0.146572 0
    outer loop
      vertex 21.7798 12.2024 0
      vertex 21.7575 12.0519 1.6
      vertex 21.7575 12.0519 0
    endloop
  endfacet
  facet normal -0.803301 -0.595573 0
    outer loop
      vertex 24.5888 12.7611 0
      vertex 24.4982 12.8833 1.6
      vertex 24.4982 12.8833 0
    endloop
  endfacet
  facet normal -0.803301 -0.595573 0
    outer loop
      vertex 24.4982 12.8833 1.6
      vertex 24.5888 12.7611 0
      vertex 24.5888 12.7611 1.6
    endloop
  endfacet
  facet normal -0.0493145 -0.998783 0
    outer loop
      vertex 23.3 13.45 0
      vertex 23.4519 13.4425 1.6
      vertex 23.3 13.45 1.6
    endloop
  endfacet
  facet normal -0.0493145 -0.998783 -0
    outer loop
      vertex 23.4519 13.4425 1.6
      vertex 23.3 13.45 0
      vertex 23.4519 13.4425 0
    endloop
  endfacet
  facet normal 0.857609 0.514302 0
    outer loop
      vertex 22.0112 11.0389 1.6
      vertex 21.933 11.1693 0
      vertex 21.933 11.1693 1.6
    endloop
  endfacet
  facet normal 0.857609 0.514302 0
    outer loop
      vertex 21.933 11.1693 0
      vertex 22.0112 11.0389 1.6
      vertex 22.0112 11.0389 0
    endloop
  endfacet
  facet normal 0.941489 0.337044 0
    outer loop
      vertex 21.868 11.3068 1.6
      vertex 21.8167 11.4501 0
      vertex 21.8167 11.4501 1.6
    endloop
  endfacet
  facet normal 0.941489 0.337044 0
    outer loop
      vertex 21.8167 11.4501 0
      vertex 21.868 11.3068 1.6
      vertex 21.868 11.3068 0
    endloop
  endfacet
  facet normal 0.42738 -0.904072 0
    outer loop
      vertex 22.5693 13.267 0
      vertex 22.7068 13.332 1.6
      vertex 22.5693 13.267 1.6
    endloop
  endfacet
  facet normal 0.42738 -0.904072 0
    outer loop
      vertex 22.7068 13.332 1.6
      vertex 22.5693 13.267 0
      vertex 22.7068 13.332 0
    endloop
  endfacet
  facet normal -0.904072 0.42738 0
    outer loop
      vertex 24.667 11.1693 0
      vertex 24.732 11.3068 1.6
      vertex 24.732 11.3068 0
    endloop
  endfacet
  facet normal -0.904072 0.42738 0
    outer loop
      vertex 24.732 11.3068 1.6
      vertex 24.667 11.1693 0
      vertex 24.667 11.1693 1.6
    endloop
  endfacet
  facet normal 0.595573 0.803301 -0
    outer loop
      vertex 22.4389 10.6112 0
      vertex 22.3167 10.7018 1.6
      vertex 22.4389 10.6112 1.6
    endloop
  endfacet
  facet normal 0.595573 0.803301 0
    outer loop
      vertex 22.3167 10.7018 1.6
      vertex 22.4389 10.6112 0
      vertex 22.3167 10.7018 0
    endloop
  endfacet
  facet normal 0.857609 -0.514302 0
    outer loop
      vertex 21.933 12.6307 1.6
      vertex 22.0112 12.7611 0
      vertex 22.0112 12.7611 1.6
    endloop
  endfacet
  facet normal 0.857609 -0.514302 0
    outer loop
      vertex 22.0112 12.7611 0
      vertex 21.933 12.6307 1.6
      vertex 21.933 12.6307 0
    endloop
  endfacet
  facet normal -0.998783 0.0493145 0
    outer loop
      vertex 24.8425 11.7481 0
      vertex 24.85 11.9 1.6
      vertex 24.85 11.9 0
    endloop
  endfacet
  facet normal -0.998783 0.0493145 0
    outer loop
      vertex 24.85 11.9 1.6
      vertex 24.8425 11.7481 0
      vertex 24.8425 11.7481 1.6
    endloop
  endfacet
  facet normal -0.941489 0.337044 0
    outer loop
      vertex 24.732 11.3068 0
      vertex 24.7833 11.4501 1.6
      vertex 24.7833 11.4501 0
    endloop
  endfacet
  facet normal -0.941489 0.337044 0
    outer loop
      vertex 24.7833 11.4501 1.6
      vertex 24.732 11.3068 0
      vertex 24.732 11.3068 1.6
    endloop
  endfacet
  facet normal -0.24269 0.970104 0
    outer loop
      vertex 23.7499 10.4167 0
      vertex 23.6024 10.3798 1.6
      vertex 23.7499 10.4167 1.6
    endloop
  endfacet
  facet normal -0.24269 0.970104 0
    outer loop
      vertex 23.6024 10.3798 1.6
      vertex 23.7499 10.4167 0
      vertex 23.6024 10.3798 0
    endloop
  endfacet
  facet normal -0.857609 -0.514302 0
    outer loop
      vertex 24.667 12.6307 0
      vertex 24.5888 12.7611 1.6
      vertex 24.5888 12.7611 0
    endloop
  endfacet
  facet normal -0.857609 -0.514302 0
    outer loop
      vertex 24.5888 12.7611 1.6
      vertex 24.667 12.6307 0
      vertex 24.667 12.6307 1.6
    endloop
  endfacet
  facet normal -0.941489 -0.337044 0
    outer loop
      vertex 24.7833 12.3499 0
      vertex 24.732 12.4932 1.6
      vertex 24.732 12.4932 0
    endloop
  endfacet
  facet normal -0.941489 -0.337044 0
    outer loop
      vertex 24.732 12.4932 1.6
      vertex 24.7833 12.3499 0
      vertex 24.7833 12.3499 1.6
    endloop
  endfacet
  facet normal 0.998783 0.0493145 0
    outer loop
      vertex 21.7575 11.7481 1.6
      vertex 21.75 11.9 0
      vertex 21.75 11.9 1.6
    endloop
  endfacet
  facet normal 0.998783 0.0493145 0
    outer loop
      vertex 21.75 11.9 0
      vertex 21.7575 11.7481 1.6
      vertex 21.7575 11.7481 0
    endloop
  endfacet
  facet normal -0.9892 0.146572 0
    outer loop
      vertex 24.8202 11.5976 0
      vertex 24.8425 11.7481 1.6
      vertex 24.8425 11.7481 0
    endloop
  endfacet
  facet normal -0.9892 0.146572 0
    outer loop
      vertex 24.8425 11.7481 1.6
      vertex 24.8202 11.5976 0
      vertex 24.8202 11.5976 1.6
    endloop
  endfacet
  facet normal -0.970104 0.24269 0
    outer loop
      vertex 24.7833 11.4501 0
      vertex 24.8202 11.5976 1.6
      vertex 24.8202 11.5976 0
    endloop
  endfacet
  facet normal -0.970104 0.24269 0
    outer loop
      vertex 24.8202 11.5976 1.6
      vertex 24.7833 11.4501 0
      vertex 24.7833 11.4501 1.6
    endloop
  endfacet
  facet normal -0.671756 -0.740772 0
    outer loop
      vertex 24.2833 13.0982 0
      vertex 24.396 12.996 1.6
      vertex 24.2833 13.0982 1.6
    endloop
  endfacet
  facet normal -0.671756 -0.740772 -0
    outer loop
      vertex 24.396 12.996 1.6
      vertex 24.2833 13.0982 0
      vertex 24.396 12.996 0
    endloop
  endfacet
  facet normal -0.337044 -0.941489 0
    outer loop
      vertex 23.7499 13.3833 0
      vertex 23.8932 13.332 1.6
      vertex 23.7499 13.3833 1.6
    endloop
  endfacet
  facet normal -0.337044 -0.941489 -0
    outer loop
      vertex 23.8932 13.332 1.6
      vertex 23.7499 13.3833 0
      vertex 23.8932 13.332 0
    endloop
  endfacet
  facet normal 0.337044 -0.941489 0
    outer loop
      vertex 22.7068 13.332 0
      vertex 22.8501 13.3833 1.6
      vertex 22.7068 13.332 1.6
    endloop
  endfacet
  facet normal 0.337044 -0.941489 0
    outer loop
      vertex 22.8501 13.3833 1.6
      vertex 22.7068 13.332 0
      vertex 22.8501 13.3833 0
    endloop
  endfacet
  facet normal 0.514302 0.857609 -0
    outer loop
      vertex 22.5693 10.533 0
      vertex 22.4389 10.6112 1.6
      vertex 22.5693 10.533 1.6
    endloop
  endfacet
  facet normal 0.514302 0.857609 0
    outer loop
      vertex 22.4389 10.6112 1.6
      vertex 22.5693 10.533 0
      vertex 22.4389 10.6112 0
    endloop
  endfacet
  facet normal -0.857609 0.514302 0
    outer loop
      vertex 24.5888 11.0389 0
      vertex 24.667 11.1693 1.6
      vertex 24.667 11.1693 0
    endloop
  endfacet
  facet normal -0.857609 0.514302 0
    outer loop
      vertex 24.667 11.1693 1.6
      vertex 24.5888 11.0389 0
      vertex 24.5888 11.0389 1.6
    endloop
  endfacet
  facet normal -0.42738 -0.904072 0
    outer loop
      vertex 23.8932 13.332 0
      vertex 24.0307 13.267 1.6
      vertex 23.8932 13.332 1.6
    endloop
  endfacet
  facet normal -0.42738 -0.904072 -0
    outer loop
      vertex 24.0307 13.267 1.6
      vertex 23.8932 13.332 0
      vertex 24.0307 13.267 0
    endloop
  endfacet
  facet normal 0.146572 0.9892 -0
    outer loop
      vertex 23.1481 10.3575 0
      vertex 22.9976 10.3798 1.6
      vertex 23.1481 10.3575 1.6
    endloop
  endfacet
  facet normal 0.146572 0.9892 0
    outer loop
      vertex 22.9976 10.3798 1.6
      vertex 23.1481 10.3575 0
      vertex 22.9976 10.3798 0
    endloop
  endfacet
  facet normal 0.595573 -0.803301 0
    outer loop
      vertex 22.3167 13.0982 0
      vertex 22.4389 13.1888 1.6
      vertex 22.3167 13.0982 1.6
    endloop
  endfacet
  facet normal 0.595573 -0.803301 0
    outer loop
      vertex 22.4389 13.1888 1.6
      vertex 22.3167 13.0982 0
      vertex 22.4389 13.1888 0
    endloop
  endfacet
  facet normal 0.0493145 0.998783 -0
    outer loop
      vertex 23.3 10.35 0
      vertex 23.1481 10.3575 1.6
      vertex 23.3 10.35 1.6
    endloop
  endfacet
  facet normal 0.0493145 0.998783 0
    outer loop
      vertex 23.1481 10.3575 1.6
      vertex 23.3 10.35 0
      vertex 23.1481 10.3575 0
    endloop
  endfacet
  facet normal 0.740772 -0.671756 0
    outer loop
      vertex 22.1018 12.8833 1.6
      vertex 22.204 12.996 0
      vertex 22.204 12.996 1.6
    endloop
  endfacet
  facet normal 0.740772 -0.671756 0
    outer loop
      vertex 22.204 12.996 0
      vertex 22.1018 12.8833 1.6
      vertex 22.1018 12.8833 0
    endloop
  endfacet
  facet normal -0.0493145 0.998783 0
    outer loop
      vertex 23.4519 10.3575 0
      vertex 23.3 10.35 1.6
      vertex 23.4519 10.3575 1.6
    endloop
  endfacet
  facet normal -0.0493145 0.998783 0
    outer loop
      vertex 23.3 10.35 1.6
      vertex 23.4519 10.3575 0
      vertex 23.3 10.35 0
    endloop
  endfacet
  facet normal 0.146572 -0.9892 0
    outer loop
      vertex 22.9976 13.4202 0
      vertex 23.1481 13.4425 1.6
      vertex 22.9976 13.4202 1.6
    endloop
  endfacet
  facet normal 0.146572 -0.9892 0
    outer loop
      vertex 23.1481 13.4425 1.6
      vertex 22.9976 13.4202 0
      vertex 23.1481 13.4425 0
    endloop
  endfacet
  facet normal 0.24269 0.970104 -0
    outer loop
      vertex 22.9976 10.3798 0
      vertex 22.8501 10.4167 1.6
      vertex 22.9976 10.3798 1.6
    endloop
  endfacet
  facet normal 0.24269 0.970104 0
    outer loop
      vertex 22.8501 10.4167 1.6
      vertex 22.9976 10.3798 0
      vertex 22.8501 10.4167 0
    endloop
  endfacet
  facet normal -0.671756 0.740772 0
    outer loop
      vertex 24.396 10.804 0
      vertex 24.2833 10.7018 1.6
      vertex 24.396 10.804 1.6
    endloop
  endfacet
  facet normal -0.671756 0.740772 0
    outer loop
      vertex 24.2833 10.7018 1.6
      vertex 24.396 10.804 0
      vertex 24.2833 10.7018 0
    endloop
  endfacet
  facet normal 0.671756 0.740772 -0
    outer loop
      vertex 22.3167 10.7018 0
      vertex 22.204 10.804 1.6
      vertex 22.3167 10.7018 1.6
    endloop
  endfacet
  facet normal 0.671756 0.740772 0
    outer loop
      vertex 22.204 10.804 1.6
      vertex 22.3167 10.7018 0
      vertex 22.204 10.804 0
    endloop
  endfacet
  facet normal -0.24269 -0.970104 0
    outer loop
      vertex 23.6024 13.4202 0
      vertex 23.7499 13.3833 1.6
      vertex 23.6024 13.4202 1.6
    endloop
  endfacet
  facet normal -0.24269 -0.970104 -0
    outer loop
      vertex 23.7499 13.3833 1.6
      vertex 23.6024 13.4202 0
      vertex 23.7499 13.3833 0
    endloop
  endfacet
  facet normal 0.970104 0.24269 0
    outer loop
      vertex 21.8167 11.4501 1.6
      vertex 21.7798 11.5976 0
      vertex 21.7798 11.5976 1.6
    endloop
  endfacet
  facet normal 0.970104 0.24269 0
    outer loop
      vertex 21.7798 11.5976 0
      vertex 21.8167 11.4501 1.6
      vertex 21.8167 11.4501 0
    endloop
  endfacet
  facet normal 0.42738 0.904072 -0
    outer loop
      vertex 22.7068 10.468 0
      vertex 22.5693 10.533 1.6
      vertex 22.7068 10.468 1.6
    endloop
  endfacet
  facet normal 0.42738 0.904072 0
    outer loop
      vertex 22.5693 10.533 1.6
      vertex 22.7068 10.468 0
      vertex 22.5693 10.533 0
    endloop
  endfacet
  facet normal 0.740772 0.671756 0
    outer loop
      vertex 22.204 10.804 1.6
      vertex 22.1018 10.9167 0
      vertex 22.1018 10.9167 1.6
    endloop
  endfacet
  facet normal 0.740772 0.671756 0
    outer loop
      vertex 22.1018 10.9167 0
      vertex 22.204 10.804 1.6
      vertex 22.204 10.804 0
    endloop
  endfacet
  facet normal 0.0493145 -0.998783 0
    outer loop
      vertex 23.1481 13.4425 0
      vertex 23.3 13.45 1.6
      vertex 23.1481 13.4425 1.6
    endloop
  endfacet
  facet normal 0.0493145 -0.998783 0
    outer loop
      vertex 23.3 13.45 1.6
      vertex 23.1481 13.4425 0
      vertex 23.3 13.45 0
    endloop
  endfacet
  facet normal 0.9892 0.146572 0
    outer loop
      vertex 21.7798 11.5976 1.6
      vertex 21.7575 11.7481 0
      vertex 21.7575 11.7481 1.6
    endloop
  endfacet
  facet normal 0.9892 0.146572 0
    outer loop
      vertex 21.7575 11.7481 0
      vertex 21.7798 11.5976 1.6
      vertex 21.7798 11.5976 0
    endloop
  endfacet
  facet normal -0.740772 -0.671756 0
    outer loop
      vertex 24.4982 12.8833 0
      vertex 24.396 12.996 1.6
      vertex 24.396 12.996 0
    endloop
  endfacet
  facet normal -0.740772 -0.671756 0
    outer loop
      vertex 24.396 12.996 1.6
      vertex 24.4982 12.8833 0
      vertex 24.4982 12.8833 1.6
    endloop
  endfacet
  facet normal -0.595573 0.803301 0
    outer loop
      vertex 24.2833 10.7018 0
      vertex 24.1611 10.6112 1.6
      vertex 24.2833 10.7018 1.6
    endloop
  endfacet
  facet normal -0.595573 0.803301 0
    outer loop
      vertex 24.1611 10.6112 1.6
      vertex 24.2833 10.7018 0
      vertex 24.1611 10.6112 0
    endloop
  endfacet
  facet normal 0.803301 0.595573 0
    outer loop
      vertex 22.1018 10.9167 1.6
      vertex 22.0112 11.0389 0
      vertex 22.0112 11.0389 1.6
    endloop
  endfacet
  facet normal 0.803301 0.595573 0
    outer loop
      vertex 22.0112 11.0389 0
      vertex 22.1018 10.9167 1.6
      vertex 22.1018 10.9167 0
    endloop
  endfacet
  facet normal 0.998783 -0.0493145 0
    outer loop
      vertex 21.75 11.9 1.6
      vertex 21.7575 12.0519 0
      vertex 21.7575 12.0519 1.6
    endloop
  endfacet
  facet normal 0.998783 -0.0493145 0
    outer loop
      vertex 21.7575 12.0519 0
      vertex 21.75 11.9 1.6
      vertex 21.75 11.9 0
    endloop
  endfacet
  facet normal -0.740772 0.671756 0
    outer loop
      vertex 24.396 10.804 0
      vertex 24.4982 10.9167 1.6
      vertex 24.4982 10.9167 0
    endloop
  endfacet
  facet normal -0.740772 0.671756 0
    outer loop
      vertex 24.4982 10.9167 1.6
      vertex 24.396 10.804 0
      vertex 24.396 10.804 1.6
    endloop
  endfacet
  facet normal 0.595861 -0.803088 0
    outer loop
      vertex 25.0834 -13.9972 0
      vertex 25.2016 -13.9095 1.6
      vertex 25.0834 -13.9972 1.6
    endloop
  endfacet
  facet normal 0.595861 -0.803088 0
    outer loop
      vertex 25.2016 -13.9095 1.6
      vertex 25.0834 -13.9972 0
      vertex 25.2016 -13.9095 0
    endloop
  endfacet
  facet normal -0.243175 -0.969982 0
    outer loop
      vertex -24.6854 -14.1854 0
      vertex -24.5426 -14.2212 1.6
      vertex -24.6854 -14.1854 1.6
    endloop
  endfacet
  facet normal -0.243175 -0.969982 -0
    outer loop
      vertex -24.5426 -14.2212 1.6
      vertex -24.6854 -14.1854 0
      vertex -24.5426 -14.2212 0
    endloop
  endfacet
  facet normal 0.427269 -0.904125 0
    outer loop
      vertex 24.824 -14.1358 0
      vertex 24.9571 -14.0729 1.6
      vertex 24.824 -14.1358 1.6
    endloop
  endfacet
  facet normal 0.427269 -0.904125 0
    outer loop
      vertex 24.9571 -14.0729 1.6
      vertex 24.824 -14.1358 0
      vertex 24.9571 -14.0729 0
    endloop
  endfacet
  facet normal -0.595861 -0.803088 0
    outer loop
      vertex -25.2016 -13.9095 0
      vertex -25.0834 -13.9972 1.6
      vertex -25.2016 -13.9095 1.6
    endloop
  endfacet
  facet normal -0.595861 -0.803088 -0
    outer loop
      vertex -25.0834 -13.9972 1.6
      vertex -25.2016 -13.9095 0
      vertex -25.0834 -13.9972 0
    endloop
  endfacet
  facet normal 0.0489209 0.998803 -0
    outer loop
      vertex 24.397 14.2428 0
      vertex 24.25 14.25 1.6
      vertex 24.397 14.2428 1.6
    endloop
  endfacet
  facet normal 0.0489209 0.998803 0
    outer loop
      vertex 24.25 14.25 1.6
      vertex 24.397 14.2428 0
      vertex 24.25 14.25 0
    endloop
  endfacet
  facet normal -0.336939 -0.941527 0
    outer loop
      vertex -24.824 -14.1358 0
      vertex -24.6854 -14.1854 1.6
      vertex -24.824 -14.1358 1.6
    endloop
  endfacet
  facet normal -0.336939 -0.941527 -0
    outer loop
      vertex -24.6854 -14.1854 1.6
      vertex -24.824 -14.1358 0
      vertex -24.6854 -14.1854 0
    endloop
  endfacet
  facet normal 0.803088 -0.595861 0
    outer loop
      vertex 25.4095 -13.7016 1.6
      vertex 25.4972 -13.5834 0
      vertex 25.4972 -13.5834 1.6
    endloop
  endfacet
  facet normal 0.803088 -0.595861 0
    outer loop
      vertex 25.4972 -13.5834 0
      vertex 25.4095 -13.7016 1.6
      vertex 25.4095 -13.7016 0
    endloop
  endfacet
  facet normal 0.146746 0.989174 -0
    outer loop
      vertex 24.5426 14.2212 0
      vertex 24.397 14.2428 1.6
      vertex 24.5426 14.2212 1.6
    endloop
  endfacet
  facet normal 0.146746 0.989174 0
    outer loop
      vertex 24.397 14.2428 1.6
      vertex 24.5426 14.2212 0
      vertex 24.397 14.2428 0
    endloop
  endfacet
  facet normal 0.969982 0.243175 0
    outer loop
      vertex 25.7212 13.0426 1.6
      vertex 25.6854 13.1854 0
      vertex 25.6854 13.1854 1.6
    endloop
  endfacet
  facet normal 0.969982 0.243175 0
    outer loop
      vertex 25.6854 13.1854 0
      vertex 25.7212 13.0426 1.6
      vertex 25.7212 13.0426 0
    endloop
  endfacet
  facet normal 0 -1 0
    outer loop
      vertex -24.25 -14.25 0
      vertex 24.25 -14.25 1.6
      vertex -24.25 -14.25 1.6
    endloop
  endfacet
  facet normal 0 -1 -0
    outer loop
      vertex 24.25 -14.25 1.6
      vertex -24.25 -14.25 0
      vertex 24.25 -14.25 0
    endloop
  endfacet
  facet normal -0.941527 0.336939 0
    outer loop
      vertex -25.6854 13.1854 0
      vertex -25.6358 13.324 1.6
      vertex -25.6358 13.324 0
    endloop
  endfacet
  facet normal -0.941527 0.336939 0
    outer loop
      vertex -25.6358 13.324 1.6
      vertex -25.6854 13.1854 0
      vertex -25.6854 13.1854 1.6
    endloop
  endfacet
  facet normal -0.146746 0.989174 0
    outer loop
      vertex -24.397 14.2428 0
      vertex -24.5426 14.2212 1.6
      vertex -24.397 14.2428 1.6
    endloop
  endfacet
  facet normal -0.146746 0.989174 0
    outer loop
      vertex -24.5426 14.2212 1.6
      vertex -24.397 14.2428 0
      vertex -24.5426 14.2212 0
    endloop
  endfacet
  facet normal 0.595861 0.803088 -0
    outer loop
      vertex 25.2016 13.9095 0
      vertex 25.0834 13.9972 1.6
      vertex 25.2016 13.9095 1.6
    endloop
  endfacet
  facet normal 0.595861 0.803088 0
    outer loop
      vertex 25.0834 13.9972 1.6
      vertex 25.2016 13.9095 0
      vertex 25.0834 13.9972 0
    endloop
  endfacet
  facet normal 0.941527 -0.336939 0
    outer loop
      vertex 25.6358 -13.324 1.6
      vertex 25.6854 -13.1854 0
      vertex 25.6854 -13.1854 1.6
    endloop
  endfacet
  facet normal 0.941527 -0.336939 0
    outer loop
      vertex 25.6854 -13.1854 0
      vertex 25.6358 -13.324 1.6
      vertex 25.6358 -13.324 0
    endloop
  endfacet
  facet normal -0.427269 0.904125 0
    outer loop
      vertex -24.824 14.1358 0
      vertex -24.9571 14.0729 1.6
      vertex -24.824 14.1358 1.6
    endloop
  endfacet
  facet normal -0.427269 0.904125 0
    outer loop
      vertex -24.9571 14.0729 1.6
      vertex -24.824 14.1358 0
      vertex -24.9571 14.0729 0
    endloop
  endfacet
  facet normal 0.336939 0.941527 -0
    outer loop
      vertex 24.824 14.1358 0
      vertex 24.6854 14.1854 1.6
      vertex 24.824 14.1358 1.6
    endloop
  endfacet
  facet normal 0.336939 0.941527 0
    outer loop
      vertex 24.6854 14.1854 1.6
      vertex 24.824 14.1358 0
      vertex 24.6854 14.1854 0
    endloop
  endfacet
  facet normal 0.243175 -0.969982 0
    outer loop
      vertex 24.5426 -14.2212 0
      vertex 24.6854 -14.1854 1.6
      vertex 24.5426 -14.2212 1.6
    endloop
  endfacet
  facet normal 0.243175 -0.969982 0
    outer loop
      vertex 24.6854 -14.1854 1.6
      vertex 24.5426 -14.2212 0
      vertex 24.6854 -14.1854 0
    endloop
  endfacet
  facet normal 0.514096 -0.857733 0
    outer loop
      vertex 24.9571 -14.0729 0
      vertex 25.0834 -13.9972 1.6
      vertex 24.9571 -14.0729 1.6
    endloop
  endfacet
  facet normal 0.514096 -0.857733 0
    outer loop
      vertex 25.0834 -13.9972 1.6
      vertex 24.9571 -14.0729 0
      vertex 25.0834 -13.9972 0
    endloop
  endfacet
  facet normal -0.998803 0.0489209 0
    outer loop
      vertex -25.75 12.75 0
      vertex -25.7428 12.897 1.6
      vertex -25.7428 12.897 0
    endloop
  endfacet
  facet normal -0.998803 0.0489209 0
    outer loop
      vertex -25.7428 12.897 1.6
      vertex -25.75 12.75 0
      vertex -25.75 12.75 1.6
    endloop
  endfacet
  facet normal 0.904125 -0.427269 0
    outer loop
      vertex 25.5729 -13.4571 1.6
      vertex 25.6358 -13.324 0
      vertex 25.6358 -13.324 1.6
    endloop
  endfacet
  facet normal 0.904125 -0.427269 0
    outer loop
      vertex 25.6358 -13.324 0
      vertex 25.5729 -13.4571 1.6
      vertex 25.5729 -13.4571 0
    endloop
  endfacet
  facet normal 0 0 -1
    outer loop
      vertex -21.8167 -11.4501 0
      vertex -17.05 -11.43 0
      vertex -21.7798 -11.5976 0
    endloop
  endfacet
  facet normal 0 0 -1
    outer loop
      vertex -17.05 11.43 0
      vertex -21.7575 11.7481 0
      vertex -21.75 11.9 0
    endloop
  endfacet
  facet normal 0 0 -1
    outer loop
      vertex -21.868 -11.3068 0
      vertex -17.05 -11.43 0
      vertex -21.8167 -11.4501 0
    endloop
  endfacet
  facet normal 0 0 -1
    outer loop
      vertex -17.05 11.43 0
      vertex -21.7798 11.5976 0
      vertex -21.7575 11.7481 0
    endloop
  endfacet
  facet normal 0 0 -1
    outer loop
      vertex -21.933 -11.1693 0
      vertex -17.05 -11.43 0
      vertex -21.868 -11.3068 0
    endloop
  endfacet
  facet normal 0 0 -1
    outer loop
      vertex -17.05 11.43 0
      vertex -21.8167 11.4501 0
      vertex -21.7798 11.5976 0
    endloop
  endfacet
  facet normal 0 0 -1
    outer loop
      vertex -22.0112 -11.0389 0
      vertex -17.05 -11.43 0
      vertex -21.933 -11.1693 0
    endloop
  endfacet
  facet normal -0 0 -1
    outer loop
      vertex -17.05 11.43 0
      vertex -21.868 11.3068 0
      vertex -21.8167 11.4501 0
    endloop
  endfacet
  facet normal 0 0 -1
    outer loop
      vertex -22.1018 -10.9167 0
      vertex -17.05 -11.43 0
      vertex -22.0112 -11.0389 0
    endloop
  endfacet
  facet normal 0 0 -1
    outer loop
      vertex -17.05 11.43 0
      vertex -21.933 11.1693 0
      vertex -21.868 11.3068 0
    endloop
  endfacet
  facet normal 0 0 -1
    outer loop
      vertex -22.204 -10.804 0
      vertex -17.05 -11.43 0
      vertex -22.1018 -10.9167 0
    endloop
  endfacet
  facet normal 0 0 -1
    outer loop
      vertex -17.05 11.43 0
      vertex -22.0112 11.0389 0
      vertex -21.933 11.1693 0
    endloop
  endfacet
  facet normal 0 0 -1
    outer loop
      vertex -22.3167 -10.7018 0
      vertex -17.05 -11.43 0
      vertex -22.204 -10.804 0
    endloop
  endfacet
  facet normal 0 0 -1
    outer loop
      vertex -17.05 11.43 0
      vertex -22.1018 10.9167 0
      vertex -22.0112 11.0389 0
    endloop
  endfacet
  facet normal 0 0 -1
    outer loop
      vertex -22.4389 -10.6112 0
      vertex -17.05 -11.43 0
      vertex -22.3167 -10.7018 0
    endloop
  endfacet
  facet normal 0 0 -1
    outer loop
      vertex -17.05 11.43 0
      vertex -22.204 10.804 0
      vertex -22.1018 10.9167 0
    endloop
  endfacet
  facet normal 0 0 -1
    outer loop
      vertex -22.5693 -10.533 0
      vertex -17.05 -11.43 0
      vertex -22.4389 -10.6112 0
    endloop
  endfacet
  facet normal 0 0 -1
    outer loop
      vertex -17.05 11.43 0
      vertex -22.3167 10.7018 0
      vertex -22.204 10.804 0
    endloop
  endfacet
  facet normal 0 0 -1
    outer loop
      vertex -22.7068 -10.468 0
      vertex -17.05 -11.43 0
      vertex -22.5693 -10.533 0
    endloop
  endfacet
  facet normal 0 0 -1
    outer loop
      vertex -17.05 11.43 0
      vertex -22.4389 10.6112 0
      vertex -22.3167 10.7018 0
    endloop
  endfacet
  facet normal 0 0 -1
    outer loop
      vertex -17.05 -11.43 0
      vertex -22.7068 -10.468 0
      vertex -17.05 11.43 0
    endloop
  endfacet
  facet normal 0 0 -1
    outer loop
      vertex -17.05 11.43 0
      vertex -22.5693 10.533 0
      vertex -22.4389 10.6112 0
    endloop
  endfacet
  facet normal 0 0 -1
    outer loop
      vertex -22.7068 10.468 0
      vertex -17.05 11.43 0
      vertex -22.7068 -10.468 0
    endloop
  endfacet
  facet normal 0 0 -1
    outer loop
      vertex -17.05 11.43 0
      vertex -22.7068 10.468 0
      vertex -22.5693 10.533 0
    endloop
  endfacet
  facet normal 0 0 -1
    outer loop
      vertex -22.8501 -10.4167 0
      vertex -22.7068 10.468 0
      vertex -22.7068 -10.468 0
    endloop
  endfacet
  facet normal 0 0 -1
    outer loop
      vertex -22.8501 -10.4167 0
      vertex -22.8501 10.4167 0
      vertex -22.7068 10.468 0
    endloop
  endfacet
  facet normal 0 0 -1
    outer loop
      vertex -22.9976 -10.3798 0
      vertex -22.8501 10.4167 0
      vertex -22.8501 -10.4167 0
    endloop
  endfacet
  facet normal 0 0 -1
    outer loop
      vertex -22.9976 -10.3798 0
      vertex -22.9976 10.3798 0
      vertex -22.8501 10.4167 0
    endloop
  endfacet
  facet normal 0 0 -1
    outer loop
      vertex -23.1481 -10.3575 0
      vertex -22.9976 10.3798 0
      vertex -22.9976 -10.3798 0
    endloop
  endfacet
  facet normal 0 0 -1
    outer loop
      vertex -23.1481 -10.3575 0
      vertex -23.1481 10.3575 0
      vertex -22.9976 10.3798 0
    endloop
  endfacet
  facet normal 0 0 -1
    outer loop
      vertex -23.3 -10.35 0
      vertex -23.1481 10.3575 0
      vertex -23.1481 -10.3575 0
    endloop
  endfacet
  facet normal 0 0 -1
    outer loop
      vertex -23.3 -10.35 0
      vertex -23.3 10.35 0
      vertex -23.1481 10.3575 0
    endloop
  endfacet
  facet normal 0 0 -1
    outer loop
      vertex -23.4519 -10.3575 0
      vertex -23.3 10.35 0
      vertex -23.3 -10.35 0
    endloop
  endfacet
  facet normal 0 0 -1
    outer loop
      vertex -23.4519 -10.3575 0
      vertex -23.4519 10.3575 0
      vertex -23.3 10.35 0
    endloop
  endfacet
  facet normal 0 0 -1
    outer loop
      vertex -23.6024 -10.3798 0
      vertex -23.4519 10.3575 0
      vertex -23.4519 -10.3575 0
    endloop
  endfacet
  facet normal 0 0 -1
    outer loop
      vertex -23.6024 -10.3798 0
      vertex -23.6024 10.3798 0
      vertex -23.4519 10.3575 0
    endloop
  endfacet
  facet normal 0 0 -1
    outer loop
      vertex -23.7499 -10.4167 0
      vertex -23.6024 10.3798 0
      vertex -23.6024 -10.3798 0
    endloop
  endfacet
  facet normal 0 0 -1
    outer loop
      vertex -23.7499 -10.4167 0
      vertex -23.7499 10.4167 0
      vertex -23.6024 10.3798 0
    endloop
  endfacet
  facet normal 0 0 -1
    outer loop
      vertex -23.8932 -10.468 0
      vertex -23.7499 10.4167 0
      vertex -23.7499 -10.4167 0
    endloop
  endfacet
  facet normal 0 0 -1
    outer loop
      vertex -23.8932 -10.468 0
      vertex -23.8932 10.468 0
      vertex -23.7499 10.4167 0
    endloop
  endfacet
  facet normal 0 0 -1
    outer loop
      vertex -24.0307 -10.533 0
      vertex -23.8932 10.468 0
      vertex -23.8932 -10.468 0
    endloop
  endfacet
  facet normal 0 0 -1
    outer loop
      vertex -24.0307 -10.533 0
      vertex -24.0307 10.533 0
      vertex -23.8932 10.468 0
    endloop
  endfacet
  facet normal 0 0 -1
    outer loop
      vertex -24.1611 -10.6112 0
      vertex -24.0307 10.533 0
      vertex -24.0307 -10.533 0
    endloop
  endfacet
  facet normal 0 0 -1
    outer loop
      vertex -24.1611 -10.6112 0
      vertex -24.1611 10.6112 0
      vertex -24.0307 10.533 0
    endloop
  endfacet
  facet normal 0 0 -1
    outer loop
      vertex -24.2833 -10.7018 0
      vertex -24.1611 10.6112 0
      vertex -24.1611 -10.6112 0
    endloop
  endfacet
  facet normal 0 0 -1
    outer loop
      vertex -24.2833 -10.7018 0
      vertex -24.2833 10.7018 0
      vertex -24.1611 10.6112 0
    endloop
  endfacet
  facet normal 0 0 -1
    outer loop
      vertex -24.396 -10.804 0
      vertex -24.2833 10.7018 0
      vertex -24.2833 -10.7018 0
    endloop
  endfacet
  facet normal 0 0 -1
    outer loop
      vertex -24.396 -10.804 0
      vertex -24.396 10.804 0
      vertex -24.2833 10.7018 0
    endloop
  endfacet
  facet normal 0 0 -1
    outer loop
      vertex -24.4982 -10.9167 0
      vertex -24.396 10.804 0
      vertex -24.396 -10.804 0
    endloop
  endfacet
  facet normal 0 0 -1
    outer loop
      vertex -24.4982 -10.9167 0
      vertex -24.4982 10.9167 0
      vertex -24.396 10.804 0
    endloop
  endfacet
  facet normal 0 0 -1
    outer loop
      vertex -24.5888 -11.0389 0
      vertex -24.4982 10.9167 0
      vertex -24.4982 -10.9167 0
    endloop
  endfacet
  facet normal 0 0 -1
    outer loop
      vertex -24.5888 -11.0389 0
      vertex -24.5888 11.0389 0
      vertex -24.4982 10.9167 0
    endloop
  endfacet
  facet normal 0 0 -1
    outer loop
      vertex -25.75 -12.75 0
      vertex -24.5888 -11.0389 0
      vertex -24.667 -11.1693 0
    endloop
  endfacet
  facet normal -0 0 -1
    outer loop
      vertex -24.5888 -11.0389 0
      vertex -25.75 -12.75 0
      vertex -24.5888 11.0389 0
    endloop
  endfacet
  facet normal 0 0 -1
    outer loop
      vertex -25.75 -12.75 0
      vertex -24.667 -11.1693 0
      vertex -24.732 -11.3068 0
    endloop
  endfacet
  facet normal 0 0 -1
    outer loop
      vertex -25.75 12.75 0
      vertex -24.5888 11.0389 0
      vertex -25.75 -12.75 0
    endloop
  endfacet
  facet normal 0 0 -1
    outer loop
      vertex -25.75 -12.75 0
      vertex -24.732 -11.3068 0
      vertex -24.7833 -11.4501 0
    endloop
  endfacet
  facet normal 0 0 -1
    outer loop
      vertex -24.5888 11.0389 0
      vertex -25.75 12.75 0
      vertex -24.667 11.1693 0
    endloop
  endfacet
  facet normal 0 0 -1
    outer loop
      vertex -25.75 -12.75 0
      vertex -24.7833 -11.4501 0
      vertex -24.8202 -11.5976 0
    endloop
  endfacet
  facet normal 0 0 -1
    outer loop
      vertex -24.667 11.1693 0
      vertex -25.75 12.75 0
      vertex -24.732 11.3068 0
    endloop
  endfacet
  facet normal 0 0 -1
    outer loop
      vertex -25.75 -12.75 0
      vertex -24.8202 -11.5976 0
      vertex -24.8425 -11.7481 0
    endloop
  endfacet
  facet normal 0 0 -1
    outer loop
      vertex -24.732 11.3068 0
      vertex -25.75 12.75 0
      vertex -24.7833 11.4501 0
    endloop
  endfacet
  facet normal 0 0 -1
    outer loop
      vertex -25.75 -12.75 0
      vertex -24.8425 -11.7481 0
      vertex -24.85 -11.9 0
    endloop
  endfacet
  facet normal 0 0 -1
    outer loop
      vertex -24.7833 11.4501 0
      vertex -25.75 12.75 0
      vertex -24.8202 11.5976 0
    endloop
  endfacet
  facet normal 0 0 -1
    outer loop
      vertex -17.05 -11.43 0
      vertex 21.05 11.43 0
      vertex 21.05 -11.43 0
    endloop
  endfacet
  facet normal -0 0 -1
    outer loop
      vertex 21.05 11.43 0
      vertex -17.05 -11.43 0
      vertex -17.05 11.43 0
    endloop
  endfacet
  facet normal 0 0 -1
    outer loop
      vertex 24.7833 -11.4501 0
      vertex 25.75 -12.75 0
      vertex 24.8202 -11.5976 0
    endloop
  endfacet
  facet normal 0 0 -1
    outer loop
      vertex 25.75 12.75 0
      vertex 24.8425 11.7481 0
      vertex 24.85 11.9 0
    endloop
  endfacet
  facet normal 0 0 -1
    outer loop
      vertex 24.732 -11.3068 0
      vertex 25.75 -12.75 0
      vertex 24.7833 -11.4501 0
    endloop
  endfacet
  facet normal 0 0 -1
    outer loop
      vertex 25.75 12.75 0
      vertex 24.8202 11.5976 0
      vertex 24.8425 11.7481 0
    endloop
  endfacet
  facet normal 0 0 -1
    outer loop
      vertex 24.667 -11.1693 0
      vertex 25.75 -12.75 0
      vertex 24.732 -11.3068 0
    endloop
  endfacet
  facet normal 0 0 -1
    outer loop
      vertex 25.75 12.75 0
      vertex 24.7833 11.4501 0
      vertex 24.8202 11.5976 0
    endloop
  endfacet
  facet normal 0 0 -1
    outer loop
      vertex 24.5888 -11.0389 0
      vertex 25.75 -12.75 0
      vertex 24.667 -11.1693 0
    endloop
  endfacet
  facet normal 0 0 -1
    outer loop
      vertex 25.75 12.75 0
      vertex 24.732 11.3068 0
      vertex 24.7833 11.4501 0
    endloop
  endfacet
  facet normal 0 0 -1
    outer loop
      vertex 25.75 -12.75 0
      vertex 24.5888 -11.0389 0
      vertex 25.75 12.75 0
    endloop
  endfacet
  facet normal 0 0 -1
    outer loop
      vertex 25.75 12.75 0
      vertex 24.667 11.1693 0
      vertex 24.732 11.3068 0
    endloop
  endfacet
  facet normal 0 0 -1
    outer loop
      vertex 24.5888 11.0389 0
      vertex 25.75 12.75 0
      vertex 24.5888 -11.0389 0
    endloop
  endfacet
  facet normal 0 0 -1
    outer loop
      vertex 25.75 12.75 0
      vertex 24.5888 11.0389 0
      vertex 24.667 11.1693 0
    endloop
  endfacet
  facet normal 0 0 -1
    outer loop
      vertex 24.4982 -10.9167 0
      vertex 24.5888 11.0389 0
      vertex 24.5888 -11.0389 0
    endloop
  endfacet
  facet normal 0 0 -1
    outer loop
      vertex 24.4982 -10.9167 0
      vertex 24.4982 10.9167 0
      vertex 24.5888 11.0389 0
    endloop
  endfacet
  facet normal 0 0 -1
    outer loop
      vertex 24.396 -10.804 0
      vertex 24.4982 10.9167 0
      vertex 24.4982 -10.9167 0
    endloop
  endfacet
  facet normal 0 0 -1
    outer loop
      vertex 24.396 -10.804 0
      vertex 24.396 10.804 0
      vertex 24.4982 10.9167 0
    endloop
  endfacet
  facet normal 0 0 -1
    outer loop
      vertex 24.2833 -10.7018 0
      vertex 24.396 10.804 0
      vertex 24.396 -10.804 0
    endloop
  endfacet
  facet normal 0 0 -1
    outer loop
      vertex 24.2833 -10.7018 0
      vertex 24.2833 10.7018 0
      vertex 24.396 10.804 0
    endloop
  endfacet
  facet normal 0 0 -1
    outer loop
      vertex 24.1611 -10.6112 0
      vertex 24.2833 10.7018 0
      vertex 24.2833 -10.7018 0
    endloop
  endfacet
  facet normal 0 0 -1
    outer loop
      vertex 24.1611 -10.6112 0
      vertex 24.1611 10.6112 0
      vertex 24.2833 10.7018 0
    endloop
  endfacet
  facet normal 0 0 -1
    outer loop
      vertex 24.0307 -10.533 0
      vertex 24.1611 10.6112 0
      vertex 24.1611 -10.6112 0
    endloop
  endfacet
  facet normal 0 0 -1
    outer loop
      vertex 24.0307 -10.533 0
      vertex 24.0307 10.533 0
      vertex 24.1611 10.6112 0
    endloop
  endfacet
  facet normal 0 0 -1
    outer loop
      vertex 23.8932 -10.468 0
      vertex 24.0307 10.533 0
      vertex 24.0307 -10.533 0
    endloop
  endfacet
  facet normal 0 0 -1
    outer loop
      vertex 23.8932 -10.468 0
      vertex 23.8932 10.468 0
      vertex 24.0307 10.533 0
    endloop
  endfacet
  facet normal 0 0 -1
    outer loop
      vertex 23.7499 -10.4167 0
      vertex 23.8932 10.468 0
      vertex 23.8932 -10.468 0
    endloop
  endfacet
  facet normal 0 0 -1
    outer loop
      vertex 23.7499 -10.4167 0
      vertex 23.7499 10.4167 0
      vertex 23.8932 10.468 0
    endloop
  endfacet
  facet normal 0 0 -1
    outer loop
      vertex 23.6024 -10.3798 0
      vertex 23.7499 10.4167 0
      vertex 23.7499 -10.4167 0
    endloop
  endfacet
  facet normal 0 0 -1
    outer loop
      vertex 23.6024 -10.3798 0
      vertex 23.6024 10.3798 0
      vertex 23.7499 10.4167 0
    endloop
  endfacet
  facet normal 0 0 -1
    outer loop
      vertex 23.4519 -10.3575 0
      vertex 23.6024 10.3798 0
      vertex 23.6024 -10.3798 0
    endloop
  endfacet
  facet normal 0 0 -1
    outer loop
      vertex 23.4519 -10.3575 0
      vertex 23.4519 10.3575 0
      vertex 23.6024 10.3798 0
    endloop
  endfacet
  facet normal 0 0 -1
    outer loop
      vertex 23.3 -10.35 0
      vertex 23.4519 10.3575 0
      vertex 23.4519 -10.3575 0
    endloop
  endfacet
  facet normal 0 0 -1
    outer loop
      vertex 23.3 -10.35 0
      vertex 23.3 10.35 0
      vertex 23.4519 10.3575 0
    endloop
  endfacet
  facet normal 0 0 -1
    outer loop
      vertex 23.1481 -10.3575 0
      vertex 23.3 10.35 0
      vertex 23.3 -10.35 0
    endloop
  endfacet
  facet normal 0 0 -1
    outer loop
      vertex 23.1481 -10.3575 0
      vertex 23.1481 10.3575 0
      vertex 23.3 10.35 0
    endloop
  endfacet
  facet normal 0 0 -1
    outer loop
      vertex 22.9976 -10.3798 0
      vertex 23.1481 10.3575 0
      vertex 23.1481 -10.3575 0
    endloop
  endfacet
  facet normal 0 0 -1
    outer loop
      vertex 22.9976 -10.3798 0
      vertex 22.9976 10.3798 0
      vertex 23.1481 10.3575 0
    endloop
  endfacet
  facet normal 0 0 -1
    outer loop
      vertex 22.8501 -10.4167 0
      vertex 22.9976 10.3798 0
      vertex 22.9976 -10.3798 0
    endloop
  endfacet
  facet normal 0 0 -1
    outer loop
      vertex 22.8501 -10.4167 0
      vertex 22.8501 10.4167 0
      vertex 22.9976 10.3798 0
    endloop
  endfacet
  facet normal 0 0 -1
    outer loop
      vertex 22.7068 -10.468 0
      vertex 22.8501 10.4167 0
      vertex 22.8501 -10.4167 0
    endloop
  endfacet
  facet normal 0 0 -1
    outer loop
      vertex 22.7068 -10.468 0
      vertex 22.7068 10.468 0
      vertex 22.8501 10.4167 0
    endloop
  endfacet
  facet normal 0 0 -1
    outer loop
      vertex 22.5693 -10.533 0
      vertex 22.7068 10.468 0
      vertex 22.7068 -10.468 0
    endloop
  endfacet
  facet normal 0 0 -1
    outer loop
      vertex 22.5693 -10.533 0
      vertex 22.5693 10.533 0
      vertex 22.7068 10.468 0
    endloop
  endfacet
  facet normal 0 0 -1
    outer loop
      vertex 22.4389 -10.6112 0
      vertex 22.5693 10.533 0
      vertex 22.5693 -10.533 0
    endloop
  endfacet
  facet normal 0 0 -1
    outer loop
      vertex 22.4389 -10.6112 0
      vertex 22.4389 10.6112 0
      vertex 22.5693 10.533 0
    endloop
  endfacet
  facet normal 0 0 -1
    outer loop
      vertex 21.05 -11.43 0
      vertex 22.4389 -10.6112 0
      vertex 22.3167 -10.7018 0
    endloop
  endfacet
  facet normal -0 0 -1
    outer loop
      vertex 22.4389 -10.6112 0
      vertex 21.05 -11.43 0
      vertex 22.4389 10.6112 0
    endloop
  endfacet
  facet normal 0 0 -1
    outer loop
      vertex 21.05 -11.43 0
      vertex 22.3167 -10.7018 0
      vertex 22.204 -10.804 0
    endloop
  endfacet
  facet normal 0 0 -1
    outer loop
      vertex 21.05 11.43 0
      vertex 22.4389 10.6112 0
      vertex 21.05 -11.43 0
    endloop
  endfacet
  facet normal 0 0 -1
    outer loop
      vertex 21.05 -11.43 0
      vertex 22.204 -10.804 0
      vertex 22.1018 -10.9167 0
    endloop
  endfacet
  facet normal 0 0 -1
    outer loop
      vertex 22.4389 10.6112 0
      vertex 21.05 11.43 0
      vertex 22.3167 10.7018 0
    endloop
  endfacet
  facet normal 0 0 -1
    outer loop
      vertex 21.05 -11.43 0
      vertex 22.1018 -10.9167 0
      vertex 22.0112 -11.0389 0
    endloop
  endfacet
  facet normal 0 0 -1
    outer loop
      vertex 22.3167 10.7018 0
      vertex 21.05 11.43 0
      vertex 22.204 10.804 0
    endloop
  endfacet
  facet normal 0 0 -1
    outer loop
      vertex 21.05 -11.43 0
      vertex 22.0112 -11.0389 0
      vertex 21.933 -11.1693 0
    endloop
  endfacet
  facet normal 0 0 -1
    outer loop
      vertex 22.204 10.804 0
      vertex 21.05 11.43 0
      vertex 22.1018 10.9167 0
    endloop
  endfacet
  facet normal 0 0 -1
    outer loop
      vertex 21.05 -11.43 0
      vertex 21.933 -11.1693 0
      vertex 21.868 -11.3068 0
    endloop
  endfacet
  facet normal 0 0 -1
    outer loop
      vertex 22.1018 10.9167 0
      vertex 21.05 11.43 0
      vertex 22.0112 11.0389 0
    endloop
  endfacet
  facet normal 0 0 -1
    outer loop
      vertex 21.05 -11.43 0
      vertex 21.868 -11.3068 0
      vertex 21.8167 -11.4501 0
    endloop
  endfacet
  facet normal 0 0 -1
    outer loop
      vertex 22.0112 11.0389 0
      vertex 21.05 11.43 0
      vertex 21.933 11.1693 0
    endloop
  endfacet
  facet normal 0 0 -1
    outer loop
      vertex 21.05 -11.43 0
      vertex 21.8167 -11.4501 0
      vertex 21.7798 -11.5976 0
    endloop
  endfacet
  facet normal 0 0 -1
    outer loop
      vertex 21.933 11.1693 0
      vertex 21.05 11.43 0
      vertex 21.868 11.3068 0
    endloop
  endfacet
  facet normal 0 0 -1
    outer loop
      vertex 21.05 -11.43 0
      vertex 21.7798 -11.5976 0
      vertex 21.7575 -11.7481 0
    endloop
  endfacet
  facet normal 0 0 -1
    outer loop
      vertex 21.868 11.3068 0
      vertex 21.05 11.43 0
      vertex 21.8167 11.4501 0
    endloop
  endfacet
  facet normal 0 0 -1
    outer loop
      vertex 21.05 -11.43 0
      vertex 21.7575 -11.7481 0
      vertex 21.75 -11.9 0
    endloop
  endfacet
  facet normal -0 0 -1
    outer loop
      vertex 21.8167 11.4501 0
      vertex 21.05 11.43 0
      vertex 21.7798 11.5976 0
    endloop
  endfacet
  facet normal 0 0 -1
    outer loop
      vertex 24.732 -12.4932 0
      vertex 25.75 -12.75 0
      vertex 25.7428 -12.897 0
    endloop
  endfacet
  facet normal 0 0 -1
    outer loop
      vertex 24.8425 -11.7481 0
      vertex 25.75 -12.75 0
      vertex 24.85 -11.9 0
    endloop
  endfacet
  facet normal 0 0 -1
    outer loop
      vertex 24.667 -12.6307 0
      vertex 25.7428 -12.897 0
      vertex 25.7212 -13.0426 0
    endloop
  endfacet
  facet normal 0 0 -1
    outer loop
      vertex 24.8202 -11.5976 0
      vertex 25.75 -12.75 0
      vertex 24.8425 -11.7481 0
    endloop
  endfacet
  facet normal 0 0 -1
    outer loop
      vertex 24.667 -12.6307 0
      vertex 25.7212 -13.0426 0
      vertex 25.6854 -13.1854 0
    endloop
  endfacet
  facet normal 0 0 -1
    outer loop
      vertex 24.8425 12.0519 0
      vertex 25.75 12.75 0
      vertex 24.85 11.9 0
    endloop
  endfacet
  facet normal 0 0 -1
    outer loop
      vertex 24.5888 -12.7611 0
      vertex 25.6854 -13.1854 0
      vertex 25.6358 -13.324 0
    endloop
  endfacet
  facet normal 0 0 -1
    outer loop
      vertex 24.8202 12.2024 0
      vertex 25.75 12.75 0
      vertex 24.8425 12.0519 0
    endloop
  endfacet
  facet normal 0 0 -1
    outer loop
      vertex 24.5888 -12.7611 0
      vertex 25.6358 -13.324 0
      vertex 25.5729 -13.4571 0
    endloop
  endfacet
  facet normal 0 0 -1
    outer loop
      vertex 24.7833 12.3499 0
      vertex 25.75 12.75 0
      vertex 24.8202 12.2024 0
    endloop
  endfacet
  facet normal 0 0 -1
    outer loop
      vertex 24.4982 -12.8833 0
      vertex 25.5729 -13.4571 0
      vertex 25.4972 -13.5834 0
    endloop
  endfacet
  facet normal 0 0 -1
    outer loop
      vertex 24.732 12.4932 0
      vertex 25.75 12.75 0
      vertex 24.7833 12.3499 0
    endloop
  endfacet
  facet normal 0 0 -1
    outer loop
      vertex 24.4982 -12.8833 0
      vertex 25.4972 -13.5834 0
      vertex 25.4095 -13.7016 0
    endloop
  endfacet
  facet normal -0 0 -1
    outer loop
      vertex 25.75 12.75 0
      vertex 24.732 12.4932 0
      vertex 25.7428 12.897 0
    endloop
  endfacet
  facet normal 0 0 -1
    outer loop
      vertex 24.4982 -12.8833 0
      vertex 25.4095 -13.7016 0
      vertex 25.3107 -13.8107 0
    endloop
  endfacet
  facet normal 0 0 -1
    outer loop
      vertex 24.667 12.6307 0
      vertex 25.7428 12.897 0
      vertex 24.732 12.4932 0
    endloop
  endfacet
  facet normal 0 0 -1
    outer loop
      vertex 24.396 -12.996 0
      vertex 25.3107 -13.8107 0
      vertex 25.2016 -13.9095 0
    endloop
  endfacet
  facet normal -0 0 -1
    outer loop
      vertex 25.7428 12.897 0
      vertex 24.667 12.6307 0
      vertex 25.7212 13.0426 0
    endloop
  endfacet
  facet normal 0 0 -1
    outer loop
      vertex 24.396 -12.996 0
      vertex 25.2016 -13.9095 0
      vertex 25.0834 -13.9972 0
    endloop
  endfacet
  facet normal -0 0 -1
    outer loop
      vertex 25.7212 13.0426 0
      vertex 24.667 12.6307 0
      vertex 25.6854 13.1854 0
    endloop
  endfacet
  facet normal 0 0 -1
    outer loop
      vertex 24.2833 -13.0982 0
      vertex 25.0834 -13.9972 0
      vertex 24.9571 -14.0729 0
    endloop
  endfacet
  facet normal 0 0 -1
    outer loop
      vertex 24.5888 12.7611 0
      vertex 25.6854 13.1854 0
      vertex 24.667 12.6307 0
    endloop
  endfacet
  facet normal -0 0 -1
    outer loop
      vertex 25.6854 13.1854 0
      vertex 24.5888 12.7611 0
      vertex 25.6358 13.324 0
    endloop
  endfacet
  facet normal 0 0 -1
    outer loop
      vertex 25.75 -12.75 0
      vertex 24.8425 -12.0519 0
      vertex 24.85 -11.9 0
    endloop
  endfacet
  facet normal 0 0 -1
    outer loop
      vertex 24.2833 -13.0982 0
      vertex 24.9571 -14.0729 0
      vertex 24.824 -14.1358 0
    endloop
  endfacet
  facet normal 0 0 -1
    outer loop
      vertex 25.75 -12.75 0
      vertex 24.8202 -12.2024 0
      vertex 24.8425 -12.0519 0
    endloop
  endfacet
  facet normal 0 0 -1
    outer loop
      vertex 25.75 -12.75 0
      vertex 24.7833 -12.3499 0
      vertex 24.8202 -12.2024 0
    endloop
  endfacet
  facet normal 0 0 -1
    outer loop
      vertex 25.75 -12.75 0
      vertex 24.732 -12.4932 0
      vertex 24.7833 -12.3499 0
    endloop
  endfacet
  facet normal 0 0 -1
    outer loop
      vertex 24.1611 -13.1888 0
      vertex 24.824 -14.1358 0
      vertex 24.6854 -14.1854 0
    endloop
  endfacet
  facet normal 0 0 -1
    outer loop
      vertex 25.7428 -12.897 0
      vertex 24.667 -12.6307 0
      vertex 24.732 -12.4932 0
    endloop
  endfacet
  facet normal 0 0 -1
    outer loop
      vertex 25.6854 -13.1854 0
      vertex 24.5888 -12.7611 0
      vertex 24.667 -12.6307 0
    endloop
  endfacet
  facet normal 0 0 -1
    outer loop
      vertex 24.1611 -13.1888 0
      vertex 24.6854 -14.1854 0
      vertex 24.5426 -14.2212 0
    endloop
  endfacet
  facet normal 0 0 -1
    outer loop
      vertex 25.5729 -13.4571 0
      vertex 24.4982 -12.8833 0
      vertex 24.5888 -12.7611 0
    endloop
  endfacet
  facet normal 0 0 -1
    outer loop
      vertex 24.1611 -13.1888 0
      vertex 24.5426 -14.2212 0
      vertex 24.397 -14.2428 0
    endloop
  endfacet
  facet normal 0 0 -1
    outer loop
      vertex 25.3107 -13.8107 0
      vertex 24.396 -12.996 0
      vertex 24.4982 -12.8833 0
    endloop
  endfacet
  facet normal 0 0 -1
    outer loop
      vertex 25.0834 -13.9972 0
      vertex 24.2833 -13.0982 0
      vertex 24.396 -12.996 0
    endloop
  endfacet
  facet normal 0 0 -1
    outer loop
      vertex 24.0307 -13.267 0
      vertex 24.397 -14.2428 0
      vertex 24.25 -14.25 0
    endloop
  endfacet
  facet normal 0 0 -1
    outer loop
      vertex 24.824 -14.1358 0
      vertex 24.1611 -13.1888 0
      vertex 24.2833 -13.0982 0
    endloop
  endfacet
  facet normal 0 0 -1
    outer loop
      vertex 24.397 -14.2428 0
      vertex 24.0307 -13.267 0
      vertex 24.1611 -13.1888 0
    endloop
  endfacet
  facet normal 0 0 -1
    outer loop
      vertex 24.25 -14.25 0
      vertex 23.8932 -13.332 0
      vertex 24.0307 -13.267 0
    endloop
  endfacet
  facet normal 0 0 -1
    outer loop
      vertex 24.25 -14.25 0
      vertex 23.7499 -13.3833 0
      vertex 23.8932 -13.332 0
    endloop
  endfacet
  facet normal 0 0 -1
    outer loop
      vertex 24.25 -14.25 0
      vertex 23.6024 -13.4202 0
      vertex 23.7499 -13.3833 0
    endloop
  endfacet
  facet normal 0 0 -1
    outer loop
      vertex 24.25 -14.25 0
      vertex 23.4519 -13.4425 0
      vertex 23.6024 -13.4202 0
    endloop
  endfacet
  facet normal 0 0 -1
    outer loop
      vertex 24.25 -14.25 0
      vertex 23.3 -13.45 0
      vertex 23.4519 -13.4425 0
    endloop
  endfacet
  facet normal 0 0 -1
    outer loop
      vertex 24.25 -14.25 0
      vertex 23.1481 -13.4425 0
      vertex 23.3 -13.45 0
    endloop
  endfacet
  facet normal 0 0 -1
    outer loop
      vertex 24.25 -14.25 0
      vertex 22.9976 -13.4202 0
      vertex 23.1481 -13.4425 0
    endloop
  endfacet
  facet normal 0 0 -1
    outer loop
      vertex 21.05 -13.97 0
      vertex 22.9976 -13.4202 0
      vertex 24.25 -14.25 0
    endloop
  endfacet
  facet normal -0 0 -1
    outer loop
      vertex 22.9976 -13.4202 0
      vertex 21.05 -13.97 0
      vertex 22.8501 -13.3833 0
    endloop
  endfacet
  facet normal -0 0 -1
    outer loop
      vertex 22.8501 -13.3833 0
      vertex 21.05 -13.97 0
      vertex 22.7068 -13.332 0
    endloop
  endfacet
  facet normal 0 0 -1
    outer loop
      vertex 21.7575 -12.0519 0
      vertex 21.05 -11.43 0
      vertex 21.75 -11.9 0
    endloop
  endfacet
  facet normal 0 0 -1
    outer loop
      vertex 21.7798 -12.2024 0
      vertex 21.05 -11.43 0
      vertex 21.7575 -12.0519 0
    endloop
  endfacet
  facet normal 0 0 -1
    outer loop
      vertex 21.8167 -12.3499 0
      vertex 21.05 -11.43 0
      vertex 21.7798 -12.2024 0
    endloop
  endfacet
  facet normal 0 0 -1
    outer loop
      vertex 21.05 -11.43 0
      vertex 21.8167 -12.3499 0
      vertex 21.05 -13.97 0
    endloop
  endfacet
  facet normal -0 0 -1
    outer loop
      vertex 21.868 -12.4932 0
      vertex 21.05 -13.97 0
      vertex 21.8167 -12.3499 0
    endloop
  endfacet
  facet normal -0 0 -1
    outer loop
      vertex 21.933 -12.6307 0
      vertex 21.05 -13.97 0
      vertex 21.868 -12.4932 0
    endloop
  endfacet
  facet normal -0 0 -1
    outer loop
      vertex 22.0112 -12.7611 0
      vertex 21.05 -13.97 0
      vertex 21.933 -12.6307 0
    endloop
  endfacet
  facet normal -0 0 -1
    outer loop
      vertex 22.1018 -12.8833 0
      vertex 21.05 -13.97 0
      vertex 22.0112 -12.7611 0
    endloop
  endfacet
  facet normal -0 0 -1
    outer loop
      vertex 22.204 -12.996 0
      vertex 21.05 -13.97 0
      vertex 22.1018 -12.8833 0
    endloop
  endfacet
  facet normal -0 0 -1
    outer loop
      vertex 22.3167 -13.0982 0
      vertex 21.05 -13.97 0
      vertex 22.204 -12.996 0
    endloop
  endfacet
  facet normal -0 0 -1
    outer loop
      vertex 22.4389 -13.1888 0
      vertex 21.05 -13.97 0
      vertex 22.3167 -13.0982 0
    endloop
  endfacet
  facet normal -0 0 -1
    outer loop
      vertex 22.5693 -13.267 0
      vertex 21.05 -13.97 0
      vertex 22.4389 -13.1888 0
    endloop
  endfacet
  facet normal -0 0 -1
    outer loop
      vertex 22.7068 -13.332 0
      vertex 21.05 -13.97 0
      vertex 22.5693 -13.267 0
    endloop
  endfacet
  facet normal 0 0 -1
    outer loop
      vertex 24.25 -14.25 0
      vertex -17.05 -13.97 0
      vertex 21.05 -13.97 0
    endloop
  endfacet
  facet normal 0 0 -1
    outer loop
      vertex -21.7798 -12.2024 0
      vertex -17.05 -11.43 0
      vertex -17.05 -13.97 0
    endloop
  endfacet
  facet normal 0 0 -1
    outer loop
      vertex -21.7575 -11.7481 0
      vertex -17.05 -11.43 0
      vertex -21.75 -11.9 0
    endloop
  endfacet
  facet normal 0 0 -1
    outer loop
      vertex -21.7798 -11.5976 0
      vertex -17.05 -11.43 0
      vertex -21.7575 -11.7481 0
    endloop
  endfacet
  facet normal 0 0 -1
    outer loop
      vertex -17.05 -11.43 0
      vertex -21.7575 -12.0519 0
      vertex -21.75 -11.9 0
    endloop
  endfacet
  facet normal 0 0 -1
    outer loop
      vertex -17.05 -11.43 0
      vertex -21.7798 -12.2024 0
      vertex -21.7575 -12.0519 0
    endloop
  endfacet
  facet normal 0 0 -1
    outer loop
      vertex -17.05 -13.97 0
      vertex -21.8167 -12.3499 0
      vertex -21.7798 -12.2024 0
    endloop
  endfacet
  facet normal 0 0 -1
    outer loop
      vertex -17.05 -13.97 0
      vertex -21.868 -12.4932 0
      vertex -21.8167 -12.3499 0
    endloop
  endfacet
  facet normal 0 0 -1
    outer loop
      vertex -17.05 -13.97 0
      vertex -21.933 -12.6307 0
      vertex -21.868 -12.4932 0
    endloop
  endfacet
  facet normal 0 0 -1
    outer loop
      vertex -17.05 -13.97 0
      vertex -22.0112 -12.7611 0
      vertex -21.933 -12.6307 0
    endloop
  endfacet
  facet normal 0 0 -1
    outer loop
      vertex -17.05 -13.97 0
      vertex -22.1018 -12.8833 0
      vertex -22.0112 -12.7611 0
    endloop
  endfacet
  facet normal 0 0 -1
    outer loop
      vertex -17.05 -13.97 0
      vertex -22.204 -12.996 0
      vertex -22.1018 -12.8833 0
    endloop
  endfacet
  facet normal 0 0 -1
    outer loop
      vertex -17.05 -13.97 0
      vertex -22.3167 -13.0982 0
      vertex -22.204 -12.996 0
    endloop
  endfacet
  facet normal 0 0 -1
    outer loop
      vertex -17.05 -13.97 0
      vertex -22.4389 -13.1888 0
      vertex -22.3167 -13.0982 0
    endloop
  endfacet
  facet normal 0 0 -1
    outer loop
      vertex -17.05 -13.97 0
      vertex -22.5693 -13.267 0
      vertex -22.4389 -13.1888 0
    endloop
  endfacet
  facet normal 0 0 -1
    outer loop
      vertex -17.05 -13.97 0
      vertex -22.7068 -13.332 0
      vertex -22.5693 -13.267 0
    endloop
  endfacet
  facet normal 0 0 -1
    outer loop
      vertex -24.25 -14.25 0
      vertex -22.7068 -13.332 0
      vertex -17.05 -13.97 0
    endloop
  endfacet
  facet normal 0 0 -1
    outer loop
      vertex -22.7068 -13.332 0
      vertex -24.25 -14.25 0
      vertex -22.8501 -13.3833 0
    endloop
  endfacet
  facet normal 0 0 -1
    outer loop
      vertex -22.8501 -13.3833 0
      vertex -24.25 -14.25 0
      vertex -22.9976 -13.4202 0
    endloop
  endfacet
  facet normal 0 0 -1
    outer loop
      vertex -22.9976 -13.4202 0
      vertex -24.25 -14.25 0
      vertex -23.1481 -13.4425 0
    endloop
  endfacet
  facet normal 0 0 -1
    outer loop
      vertex -23.1481 -13.4425 0
      vertex -24.25 -14.25 0
      vertex -23.3 -13.45 0
    endloop
  endfacet
  facet normal 0 0 -1
    outer loop
      vertex -24.25 -14.25 0
      vertex -17.05 -13.97 0
      vertex 24.25 -14.25 0
    endloop
  endfacet
  facet normal -0 0 -1
    outer loop
      vertex -23.3 -13.45 0
      vertex -24.25 -14.25 0
      vertex -23.4519 -13.4425 0
    endloop
  endfacet
  facet normal 0 0 -1
    outer loop
      vertex -24.25 -14.25 0
      vertex -23.6024 -13.4202 0
      vertex -23.4519 -13.4425 0
    endloop
  endfacet
  facet normal 0 0 -1
    outer loop
      vertex -24.25 -14.25 0
      vertex -23.7499 -13.3833 0
      vertex -23.6024 -13.4202 0
    endloop
  endfacet
  facet normal 0 0 -1
    outer loop
      vertex -24.25 -14.25 0
      vertex -23.8932 -13.332 0
      vertex -23.7499 -13.3833 0
    endloop
  endfacet
  facet normal 0 0 -1
    outer loop
      vertex -24.25 -14.25 0
      vertex -24.0307 -13.267 0
      vertex -23.8932 -13.332 0
    endloop
  endfacet
  facet normal 0 0 -1
    outer loop
      vertex -24.397 -14.2428 0
      vertex -24.0307 -13.267 0
      vertex -24.25 -14.25 0
    endloop
  endfacet
  facet normal -0 0 -1
    outer loop
      vertex -24.0307 -13.267 0
      vertex -24.397 -14.2428 0
      vertex -24.1611 -13.1888 0
    endloop
  endfacet
  facet normal 0 0 -1
    outer loop
      vertex -24.5426 -14.2212 0
      vertex -24.1611 -13.1888 0
      vertex -24.397 -14.2428 0
    endloop
  endfacet
  facet normal 0 0 -1
    outer loop
      vertex -24.6854 -14.1854 0
      vertex -24.1611 -13.1888 0
      vertex -24.5426 -14.2212 0
    endloop
  endfacet
  facet normal 0 0 -1
    outer loop
      vertex -24.824 -14.1358 0
      vertex -24.1611 -13.1888 0
      vertex -24.6854 -14.1854 0
    endloop
  endfacet
  facet normal -0 0 -1
    outer loop
      vertex -24.1611 -13.1888 0
      vertex -24.824 -14.1358 0
      vertex -24.2833 -13.0982 0
    endloop
  endfacet
  facet normal 0 0 -1
    outer loop
      vertex -24.9571 -14.0729 0
      vertex -24.2833 -13.0982 0
      vertex -24.824 -14.1358 0
    endloop
  endfacet
  facet normal 0 0 -1
    outer loop
      vertex -25.0834 -13.9972 0
      vertex -24.2833 -13.0982 0
      vertex -24.9571 -14.0729 0
    endloop
  endfacet
  facet normal -0 0 -1
    outer loop
      vertex -24.2833 -13.0982 0
      vertex -25.0834 -13.9972 0
      vertex -24.396 -12.996 0
    endloop
  endfacet
  facet normal 0 0 -1
    outer loop
      vertex -25.2016 -13.9095 0
      vertex -24.396 -12.996 0
      vertex -25.0834 -13.9972 0
    endloop
  endfacet
  facet normal 0 0 -1
    outer loop
      vertex -25.3107 -13.8107 0
      vertex -24.396 -12.996 0
      vertex -25.2016 -13.9095 0
    endloop
  endfacet
  facet normal -0 0 -1
    outer loop
      vertex -24.396 -12.996 0
      vertex -25.3107 -13.8107 0
      vertex -24.4982 -12.8833 0
    endloop
  endfacet
  facet normal 0 0 -1
    outer loop
      vertex -25.4095 -13.7016 0
      vertex -24.4982 -12.8833 0
      vertex -25.3107 -13.8107 0
    endloop
  endfacet
  facet normal 0 0 -1
    outer loop
      vertex -25.4972 -13.5834 0
      vertex -24.4982 -12.8833 0
      vertex -25.4095 -13.7016 0
    endloop
  endfacet
  facet normal 0 0 -1
    outer loop
      vertex -25.5729 -13.4571 0
      vertex -24.4982 -12.8833 0
      vertex -25.4972 -13.5834 0
    endloop
  endfacet
  facet normal 0 0 -1
    outer loop
      vertex -25.6358 -13.324 0
      vertex -24.5888 -12.7611 0
      vertex -25.5729 -13.4571 0
    endloop
  endfacet
  facet normal -0 0 -1
    outer loop
      vertex -24.4982 -12.8833 0
      vertex -25.5729 -13.4571 0
      vertex -24.5888 -12.7611 0
    endloop
  endfacet
  facet normal -0 0 -1
    outer loop
      vertex 25.6358 13.324 0
      vertex 24.5888 12.7611 0
      vertex 25.5729 13.4571 0
    endloop
  endfacet
  facet normal 0 0 -1
    outer loop
      vertex 24.4982 12.8833 0
      vertex 25.5729 13.4571 0
      vertex 24.5888 12.7611 0
    endloop
  endfacet
  facet normal -0 0 -1
    outer loop
      vertex 25.5729 13.4571 0
      vertex 24.4982 12.8833 0
      vertex 25.4972 13.5834 0
    endloop
  endfacet
  facet normal -0 0 -1
    outer loop
      vertex 25.4972 13.5834 0
      vertex 24.4982 12.8833 0
      vertex 25.4095 13.7016 0
    endloop
  endfacet
  facet normal -0 0 -1
    outer loop
      vertex 25.4095 13.7016 0
      vertex 24.4982 12.8833 0
      vertex 25.3107 13.8107 0
    endloop
  endfacet
  facet normal 0 0 -1
    outer loop
      vertex 24.396 12.996 0
      vertex 25.3107 13.8107 0
      vertex 24.4982 12.8833 0
    endloop
  endfacet
  facet normal -0 0 -1
    outer loop
      vertex 25.3107 13.8107 0
      vertex 24.396 12.996 0
      vertex 25.2016 13.9095 0
    endloop
  endfacet
  facet normal -0 0 -1
    outer loop
      vertex 25.2016 13.9095 0
      vertex 24.396 12.996 0
      vertex 25.0834 13.9972 0
    endloop
  endfacet
  facet normal 0 0 -1
    outer loop
      vertex 24.2833 13.0982 0
      vertex 25.0834 13.9972 0
      vertex 24.396 12.996 0
    endloop
  endfacet
  facet normal -0 0 -1
    outer loop
      vertex 25.0834 13.9972 0
      vertex 24.2833 13.0982 0
      vertex 24.9571 14.0729 0
    endloop
  endfacet
  facet normal -0 0 -1
    outer loop
      vertex 24.9571 14.0729 0
      vertex 24.2833 13.0982 0
      vertex 24.824 14.1358 0
    endloop
  endfacet
  facet normal 0 0 -1
    outer loop
      vertex 24.1611 13.1888 0
      vertex 24.824 14.1358 0
      vertex 24.2833 13.0982 0
    endloop
  endfacet
  facet normal -0 0 -1
    outer loop
      vertex 24.824 14.1358 0
      vertex 24.1611 13.1888 0
      vertex 24.6854 14.1854 0
    endloop
  endfacet
  facet normal -0 0 -1
    outer loop
      vertex 24.6854 14.1854 0
      vertex 24.1611 13.1888 0
      vertex 24.5426 14.2212 0
    endloop
  endfacet
  facet normal -0 0 -1
    outer loop
      vertex 24.5426 14.2212 0
      vertex 24.1611 13.1888 0
      vertex 24.397 14.2428 0
    endloop
  endfacet
  facet normal 0 0 -1
    outer loop
      vertex 24.0307 13.267 0
      vertex 24.397 14.2428 0
      vertex 24.1611 13.1888 0
    endloop
  endfacet
  facet normal -0 0 -1
    outer loop
      vertex 24.397 14.2428 0
      vertex 24.0307 13.267 0
      vertex 24.25 14.25 0
    endloop
  endfacet
  facet normal 0 0 -1
    outer loop
      vertex 23.8932 13.332 0
      vertex 24.25 14.25 0
      vertex 24.0307 13.267 0
    endloop
  endfacet
  facet normal 0 0 -1
    outer loop
      vertex 23.7499 13.3833 0
      vertex 24.25 14.25 0
      vertex 23.8932 13.332 0
    endloop
  endfacet
  facet normal 0 0 -1
    outer loop
      vertex 23.6024 13.4202 0
      vertex 24.25 14.25 0
      vertex 23.7499 13.3833 0
    endloop
  endfacet
  facet normal 0 0 -1
    outer loop
      vertex 23.4519 13.4425 0
      vertex 24.25 14.25 0
      vertex 23.6024 13.4202 0
    endloop
  endfacet
  facet normal 0 0 -1
    outer loop
      vertex 23.3 13.45 0
      vertex 24.25 14.25 0
      vertex 23.4519 13.4425 0
    endloop
  endfacet
  facet normal 0 0 -1
    outer loop
      vertex 23.1481 13.4425 0
      vertex 24.25 14.25 0
      vertex 23.3 13.45 0
    endloop
  endfacet
  facet normal 0 0 -1
    outer loop
      vertex 22.9976 13.4202 0
      vertex 24.25 14.25 0
      vertex 23.1481 13.4425 0
    endloop
  endfacet
  facet normal 0 0 -1
    outer loop
      vertex 21.05 13.97 0
      vertex 22.9976 13.4202 0
      vertex 22.8501 13.3833 0
    endloop
  endfacet
  facet normal 0 0 -1
    outer loop
      vertex 21.05 13.97 0
      vertex 22.8501 13.3833 0
      vertex 22.7068 13.332 0
    endloop
  endfacet
  facet normal 0 0 -1
    outer loop
      vertex 21.05 13.97 0
      vertex 22.7068 13.332 0
      vertex 22.5693 13.267 0
    endloop
  endfacet
  facet normal -0 0 -1
    outer loop
      vertex 21.7798 11.5976 0
      vertex 21.05 11.43 0
      vertex 21.7575 11.7481 0
    endloop
  endfacet
  facet normal -0 0 -1
    outer loop
      vertex 21.7575 11.7481 0
      vertex 21.05 11.43 0
      vertex 21.75 11.9 0
    endloop
  endfacet
  facet normal 0 0 -1
    outer loop
      vertex 21.05 11.43 0
      vertex 21.7575 12.0519 0
      vertex 21.75 11.9 0
    endloop
  endfacet
  facet normal 0 0 -1
    outer loop
      vertex 21.05 11.43 0
      vertex 21.7798 12.2024 0
      vertex 21.7575 12.0519 0
    endloop
  endfacet
  facet normal 0 0 -1
    outer loop
      vertex 21.05 11.43 0
      vertex 21.8167 12.3499 0
      vertex 21.7798 12.2024 0
    endloop
  endfacet
  facet normal 0 0 -1
    outer loop
      vertex 21.05 13.97 0
      vertex 21.8167 12.3499 0
      vertex 21.05 11.43 0
    endloop
  endfacet
  facet normal 0 0 -1
    outer loop
      vertex 21.8167 12.3499 0
      vertex 21.05 13.97 0
      vertex 21.868 12.4932 0
    endloop
  endfacet
  facet normal 0 0 -1
    outer loop
      vertex 21.868 12.4932 0
      vertex 21.05 13.97 0
      vertex 21.933 12.6307 0
    endloop
  endfacet
  facet normal 0 0 -1
    outer loop
      vertex 21.933 12.6307 0
      vertex 21.05 13.97 0
      vertex 22.0112 12.7611 0
    endloop
  endfacet
  facet normal 0 0 -1
    outer loop
      vertex 21.05 13.97 0
      vertex 22.1018 12.8833 0
      vertex 22.0112 12.7611 0
    endloop
  endfacet
  facet normal 0 0 -1
    outer loop
      vertex 21.05 13.97 0
      vertex 22.204 12.996 0
      vertex 22.1018 12.8833 0
    endloop
  endfacet
  facet normal 0 0 -1
    outer loop
      vertex 21.05 13.97 0
      vertex 22.3167 13.0982 0
      vertex 22.204 12.996 0
    endloop
  endfacet
  facet normal 0 0 -1
    outer loop
      vertex 21.05 13.97 0
      vertex 22.4389 13.1888 0
      vertex 22.3167 13.0982 0
    endloop
  endfacet
  facet normal 0 0 -1
    outer loop
      vertex 21.05 13.97 0
      vertex 22.5693 13.267 0
      vertex 22.4389 13.1888 0
    endloop
  endfacet
  facet normal 0 0 -1
    outer loop
      vertex 22.9976 13.4202 0
      vertex 21.05 13.97 0
      vertex 24.25 14.25 0
    endloop
  endfacet
  facet normal 0 0 -1
    outer loop
      vertex -17.05 13.97 0
      vertex 24.25 14.25 0
      vertex 21.05 13.97 0
    endloop
  endfacet
  facet normal 0 0 -1
    outer loop
      vertex -21.7575 12.0519 0
      vertex -17.05 11.43 0
      vertex -21.75 11.9 0
    endloop
  endfacet
  facet normal 0 0 -1
    outer loop
      vertex -21.7798 12.2024 0
      vertex -17.05 11.43 0
      vertex -21.7575 12.0519 0
    endloop
  endfacet
  facet normal 0 0 -1
    outer loop
      vertex -17.05 11.43 0
      vertex -21.7798 12.2024 0
      vertex -17.05 13.97 0
    endloop
  endfacet
  facet normal 0 0 -1
    outer loop
      vertex -21.8167 12.3499 0
      vertex -17.05 13.97 0
      vertex -21.7798 12.2024 0
    endloop
  endfacet
  facet normal 0 0 -1
    outer loop
      vertex -21.868 12.4932 0
      vertex -17.05 13.97 0
      vertex -21.8167 12.3499 0
    endloop
  endfacet
  facet normal 0 0 -1
    outer loop
      vertex -21.933 12.6307 0
      vertex -17.05 13.97 0
      vertex -21.868 12.4932 0
    endloop
  endfacet
  facet normal 0 0 -1
    outer loop
      vertex -22.0112 12.7611 0
      vertex -17.05 13.97 0
      vertex -21.933 12.6307 0
    endloop
  endfacet
  facet normal 0 0 -1
    outer loop
      vertex -22.1018 12.8833 0
      vertex -17.05 13.97 0
      vertex -22.0112 12.7611 0
    endloop
  endfacet
  facet normal 0 0 -1
    outer loop
      vertex -22.204 12.996 0
      vertex -17.05 13.97 0
      vertex -22.1018 12.8833 0
    endloop
  endfacet
  facet normal 0 0 -1
    outer loop
      vertex -22.3167 13.0982 0
      vertex -17.05 13.97 0
      vertex -22.204 12.996 0
    endloop
  endfacet
  facet normal 0 0 -1
    outer loop
      vertex -22.4389 13.1888 0
      vertex -17.05 13.97 0
      vertex -22.3167 13.0982 0
    endloop
  endfacet
  facet normal 0 0 -1
    outer loop
      vertex -22.5693 13.267 0
      vertex -17.05 13.97 0
      vertex -22.4389 13.1888 0
    endloop
  endfacet
  facet normal 0 0 -1
    outer loop
      vertex -22.7068 13.332 0
      vertex -17.05 13.97 0
      vertex -22.5693 13.267 0
    endloop
  endfacet
  facet normal 0 0 -1
    outer loop
      vertex -24.25 14.25 0
      vertex -22.7068 13.332 0
      vertex -22.8501 13.3833 0
    endloop
  endfacet
  facet normal 0 0 -1
    outer loop
      vertex -24.25 14.25 0
      vertex -22.8501 13.3833 0
      vertex -22.9976 13.4202 0
    endloop
  endfacet
  facet normal 0 0 -1
    outer loop
      vertex -24.25 14.25 0
      vertex -22.9976 13.4202 0
      vertex -23.1481 13.4425 0
    endloop
  endfacet
  facet normal 0 0 -1
    outer loop
      vertex -24.25 14.25 0
      vertex -23.1481 13.4425 0
      vertex -23.3 13.45 0
    endloop
  endfacet
  facet normal 0 0 -1
    outer loop
      vertex -24.25 14.25 0
      vertex -23.3 13.45 0
      vertex -23.4519 13.4425 0
    endloop
  endfacet
  facet normal 0 0 -1
    outer loop
      vertex -17.05 13.97 0
      vertex -24.25 14.25 0
      vertex 24.25 14.25 0
    endloop
  endfacet
  facet normal 0 0 -1
    outer loop
      vertex -22.7068 13.332 0
      vertex -24.25 14.25 0
      vertex -17.05 13.97 0
    endloop
  endfacet
  facet normal 0 0 -1
    outer loop
      vertex -23.6024 13.4202 0
      vertex -24.25 14.25 0
      vertex -23.4519 13.4425 0
    endloop
  endfacet
  facet normal 0 0 -1
    outer loop
      vertex -23.7499 13.3833 0
      vertex -24.25 14.25 0
      vertex -23.6024 13.4202 0
    endloop
  endfacet
  facet normal 0 0 -1
    outer loop
      vertex -23.8932 13.332 0
      vertex -24.25 14.25 0
      vertex -23.7499 13.3833 0
    endloop
  endfacet
  facet normal 0 0 -1
    outer loop
      vertex -24.0307 13.267 0
      vertex -24.25 14.25 0
      vertex -23.8932 13.332 0
    endloop
  endfacet
  facet normal 0 0 -1
    outer loop
      vertex -24.397 14.2428 0
      vertex -24.0307 13.267 0
      vertex -24.1611 13.1888 0
    endloop
  endfacet
  facet normal 0 0 -1
    outer loop
      vertex -24.824 14.1358 0
      vertex -24.1611 13.1888 0
      vertex -24.2833 13.0982 0
    endloop
  endfacet
  facet normal 0 0 -1
    outer loop
      vertex -25.0834 13.9972 0
      vertex -24.2833 13.0982 0
      vertex -24.396 12.996 0
    endloop
  endfacet
  facet normal 0 0 -1
    outer loop
      vertex -24.0307 13.267 0
      vertex -24.397 14.2428 0
      vertex -24.25 14.25 0
    endloop
  endfacet
  facet normal 0 0 -1
    outer loop
      vertex -25.3107 13.8107 0
      vertex -24.396 12.996 0
      vertex -24.4982 12.8833 0
    endloop
  endfacet
  facet normal 0 0 -1
    outer loop
      vertex -24.1611 13.1888 0
      vertex -24.5426 14.2212 0
      vertex -24.397 14.2428 0
    endloop
  endfacet
  facet normal 0 0 -1
    outer loop
      vertex -25.5729 13.4571 0
      vertex -24.4982 12.8833 0
      vertex -24.5888 12.7611 0
    endloop
  endfacet
  facet normal 0 0 -1
    outer loop
      vertex -25.6854 13.1854 0
      vertex -24.5888 12.7611 0
      vertex -24.667 12.6307 0
    endloop
  endfacet
  facet normal 0 0 -1
    outer loop
      vertex -24.1611 13.1888 0
      vertex -24.6854 14.1854 0
      vertex -24.5426 14.2212 0
    endloop
  endfacet
  facet normal 0 0 -1
    outer loop
      vertex -25.7428 12.897 0
      vertex -24.667 12.6307 0
      vertex -24.732 12.4932 0
    endloop
  endfacet
  facet normal 0 0 -1
    outer loop
      vertex -25.75 12.75 0
      vertex -24.732 12.4932 0
      vertex -24.7833 12.3499 0
    endloop
  endfacet
  facet normal 0 0 -1
    outer loop
      vertex -25.75 12.75 0
      vertex -24.7833 12.3499 0
      vertex -24.8202 12.2024 0
    endloop
  endfacet
  facet normal 0 0 -1
    outer loop
      vertex -24.1611 13.1888 0
      vertex -24.824 14.1358 0
      vertex -24.6854 14.1854 0
    endloop
  endfacet
  facet normal 0 0 -1
    outer loop
      vertex -25.75 12.75 0
      vertex -24.8202 12.2024 0
      vertex -24.8425 12.0519 0
    endloop
  endfacet
  facet normal 0 0 -1
    outer loop
      vertex -25.75 12.75 0
      vertex -24.8425 12.0519 0
      vertex -24.85 11.9 0
    endloop
  endfacet
  facet normal 0 0 -1
    outer loop
      vertex -24.2833 13.0982 0
      vertex -24.9571 14.0729 0
      vertex -24.824 14.1358 0
    endloop
  endfacet
  facet normal 0 0 -1
    outer loop
      vertex -24.8202 11.5976 0
      vertex -25.75 12.75 0
      vertex -24.8425 11.7481 0
    endloop
  endfacet
  facet normal 0 0 -1
    outer loop
      vertex -25.6854 -13.1854 0
      vertex -24.5888 -12.7611 0
      vertex -25.6358 -13.324 0
    endloop
  endfacet
  facet normal 0 0 -1
    outer loop
      vertex -24.8425 11.7481 0
      vertex -25.75 12.75 0
      vertex -24.85 11.9 0
    endloop
  endfacet
  facet normal -0 0 -1
    outer loop
      vertex -24.5888 -12.7611 0
      vertex -25.6854 -13.1854 0
      vertex -24.667 -12.6307 0
    endloop
  endfacet
  facet normal 0 0 -1
    outer loop
      vertex -24.732 12.4932 0
      vertex -25.75 12.75 0
      vertex -25.7428 12.897 0
    endloop
  endfacet
  facet normal 0 0 -1
    outer loop
      vertex -25.7212 -13.0426 0
      vertex -24.667 -12.6307 0
      vertex -25.6854 -13.1854 0
    endloop
  endfacet
  facet normal 0 0 -1
    outer loop
      vertex -24.2833 13.0982 0
      vertex -25.0834 13.9972 0
      vertex -24.9571 14.0729 0
    endloop
  endfacet
  facet normal 0 0 -1
    outer loop
      vertex -25.7428 -12.897 0
      vertex -24.667 -12.6307 0
      vertex -25.7212 -13.0426 0
    endloop
  endfacet
  facet normal 0 0 -1
    outer loop
      vertex -24.396 12.996 0
      vertex -25.2016 13.9095 0
      vertex -25.0834 13.9972 0
    endloop
  endfacet
  facet normal -0 0 -1
    outer loop
      vertex -24.667 -12.6307 0
      vertex -25.7428 -12.897 0
      vertex -24.732 -12.4932 0
    endloop
  endfacet
  facet normal 0 0 -1
    outer loop
      vertex -24.396 12.996 0
      vertex -25.3107 13.8107 0
      vertex -25.2016 13.9095 0
    endloop
  endfacet
  facet normal 0 0 -1
    outer loop
      vertex -25.75 -12.75 0
      vertex -24.732 -12.4932 0
      vertex -25.7428 -12.897 0
    endloop
  endfacet
  facet normal 0 0 -1
    outer loop
      vertex -24.4982 12.8833 0
      vertex -25.4095 13.7016 0
      vertex -25.3107 13.8107 0
    endloop
  endfacet
  facet normal -0 0 -1
    outer loop
      vertex -24.732 -12.4932 0
      vertex -25.75 -12.75 0
      vertex -24.7833 -12.3499 0
    endloop
  endfacet
  facet normal 0 0 -1
    outer loop
      vertex -24.4982 12.8833 0
      vertex -25.4972 13.5834 0
      vertex -25.4095 13.7016 0
    endloop
  endfacet
  facet normal -0 0 -1
    outer loop
      vertex -24.7833 -12.3499 0
      vertex -25.75 -12.75 0
      vertex -24.8202 -12.2024 0
    endloop
  endfacet
  facet normal 0 0 -1
    outer loop
      vertex -24.4982 12.8833 0
      vertex -25.5729 13.4571 0
      vertex -25.4972 13.5834 0
    endloop
  endfacet
  facet normal -0 0 -1
    outer loop
      vertex -24.8202 -12.2024 0
      vertex -25.75 -12.75 0
      vertex -24.8425 -12.0519 0
    endloop
  endfacet
  facet normal 0 0 -1
    outer loop
      vertex -24.5888 12.7611 0
      vertex -25.6358 13.324 0
      vertex -25.5729 13.4571 0
    endloop
  endfacet
  facet normal -0 0 -1
    outer loop
      vertex -24.8425 -12.0519 0
      vertex -25.75 -12.75 0
      vertex -24.85 -11.9 0
    endloop
  endfacet
  facet normal 0 0 -1
    outer loop
      vertex -24.5888 12.7611 0
      vertex -25.6854 13.1854 0
      vertex -25.6358 13.324 0
    endloop
  endfacet
  facet normal 0 0 -1
    outer loop
      vertex -24.667 12.6307 0
      vertex -25.7212 13.0426 0
      vertex -25.6854 13.1854 0
    endloop
  endfacet
  facet normal 0 0 -1
    outer loop
      vertex -24.667 12.6307 0
      vertex -25.7428 12.897 0
      vertex -25.7212 13.0426 0
    endloop
  endfacet
  facet normal 1 0 0
    outer loop
      vertex 25.75 9 2.4
      vertex 25.75 -9 2.4
      vertex 25.75 9 1.6
    endloop
  endfacet
  facet normal 1 -0 0
    outer loop
      vertex 25.75 9 1.6
      vertex 25.75 12.75 0
      vertex 25.75 12.75 1.6
    endloop
  endfacet
  facet normal 1 0 0
    outer loop
      vertex 25.75 -9 1.6
      vertex 25.75 9 1.6
      vertex 25.75 -9 2.4
    endloop
  endfacet
  facet normal 1 0 0
    outer loop
      vertex 25.75 9 1.6
      vertex 25.75 -9 1.6
      vertex 25.75 12.75 0
    endloop
  endfacet
  facet normal 1 0 0
    outer loop
      vertex 25.75 -12.75 0
      vertex 25.75 -9 1.6
      vertex 25.75 -12.75 1.6
    endloop
  endfacet
  facet normal 1 0 0
    outer loop
      vertex 25.75 -9 1.6
      vertex 25.75 -12.75 0
      vertex 25.75 12.75 0
    endloop
  endfacet
  facet normal 0.857733 -0.514096 0
    outer loop
      vertex 25.4972 -13.5834 1.6
      vertex 25.5729 -13.4571 0
      vertex 25.5729 -13.4571 1.6
    endloop
  endfacet
  facet normal 0.857733 -0.514096 0
    outer loop
      vertex 25.5729 -13.4571 0
      vertex 25.4972 -13.5834 1.6
      vertex 25.4972 -13.5834 0
    endloop
  endfacet
  facet normal 0.336939 -0.941527 0
    outer loop
      vertex 24.6854 -14.1854 0
      vertex 24.824 -14.1358 1.6
      vertex 24.6854 -14.1854 1.6
    endloop
  endfacet
  facet normal 0.336939 -0.941527 0
    outer loop
      vertex 24.824 -14.1358 1.6
      vertex 24.6854 -14.1854 0
      vertex 24.824 -14.1358 0
    endloop
  endfacet
  facet normal 0.0489209 -0.998803 0
    outer loop
      vertex 24.25 -14.25 0
      vertex 24.397 -14.2428 1.6
      vertex 24.25 -14.25 1.6
    endloop
  endfacet
  facet normal 0.0489209 -0.998803 0
    outer loop
      vertex 24.397 -14.2428 1.6
      vertex 24.25 -14.25 0
      vertex 24.397 -14.2428 0
    endloop
  endfacet
  facet normal 0.74123 0.671251 0
    outer loop
      vertex 25.4095 13.7016 1.6
      vertex 25.3107 13.8107 0
      vertex 25.3107 13.8107 1.6
    endloop
  endfacet
  facet normal 0.74123 0.671251 0
    outer loop
      vertex 25.3107 13.8107 0
      vertex 25.4095 13.7016 1.6
      vertex 25.4095 13.7016 0
    endloop
  endfacet
  facet normal 0.904125 0.427269 0
    outer loop
      vertex 25.6358 13.324 1.6
      vertex 25.5729 13.4571 0
      vertex 25.5729 13.4571 1.6
    endloop
  endfacet
  facet normal 0.904125 0.427269 0
    outer loop
      vertex 25.5729 13.4571 0
      vertex 25.6358 13.324 1.6
      vertex 25.6358 13.324 0
    endloop
  endfacet
  facet normal 0.146746 -0.989174 0
    outer loop
      vertex 24.397 -14.2428 0
      vertex 24.5426 -14.2212 1.6
      vertex 24.397 -14.2428 1.6
    endloop
  endfacet
  facet normal 0.146746 -0.989174 0
    outer loop
      vertex 24.5426 -14.2212 1.6
      vertex 24.397 -14.2428 0
      vertex 24.5426 -14.2212 0
    endloop
  endfacet
  facet normal 0.998803 -0.0489209 0
    outer loop
      vertex 25.7428 -12.897 1.6
      vertex 25.75 -12.75 0
      vertex 25.75 -12.75 1.6
    endloop
  endfacet
  facet normal 0.998803 -0.0489209 0
    outer loop
      vertex 25.75 -12.75 0
      vertex 25.7428 -12.897 1.6
      vertex 25.7428 -12.897 0
    endloop
  endfacet
  facet normal -1 0 0
    outer loop
      vertex -25.75 12.75 0
      vertex -25.75 4.47 1.6
      vertex -25.75 12.75 1.6
    endloop
  endfacet
  facet normal -1 0 0
    outer loop
      vertex -25.75 12.75 0
      vertex -25.75 -4.47 1.6
      vertex -25.75 4.47 1.6
    endloop
  endfacet
  facet normal -1 0 0
    outer loop
      vertex -25.75 -12.75 0
      vertex -25.75 -4.47 1.6
      vertex -25.75 12.75 0
    endloop
  endfacet
  facet normal -1 -0 0
    outer loop
      vertex -25.75 -4.47 1.6
      vertex -25.75 -12.75 0
      vertex -25.75 -12.75 1.6
    endloop
  endfacet
  facet normal 0 1 -0
    outer loop
      vertex 24.25 14.25 0
      vertex -24.25 14.25 1.6
      vertex 24.25 14.25 1.6
    endloop
  endfacet
  facet normal 0 1 0
    outer loop
      vertex -24.25 14.25 1.6
      vertex 24.25 14.25 0
      vertex -24.25 14.25 0
    endloop
  endfacet
  facet normal -0.969982 0.243175 0
    outer loop
      vertex -25.7212 13.0426 0
      vertex -25.6854 13.1854 1.6
      vertex -25.6854 13.1854 0
    endloop
  endfacet
  facet normal -0.969982 0.243175 0
    outer loop
      vertex -25.6854 13.1854 1.6
      vertex -25.7212 13.0426 0
      vertex -25.7212 13.0426 1.6
    endloop
  endfacet
  facet normal 0.74123 -0.671251 0
    outer loop
      vertex 25.3107 -13.8107 1.6
      vertex 25.4095 -13.7016 0
      vertex 25.4095 -13.7016 1.6
    endloop
  endfacet
  facet normal 0.74123 -0.671251 0
    outer loop
      vertex 25.4095 -13.7016 0
      vertex 25.3107 -13.8107 1.6
      vertex 25.3107 -13.8107 0
    endloop
  endfacet
  facet normal -0.74123 -0.671251 0
    outer loop
      vertex -25.3107 -13.8107 0
      vertex -25.4095 -13.7016 1.6
      vertex -25.4095 -13.7016 0
    endloop
  endfacet
  facet normal -0.74123 -0.671251 0
    outer loop
      vertex -25.4095 -13.7016 1.6
      vertex -25.3107 -13.8107 0
      vertex -25.3107 -13.8107 1.6
    endloop
  endfacet
  facet normal -0.427269 -0.904125 0
    outer loop
      vertex -24.9571 -14.0729 0
      vertex -24.824 -14.1358 1.6
      vertex -24.9571 -14.0729 1.6
    endloop
  endfacet
  facet normal -0.427269 -0.904125 -0
    outer loop
      vertex -24.824 -14.1358 1.6
      vertex -24.9571 -14.0729 0
      vertex -24.824 -14.1358 0
    endloop
  endfacet
  facet normal -0.514096 -0.857733 0
    outer loop
      vertex -25.0834 -13.9972 0
      vertex -24.9571 -14.0729 1.6
      vertex -25.0834 -13.9972 1.6
    endloop
  endfacet
  facet normal -0.514096 -0.857733 -0
    outer loop
      vertex -24.9571 -14.0729 1.6
      vertex -25.0834 -13.9972 0
      vertex -24.9571 -14.0729 0
    endloop
  endfacet
  facet normal 0.671251 -0.74123 0
    outer loop
      vertex 25.2016 -13.9095 0
      vertex 25.3107 -13.8107 1.6
      vertex 25.2016 -13.9095 1.6
    endloop
  endfacet
  facet normal 0.671251 -0.74123 0
    outer loop
      vertex 25.3107 -13.8107 1.6
      vertex 25.2016 -13.9095 0
      vertex 25.3107 -13.8107 0
    endloop
  endfacet
  facet normal -0.336939 0.941527 0
    outer loop
      vertex -24.6854 14.1854 0
      vertex -24.824 14.1358 1.6
      vertex -24.6854 14.1854 1.6
    endloop
  endfacet
  facet normal -0.336939 0.941527 0
    outer loop
      vertex -24.824 14.1358 1.6
      vertex -24.6854 14.1854 0
      vertex -24.824 14.1358 0
    endloop
  endfacet
  facet normal -0.671251 -0.74123 0
    outer loop
      vertex -25.3107 -13.8107 0
      vertex -25.2016 -13.9095 1.6
      vertex -25.3107 -13.8107 1.6
    endloop
  endfacet
  facet normal -0.671251 -0.74123 -0
    outer loop
      vertex -25.2016 -13.9095 1.6
      vertex -25.3107 -13.8107 0
      vertex -25.2016 -13.9095 0
    endloop
  endfacet
  facet normal -0.857733 -0.514096 0
    outer loop
      vertex -25.4972 -13.5834 0
      vertex -25.5729 -13.4571 1.6
      vertex -25.5729 -13.4571 0
    endloop
  endfacet
  facet normal -0.857733 -0.514096 0
    outer loop
      vertex -25.5729 -13.4571 1.6
      vertex -25.4972 -13.5834 0
      vertex -25.4972 -13.5834 1.6
    endloop
  endfacet
  facet normal -0.671251 0.74123 0
    outer loop
      vertex -25.2016 13.9095 0
      vertex -25.3107 13.8107 1.6
      vertex -25.2016 13.9095 1.6
    endloop
  endfacet
  facet normal -0.671251 0.74123 0
    outer loop
      vertex -25.3107 13.8107 1.6
      vertex -25.2016 13.9095 0
      vertex -25.3107 13.8107 0
    endloop
  endfacet
  facet normal 0.998803 0.0489209 0
    outer loop
      vertex 25.75 12.75 1.6
      vertex 25.7428 12.897 0
      vertex 25.7428 12.897 1.6
    endloop
  endfacet
  facet normal 0.998803 0.0489209 0
    outer loop
      vertex 25.7428 12.897 0
      vertex 25.75 12.75 1.6
      vertex 25.75 12.75 0
    endloop
  endfacet
  facet normal -0.904125 -0.427269 0
    outer loop
      vertex -25.5729 -13.4571 0
      vertex -25.6358 -13.324 1.6
      vertex -25.6358 -13.324 0
    endloop
  endfacet
  facet normal -0.904125 -0.427269 0
    outer loop
      vertex -25.6358 -13.324 1.6
      vertex -25.5729 -13.4571 0
      vertex -25.5729 -13.4571 1.6
    endloop
  endfacet
  facet normal 0.857733 0.514096 0
    outer loop
      vertex 25.5729 13.4571 1.6
      vertex 25.4972 13.5834 0
      vertex 25.4972 13.5834 1.6
    endloop
  endfacet
  facet normal 0.857733 0.514096 0
    outer loop
      vertex 25.4972 13.5834 0
      vertex 25.5729 13.4571 1.6
      vertex 25.5729 13.4571 0
    endloop
  endfacet
  facet normal -0.904125 0.427269 0
    outer loop
      vertex -25.6358 13.324 0
      vertex -25.5729 13.4571 1.6
      vertex -25.5729 13.4571 0
    endloop
  endfacet
  facet normal -0.904125 0.427269 0
    outer loop
      vertex -25.5729 13.4571 1.6
      vertex -25.6358 13.324 0
      vertex -25.6358 13.324 1.6
    endloop
  endfacet
  facet normal 0.989174 0.146746 0
    outer loop
      vertex 25.7428 12.897 1.6
      vertex 25.7212 13.0426 0
      vertex 25.7212 13.0426 1.6
    endloop
  endfacet
  facet normal 0.989174 0.146746 0
    outer loop
      vertex 25.7212 13.0426 0
      vertex 25.7428 12.897 1.6
      vertex 25.7428 12.897 0
    endloop
  endfacet
  facet normal 0.427269 0.904125 -0
    outer loop
      vertex 24.9571 14.0729 0
      vertex 24.824 14.1358 1.6
      vertex 24.9571 14.0729 1.6
    endloop
  endfacet
  facet normal 0.427269 0.904125 0
    outer loop
      vertex 24.824 14.1358 1.6
      vertex 24.9571 14.0729 0
      vertex 24.824 14.1358 0
    endloop
  endfacet
  facet normal -0.803088 0.595861 0
    outer loop
      vertex -25.4972 13.5834 0
      vertex -25.4095 13.7016 1.6
      vertex -25.4095 13.7016 0
    endloop
  endfacet
  facet normal -0.803088 0.595861 0
    outer loop
      vertex -25.4095 13.7016 1.6
      vertex -25.4972 13.5834 0
      vertex -25.4972 13.5834 1.6
    endloop
  endfacet
  facet normal -0.74123 0.671251 0
    outer loop
      vertex -25.4095 13.7016 0
      vertex -25.3107 13.8107 1.6
      vertex -25.3107 13.8107 0
    endloop
  endfacet
  facet normal -0.74123 0.671251 0
    outer loop
      vertex -25.3107 13.8107 1.6
      vertex -25.4095 13.7016 0
      vertex -25.4095 13.7016 1.6
    endloop
  endfacet
  facet normal -0.514096 0.857733 0
    outer loop
      vertex -24.9571 14.0729 0
      vertex -25.0834 13.9972 1.6
      vertex -24.9571 14.0729 1.6
    endloop
  endfacet
  facet normal -0.514096 0.857733 0
    outer loop
      vertex -25.0834 13.9972 1.6
      vertex -24.9571 14.0729 0
      vertex -25.0834 13.9972 0
    endloop
  endfacet
  facet normal -0.595861 0.803088 0
    outer loop
      vertex -25.0834 13.9972 0
      vertex -25.2016 13.9095 1.6
      vertex -25.0834 13.9972 1.6
    endloop
  endfacet
  facet normal -0.595861 0.803088 0
    outer loop
      vertex -25.2016 13.9095 1.6
      vertex -25.0834 13.9972 0
      vertex -25.2016 13.9095 0
    endloop
  endfacet
  facet normal 0.989174 -0.146746 0
    outer loop
      vertex 25.7212 -13.0426 1.6
      vertex 25.7428 -12.897 0
      vertex 25.7428 -12.897 1.6
    endloop
  endfacet
  facet normal 0.989174 -0.146746 0
    outer loop
      vertex 25.7428 -12.897 0
      vertex 25.7212 -13.0426 1.6
      vertex 25.7212 -13.0426 0
    endloop
  endfacet
  facet normal 0.803088 0.595861 0
    outer loop
      vertex 25.4972 13.5834 1.6
      vertex 25.4095 13.7016 0
      vertex 25.4095 13.7016 1.6
    endloop
  endfacet
  facet normal 0.803088 0.595861 0
    outer loop
      vertex 25.4095 13.7016 0
      vertex 25.4972 13.5834 1.6
      vertex 25.4972 13.5834 0
    endloop
  endfacet
  facet normal -0.941527 -0.336939 0
    outer loop
      vertex -25.6358 -13.324 0
      vertex -25.6854 -13.1854 1.6
      vertex -25.6854 -13.1854 0
    endloop
  endfacet
  facet normal -0.941527 -0.336939 0
    outer loop
      vertex -25.6854 -13.1854 1.6
      vertex -25.6358 -13.324 0
      vertex -25.6358 -13.324 1.6
    endloop
  endfacet
  facet normal -0.989174 0.146746 0
    outer loop
      vertex -25.7428 12.897 0
      vertex -25.7212 13.0426 1.6
      vertex -25.7212 13.0426 0
    endloop
  endfacet
  facet normal -0.989174 0.146746 0
    outer loop
      vertex -25.7212 13.0426 1.6
      vertex -25.7428 12.897 0
      vertex -25.7428 12.897 1.6
    endloop
  endfacet
  facet normal -0.998803 -0.0489209 0
    outer loop
      vertex -25.7428 -12.897 0
      vertex -25.75 -12.75 1.6
      vertex -25.75 -12.75 0
    endloop
  endfacet
  facet normal -0.998803 -0.0489209 0
    outer loop
      vertex -25.75 -12.75 1.6
      vertex -25.7428 -12.897 0
      vertex -25.7428 -12.897 1.6
    endloop
  endfacet
  facet normal 0.671251 0.74123 -0
    outer loop
      vertex 25.3107 13.8107 0
      vertex 25.2016 13.9095 1.6
      vertex 25.3107 13.8107 1.6
    endloop
  endfacet
  facet normal 0.671251 0.74123 0
    outer loop
      vertex 25.2016 13.9095 1.6
      vertex 25.3107 13.8107 0
      vertex 25.2016 13.9095 0
    endloop
  endfacet
  facet normal 0.243175 0.969982 -0
    outer loop
      vertex 24.6854 14.1854 0
      vertex 24.5426 14.2212 1.6
      vertex 24.6854 14.1854 1.6
    endloop
  endfacet
  facet normal 0.243175 0.969982 0
    outer loop
      vertex 24.5426 14.2212 1.6
      vertex 24.6854 14.1854 0
      vertex 24.5426 14.2212 0
    endloop
  endfacet
  facet normal -0.969982 -0.243175 0
    outer loop
      vertex -25.6854 -13.1854 0
      vertex -25.7212 -13.0426 1.6
      vertex -25.7212 -13.0426 0
    endloop
  endfacet
  facet normal -0.969982 -0.243175 0
    outer loop
      vertex -25.7212 -13.0426 1.6
      vertex -25.6854 -13.1854 0
      vertex -25.6854 -13.1854 1.6
    endloop
  endfacet
  facet normal 0.514096 0.857733 -0
    outer loop
      vertex 25.0834 13.9972 0
      vertex 24.9571 14.0729 1.6
      vertex 25.0834 13.9972 1.6
    endloop
  endfacet
  facet normal 0.514096 0.857733 0
    outer loop
      vertex 24.9571 14.0729 1.6
      vertex 25.0834 13.9972 0
      vertex 24.9571 14.0729 0
    endloop
  endfacet
  facet normal -0.0489209 -0.998803 0
    outer loop
      vertex -24.397 -14.2428 0
      vertex -24.25 -14.25 1.6
      vertex -24.397 -14.2428 1.6
    endloop
  endfacet
  facet normal -0.0489209 -0.998803 -0
    outer loop
      vertex -24.25 -14.25 1.6
      vertex -24.397 -14.2428 0
      vertex -24.25 -14.25 0
    endloop
  endfacet
  facet normal -0.146746 -0.989174 0
    outer loop
      vertex -24.5426 -14.2212 0
      vertex -24.397 -14.2428 1.6
      vertex -24.5426 -14.2212 1.6
    endloop
  endfacet
  facet normal -0.146746 -0.989174 -0
    outer loop
      vertex -24.397 -14.2428 1.6
      vertex -24.5426 -14.2212 0
      vertex -24.397 -14.2428 0
    endloop
  endfacet
  facet normal 0.969982 -0.243175 0
    outer loop
      vertex 25.6854 -13.1854 1.6
      vertex 25.7212 -13.0426 0
      vertex 25.7212 -13.0426 1.6
    endloop
  endfacet
  facet normal 0.969982 -0.243175 0
    outer loop
      vertex 25.7212 -13.0426 0
      vertex 25.6854 -13.1854 1.6
      vertex 25.6854 -13.1854 0
    endloop
  endfacet
  facet normal -0.857733 0.514096 0
    outer loop
      vertex -25.5729 13.4571 0
      vertex -25.4972 13.5834 1.6
      vertex -25.4972 13.5834 0
    endloop
  endfacet
  facet normal -0.857733 0.514096 0
    outer loop
      vertex -25.4972 13.5834 1.6
      vertex -25.5729 13.4571 0
      vertex -25.5729 13.4571 1.6
    endloop
  endfacet
  facet normal -0.989174 -0.146746 0
    outer loop
      vertex -25.7212 -13.0426 0
      vertex -25.7428 -12.897 1.6
      vertex -25.7428 -12.897 0
    endloop
  endfacet
  facet normal -0.989174 -0.146746 0
    outer loop
      vertex -25.7428 -12.897 1.6
      vertex -25.7212 -13.0426 0
      vertex -25.7212 -13.0426 1.6
    endloop
  endfacet
  facet normal -0.803088 -0.595861 0
    outer loop
      vertex -25.4095 -13.7016 0
      vertex -25.4972 -13.5834 1.6
      vertex -25.4972 -13.5834 0
    endloop
  endfacet
  facet normal -0.803088 -0.595861 0
    outer loop
      vertex -25.4972 -13.5834 1.6
      vertex -25.4095 -13.7016 0
      vertex -25.4095 -13.7016 1.6
    endloop
  endfacet
  facet normal -0.0489209 0.998803 0
    outer loop
      vertex -24.25 14.25 0
      vertex -24.397 14.2428 1.6
      vertex -24.25 14.25 1.6
    endloop
  endfacet
  facet normal -0.0489209 0.998803 0
    outer loop
      vertex -24.397 14.2428 1.6
      vertex -24.25 14.25 0
      vertex -24.397 14.2428 0
    endloop
  endfacet
  facet normal 0.941527 0.336939 0
    outer loop
      vertex 25.6854 13.1854 1.6
      vertex 25.6358 13.324 0
      vertex 25.6358 13.324 1.6
    endloop
  endfacet
  facet normal 0.941527 0.336939 0
    outer loop
      vertex 25.6358 13.324 0
      vertex 25.6854 13.1854 1.6
      vertex 25.6854 13.1854 0
    endloop
  endfacet
  facet normal -0.243175 0.969982 0
    outer loop
      vertex -24.5426 14.2212 0
      vertex -24.6854 14.1854 1.6
      vertex -24.5426 14.2212 1.6
    endloop
  endfacet
  facet normal -0.243175 0.969982 0
    outer loop
      vertex -24.6854 14.1854 1.6
      vertex -24.5426 14.2212 0
      vertex -24.6854 14.1854 0
    endloop
  endfacet
  facet normal 0 0 1
    outer loop
      vertex -20.45 -9.95 1.6
      vertex -21.7575 -11.7481 1.6
      vertex -21.75 -11.9 1.6
    endloop
  endfacet
  facet normal 0 0 1
    outer loop
      vertex -20.45 -9.95 1.6
      vertex -21.7798 -11.5976 1.6
      vertex -21.7575 -11.7481 1.6
    endloop
  endfacet
  facet normal 0 0 1
    outer loop
      vertex -20.45 -9.95 1.6
      vertex -21.8167 -11.4501 1.6
      vertex -21.7798 -11.5976 1.6
    endloop
  endfacet
  facet normal 0 0 1
    outer loop
      vertex -20.45 -9.95 1.6
      vertex -21.868 -11.3068 1.6
      vertex -21.8167 -11.4501 1.6
    endloop
  endfacet
  facet normal 0 0 1
    outer loop
      vertex -20.45 -9.95 1.6
      vertex -21.933 -11.1693 1.6
      vertex -21.868 -11.3068 1.6
    endloop
  endfacet
  facet normal 0 0 1
    outer loop
      vertex -20.45 -9.95 1.6
      vertex -22.0112 -11.0389 1.6
      vertex -21.933 -11.1693 1.6
    endloop
  endfacet
  facet normal 0 0 1
    outer loop
      vertex -20.45 -9.95 1.6
      vertex -22.1018 -10.9167 1.6
      vertex -22.0112 -11.0389 1.6
    endloop
  endfacet
  facet normal 0 0 1
    outer loop
      vertex -20.45 -9.95 1.6
      vertex -22.204 -10.804 1.6
      vertex -22.1018 -10.9167 1.6
    endloop
  endfacet
  facet normal 0 0 1
    outer loop
      vertex -20.45 -9.95 1.6
      vertex -22.3167 -10.7018 1.6
      vertex -22.204 -10.804 1.6
    endloop
  endfacet
  facet normal 0 0 1
    outer loop
      vertex -20.45 -9.95 1.6
      vertex -22.4389 -10.6112 1.6
      vertex -22.3167 -10.7018 1.6
    endloop
  endfacet
  facet normal 0 0 1
    outer loop
      vertex -20.45 -9.95 1.6
      vertex -22.5693 -10.533 1.6
      vertex -22.4389 -10.6112 1.6
    endloop
  endfacet
  facet normal 0 0 1
    outer loop
      vertex -20.45 -9.95 1.6
      vertex -22.7068 -10.468 1.6
      vertex -22.5693 -10.533 1.6
    endloop
  endfacet
  facet normal 0 0 1
    outer loop
      vertex -20.45 -9.95 1.6
      vertex -22.8501 -10.4167 1.6
      vertex -22.7068 -10.468 1.6
    endloop
  endfacet
  facet normal 0 0 1
    outer loop
      vertex -20.45 -9.95 1.6
      vertex -22.9976 -10.3798 1.6
      vertex -22.8501 -10.4167 1.6
    endloop
  endfacet
  facet normal 0 0 1
    outer loop
      vertex -20.45 -9.95 1.6
      vertex -23.1481 -10.3575 1.6
      vertex -22.9976 -10.3798 1.6
    endloop
  endfacet
  facet normal -0 0 1
    outer loop
      vertex -24.95 -9.95 1.6
      vertex -23.1481 -10.3575 1.6
      vertex -20.45 -9.95 1.6
    endloop
  endfacet
  facet normal 0 0 1
    outer loop
      vertex -23.1481 -10.3575 1.6
      vertex -24.95 -9.95 1.6
      vertex -23.3 -10.35 1.6
    endloop
  endfacet
  facet normal 0 0 1
    outer loop
      vertex -24.8425 -11.7481 1.6
      vertex -24.95 -9.95 1.6
      vertex -24.85 -11.9 1.6
    endloop
  endfacet
  facet normal 0 0 1
    outer loop
      vertex -24.8202 -11.5976 1.6
      vertex -24.95 -9.95 1.6
      vertex -24.8425 -11.7481 1.6
    endloop
  endfacet
  facet normal 0 0 1
    outer loop
      vertex -24.7833 -11.4501 1.6
      vertex -24.95 -9.95 1.6
      vertex -24.8202 -11.5976 1.6
    endloop
  endfacet
  facet normal 0 0 1
    outer loop
      vertex -24.732 -11.3068 1.6
      vertex -24.95 -9.95 1.6
      vertex -24.7833 -11.4501 1.6
    endloop
  endfacet
  facet normal 0 0 1
    outer loop
      vertex -24.667 -11.1693 1.6
      vertex -24.95 -9.95 1.6
      vertex -24.732 -11.3068 1.6
    endloop
  endfacet
  facet normal 0 0 1
    outer loop
      vertex -24.5888 -11.0389 1.6
      vertex -24.95 -9.95 1.6
      vertex -24.667 -11.1693 1.6
    endloop
  endfacet
  facet normal 0 0 1
    outer loop
      vertex -24.4982 -10.9167 1.6
      vertex -24.95 -9.95 1.6
      vertex -24.5888 -11.0389 1.6
    endloop
  endfacet
  facet normal 0 0 1
    outer loop
      vertex -24.396 -10.804 1.6
      vertex -24.95 -9.95 1.6
      vertex -24.4982 -10.9167 1.6
    endloop
  endfacet
  facet normal 0 0 1
    outer loop
      vertex -24.2833 -10.7018 1.6
      vertex -24.95 -9.95 1.6
      vertex -24.396 -10.804 1.6
    endloop
  endfacet
  facet normal 0 0 1
    outer loop
      vertex -24.1611 -10.6112 1.6
      vertex -24.95 -9.95 1.6
      vertex -24.2833 -10.7018 1.6
    endloop
  endfacet
  facet normal 0 0 1
    outer loop
      vertex -24.0307 -10.533 1.6
      vertex -24.95 -9.95 1.6
      vertex -24.1611 -10.6112 1.6
    endloop
  endfacet
  facet normal 0 0 1
    outer loop
      vertex -23.8932 -10.468 1.6
      vertex -24.95 -9.95 1.6
      vertex -24.0307 -10.533 1.6
    endloop
  endfacet
  facet normal 0 0 1
    outer loop
      vertex -23.7499 -10.4167 1.6
      vertex -24.95 -9.95 1.6
      vertex -23.8932 -10.468 1.6
    endloop
  endfacet
  facet normal 0 0 1
    outer loop
      vertex -23.6024 -10.3798 1.6
      vertex -24.95 -9.95 1.6
      vertex -23.7499 -10.4167 1.6
    endloop
  endfacet
  facet normal 0 0 1
    outer loop
      vertex -23.4519 -10.3575 1.6
      vertex -24.95 -9.95 1.6
      vertex -23.6024 -10.3798 1.6
    endloop
  endfacet
  facet normal 0 0 1
    outer loop
      vertex -23.3 -10.35 1.6
      vertex -24.95 -9.95 1.6
      vertex -23.4519 -10.3575 1.6
    endloop
  endfacet
  facet normal 0 0 1
    outer loop
      vertex -20.15 -4.47 1.6
      vertex -24.95 -5.45 1.6
      vertex -20.45 -5.45 1.6
    endloop
  endfacet
  facet normal 0 0 1
    outer loop
      vertex -25.75 -4.47 1.6
      vertex -24.95 -9.95 1.6
      vertex -24.95 -5.45 1.6
    endloop
  endfacet
  facet normal 0 0 1
    outer loop
      vertex -24.95 -9.95 1.6
      vertex -25.75 -12.75 1.6
      vertex -24.9571 -14.0729 1.6
    endloop
  endfacet
  facet normal 0 0 1
    outer loop
      vertex -24.9571 -14.0729 1.6
      vertex -25.75 -12.75 1.6
      vertex -25.0834 -13.9972 1.6
    endloop
  endfacet
  facet normal 0 0 1
    outer loop
      vertex -25.0834 -13.9972 1.6
      vertex -25.75 -12.75 1.6
      vertex -25.2016 -13.9095 1.6
    endloop
  endfacet
  facet normal 0 0 1
    outer loop
      vertex -25.2016 -13.9095 1.6
      vertex -25.75 -12.75 1.6
      vertex -25.3107 -13.8107 1.6
    endloop
  endfacet
  facet normal 0 0 1
    outer loop
      vertex -25.3107 -13.8107 1.6
      vertex -25.75 -12.75 1.6
      vertex -25.4095 -13.7016 1.6
    endloop
  endfacet
  facet normal 0 0 1
    outer loop
      vertex -25.4095 -13.7016 1.6
      vertex -25.75 -12.75 1.6
      vertex -25.4972 -13.5834 1.6
    endloop
  endfacet
  facet normal 0 0 1
    outer loop
      vertex -25.4972 -13.5834 1.6
      vertex -25.75 -12.75 1.6
      vertex -25.5729 -13.4571 1.6
    endloop
  endfacet
  facet normal 0 0 1
    outer loop
      vertex -25.5729 -13.4571 1.6
      vertex -25.75 -12.75 1.6
      vertex -25.6358 -13.324 1.6
    endloop
  endfacet
  facet normal 0 0 1
    outer loop
      vertex -25.6358 -13.324 1.6
      vertex -25.75 -12.75 1.6
      vertex -25.6854 -13.1854 1.6
    endloop
  endfacet
  facet normal 0 0 1
    outer loop
      vertex -25.6854 -13.1854 1.6
      vertex -25.75 -12.75 1.6
      vertex -25.7212 -13.0426 1.6
    endloop
  endfacet
  facet normal -0 0 1
    outer loop
      vertex -25.75 -4.47 1.6
      vertex -24.95 -5.45 1.6
      vertex -20.15 -4.47 1.6
    endloop
  endfacet
  facet normal 0 0 1
    outer loop
      vertex -24.95 -9.95 1.6
      vertex -25.75 -4.47 1.6
      vertex -25.75 -12.75 1.6
    endloop
  endfacet
  facet normal 0 0 1
    outer loop
      vertex -25.7212 -13.0426 1.6
      vertex -25.75 -12.75 1.6
      vertex -25.7428 -12.897 1.6
    endloop
  endfacet
  facet normal 0 0 1
    outer loop
      vertex 25.75 12.75 1.6
      vertex 24.8425 12.0519 1.6
      vertex 24.85 11.9 1.6
    endloop
  endfacet
  facet normal 0 0 1
    outer loop
      vertex 24.2833 13.0982 1.6
      vertex 24.9571 14.0729 1.6
      vertex 24.824 14.1358 1.6
    endloop
  endfacet
  facet normal 0 0 1
    outer loop
      vertex 25.0834 13.9972 1.6
      vertex 24.8202 12.2024 1.6
      vertex 24.8425 12.0519 1.6
    endloop
  endfacet
  facet normal 0 0 1
    outer loop
      vertex 25.0834 13.9972 1.6
      vertex 24.7833 12.3499 1.6
      vertex 24.8202 12.2024 1.6
    endloop
  endfacet
  facet normal 0 0 1
    outer loop
      vertex 25.0834 13.9972 1.6
      vertex 24.732 12.4932 1.6
      vertex 24.7833 12.3499 1.6
    endloop
  endfacet
  facet normal 0 0 1
    outer loop
      vertex 24.1611 13.1888 1.6
      vertex 24.824 14.1358 1.6
      vertex 24.6854 14.1854 1.6
    endloop
  endfacet
  facet normal 0 0 1
    outer loop
      vertex 25.0834 13.9972 1.6
      vertex 24.667 12.6307 1.6
      vertex 24.732 12.4932 1.6
    endloop
  endfacet
  facet normal 0 0 1
    outer loop
      vertex 25.0834 13.9972 1.6
      vertex 24.5888 12.7611 1.6
      vertex 24.667 12.6307 1.6
    endloop
  endfacet
  facet normal 0 0 1
    outer loop
      vertex 24.1611 13.1888 1.6
      vertex 24.6854 14.1854 1.6
      vertex 24.5426 14.2212 1.6
    endloop
  endfacet
  facet normal 0 0 1
    outer loop
      vertex 25.0834 13.9972 1.6
      vertex 24.4982 12.8833 1.6
      vertex 24.5888 12.7611 1.6
    endloop
  endfacet
  facet normal 0 0 1
    outer loop
      vertex 24.1611 13.1888 1.6
      vertex 24.5426 14.2212 1.6
      vertex 24.397 14.2428 1.6
    endloop
  endfacet
  facet normal 0 0 1
    outer loop
      vertex 25.0834 13.9972 1.6
      vertex 24.396 12.996 1.6
      vertex 24.4982 12.8833 1.6
    endloop
  endfacet
  facet normal 0 0 1
    outer loop
      vertex 25.0834 13.9972 1.6
      vertex 24.2833 13.0982 1.6
      vertex 24.396 12.996 1.6
    endloop
  endfacet
  facet normal 0 0 1
    outer loop
      vertex 24.0307 13.267 1.6
      vertex 24.397 14.2428 1.6
      vertex 24.25 14.25 1.6
    endloop
  endfacet
  facet normal 0 0 1
    outer loop
      vertex 24.824 14.1358 1.6
      vertex 24.1611 13.1888 1.6
      vertex 24.2833 13.0982 1.6
    endloop
  endfacet
  facet normal 0 0 1
    outer loop
      vertex 24.397 14.2428 1.6
      vertex 24.0307 13.267 1.6
      vertex 24.1611 13.1888 1.6
    endloop
  endfacet
  facet normal 0 0 1
    outer loop
      vertex 24.25 14.25 1.6
      vertex 23.8932 13.332 1.6
      vertex 24.0307 13.267 1.6
    endloop
  endfacet
  facet normal 0 0 1
    outer loop
      vertex 24.25 14.25 1.6
      vertex 23.7499 13.3833 1.6
      vertex 23.8932 13.332 1.6
    endloop
  endfacet
  facet normal 0 0 1
    outer loop
      vertex 24.25 14.25 1.6
      vertex 23.6024 13.4202 1.6
      vertex 23.7499 13.3833 1.6
    endloop
  endfacet
  facet normal 0 0 1
    outer loop
      vertex 24.25 14.25 1.6
      vertex 23.4519 13.4425 1.6
      vertex 23.6024 13.4202 1.6
    endloop
  endfacet
  facet normal 0 0 1
    outer loop
      vertex 24.25 14.25 1.6
      vertex 23.3 13.45 1.6
      vertex 23.4519 13.4425 1.6
    endloop
  endfacet
  facet normal 0 0 1
    outer loop
      vertex 24.25 14.25 1.6
      vertex 23.1481 13.4425 1.6
      vertex 23.3 13.45 1.6
    endloop
  endfacet
  facet normal 0 0 1
    outer loop
      vertex 24.25 14.25 1.6
      vertex 22.9976 13.4202 1.6
      vertex 23.1481 13.4425 1.6
    endloop
  endfacet
  facet normal 0 0 1
    outer loop
      vertex 24.25 14.25 1.6
      vertex 22.8501 13.3833 1.6
      vertex 22.9976 13.4202 1.6
    endloop
  endfacet
  facet normal 0 0 1
    outer loop
      vertex 24.25 14.25 1.6
      vertex 22.7068 13.332 1.6
      vertex 22.8501 13.3833 1.6
    endloop
  endfacet
  facet normal 0 0 1
    outer loop
      vertex 24.25 14.25 1.6
      vertex 22.5693 13.267 1.6
      vertex 22.7068 13.332 1.6
    endloop
  endfacet
  facet normal 0 0 1
    outer loop
      vertex 21.7575 12.0519 1.6
      vertex 0.25 9 1.6
      vertex 21.75 11.9 1.6
    endloop
  endfacet
  facet normal 0 0 1
    outer loop
      vertex 21.7798 12.2024 1.6
      vertex 0.25 9 1.6
      vertex 21.7575 12.0519 1.6
    endloop
  endfacet
  facet normal 0 0 1
    outer loop
      vertex 21.8167 12.3499 1.6
      vertex 0.25 9 1.6
      vertex 21.7798 12.2024 1.6
    endloop
  endfacet
  facet normal 0 0 1
    outer loop
      vertex 21.868 12.4932 1.6
      vertex 0.25 9 1.6
      vertex 21.8167 12.3499 1.6
    endloop
  endfacet
  facet normal 0 0 1
    outer loop
      vertex 21.933 12.6307 1.6
      vertex 0.25 9 1.6
      vertex 21.868 12.4932 1.6
    endloop
  endfacet
  facet normal 0 0 1
    outer loop
      vertex 22.0112 12.7611 1.6
      vertex 0.25 9 1.6
      vertex 21.933 12.6307 1.6
    endloop
  endfacet
  facet normal 0 0 1
    outer loop
      vertex 22.1018 12.8833 1.6
      vertex 0.25 9 1.6
      vertex 22.0112 12.7611 1.6
    endloop
  endfacet
  facet normal 0 0 1
    outer loop
      vertex 22.204 12.996 1.6
      vertex 0.25 9 1.6
      vertex 22.1018 12.8833 1.6
    endloop
  endfacet
  facet normal 0 0 1
    outer loop
      vertex 22.3167 13.0982 1.6
      vertex 0.25 9 1.6
      vertex 22.204 12.996 1.6
    endloop
  endfacet
  facet normal 0 0 1
    outer loop
      vertex 22.4389 13.1888 1.6
      vertex 0.25 9 1.6
      vertex 22.3167 13.0982 1.6
    endloop
  endfacet
  facet normal 0 0 1
    outer loop
      vertex 22.5693 13.267 1.6
      vertex 0.25 9 1.6
      vertex 22.4389 13.1888 1.6
    endloop
  endfacet
  facet normal 0 0 1
    outer loop
      vertex 24.25 14.25 1.6
      vertex 0.25 9 1.6
      vertex 22.5693 13.267 1.6
    endloop
  endfacet
  facet normal 0 0 1
    outer loop
      vertex 0.25 9 1.6
      vertex -20.15 4.47 1.6
      vertex 0.25 -9 1.6
    endloop
  endfacet
  facet normal 0 0 1
    outer loop
      vertex 0.25 9 1.6
      vertex -20.45 9.95 1.6
      vertex -20.15 4.47 1.6
    endloop
  endfacet
  facet normal -0 0 1
    outer loop
      vertex -24.25 14.25 1.6
      vertex 0.25 9 1.6
      vertex 24.25 14.25 1.6
    endloop
  endfacet
  facet normal 0 0 1
    outer loop
      vertex 0.25 9 1.6
      vertex -21.868 12.4932 1.6
      vertex -20.45 9.95 1.6
    endloop
  endfacet
  facet normal 0 0 1
    outer loop
      vertex -20.45 9.95 1.6
      vertex -21.7575 12.0519 1.6
      vertex -21.75 11.9 1.6
    endloop
  endfacet
  facet normal 0 0 1
    outer loop
      vertex -20.45 9.95 1.6
      vertex -21.7798 12.2024 1.6
      vertex -21.7575 12.0519 1.6
    endloop
  endfacet
  facet normal 0 0 1
    outer loop
      vertex -20.45 9.95 1.6
      vertex -21.8167 12.3499 1.6
      vertex -21.7798 12.2024 1.6
    endloop
  endfacet
  facet normal 0 0 1
    outer loop
      vertex -20.45 9.95 1.6
      vertex -21.868 12.4932 1.6
      vertex -21.8167 12.3499 1.6
    endloop
  endfacet
  facet normal 0 0 1
    outer loop
      vertex 0.25 9 1.6
      vertex -21.933 12.6307 1.6
      vertex -21.868 12.4932 1.6
    endloop
  endfacet
  facet normal 0 0 1
    outer loop
      vertex 0.25 9 1.6
      vertex -22.0112 12.7611 1.6
      vertex -21.933 12.6307 1.6
    endloop
  endfacet
  facet normal 0 0 1
    outer loop
      vertex 0.25 9 1.6
      vertex -22.1018 12.8833 1.6
      vertex -22.0112 12.7611 1.6
    endloop
  endfacet
  facet normal 0 0 1
    outer loop
      vertex 0.25 9 1.6
      vertex -22.204 12.996 1.6
      vertex -22.1018 12.8833 1.6
    endloop
  endfacet
  facet normal 0 0 1
    outer loop
      vertex 0.25 9 1.6
      vertex -22.3167 13.0982 1.6
      vertex -22.204 12.996 1.6
    endloop
  endfacet
  facet normal 0 0 1
    outer loop
      vertex 0.25 9 1.6
      vertex -22.4389 13.1888 1.6
      vertex -22.3167 13.0982 1.6
    endloop
  endfacet
  facet normal 0 0 1
    outer loop
      vertex 0.25 9 1.6
      vertex -22.5693 13.267 1.6
      vertex -22.4389 13.1888 1.6
    endloop
  endfacet
  facet normal 0 0 1
    outer loop
      vertex 0.25 9 1.6
      vertex -24.25 14.25 1.6
      vertex -22.5693 13.267 1.6
    endloop
  endfacet
  facet normal 0 0 1
    outer loop
      vertex -22.5693 13.267 1.6
      vertex -24.25 14.25 1.6
      vertex -22.7068 13.332 1.6
    endloop
  endfacet
  facet normal 0 0 1
    outer loop
      vertex -22.7068 13.332 1.6
      vertex -24.25 14.25 1.6
      vertex -22.8501 13.3833 1.6
    endloop
  endfacet
  facet normal 0 0 1
    outer loop
      vertex -22.8501 13.3833 1.6
      vertex -24.25 14.25 1.6
      vertex -22.9976 13.4202 1.6
    endloop
  endfacet
  facet normal 0 0 1
    outer loop
      vertex -22.9976 13.4202 1.6
      vertex -24.25 14.25 1.6
      vertex -23.1481 13.4425 1.6
    endloop
  endfacet
  facet normal 0 0 1
    outer loop
      vertex -23.1481 13.4425 1.6
      vertex -24.25 14.25 1.6
      vertex -23.3 13.45 1.6
    endloop
  endfacet
  facet normal 0 0 1
    outer loop
      vertex -24.25 14.25 1.6
      vertex -23.4519 13.4425 1.6
      vertex -23.3 13.45 1.6
    endloop
  endfacet
  facet normal 0 0 1
    outer loop
      vertex -24.25 14.25 1.6
      vertex -23.6024 13.4202 1.6
      vertex -23.4519 13.4425 1.6
    endloop
  endfacet
  facet normal 0 0 1
    outer loop
      vertex -24.25 14.25 1.6
      vertex -23.7499 13.3833 1.6
      vertex -23.6024 13.4202 1.6
    endloop
  endfacet
  facet normal 0 0 1
    outer loop
      vertex -24.25 14.25 1.6
      vertex -23.8932 13.332 1.6
      vertex -23.7499 13.3833 1.6
    endloop
  endfacet
  facet normal 0 0 1
    outer loop
      vertex -24.25 14.25 1.6
      vertex -24.0307 13.267 1.6
      vertex -23.8932 13.332 1.6
    endloop
  endfacet
  facet normal -0 0 1
    outer loop
      vertex -24.397 14.2428 1.6
      vertex -24.0307 13.267 1.6
      vertex -24.25 14.25 1.6
    endloop
  endfacet
  facet normal 0 0 1
    outer loop
      vertex -24.0307 13.267 1.6
      vertex -24.397 14.2428 1.6
      vertex -24.1611 13.1888 1.6
    endloop
  endfacet
  facet normal -0 0 1
    outer loop
      vertex -24.5426 14.2212 1.6
      vertex -24.1611 13.1888 1.6
      vertex -24.397 14.2428 1.6
    endloop
  endfacet
  facet normal -0 0 1
    outer loop
      vertex -24.6854 14.1854 1.6
      vertex -24.1611 13.1888 1.6
      vertex -24.5426 14.2212 1.6
    endloop
  endfacet
  facet normal -0 0 1
    outer loop
      vertex -24.824 14.1358 1.6
      vertex -24.1611 13.1888 1.6
      vertex -24.6854 14.1854 1.6
    endloop
  endfacet
  facet normal 0 0 1
    outer loop
      vertex -24.1611 13.1888 1.6
      vertex -24.824 14.1358 1.6
      vertex -24.2833 13.0982 1.6
    endloop
  endfacet
  facet normal -0 0 1
    outer loop
      vertex -24.9571 14.0729 1.6
      vertex -24.2833 13.0982 1.6
      vertex -24.824 14.1358 1.6
    endloop
  endfacet
  facet normal -0 0 1
    outer loop
      vertex -25.0834 13.9972 1.6
      vertex -24.2833 13.0982 1.6
      vertex -24.9571 14.0729 1.6
    endloop
  endfacet
  facet normal 0 0 1
    outer loop
      vertex -24.2833 13.0982 1.6
      vertex -25.0834 13.9972 1.6
      vertex -24.396 12.996 1.6
    endloop
  endfacet
  facet normal -0 0 1
    outer loop
      vertex -25.2016 13.9095 1.6
      vertex -24.396 12.996 1.6
      vertex -25.0834 13.9972 1.6
    endloop
  endfacet
  facet normal -0 0 1
    outer loop
      vertex -25.3107 13.8107 1.6
      vertex -24.396 12.996 1.6
      vertex -25.2016 13.9095 1.6
    endloop
  endfacet
  facet normal 0 0 1
    outer loop
      vertex -24.396 12.996 1.6
      vertex -25.3107 13.8107 1.6
      vertex -24.4982 12.8833 1.6
    endloop
  endfacet
  facet normal -0 0 1
    outer loop
      vertex -25.4095 13.7016 1.6
      vertex -24.4982 12.8833 1.6
      vertex -25.3107 13.8107 1.6
    endloop
  endfacet
  facet normal -0 0 1
    outer loop
      vertex -25.4972 13.5834 1.6
      vertex -24.4982 12.8833 1.6
      vertex -25.4095 13.7016 1.6
    endloop
  endfacet
  facet normal -0 0 1
    outer loop
      vertex -25.5729 13.4571 1.6
      vertex -24.4982 12.8833 1.6
      vertex -25.4972 13.5834 1.6
    endloop
  endfacet
  facet normal 0 0 1
    outer loop
      vertex -24.4982 12.8833 1.6
      vertex -25.5729 13.4571 1.6
      vertex -24.5888 12.7611 1.6
    endloop
  endfacet
  facet normal 0 0 1
    outer loop
      vertex -24.85 11.9 1.6
      vertex -25.75 12.75 1.6
      vertex -24.95 9.95 1.6
    endloop
  endfacet
  facet normal -0 0 1
    outer loop
      vertex -25.6358 13.324 1.6
      vertex -24.5888 12.7611 1.6
      vertex -25.5729 13.4571 1.6
    endloop
  endfacet
  facet normal 0 0 1
    outer loop
      vertex 24.8425 12.0519 1.6
      vertex 25.75 12.75 1.6
      vertex 25.7428 12.897 1.6
    endloop
  endfacet
  facet normal 0 0 1
    outer loop
      vertex 24.8425 12.0519 1.6
      vertex 25.7428 12.897 1.6
      vertex 25.7212 13.0426 1.6
    endloop
  endfacet
  facet normal 0 0 1
    outer loop
      vertex 24.8425 12.0519 1.6
      vertex 25.7212 13.0426 1.6
      vertex 25.6854 13.1854 1.6
    endloop
  endfacet
  facet normal 0 0 1
    outer loop
      vertex 24.8425 12.0519 1.6
      vertex 25.6854 13.1854 1.6
      vertex 25.6358 13.324 1.6
    endloop
  endfacet
  facet normal 0 0 1
    outer loop
      vertex 24.8425 12.0519 1.6
      vertex 25.6358 13.324 1.6
      vertex 25.5729 13.4571 1.6
    endloop
  endfacet
  facet normal 0 0 1
    outer loop
      vertex 24.8425 12.0519 1.6
      vertex 25.5729 13.4571 1.6
      vertex 25.4972 13.5834 1.6
    endloop
  endfacet
  facet normal 0 0 1
    outer loop
      vertex 24.8425 12.0519 1.6
      vertex 25.4972 13.5834 1.6
      vertex 25.4095 13.7016 1.6
    endloop
  endfacet
  facet normal 0 0 1
    outer loop
      vertex 24.8425 12.0519 1.6
      vertex 25.4095 13.7016 1.6
      vertex 25.3107 13.8107 1.6
    endloop
  endfacet
  facet normal 0 0 1
    outer loop
      vertex 24.8425 12.0519 1.6
      vertex 25.3107 13.8107 1.6
      vertex 25.2016 13.9095 1.6
    endloop
  endfacet
  facet normal 0 0 1
    outer loop
      vertex 24.8425 12.0519 1.6
      vertex 25.2016 13.9095 1.6
      vertex 25.0834 13.9972 1.6
    endloop
  endfacet
  facet normal 0 0 1
    outer loop
      vertex 24.2833 13.0982 1.6
      vertex 25.0834 13.9972 1.6
      vertex 24.9571 14.0729 1.6
    endloop
  endfacet
  facet normal 0 0 1
    outer loop
      vertex 25.75 12.75 1.6
      vertex 24.85 11.9 1.6
      vertex 24.8425 11.7481 1.6
    endloop
  endfacet
  facet normal 0 0 1
    outer loop
      vertex 25.75 12.75 1.6
      vertex 24.8425 11.7481 1.6
      vertex 24.8202 11.5976 1.6
    endloop
  endfacet
  facet normal 0 0 1
    outer loop
      vertex 24.7833 11.4501 1.6
      vertex 25.75 12.75 1.6
      vertex 24.8202 11.5976 1.6
    endloop
  endfacet
  facet normal 0 0 1
    outer loop
      vertex 25.75 12.75 1.6
      vertex 24.7833 11.4501 1.6
      vertex 25.75 9 1.6
    endloop
  endfacet
  facet normal -0 0 1
    outer loop
      vertex 24.732 11.3068 1.6
      vertex 25.75 9 1.6
      vertex 24.7833 11.4501 1.6
    endloop
  endfacet
  facet normal -0 0 1
    outer loop
      vertex 24.667 11.1693 1.6
      vertex 25.75 9 1.6
      vertex 24.732 11.3068 1.6
    endloop
  endfacet
  facet normal -0 0 1
    outer loop
      vertex 24.5888 11.0389 1.6
      vertex 25.75 9 1.6
      vertex 24.667 11.1693 1.6
    endloop
  endfacet
  facet normal -0 0 1
    outer loop
      vertex 24.4982 10.9167 1.6
      vertex 25.75 9 1.6
      vertex 24.5888 11.0389 1.6
    endloop
  endfacet
  facet normal -0 0 1
    outer loop
      vertex 24.396 10.804 1.6
      vertex 25.75 9 1.6
      vertex 24.4982 10.9167 1.6
    endloop
  endfacet
  facet normal -0 0 1
    outer loop
      vertex 24.2833 10.7018 1.6
      vertex 25.75 9 1.6
      vertex 24.396 10.804 1.6
    endloop
  endfacet
  facet normal -0 0 1
    outer loop
      vertex 24.1611 10.6112 1.6
      vertex 25.75 9 1.6
      vertex 24.2833 10.7018 1.6
    endloop
  endfacet
  facet normal -0 0 1
    outer loop
      vertex 24.0307 10.533 1.6
      vertex 25.75 9 1.6
      vertex 24.1611 10.6112 1.6
    endloop
  endfacet
  facet normal -0 0 1
    outer loop
      vertex 23.8932 10.468 1.6
      vertex 25.75 9 1.6
      vertex 24.0307 10.533 1.6
    endloop
  endfacet
  facet normal -0 0 1
    outer loop
      vertex 23.7499 10.4167 1.6
      vertex 25.75 9 1.6
      vertex 23.8932 10.468 1.6
    endloop
  endfacet
  facet normal -0 0 1
    outer loop
      vertex 23.6024 10.3798 1.6
      vertex 25.75 9 1.6
      vertex 23.7499 10.4167 1.6
    endloop
  endfacet
  facet normal -0 0 1
    outer loop
      vertex 23.4519 10.3575 1.6
      vertex 25.75 9 1.6
      vertex 23.6024 10.3798 1.6
    endloop
  endfacet
  facet normal -0 0 1
    outer loop
      vertex 23.3 10.35 1.6
      vertex 25.75 9 1.6
      vertex 23.4519 10.3575 1.6
    endloop
  endfacet
  facet normal 0 0 1
    outer loop
      vertex 23.1481 10.3575 1.6
      vertex 25.75 9 1.6
      vertex 23.3 10.35 1.6
    endloop
  endfacet
  facet normal 0 0 1
    outer loop
      vertex 22.9976 10.3798 1.6
      vertex 25.75 9 1.6
      vertex 23.1481 10.3575 1.6
    endloop
  endfacet
  facet normal 0 0 1
    outer loop
      vertex 22.8501 10.4167 1.6
      vertex 25.75 9 1.6
      vertex 22.9976 10.3798 1.6
    endloop
  endfacet
  facet normal 0 0 1
    outer loop
      vertex 22.7068 10.468 1.6
      vertex 25.75 9 1.6
      vertex 22.8501 10.4167 1.6
    endloop
  endfacet
  facet normal 0 0 1
    outer loop
      vertex 0.25 9 1.6
      vertex 22.7068 10.468 1.6
      vertex 22.5693 10.533 1.6
    endloop
  endfacet
  facet normal 0 0 1
    outer loop
      vertex 22.7068 10.468 1.6
      vertex 0.25 9 1.6
      vertex 25.75 9 1.6
    endloop
  endfacet
  facet normal 0 0 1
    outer loop
      vertex 22.4389 10.6112 1.6
      vertex 0.25 9 1.6
      vertex 22.5693 10.533 1.6
    endloop
  endfacet
  facet normal 0 0 1
    outer loop
      vertex 22.3167 10.7018 1.6
      vertex 0.25 9 1.6
      vertex 22.4389 10.6112 1.6
    endloop
  endfacet
  facet normal 0 0 1
    outer loop
      vertex 22.204 10.804 1.6
      vertex 0.25 9 1.6
      vertex 22.3167 10.7018 1.6
    endloop
  endfacet
  facet normal 0 0 1
    outer loop
      vertex 22.1018 10.9167 1.6
      vertex 0.25 9 1.6
      vertex 22.204 10.804 1.6
    endloop
  endfacet
  facet normal 0 0 1
    outer loop
      vertex 22.0112 11.0389 1.6
      vertex 0.25 9 1.6
      vertex 22.1018 10.9167 1.6
    endloop
  endfacet
  facet normal 0 0 1
    outer loop
      vertex 21.933 11.1693 1.6
      vertex 0.25 9 1.6
      vertex 22.0112 11.0389 1.6
    endloop
  endfacet
  facet normal 0 0 1
    outer loop
      vertex 21.868 11.3068 1.6
      vertex 0.25 9 1.6
      vertex 21.933 11.1693 1.6
    endloop
  endfacet
  facet normal 0 0 1
    outer loop
      vertex 21.8167 11.4501 1.6
      vertex 0.25 9 1.6
      vertex 21.868 11.3068 1.6
    endloop
  endfacet
  facet normal 0 0 1
    outer loop
      vertex 21.7798 11.5976 1.6
      vertex 0.25 9 1.6
      vertex 21.8167 11.4501 1.6
    endloop
  endfacet
  facet normal 0 0 1
    outer loop
      vertex 21.7575 11.7481 1.6
      vertex 0.25 9 1.6
      vertex 21.7798 11.5976 1.6
    endloop
  endfacet
  facet normal 0 0 1
    outer loop
      vertex 0.25 9 1.6
      vertex 21.7575 11.7481 1.6
      vertex 21.75 11.9 1.6
    endloop
  endfacet
  facet normal -0 0 1
    outer loop
      vertex -20.45 5.45 1.6
      vertex -20.15 4.47 1.6
      vertex -20.45 9.95 1.6
    endloop
  endfacet
  facet normal -0 0 1
    outer loop
      vertex -24.95 5.45 1.6
      vertex -20.15 4.47 1.6
      vertex -20.45 5.45 1.6
    endloop
  endfacet
  facet normal -0 0 1
    outer loop
      vertex -25.6854 13.1854 1.6
      vertex -24.5888 12.7611 1.6
      vertex -25.6358 13.324 1.6
    endloop
  endfacet
  facet normal 0 0 1
    outer loop
      vertex -24.5888 12.7611 1.6
      vertex -25.6854 13.1854 1.6
      vertex -24.667 12.6307 1.6
    endloop
  endfacet
  facet normal -0 0 1
    outer loop
      vertex -25.7212 13.0426 1.6
      vertex -24.667 12.6307 1.6
      vertex -25.6854 13.1854 1.6
    endloop
  endfacet
  facet normal -0 0 1
    outer loop
      vertex -25.7428 12.897 1.6
      vertex -24.667 12.6307 1.6
      vertex -25.7212 13.0426 1.6
    endloop
  endfacet
  facet normal 0 0 1
    outer loop
      vertex -24.667 12.6307 1.6
      vertex -25.7428 12.897 1.6
      vertex -24.732 12.4932 1.6
    endloop
  endfacet
  facet normal -0 0 1
    outer loop
      vertex -25.75 12.75 1.6
      vertex -24.732 12.4932 1.6
      vertex -25.7428 12.897 1.6
    endloop
  endfacet
  facet normal 0 0 1
    outer loop
      vertex -24.732 12.4932 1.6
      vertex -25.75 12.75 1.6
      vertex -24.7833 12.3499 1.6
    endloop
  endfacet
  facet normal 0 0 1
    outer loop
      vertex -24.7833 12.3499 1.6
      vertex -25.75 12.75 1.6
      vertex -24.8202 12.2024 1.6
    endloop
  endfacet
  facet normal 0 0 1
    outer loop
      vertex -24.8202 12.2024 1.6
      vertex -25.75 12.75 1.6
      vertex -24.8425 12.0519 1.6
    endloop
  endfacet
  facet normal 0 0 1
    outer loop
      vertex -24.8425 12.0519 1.6
      vertex -25.75 12.75 1.6
      vertex -24.85 11.9 1.6
    endloop
  endfacet
  facet normal 0 0 1
    outer loop
      vertex -25.75 4.47 1.6
      vertex -24.95 9.95 1.6
      vertex -25.75 12.75 1.6
    endloop
  endfacet
  facet normal 0 0 1
    outer loop
      vertex -24.95 5.45 1.6
      vertex -25.75 4.47 1.6
      vertex -20.15 4.47 1.6
    endloop
  endfacet
  facet normal 0 0 1
    outer loop
      vertex -24.95 9.95 1.6
      vertex -25.75 4.47 1.6
      vertex -24.95 5.45 1.6
    endloop
  endfacet
  facet normal -0 0 1
    outer loop
      vertex -21.7575 11.7481 1.6
      vertex -20.45 9.95 1.6
      vertex -21.75 11.9 1.6
    endloop
  endfacet
  facet normal -0 0 1
    outer loop
      vertex -21.7798 11.5976 1.6
      vertex -20.45 9.95 1.6
      vertex -21.7575 11.7481 1.6
    endloop
  endfacet
  facet normal -0 0 1
    outer loop
      vertex -21.8167 11.4501 1.6
      vertex -20.45 9.95 1.6
      vertex -21.7798 11.5976 1.6
    endloop
  endfacet
  facet normal -0 0 1
    outer loop
      vertex -21.868 11.3068 1.6
      vertex -20.45 9.95 1.6
      vertex -21.8167 11.4501 1.6
    endloop
  endfacet
  facet normal -0 0 1
    outer loop
      vertex -21.933 11.1693 1.6
      vertex -20.45 9.95 1.6
      vertex -21.868 11.3068 1.6
    endloop
  endfacet
  facet normal -0 0 1
    outer loop
      vertex -22.0112 11.0389 1.6
      vertex -20.45 9.95 1.6
      vertex -21.933 11.1693 1.6
    endloop
  endfacet
  facet normal -0 0 1
    outer loop
      vertex -22.1018 10.9167 1.6
      vertex -20.45 9.95 1.6
      vertex -22.0112 11.0389 1.6
    endloop
  endfacet
  facet normal -0 0 1
    outer loop
      vertex -22.204 10.804 1.6
      vertex -20.45 9.95 1.6
      vertex -22.1018 10.9167 1.6
    endloop
  endfacet
  facet normal -0 0 1
    outer loop
      vertex -22.3167 10.7018 1.6
      vertex -20.45 9.95 1.6
      vertex -22.204 10.804 1.6
    endloop
  endfacet
  facet normal -0 0 1
    outer loop
      vertex -22.4389 10.6112 1.6
      vertex -20.45 9.95 1.6
      vertex -22.3167 10.7018 1.6
    endloop
  endfacet
  facet normal -0 0 1
    outer loop
      vertex -22.5693 10.533 1.6
      vertex -20.45 9.95 1.6
      vertex -22.4389 10.6112 1.6
    endloop
  endfacet
  facet normal -0 0 1
    outer loop
      vertex -22.7068 10.468 1.6
      vertex -20.45 9.95 1.6
      vertex -22.5693 10.533 1.6
    endloop
  endfacet
  facet normal -0 0 1
    outer loop
      vertex -22.8501 10.4167 1.6
      vertex -20.45 9.95 1.6
      vertex -22.7068 10.468 1.6
    endloop
  endfacet
  facet normal -0 0 1
    outer loop
      vertex -22.9976 10.3798 1.6
      vertex -20.45 9.95 1.6
      vertex -22.8501 10.4167 1.6
    endloop
  endfacet
  facet normal -0 0 1
    outer loop
      vertex -23.1481 10.3575 1.6
      vertex -20.45 9.95 1.6
      vertex -22.9976 10.3798 1.6
    endloop
  endfacet
  facet normal 0 0 1
    outer loop
      vertex -24.95 9.95 1.6
      vertex -23.1481 10.3575 1.6
      vertex -23.3 10.35 1.6
    endloop
  endfacet
  facet normal 0 0 1
    outer loop
      vertex -24.95 9.95 1.6
      vertex -23.3 10.35 1.6
      vertex -23.4519 10.3575 1.6
    endloop
  endfacet
  facet normal 0 0 1
    outer loop
      vertex -23.1481 10.3575 1.6
      vertex -24.95 9.95 1.6
      vertex -20.45 9.95 1.6
    endloop
  endfacet
  facet normal 0 0 1
    outer loop
      vertex -23.6024 10.3798 1.6
      vertex -24.95 9.95 1.6
      vertex -23.4519 10.3575 1.6
    endloop
  endfacet
  facet normal 0 0 1
    outer loop
      vertex -23.7499 10.4167 1.6
      vertex -24.95 9.95 1.6
      vertex -23.6024 10.3798 1.6
    endloop
  endfacet
  facet normal 0 0 1
    outer loop
      vertex -23.8932 10.468 1.6
      vertex -24.95 9.95 1.6
      vertex -23.7499 10.4167 1.6
    endloop
  endfacet
  facet normal 0 0 1
    outer loop
      vertex -24.0307 10.533 1.6
      vertex -24.95 9.95 1.6
      vertex -23.8932 10.468 1.6
    endloop
  endfacet
  facet normal 0 0 1
    outer loop
      vertex -24.1611 10.6112 1.6
      vertex -24.95 9.95 1.6
      vertex -24.0307 10.533 1.6
    endloop
  endfacet
  facet normal 0 0 1
    outer loop
      vertex -24.2833 10.7018 1.6
      vertex -24.95 9.95 1.6
      vertex -24.1611 10.6112 1.6
    endloop
  endfacet
  facet normal 0 0 1
    outer loop
      vertex -24.396 10.804 1.6
      vertex -24.95 9.95 1.6
      vertex -24.2833 10.7018 1.6
    endloop
  endfacet
  facet normal 0 0 1
    outer loop
      vertex -24.4982 10.9167 1.6
      vertex -24.95 9.95 1.6
      vertex -24.396 10.804 1.6
    endloop
  endfacet
  facet normal 0 0 1
    outer loop
      vertex -24.5888 11.0389 1.6
      vertex -24.95 9.95 1.6
      vertex -24.4982 10.9167 1.6
    endloop
  endfacet
  facet normal 0 0 1
    outer loop
      vertex -24.667 11.1693 1.6
      vertex -24.95 9.95 1.6
      vertex -24.5888 11.0389 1.6
    endloop
  endfacet
  facet normal 0 0 1
    outer loop
      vertex -24.732 11.3068 1.6
      vertex -24.95 9.95 1.6
      vertex -24.667 11.1693 1.6
    endloop
  endfacet
  facet normal 0 0 1
    outer loop
      vertex -24.7833 11.4501 1.6
      vertex -24.95 9.95 1.6
      vertex -24.732 11.3068 1.6
    endloop
  endfacet
  facet normal 0 0 1
    outer loop
      vertex -24.8202 11.5976 1.6
      vertex -24.95 9.95 1.6
      vertex -24.7833 11.4501 1.6
    endloop
  endfacet
  facet normal 0 0 1
    outer loop
      vertex -24.8425 11.7481 1.6
      vertex -24.95 9.95 1.6
      vertex -24.8202 11.5976 1.6
    endloop
  endfacet
  facet normal 0 0 1
    outer loop
      vertex -24.95 9.95 1.6
      vertex -24.8425 11.7481 1.6
      vertex -24.85 11.9 1.6
    endloop
  endfacet
  facet normal -0 0 1
    outer loop
      vertex 24.7833 -11.4501 1.6
      vertex 25.75 -12.75 1.6
      vertex 25.75 -9 1.6
    endloop
  endfacet
  facet normal -0 -0 1
    outer loop
      vertex 24.8425 -11.7481 1.6
      vertex 25.75 -12.75 1.6
      vertex 24.8202 -11.5976 1.6
    endloop
  endfacet
  facet normal -0 -0 1
    outer loop
      vertex 24.85 -11.9 1.6
      vertex 25.75 -12.75 1.6
      vertex 24.8425 -11.7481 1.6
    endloop
  endfacet
  facet normal -0 0 1
    outer loop
      vertex 24.8425 -12.0519 1.6
      vertex 25.75 -12.75 1.6
      vertex 24.85 -11.9 1.6
    endloop
  endfacet
  facet normal -0 0 1
    outer loop
      vertex 24.7833 -12.3499 1.6
      vertex 25.75 -12.75 1.6
      vertex 24.8202 -12.2024 1.6
    endloop
  endfacet
  facet normal -0 0 1
    outer loop
      vertex 24.732 -12.4932 1.6
      vertex 25.75 -12.75 1.6
      vertex 24.7833 -12.3499 1.6
    endloop
  endfacet
  facet normal 0 0 1
    outer loop
      vertex 25.75 -12.75 1.6
      vertex 24.732 -12.4932 1.6
      vertex 25.7428 -12.897 1.6
    endloop
  endfacet
  facet normal 0 0 1
    outer loop
      vertex 25.7428 -12.897 1.6
      vertex 24.667 -12.6307 1.6
      vertex 25.7212 -13.0426 1.6
    endloop
  endfacet
  facet normal 0 0 1
    outer loop
      vertex 25.7212 -13.0426 1.6
      vertex 24.667 -12.6307 1.6
      vertex 25.6854 -13.1854 1.6
    endloop
  endfacet
  facet normal -0 0 1
    outer loop
      vertex 24.5888 -12.7611 1.6
      vertex 25.6854 -13.1854 1.6
      vertex 24.667 -12.6307 1.6
    endloop
  endfacet
  facet normal 0 0 1
    outer loop
      vertex 25.6358 -13.324 1.6
      vertex 24.5888 -12.7611 1.6
      vertex 25.5729 -13.4571 1.6
    endloop
  endfacet
  facet normal 0 0 1
    outer loop
      vertex 25.6854 -13.1854 1.6
      vertex 24.5888 -12.7611 1.6
      vertex 25.6358 -13.324 1.6
    endloop
  endfacet
  facet normal -0 0 1
    outer loop
      vertex 24.667 -12.6307 1.6
      vertex 25.7428 -12.897 1.6
      vertex 24.732 -12.4932 1.6
    endloop
  endfacet
  facet normal -0 0 1
    outer loop
      vertex 24.8202 -12.2024 1.6
      vertex 25.75 -12.75 1.6
      vertex 24.8425 -12.0519 1.6
    endloop
  endfacet
  facet normal 0 0 1
    outer loop
      vertex 25.75 -12.75 1.6
      vertex 24.7833 -11.4501 1.6
      vertex 24.8202 -11.5976 1.6
    endloop
  endfacet
  facet normal 0 0 1
    outer loop
      vertex 25.75 -9 1.6
      vertex 24.732 -11.3068 1.6
      vertex 24.7833 -11.4501 1.6
    endloop
  endfacet
  facet normal 0 0 1
    outer loop
      vertex 25.75 -9 1.6
      vertex 24.667 -11.1693 1.6
      vertex 24.732 -11.3068 1.6
    endloop
  endfacet
  facet normal 0 0 1
    outer loop
      vertex 25.75 -9 1.6
      vertex 24.5888 -11.0389 1.6
      vertex 24.667 -11.1693 1.6
    endloop
  endfacet
  facet normal 0 0 1
    outer loop
      vertex 25.75 -9 1.6
      vertex 24.4982 -10.9167 1.6
      vertex 24.5888 -11.0389 1.6
    endloop
  endfacet
  facet normal 0 0 1
    outer loop
      vertex 25.75 -9 1.6
      vertex 24.396 -10.804 1.6
      vertex 24.4982 -10.9167 1.6
    endloop
  endfacet
  facet normal 0 0 1
    outer loop
      vertex 25.75 -9 1.6
      vertex 24.2833 -10.7018 1.6
      vertex 24.396 -10.804 1.6
    endloop
  endfacet
  facet normal 0 0 1
    outer loop
      vertex 25.75 -9 1.6
      vertex 24.1611 -10.6112 1.6
      vertex 24.2833 -10.7018 1.6
    endloop
  endfacet
  facet normal 0 0 1
    outer loop
      vertex 25.75 -9 1.6
      vertex 24.0307 -10.533 1.6
      vertex 24.1611 -10.6112 1.6
    endloop
  endfacet
  facet normal 0 0 1
    outer loop
      vertex 25.75 -9 1.6
      vertex 23.8932 -10.468 1.6
      vertex 24.0307 -10.533 1.6
    endloop
  endfacet
  facet normal 0 0 1
    outer loop
      vertex 25.75 -9 1.6
      vertex 23.7499 -10.4167 1.6
      vertex 23.8932 -10.468 1.6
    endloop
  endfacet
  facet normal 0 0 1
    outer loop
      vertex 25.75 -9 1.6
      vertex 23.6024 -10.3798 1.6
      vertex 23.7499 -10.4167 1.6
    endloop
  endfacet
  facet normal 0 0 1
    outer loop
      vertex 25.75 -9 1.6
      vertex 23.4519 -10.3575 1.6
      vertex 23.6024 -10.3798 1.6
    endloop
  endfacet
  facet normal 0 0 1
    outer loop
      vertex 25.75 -9 1.6
      vertex 23.3 -10.35 1.6
      vertex 23.4519 -10.3575 1.6
    endloop
  endfacet
  facet normal 0 0 1
    outer loop
      vertex 25.75 -9 1.6
      vertex 23.1481 -10.3575 1.6
      vertex 23.3 -10.35 1.6
    endloop
  endfacet
  facet normal 0 0 1
    outer loop
      vertex 25.75 -9 1.6
      vertex 22.9976 -10.3798 1.6
      vertex 23.1481 -10.3575 1.6
    endloop
  endfacet
  facet normal 0 0 1
    outer loop
      vertex 25.75 -9 1.6
      vertex 22.8501 -10.4167 1.6
      vertex 22.9976 -10.3798 1.6
    endloop
  endfacet
  facet normal 0 0 1
    outer loop
      vertex 25.75 -9 1.6
      vertex 22.7068 -10.468 1.6
      vertex 22.8501 -10.4167 1.6
    endloop
  endfacet
  facet normal -0 0 1
    outer loop
      vertex 0.25 -9 1.6
      vertex 22.7068 -10.468 1.6
      vertex 25.75 -9 1.6
    endloop
  endfacet
  facet normal 0 0 1
    outer loop
      vertex 21.7575 -11.7481 1.6
      vertex 0.25 -9 1.6
      vertex 21.75 -11.9 1.6
    endloop
  endfacet
  facet normal 0 0 1
    outer loop
      vertex 21.7798 -11.5976 1.6
      vertex 0.25 -9 1.6
      vertex 21.7575 -11.7481 1.6
    endloop
  endfacet
  facet normal 0 0 1
    outer loop
      vertex 21.8167 -11.4501 1.6
      vertex 0.25 -9 1.6
      vertex 21.7798 -11.5976 1.6
    endloop
  endfacet
  facet normal 0 0 1
    outer loop
      vertex 21.868 -11.3068 1.6
      vertex 0.25 -9 1.6
      vertex 21.8167 -11.4501 1.6
    endloop
  endfacet
  facet normal 0 0 1
    outer loop
      vertex 21.933 -11.1693 1.6
      vertex 0.25 -9 1.6
      vertex 21.868 -11.3068 1.6
    endloop
  endfacet
  facet normal 0 0 1
    outer loop
      vertex 22.0112 -11.0389 1.6
      vertex 0.25 -9 1.6
      vertex 21.933 -11.1693 1.6
    endloop
  endfacet
  facet normal 0 0 1
    outer loop
      vertex 22.1018 -10.9167 1.6
      vertex 0.25 -9 1.6
      vertex 22.0112 -11.0389 1.6
    endloop
  endfacet
  facet normal 0 0 1
    outer loop
      vertex 22.204 -10.804 1.6
      vertex 0.25 -9 1.6
      vertex 22.1018 -10.9167 1.6
    endloop
  endfacet
  facet normal 0 0 1
    outer loop
      vertex 22.3167 -10.7018 1.6
      vertex 0.25 -9 1.6
      vertex 22.204 -10.804 1.6
    endloop
  endfacet
  facet normal 0 0 1
    outer loop
      vertex 22.4389 -10.6112 1.6
      vertex 0.25 -9 1.6
      vertex 22.3167 -10.7018 1.6
    endloop
  endfacet
  facet normal 0 0 1
    outer loop
      vertex 22.5693 -10.533 1.6
      vertex 0.25 -9 1.6
      vertex 22.4389 -10.6112 1.6
    endloop
  endfacet
  facet normal 0 0 1
    outer loop
      vertex 22.7068 -10.468 1.6
      vertex 0.25 -9 1.6
      vertex 22.5693 -10.533 1.6
    endloop
  endfacet
  facet normal -0 0 1
    outer loop
      vertex 24.4982 -12.8833 1.6
      vertex 25.5729 -13.4571 1.6
      vertex 24.5888 -12.7611 1.6
    endloop
  endfacet
  facet normal 0 0 1
    outer loop
      vertex 25.5729 -13.4571 1.6
      vertex 24.4982 -12.8833 1.6
      vertex 25.4972 -13.5834 1.6
    endloop
  endfacet
  facet normal 0 0 1
    outer loop
      vertex 25.4972 -13.5834 1.6
      vertex 24.4982 -12.8833 1.6
      vertex 25.4095 -13.7016 1.6
    endloop
  endfacet
  facet normal 0 0 1
    outer loop
      vertex 25.4095 -13.7016 1.6
      vertex 24.4982 -12.8833 1.6
      vertex 25.3107 -13.8107 1.6
    endloop
  endfacet
  facet normal -0 0 1
    outer loop
      vertex 24.396 -12.996 1.6
      vertex 25.3107 -13.8107 1.6
      vertex 24.4982 -12.8833 1.6
    endloop
  endfacet
  facet normal 0 0 1
    outer loop
      vertex 25.3107 -13.8107 1.6
      vertex 24.396 -12.996 1.6
      vertex 25.2016 -13.9095 1.6
    endloop
  endfacet
  facet normal 0 0 1
    outer loop
      vertex 25.2016 -13.9095 1.6
      vertex 24.396 -12.996 1.6
      vertex 25.0834 -13.9972 1.6
    endloop
  endfacet
  facet normal -0 0 1
    outer loop
      vertex 24.2833 -13.0982 1.6
      vertex 25.0834 -13.9972 1.6
      vertex 24.396 -12.996 1.6
    endloop
  endfacet
  facet normal 0 0 1
    outer loop
      vertex 25.0834 -13.9972 1.6
      vertex 24.2833 -13.0982 1.6
      vertex 24.9571 -14.0729 1.6
    endloop
  endfacet
  facet normal 0 0 1
    outer loop
      vertex 24.9571 -14.0729 1.6
      vertex 24.2833 -13.0982 1.6
      vertex 24.824 -14.1358 1.6
    endloop
  endfacet
  facet normal -0 0 1
    outer loop
      vertex 24.1611 -13.1888 1.6
      vertex 24.824 -14.1358 1.6
      vertex 24.2833 -13.0982 1.6
    endloop
  endfacet
  facet normal 0 0 1
    outer loop
      vertex 24.824 -14.1358 1.6
      vertex 24.1611 -13.1888 1.6
      vertex 24.6854 -14.1854 1.6
    endloop
  endfacet
  facet normal 0 0 1
    outer loop
      vertex 24.6854 -14.1854 1.6
      vertex 24.1611 -13.1888 1.6
      vertex 24.5426 -14.2212 1.6
    endloop
  endfacet
  facet normal 0 0 1
    outer loop
      vertex 24.5426 -14.2212 1.6
      vertex 24.1611 -13.1888 1.6
      vertex 24.397 -14.2428 1.6
    endloop
  endfacet
  facet normal -0 0 1
    outer loop
      vertex 24.0307 -13.267 1.6
      vertex 24.397 -14.2428 1.6
      vertex 24.1611 -13.1888 1.6
    endloop
  endfacet
  facet normal 0 0 1
    outer loop
      vertex 24.397 -14.2428 1.6
      vertex 24.0307 -13.267 1.6
      vertex 24.25 -14.25 1.6
    endloop
  endfacet
  facet normal -0 0 1
    outer loop
      vertex 23.8932 -13.332 1.6
      vertex 24.25 -14.25 1.6
      vertex 24.0307 -13.267 1.6
    endloop
  endfacet
  facet normal -0 0 1
    outer loop
      vertex 23.7499 -13.3833 1.6
      vertex 24.25 -14.25 1.6
      vertex 23.8932 -13.332 1.6
    endloop
  endfacet
  facet normal -0 0 1
    outer loop
      vertex 23.6024 -13.4202 1.6
      vertex 24.25 -14.25 1.6
      vertex 23.7499 -13.3833 1.6
    endloop
  endfacet
  facet normal -0 0 1
    outer loop
      vertex 23.4519 -13.4425 1.6
      vertex 24.25 -14.25 1.6
      vertex 23.6024 -13.4202 1.6
    endloop
  endfacet
  facet normal -0 0 1
    outer loop
      vertex 23.3 -13.45 1.6
      vertex 24.25 -14.25 1.6
      vertex 23.4519 -13.4425 1.6
    endloop
  endfacet
  facet normal 0 0 1
    outer loop
      vertex 23.1481 -13.4425 1.6
      vertex 24.25 -14.25 1.6
      vertex 23.3 -13.45 1.6
    endloop
  endfacet
  facet normal 0 0 1
    outer loop
      vertex 22.9976 -13.4202 1.6
      vertex 24.25 -14.25 1.6
      vertex 23.1481 -13.4425 1.6
    endloop
  endfacet
  facet normal 0 0 1
    outer loop
      vertex 22.8501 -13.3833 1.6
      vertex 24.25 -14.25 1.6
      vertex 22.9976 -13.4202 1.6
    endloop
  endfacet
  facet normal 0 0 1
    outer loop
      vertex 22.7068 -13.332 1.6
      vertex 24.25 -14.25 1.6
      vertex 22.8501 -13.3833 1.6
    endloop
  endfacet
  facet normal 0 0 1
    outer loop
      vertex 22.5693 -13.267 1.6
      vertex 24.25 -14.25 1.6
      vertex 22.7068 -13.332 1.6
    endloop
  endfacet
  facet normal 0 0 1
    outer loop
      vertex 0.25 -9 1.6
      vertex 21.7575 -12.0519 1.6
      vertex 21.75 -11.9 1.6
    endloop
  endfacet
  facet normal 0 0 1
    outer loop
      vertex 0.25 -9 1.6
      vertex 21.7798 -12.2024 1.6
      vertex 21.7575 -12.0519 1.6
    endloop
  endfacet
  facet normal 0 0 1
    outer loop
      vertex 0.25 -9 1.6
      vertex 21.8167 -12.3499 1.6
      vertex 21.7798 -12.2024 1.6
    endloop
  endfacet
  facet normal 0 0 1
    outer loop
      vertex 0.25 -9 1.6
      vertex 21.868 -12.4932 1.6
      vertex 21.8167 -12.3499 1.6
    endloop
  endfacet
  facet normal 0 0 1
    outer loop
      vertex 0.25 -9 1.6
      vertex 21.933 -12.6307 1.6
      vertex 21.868 -12.4932 1.6
    endloop
  endfacet
  facet normal 0 0 1
    outer loop
      vertex 0.25 -9 1.6
      vertex 22.0112 -12.7611 1.6
      vertex 21.933 -12.6307 1.6
    endloop
  endfacet
  facet normal 0 0 1
    outer loop
      vertex 0.25 -9 1.6
      vertex 22.1018 -12.8833 1.6
      vertex 22.0112 -12.7611 1.6
    endloop
  endfacet
  facet normal 0 0 1
    outer loop
      vertex 0.25 -9 1.6
      vertex 22.204 -12.996 1.6
      vertex 22.1018 -12.8833 1.6
    endloop
  endfacet
  facet normal 0 0 1
    outer loop
      vertex 0.25 -9 1.6
      vertex 22.3167 -13.0982 1.6
      vertex 22.204 -12.996 1.6
    endloop
  endfacet
  facet normal 0 0 1
    outer loop
      vertex 0.25 -9 1.6
      vertex 22.4389 -13.1888 1.6
      vertex 22.3167 -13.0982 1.6
    endloop
  endfacet
  facet normal 0 0 1
    outer loop
      vertex 0.25 -9 1.6
      vertex 22.5693 -13.267 1.6
      vertex 22.4389 -13.1888 1.6
    endloop
  endfacet
  facet normal 0 0 1
    outer loop
      vertex 0.25 -9 1.6
      vertex 24.25 -14.25 1.6
      vertex 22.5693 -13.267 1.6
    endloop
  endfacet
  facet normal -0 0 1
    outer loop
      vertex -20.15 -4.47 1.6
      vertex 0.25 -9 1.6
      vertex -20.15 4.47 1.6
    endloop
  endfacet
  facet normal 0 0 1
    outer loop
      vertex -20.45 -9.95 1.6
      vertex -20.15 -4.47 1.6
      vertex -20.45 -5.45 1.6
    endloop
  endfacet
  facet normal 0 0 1
    outer loop
      vertex -20.15 -4.47 1.6
      vertex -20.45 -9.95 1.6
      vertex 0.25 -9 1.6
    endloop
  endfacet
  facet normal 0 0 1
    outer loop
      vertex -21.868 -12.4932 1.6
      vertex 0.25 -9 1.6
      vertex -20.45 -9.95 1.6
    endloop
  endfacet
  facet normal 0 0 1
    outer loop
      vertex -21.7575 -12.0519 1.6
      vertex -20.45 -9.95 1.6
      vertex -21.75 -11.9 1.6
    endloop
  endfacet
  facet normal 0 0 1
    outer loop
      vertex -21.7798 -12.2024 1.6
      vertex -20.45 -9.95 1.6
      vertex -21.7575 -12.0519 1.6
    endloop
  endfacet
  facet normal 0 0 1
    outer loop
      vertex -21.8167 -12.3499 1.6
      vertex -20.45 -9.95 1.6
      vertex -21.7798 -12.2024 1.6
    endloop
  endfacet
  facet normal 0 0 1
    outer loop
      vertex -21.868 -12.4932 1.6
      vertex -20.45 -9.95 1.6
      vertex -21.8167 -12.3499 1.6
    endloop
  endfacet
  facet normal 0 0 1
    outer loop
      vertex -21.933 -12.6307 1.6
      vertex 0.25 -9 1.6
      vertex -21.868 -12.4932 1.6
    endloop
  endfacet
  facet normal 0 0 1
    outer loop
      vertex -22.0112 -12.7611 1.6
      vertex 0.25 -9 1.6
      vertex -21.933 -12.6307 1.6
    endloop
  endfacet
  facet normal 0 0 1
    outer loop
      vertex -22.1018 -12.8833 1.6
      vertex 0.25 -9 1.6
      vertex -22.0112 -12.7611 1.6
    endloop
  endfacet
  facet normal 0 0 1
    outer loop
      vertex -22.204 -12.996 1.6
      vertex 0.25 -9 1.6
      vertex -22.1018 -12.8833 1.6
    endloop
  endfacet
  facet normal 0 0 1
    outer loop
      vertex -22.3167 -13.0982 1.6
      vertex 0.25 -9 1.6
      vertex -22.204 -12.996 1.6
    endloop
  endfacet
  facet normal 0 0 1
    outer loop
      vertex -22.4389 -13.1888 1.6
      vertex 0.25 -9 1.6
      vertex -22.3167 -13.0982 1.6
    endloop
  endfacet
  facet normal 0 0 1
    outer loop
      vertex -22.5693 -13.267 1.6
      vertex 0.25 -9 1.6
      vertex -22.4389 -13.1888 1.6
    endloop
  endfacet
  facet normal 0 0 1
    outer loop
      vertex -24.25 -14.25 1.6
      vertex 0.25 -9 1.6
      vertex -22.5693 -13.267 1.6
    endloop
  endfacet
  facet normal 0 0 1
    outer loop
      vertex -24.25 -14.25 1.6
      vertex -22.5693 -13.267 1.6
      vertex -22.7068 -13.332 1.6
    endloop
  endfacet
  facet normal 0 0 1
    outer loop
      vertex -24.25 -14.25 1.6
      vertex -22.7068 -13.332 1.6
      vertex -22.8501 -13.3833 1.6
    endloop
  endfacet
  facet normal 0 0 1
    outer loop
      vertex -24.25 -14.25 1.6
      vertex -22.8501 -13.3833 1.6
      vertex -22.9976 -13.4202 1.6
    endloop
  endfacet
  facet normal 0 0 1
    outer loop
      vertex -24.25 -14.25 1.6
      vertex -22.9976 -13.4202 1.6
      vertex -23.1481 -13.4425 1.6
    endloop
  endfacet
  facet normal 0 0 1
    outer loop
      vertex -24.25 -14.25 1.6
      vertex -23.1481 -13.4425 1.6
      vertex -23.3 -13.45 1.6
    endloop
  endfacet
  facet normal 0 0 1
    outer loop
      vertex 0.25 -9 1.6
      vertex -24.25 -14.25 1.6
      vertex 24.25 -14.25 1.6
    endloop
  endfacet
  facet normal 0 0 1
    outer loop
      vertex -23.4519 -13.4425 1.6
      vertex -24.25 -14.25 1.6
      vertex -23.3 -13.45 1.6
    endloop
  endfacet
  facet normal 0 0 1
    outer loop
      vertex -23.6024 -13.4202 1.6
      vertex -24.25 -14.25 1.6
      vertex -23.4519 -13.4425 1.6
    endloop
  endfacet
  facet normal 0 0 1
    outer loop
      vertex -23.7499 -13.3833 1.6
      vertex -24.25 -14.25 1.6
      vertex -23.6024 -13.4202 1.6
    endloop
  endfacet
  facet normal 0 0 1
    outer loop
      vertex -23.8932 -13.332 1.6
      vertex -24.25 -14.25 1.6
      vertex -23.7499 -13.3833 1.6
    endloop
  endfacet
  facet normal 0 0 1
    outer loop
      vertex -24.0307 -13.267 1.6
      vertex -24.25 -14.25 1.6
      vertex -23.8932 -13.332 1.6
    endloop
  endfacet
  facet normal 0 0 1
    outer loop
      vertex -24.397 -14.2428 1.6
      vertex -24.0307 -13.267 1.6
      vertex -24.1611 -13.1888 1.6
    endloop
  endfacet
  facet normal 0 0 1
    outer loop
      vertex -24.824 -14.1358 1.6
      vertex -24.1611 -13.1888 1.6
      vertex -24.2833 -13.0982 1.6
    endloop
  endfacet
  facet normal 0 0 1
    outer loop
      vertex -24.9571 -14.0729 1.6
      vertex -24.2833 -13.0982 1.6
      vertex -24.396 -12.996 1.6
    endloop
  endfacet
  facet normal 0 0 1
    outer loop
      vertex -24.0307 -13.267 1.6
      vertex -24.397 -14.2428 1.6
      vertex -24.25 -14.25 1.6
    endloop
  endfacet
  facet normal 0 0 1
    outer loop
      vertex -24.9571 -14.0729 1.6
      vertex -24.396 -12.996 1.6
      vertex -24.4982 -12.8833 1.6
    endloop
  endfacet
  facet normal 0 0 1
    outer loop
      vertex -24.1611 -13.1888 1.6
      vertex -24.5426 -14.2212 1.6
      vertex -24.397 -14.2428 1.6
    endloop
  endfacet
  facet normal 0 0 1
    outer loop
      vertex -24.9571 -14.0729 1.6
      vertex -24.4982 -12.8833 1.6
      vertex -24.5888 -12.7611 1.6
    endloop
  endfacet
  facet normal 0 0 1
    outer loop
      vertex -24.9571 -14.0729 1.6
      vertex -24.5888 -12.7611 1.6
      vertex -24.667 -12.6307 1.6
    endloop
  endfacet
  facet normal 0 0 1
    outer loop
      vertex -24.1611 -13.1888 1.6
      vertex -24.6854 -14.1854 1.6
      vertex -24.5426 -14.2212 1.6
    endloop
  endfacet
  facet normal 0 0 1
    outer loop
      vertex -24.9571 -14.0729 1.6
      vertex -24.667 -12.6307 1.6
      vertex -24.732 -12.4932 1.6
    endloop
  endfacet
  facet normal 0 0 1
    outer loop
      vertex -24.9571 -14.0729 1.6
      vertex -24.732 -12.4932 1.6
      vertex -24.7833 -12.3499 1.6
    endloop
  endfacet
  facet normal 0 0 1
    outer loop
      vertex -24.9571 -14.0729 1.6
      vertex -24.7833 -12.3499 1.6
      vertex -24.8202 -12.2024 1.6
    endloop
  endfacet
  facet normal 0 0 1
    outer loop
      vertex -24.1611 -13.1888 1.6
      vertex -24.824 -14.1358 1.6
      vertex -24.6854 -14.1854 1.6
    endloop
  endfacet
  facet normal 0 0 1
    outer loop
      vertex -24.9571 -14.0729 1.6
      vertex -24.8202 -12.2024 1.6
      vertex -24.8425 -12.0519 1.6
    endloop
  endfacet
  facet normal 0 0 1
    outer loop
      vertex -24.9571 -14.0729 1.6
      vertex -24.8425 -12.0519 1.6
      vertex -24.85 -11.9 1.6
    endloop
  endfacet
  facet normal 0 0 1
    outer loop
      vertex -24.9571 -14.0729 1.6
      vertex -24.85 -11.9 1.6
      vertex -24.95 -9.95 1.6
    endloop
  endfacet
  facet normal 0 0 1
    outer loop
      vertex -24.2833 -13.0982 1.6
      vertex -24.9571 -14.0729 1.6
      vertex -24.824 -14.1358 1.6
    endloop
  endfacet
  facet normal 0 0 -1
    outer loop
      vertex -27.5 -4.47 1.6
      vertex -25.75 4.47 1.6
      vertex -25.75 -4.47 1.6
    endloop
  endfacet
  facet normal -0 0 -1
    outer loop
      vertex -25.75 4.47 1.6
      vertex -27.5 -4.47 1.6
      vertex -27.5 4.47 1.6
    endloop
  endfacet
  facet normal 0 0 1
    outer loop
      vertex 25.75 9 2.4
      vertex 18.75 7.87 2.4
      vertex 25.75 -9 2.4
    endloop
  endfacet
  facet normal -0 0 1
    outer loop
      vertex 0.25 9 2.4
      vertex 18.75 7.87 2.4
      vertex 25.75 9 2.4
    endloop
  endfacet
  facet normal 0 0 1
    outer loop
      vertex 1.15 7.87 2.4
      vertex 0.25 9 2.4
      vertex 1.15 -7.87 2.4
    endloop
  endfacet
  facet normal 0 0 1
    outer loop
      vertex 18.75 7.87 2.4
      vertex 0.25 9 2.4
      vertex 1.15 7.87 2.4
    endloop
  endfacet
  facet normal -0 0 1
    outer loop
      vertex 18.75 -7.87 2.4
      vertex 25.75 -9 2.4
      vertex 18.75 7.87 2.4
    endloop
  endfacet
  facet normal 0 0 1
    outer loop
      vertex 0.25 -9 2.4
      vertex 18.75 -7.87 2.4
      vertex 1.15 -7.87 2.4
    endloop
  endfacet
  facet normal 0 0 1
    outer loop
      vertex 18.75 -7.87 2.4
      vertex 0.25 -9 2.4
      vertex 25.75 -9 2.4
    endloop
  endfacet
  facet normal 0 0 1
    outer loop
      vertex 0.25 -9 2.4
      vertex 1.15 -7.87 2.4
      vertex 0.25 9 2.4
    endloop
  endfacet
  facet normal -1 0 0
    outer loop
      vertex 0.25 -9 1.6
      vertex 0.25 9 2.4
      vertex 0.25 9 1.6
    endloop
  endfacet
  facet normal -1 -0 0
    outer loop
      vertex 0.25 9 2.4
      vertex 0.25 -9 1.6
      vertex 0.25 -9 2.4
    endloop
  endfacet
  facet normal 0 1 -0
    outer loop
      vertex 25.75 9 1.6
      vertex 0.25 9 2.4
      vertex 25.75 9 2.4
    endloop
  endfacet
  facet normal 0 1 0
    outer loop
      vertex 0.25 9 2.4
      vertex 25.75 9 1.6
      vertex 0.25 9 1.6
    endloop
  endfacet
  facet normal 0 -1 0
    outer loop
      vertex 0.25 -9 1.6
      vertex 25.75 -9 2.4
      vertex 0.25 -9 2.4
    endloop
  endfacet
  facet normal 0 -1 -0
    outer loop
      vertex 25.75 -9 2.4
      vertex 0.25 -9 1.6
      vertex 25.75 -9 1.6
    endloop
  endfacet
  facet normal 1 -0 0
    outer loop
      vertex 18.75 -7.87 4.7
      vertex 18.75 7.87 2.4
      vertex 18.75 7.87 4.7
    endloop
  endfacet
  facet normal 1 0 0
    outer loop
      vertex 18.75 7.87 2.4
      vertex 18.75 -7.87 4.7
      vertex 18.75 -7.87 2.4
    endloop
  endfacet
  facet normal -0 0 1
    outer loop
      vertex 1.15 7.87 4.7
      vertex 18.75 -7.87 4.7
      vertex 18.75 7.87 4.7
    endloop
  endfacet
  facet normal 0 0 1
    outer loop
      vertex 18.75 -7.87 4.7
      vertex 1.15 7.87 4.7
      vertex 1.15 -7.87 4.7
    endloop
  endfacet
  facet normal -1 0 0
    outer loop
      vertex 1.15 -7.87 2.4
      vertex 1.15 7.87 4.7
      vertex 1.15 7.87 2.4
    endloop
  endfacet
  facet normal -1 -0 0
    outer loop
      vertex 1.15 7.87 4.7
      vertex 1.15 -7.87 2.4
      vertex 1.15 -7.87 4.7
    endloop
  endfacet
  facet normal 0 1 -0
    outer loop
      vertex 18.75 7.87 2.4
      vertex 1.15 7.87 4.7
      vertex 18.75 7.87 4.7
    endloop
  endfacet
  facet normal 0 1 0
    outer loop
      vertex 1.15 7.87 4.7
      vertex 18.75 7.87 2.4
      vertex 1.15 7.87 2.4
    endloop
  endfacet
  facet normal 0 -1 0
    outer loop
      vertex 1.15 -7.87 2.4
      vertex 18.75 -7.87 4.7
      vertex 1.15 -7.87 4.7
    endloop
  endfacet
  facet normal 0 -1 -0
    outer loop
      vertex 18.75 -7.87 4.7
      vertex 1.15 -7.87 2.4
      vertex 18.75 -7.87 2.4
    endloop
  endfacet
  facet normal 1 -0 0
    outer loop
      vertex -20.45 -9.95 4.1
      vertex -20.45 -5.45 1.6
      vertex -20.45 -5.45 4.1
    endloop
  endfacet
  facet normal 1 0 0
    outer loop
      vertex -20.45 -5.45 1.6
      vertex -20.45 -9.95 4.1
      vertex -20.45 -9.95 1.6
    endloop
  endfacet
  facet normal -0 0 1
    outer loop
      vertex -24.95 -5.45 4.1
      vertex -20.45 -9.95 4.1
      vertex -20.45 -5.45 4.1
    endloop
  endfacet
  facet normal 0 0 1
    outer loop
      vertex -20.45 -9.95 4.1
      vertex -24.95 -5.45 4.1
      vertex -24.95 -9.95 4.1
    endloop
  endfacet
  facet normal -1 0 0
    outer loop
      vertex -24.95 -9.95 1.6
      vertex -24.95 -5.45 4.1
      vertex -24.95 -5.45 1.6
    endloop
  endfacet
  facet normal -1 -0 0
    outer loop
      vertex -24.95 -5.45 4.1
      vertex -24.95 -9.95 1.6
      vertex -24.95 -9.95 4.1
    endloop
  endfacet
  facet normal 0 1 -0
    outer loop
      vertex -20.45 -5.45 1.6
      vertex -24.95 -5.45 4.1
      vertex -20.45 -5.45 4.1
    endloop
  endfacet
  facet normal 0 1 0
    outer loop
      vertex -24.95 -5.45 4.1
      vertex -20.45 -5.45 1.6
      vertex -24.95 -5.45 1.6
    endloop
  endfacet
  facet normal 0 -1 0
    outer loop
      vertex -24.95 -9.95 1.6
      vertex -20.45 -9.95 4.1
      vertex -24.95 -9.95 4.1
    endloop
  endfacet
  facet normal 0 -1 -0
    outer loop
      vertex -20.45 -9.95 4.1
      vertex -24.95 -9.95 1.6
      vertex -20.45 -9.95 1.6
    endloop
  endfacet
  facet normal 1 -0 0
    outer loop
      vertex -20.45 5.45 4.1
      vertex -20.45 9.95 1.6
      vertex -20.45 9.95 4.1
    endloop
  endfacet
  facet normal 1 0 0
    outer loop
      vertex -20.45 9.95 1.6
      vertex -20.45 5.45 4.1
      vertex -20.45 5.45 1.6
    endloop
  endfacet
  facet normal -0 0 1
    outer loop
      vertex -24.95 9.95 4.1
      vertex -20.45 5.45 4.1
      vertex -20.45 9.95 4.1
    endloop
  endfacet
  facet normal 0 0 1
    outer loop
      vertex -20.45 5.45 4.1
      vertex -24.95 9.95 4.1
      vertex -24.95 5.45 4.1
    endloop
  endfacet
  facet normal -1 0 0
    outer loop
      vertex -24.95 5.45 1.6
      vertex -24.95 9.95 4.1
      vertex -24.95 9.95 1.6
    endloop
  endfacet
  facet normal -1 -0 0
    outer loop
      vertex -24.95 9.95 4.1
      vertex -24.95 5.45 1.6
      vertex -24.95 5.45 4.1
    endloop
  endfacet
  facet normal 0 1 -0
    outer loop
      vertex -20.45 9.95 1.6
      vertex -24.95 9.95 4.1
      vertex -20.45 9.95 4.1
    endloop
  endfacet
  facet normal 0 1 0
    outer loop
      vertex -24.95 9.95 4.1
      vertex -20.45 9.95 1.6
      vertex -24.95 9.95 1.6
    endloop
  endfacet
  facet normal 0 -1 0
    outer loop
      vertex -24.95 5.45 1.6
      vertex -20.45 5.45 4.1
      vertex -24.95 5.45 4.1
    endloop
  endfacet
  facet normal 0 -1 -0
    outer loop
      vertex -20.45 5.45 4.1
      vertex -24.95 5.45 1.6
      vertex -20.45 5.45 1.6
    endloop
  endfacet
  facet normal 1 -0 0
    outer loop
      vertex -15.46 -13.02 -2.54
      vertex -15.46 -12.38 -8.5
      vertex -15.46 -12.38 -2.54
    endloop
  endfacet
  facet normal 1 0 0
    outer loop
      vertex -15.46 -12.38 -8.5
      vertex -15.46 -13.02 -2.54
      vertex -15.46 -13.02 -8.5
    endloop
  endfacet
  facet normal 0 0 -1
    outer loop
      vertex -16.1 -13.02 -8.5
      vertex -15.46 -12.38 -8.5
      vertex -15.46 -13.02 -8.5
    endloop
  endfacet
  facet normal -0 0 -1
    outer loop
      vertex -15.46 -12.38 -8.5
      vertex -16.1 -13.02 -8.5
      vertex -16.1 -12.38 -8.5
    endloop
  endfacet
  facet normal -1 0 0
    outer loop
      vertex -16.1 -13.02 -8.5
      vertex -16.1 -12.38 -2.54
      vertex -16.1 -12.38 -8.5
    endloop
  endfacet
  facet normal -1 -0 0
    outer loop
      vertex -16.1 -12.38 -2.54
      vertex -16.1 -13.02 -8.5
      vertex -16.1 -13.02 -2.54
    endloop
  endfacet
  facet normal 0 1 -0
    outer loop
      vertex -15.46 -12.38 -8.5
      vertex -16.1 -12.38 -2.54
      vertex -15.46 -12.38 -2.54
    endloop
  endfacet
  facet normal 0 1 0
    outer loop
      vertex -16.1 -12.38 -2.54
      vertex -15.46 -12.38 -8.5
      vertex -16.1 -12.38 -8.5
    endloop
  endfacet
  facet normal 0 -1 0
    outer loop
      vertex -16.1 -13.02 -8.5
      vertex -15.46 -13.02 -2.54
      vertex -16.1 -13.02 -2.54
    endloop
  endfacet
  facet normal 0 -1 -0
    outer loop
      vertex -15.46 -13.02 -2.54
      vertex -16.1 -13.02 -8.5
      vertex -15.46 -13.02 -8.5
    endloop
  endfacet
  facet normal 1 -0 0
    outer loop
      vertex -12.92 -13.02 -2.54
      vertex -12.92 -12.38 -8.5
      vertex -12.92 -12.38 -2.54
    endloop
  endfacet
  facet normal 1 0 0
    outer loop
      vertex -12.92 -12.38 -8.5
      vertex -12.92 -13.02 -2.54
      vertex -12.92 -13.02 -8.5
    endloop
  endfacet
  facet normal 0 0 -1
    outer loop
      vertex -13.56 -13.02 -8.5
      vertex -12.92 -12.38 -8.5
      vertex -12.92 -13.02 -8.5
    endloop
  endfacet
  facet normal -0 0 -1
    outer loop
      vertex -12.92 -12.38 -8.5
      vertex -13.56 -13.02 -8.5
      vertex -13.56 -12.38 -8.5
    endloop
  endfacet
  facet normal -1 0 0
    outer loop
      vertex -13.56 -13.02 -8.5
      vertex -13.56 -12.38 -2.54
      vertex -13.56 -12.38 -8.5
    endloop
  endfacet
  facet normal -1 -0 0
    outer loop
      vertex -13.56 -12.38 -2.54
      vertex -13.56 -13.02 -8.5
      vertex -13.56 -13.02 -2.54
    endloop
  endfacet
  facet normal 0 1 -0
    outer loop
      vertex -12.92 -12.38 -8.5
      vertex -13.56 -12.38 -2.54
      vertex -12.92 -12.38 -2.54
    endloop
  endfacet
  facet normal 0 1 0
    outer loop
      vertex -13.56 -12.38 -2.54
      vertex -12.92 -12.38 -8.5
      vertex -13.56 -12.38 -8.5
    endloop
  endfacet
  facet normal 0 -1 0
    outer loop
      vertex -13.56 -13.02 -8.5
      vertex -12.92 -13.02 -2.54
      vertex -13.56 -13.02 -2.54
    endloop
  endfacet
  facet normal 0 -1 -0
    outer loop
      vertex -12.92 -13.02 -2.54
      vertex -13.56 -13.02 -8.5
      vertex -12.92 -13.02 -8.5
    endloop
  endfacet
  facet normal 1 -0 0
    outer loop
      vertex -10.38 -13.02 -2.54
      vertex -10.38 -12.38 -8.5
      vertex -10.38 -12.38 -2.54
    endloop
  endfacet
  facet normal 1 0 0
    outer loop
      vertex -10.38 -12.38 -8.5
      vertex -10.38 -13.02 -2.54
      vertex -10.38 -13.02 -8.5
    endloop
  endfacet
  facet normal 0 0 -1
    outer loop
      vertex -11.02 -13.02 -8.5
      vertex -10.38 -12.38 -8.5
      vertex -10.38 -13.02 -8.5
    endloop
  endfacet
  facet normal -0 0 -1
    outer loop
      vertex -10.38 -12.38 -8.5
      vertex -11.02 -13.02 -8.5
      vertex -11.02 -12.38 -8.5
    endloop
  endfacet
  facet normal -1 0 0
    outer loop
      vertex -11.02 -13.02 -8.5
      vertex -11.02 -12.38 -2.54
      vertex -11.02 -12.38 -8.5
    endloop
  endfacet
  facet normal -1 -0 0
    outer loop
      vertex -11.02 -12.38 -2.54
      vertex -11.02 -13.02 -8.5
      vertex -11.02 -13.02 -2.54
    endloop
  endfacet
  facet normal 0 1 -0
    outer loop
      vertex -10.38 -12.38 -8.5
      vertex -11.02 -12.38 -2.54
      vertex -10.38 -12.38 -2.54
    endloop
  endfacet
  facet normal 0 1 0
    outer loop
      vertex -11.02 -12.38 -2.54
      vertex -10.38 -12.38 -8.5
      vertex -11.02 -12.38 -8.5
    endloop
  endfacet
  facet normal 0 -1 0
    outer loop
      vertex -11.02 -13.02 -8.5
      vertex -10.38 -13.02 -2.54
      vertex -11.02 -13.02 -2.54
    endloop
  endfacet
  facet normal 0 -1 -0
    outer loop
      vertex -10.38 -13.02 -2.54
      vertex -11.02 -13.02 -8.5
      vertex -10.38 -13.02 -8.5
    endloop
  endfacet
  facet normal 1 -0 0
    outer loop
      vertex -7.84 -13.02 -2.54
      vertex -7.84 -12.38 -8.5
      vertex -7.84 -12.38 -2.54
    endloop
  endfacet
  facet normal 1 0 0
    outer loop
      vertex -7.84 -12.38 -8.5
      vertex -7.84 -13.02 -2.54
      vertex -7.84 -13.02 -8.5
    endloop
  endfacet
  facet normal 0 0 -1
    outer loop
      vertex -8.48 -13.02 -8.5
      vertex -7.84 -12.38 -8.5
      vertex -7.84 -13.02 -8.5
    endloop
  endfacet
  facet normal -0 0 -1
    outer loop
      vertex -7.84 -12.38 -8.5
      vertex -8.48 -13.02 -8.5
      vertex -8.48 -12.38 -8.5
    endloop
  endfacet
  facet normal -1 0 0
    outer loop
      vertex -8.48 -13.02 -8.5
      vertex -8.48 -12.38 -2.54
      vertex -8.48 -12.38 -8.5
    endloop
  endfacet
  facet normal -1 -0 0
    outer loop
      vertex -8.48 -12.38 -2.54
      vertex -8.48 -13.02 -8.5
      vertex -8.48 -13.02 -2.54
    endloop
  endfacet
  facet normal 0 1 -0
    outer loop
      vertex -7.84 -12.38 -8.5
      vertex -8.48 -12.38 -2.54
      vertex -7.84 -12.38 -2.54
    endloop
  endfacet
  facet normal 0 1 0
    outer loop
      vertex -8.48 -12.38 -2.54
      vertex -7.84 -12.38 -8.5
      vertex -8.48 -12.38 -8.5
    endloop
  endfacet
  facet normal 0 -1 0
    outer loop
      vertex -8.48 -13.02 -8.5
      vertex -7.84 -13.02 -2.54
      vertex -8.48 -13.02 -2.54
    endloop
  endfacet
  facet normal 0 -1 -0
    outer loop
      vertex -7.84 -13.02 -2.54
      vertex -8.48 -13.02 -8.5
      vertex -7.84 -13.02 -8.5
    endloop
  endfacet
  facet normal 1 -0 0
    outer loop
      vertex -5.3 -13.02 -2.54
      vertex -5.3 -12.38 -8.5
      vertex -5.3 -12.38 -2.54
    endloop
  endfacet
  facet normal 1 0 0
    outer loop
      vertex -5.3 -12.38 -8.5
      vertex -5.3 -13.02 -2.54
      vertex -5.3 -13.02 -8.5
    endloop
  endfacet
  facet normal 0 0 -1
    outer loop
      vertex -5.94 -13.02 -8.5
      vertex -5.3 -12.38 -8.5
      vertex -5.3 -13.02 -8.5
    endloop
  endfacet
  facet normal -0 0 -1
    outer loop
      vertex -5.3 -12.38 -8.5
      vertex -5.94 -13.02 -8.5
      vertex -5.94 -12.38 -8.5
    endloop
  endfacet
  facet normal -1 0 0
    outer loop
      vertex -5.94 -13.02 -8.5
      vertex -5.94 -12.38 -2.54
      vertex -5.94 -12.38 -8.5
    endloop
  endfacet
  facet normal -1 -0 0
    outer loop
      vertex -5.94 -12.38 -2.54
      vertex -5.94 -13.02 -8.5
      vertex -5.94 -13.02 -2.54
    endloop
  endfacet
  facet normal 0 1 -0
    outer loop
      vertex -5.3 -12.38 -8.5
      vertex -5.94 -12.38 -2.54
      vertex -5.3 -12.38 -2.54
    endloop
  endfacet
  facet normal 0 1 0
    outer loop
      vertex -5.94 -12.38 -2.54
      vertex -5.3 -12.38 -8.5
      vertex -5.94 -12.38 -8.5
    endloop
  endfacet
  facet normal 0 -1 0
    outer loop
      vertex -5.94 -13.02 -8.5
      vertex -5.3 -13.02 -2.54
      vertex -5.94 -13.02 -2.54
    endloop
  endfacet
  facet normal 0 -1 -0
    outer loop
      vertex -5.3 -13.02 -2.54
      vertex -5.94 -13.02 -8.5
      vertex -5.3 -13.02 -8.5
    endloop
  endfacet
  facet normal 1 -0 0
    outer loop
      vertex -2.76 -13.02 -2.54
      vertex -2.76 -12.38 -8.5
      vertex -2.76 -12.38 -2.54
    endloop
  endfacet
  facet normal 1 0 0
    outer loop
      vertex -2.76 -12.38 -8.5
      vertex -2.76 -13.02 -2.54
      vertex -2.76 -13.02 -8.5
    endloop
  endfacet
  facet normal 0 0 -1
    outer loop
      vertex -3.4 -13.02 -8.5
      vertex -2.76 -12.38 -8.5
      vertex -2.76 -13.02 -8.5
    endloop
  endfacet
  facet normal -0 0 -1
    outer loop
      vertex -2.76 -12.38 -8.5
      vertex -3.4 -13.02 -8.5
      vertex -3.4 -12.38 -8.5
    endloop
  endfacet
  facet normal -1 0 0
    outer loop
      vertex -3.4 -13.02 -8.5
      vertex -3.4 -12.38 -2.54
      vertex -3.4 -12.38 -8.5
    endloop
  endfacet
  facet normal -1 -0 0
    outer loop
      vertex -3.4 -12.38 -2.54
      vertex -3.4 -13.02 -8.5
      vertex -3.4 -13.02 -2.54
    endloop
  endfacet
  facet normal 0 1 -0
    outer loop
      vertex -2.76 -12.38 -8.5
      vertex -3.4 -12.38 -2.54
      vertex -2.76 -12.38 -2.54
    endloop
  endfacet
  facet normal 0 1 0
    outer loop
      vertex -3.4 -12.38 -2.54
      vertex -2.76 -12.38 -8.5
      vertex -3.4 -12.38 -8.5
    endloop
  endfacet
  facet normal 0 -1 0
    outer loop
      vertex -3.4 -13.02 -8.5
      vertex -2.76 -13.02 -2.54
      vertex -3.4 -13.02 -2.54
    endloop
  endfacet
  facet normal 0 -1 -0
    outer loop
      vertex -2.76 -13.02 -2.54
      vertex -3.4 -13.02 -8.5
      vertex -2.76 -13.02 -8.5
    endloop
  endfacet
  facet normal 1 -0 0
    outer loop
      vertex -0.219999 -13.02 -2.54
      vertex -0.219999 -12.38 -8.5
      vertex -0.219999 -12.38 -2.54
    endloop
  endfacet
  facet normal 1 0 0
    outer loop
      vertex -0.219999 -12.38 -8.5
      vertex -0.219999 -13.02 -2.54
      vertex -0.219999 -13.02 -8.5
    endloop
  endfacet
  facet normal 0 0 -1
    outer loop
      vertex -0.86 -13.02 -8.5
      vertex -0.219999 -12.38 -8.5
      vertex -0.219999 -13.02 -8.5
    endloop
  endfacet
  facet normal -0 0 -1
    outer loop
      vertex -0.219999 -12.38 -8.5
      vertex -0.86 -13.02 -8.5
      vertex -0.86 -12.38 -8.5
    endloop
  endfacet
  facet normal -1 0 0
    outer loop
      vertex -0.86 -13.02 -8.5
      vertex -0.86 -12.38 -2.54
      vertex -0.86 -12.38 -8.5
    endloop
  endfacet
  facet normal -1 -0 0
    outer loop
      vertex -0.86 -12.38 -2.54
      vertex -0.86 -13.02 -8.5
      vertex -0.86 -13.02 -2.54
    endloop
  endfacet
  facet normal 0 1 -0
    outer loop
      vertex -0.219999 -12.38 -8.5
      vertex -0.86 -12.38 -2.54
      vertex -0.219999 -12.38 -2.54
    endloop
  endfacet
  facet normal 0 1 0
    outer loop
      vertex -0.86 -12.38 -2.54
      vertex -0.219999 -12.38 -8.5
      vertex -0.86 -12.38 -8.5
    endloop
  endfacet
  facet normal 0 -1 0
    outer loop
      vertex -0.86 -13.02 -8.5
      vertex -0.219999 -13.02 -2.54
      vertex -0.86 -13.02 -2.54
    endloop
  endfacet
  facet normal 0 -1 -0
    outer loop
      vertex -0.219999 -13.02 -2.54
      vertex -0.86 -13.02 -8.5
      vertex -0.219999 -13.02 -8.5
    endloop
  endfacet
  facet normal 1 -0 0
    outer loop
      vertex 2.32 -13.02 -2.54
      vertex 2.32 -12.38 -8.5
      vertex 2.32 -12.38 -2.54
    endloop
  endfacet
  facet normal 1 0 0
    outer loop
      vertex 2.32 -12.38 -8.5
      vertex 2.32 -13.02 -2.54
      vertex 2.32 -13.02 -8.5
    endloop
  endfacet
  facet normal 0 0 -1
    outer loop
      vertex 1.68 -13.02 -8.5
      vertex 2.32 -12.38 -8.5
      vertex 2.32 -13.02 -8.5
    endloop
  endfacet
  facet normal -0 0 -1
    outer loop
      vertex 2.32 -12.38 -8.5
      vertex 1.68 -13.02 -8.5
      vertex 1.68 -12.38 -8.5
    endloop
  endfacet
  facet normal -1 0 0
    outer loop
      vertex 1.68 -13.02 -8.5
      vertex 1.68 -12.38 -2.54
      vertex 1.68 -12.38 -8.5
    endloop
  endfacet
  facet normal -1 -0 0
    outer loop
      vertex 1.68 -12.38 -2.54
      vertex 1.68 -13.02 -8.5
      vertex 1.68 -13.02 -2.54
    endloop
  endfacet
  facet normal 0 1 -0
    outer loop
      vertex 2.32 -12.38 -8.5
      vertex 1.68 -12.38 -2.54
      vertex 2.32 -12.38 -2.54
    endloop
  endfacet
  facet normal 0 1 0
    outer loop
      vertex 1.68 -12.38 -2.54
      vertex 2.32 -12.38 -8.5
      vertex 1.68 -12.38 -8.5
    endloop
  endfacet
  facet normal 0 -1 0
    outer loop
      vertex 1.68 -13.02 -8.5
      vertex 2.32 -13.02 -2.54
      vertex 1.68 -13.02 -2.54
    endloop
  endfacet
  facet normal 0 -1 -0
    outer loop
      vertex 2.32 -13.02 -2.54
      vertex 1.68 -13.02 -8.5
      vertex 2.32 -13.02 -8.5
    endloop
  endfacet
  facet normal 1 -0 0
    outer loop
      vertex 4.86 -13.02 -2.54
      vertex 4.86 -12.38 -8.5
      vertex 4.86 -12.38 -2.54
    endloop
  endfacet
  facet normal 1 0 0
    outer loop
      vertex 4.86 -12.38 -8.5
      vertex 4.86 -13.02 -2.54
      vertex 4.86 -13.02 -8.5
    endloop
  endfacet
  facet normal 0 0 -1
    outer loop
      vertex 4.22 -13.02 -8.5
      vertex 4.86 -12.38 -8.5
      vertex 4.86 -13.02 -8.5
    endloop
  endfacet
  facet normal -0 0 -1
    outer loop
      vertex 4.86 -12.38 -8.5
      vertex 4.22 -13.02 -8.5
      vertex 4.22 -12.38 -8.5
    endloop
  endfacet
  facet normal -1 0 0
    outer loop
      vertex 4.22 -13.02 -8.5
      vertex 4.22 -12.38 -2.54
      vertex 4.22 -12.38 -8.5
    endloop
  endfacet
  facet normal -1 -0 0
    outer loop
      vertex 4.22 -12.38 -2.54
      vertex 4.22 -13.02 -8.5
      vertex 4.22 -13.02 -2.54
    endloop
  endfacet
  facet normal 0 1 -0
    outer loop
      vertex 4.86 -12.38 -8.5
      vertex 4.22 -12.38 -2.54
      vertex 4.86 -12.38 -2.54
    endloop
  endfacet
  facet normal 0 1 0
    outer loop
      vertex 4.22 -12.38 -2.54
      vertex 4.86 -12.38 -8.5
      vertex 4.22 -12.38 -8.5
    endloop
  endfacet
  facet normal 0 -1 0
    outer loop
      vertex 4.22 -13.02 -8.5
      vertex 4.86 -13.02 -2.54
      vertex 4.22 -13.02 -2.54
    endloop
  endfacet
  facet normal 0 -1 -0
    outer loop
      vertex 4.86 -13.02 -2.54
      vertex 4.22 -13.02 -8.5
      vertex 4.86 -13.02 -8.5
    endloop
  endfacet
  facet normal 1 -0 0
    outer loop
      vertex 7.4 -13.02 -2.54
      vertex 7.4 -12.38 -8.5
      vertex 7.4 -12.38 -2.54
    endloop
  endfacet
  facet normal 1 0 0
    outer loop
      vertex 7.4 -12.38 -8.5
      vertex 7.4 -13.02 -2.54
      vertex 7.4 -13.02 -8.5
    endloop
  endfacet
  facet normal 0 0 -1
    outer loop
      vertex 6.76 -13.02 -8.5
      vertex 7.4 -12.38 -8.5
      vertex 7.4 -13.02 -8.5
    endloop
  endfacet
  facet normal -0 0 -1
    outer loop
      vertex 7.4 -12.38 -8.5
      vertex 6.76 -13.02 -8.5
      vertex 6.76 -12.38 -8.5
    endloop
  endfacet
  facet normal -1 0 0
    outer loop
      vertex 6.76 -13.02 -8.5
      vertex 6.76 -12.38 -2.54
      vertex 6.76 -12.38 -8.5
    endloop
  endfacet
  facet normal -1 -0 0
    outer loop
      vertex 6.76 -12.38 -2.54
      vertex 6.76 -13.02 -8.5
      vertex 6.76 -13.02 -2.54
    endloop
  endfacet
  facet normal 0 1 -0
    outer loop
      vertex 7.4 -12.38 -8.5
      vertex 6.76 -12.38 -2.54
      vertex 7.4 -12.38 -2.54
    endloop
  endfacet
  facet normal 0 1 0
    outer loop
      vertex 6.76 -12.38 -2.54
      vertex 7.4 -12.38 -8.5
      vertex 6.76 -12.38 -8.5
    endloop
  endfacet
  facet normal 0 -1 0
    outer loop
      vertex 6.76 -13.02 -8.5
      vertex 7.4 -13.02 -2.54
      vertex 6.76 -13.02 -2.54
    endloop
  endfacet
  facet normal 0 -1 -0
    outer loop
      vertex 7.4 -13.02 -2.54
      vertex 6.76 -13.02 -8.5
      vertex 7.4 -13.02 -8.5
    endloop
  endfacet
  facet normal 1 -0 0
    outer loop
      vertex 9.94 -13.02 -2.54
      vertex 9.94 -12.38 -8.5
      vertex 9.94 -12.38 -2.54
    endloop
  endfacet
  facet normal 1 0 0
    outer loop
      vertex 9.94 -12.38 -8.5
      vertex 9.94 -13.02 -2.54
      vertex 9.94 -13.02 -8.5
    endloop
  endfacet
  facet normal 0 0 -1
    outer loop
      vertex 9.3 -13.02 -8.5
      vertex 9.94 -12.38 -8.5
      vertex 9.94 -13.02 -8.5
    endloop
  endfacet
  facet normal -0 0 -1
    outer loop
      vertex 9.94 -12.38 -8.5
      vertex 9.3 -13.02 -8.5
      vertex 9.3 -12.38 -8.5
    endloop
  endfacet
  facet normal -1 0 0
    outer loop
      vertex 9.3 -13.02 -8.5
      vertex 9.3 -12.38 -2.54
      vertex 9.3 -12.38 -8.5
    endloop
  endfacet
  facet normal -1 -0 0
    outer loop
      vertex 9.3 -12.38 -2.54
      vertex 9.3 -13.02 -8.5
      vertex 9.3 -13.02 -2.54
    endloop
  endfacet
  facet normal 0 1 -0
    outer loop
      vertex 9.94 -12.38 -8.5
      vertex 9.3 -12.38 -2.54
      vertex 9.94 -12.38 -2.54
    endloop
  endfacet
  facet normal 0 1 0
    outer loop
      vertex 9.3 -12.38 -2.54
      vertex 9.94 -12.38 -8.5
      vertex 9.3 -12.38 -8.5
    endloop
  endfacet
  facet normal 0 -1 0
    outer loop
      vertex 9.3 -13.02 -8.5
      vertex 9.94 -13.02 -2.54
      vertex 9.3 -13.02 -2.54
    endloop
  endfacet
  facet normal 0 -1 -0
    outer loop
      vertex 9.94 -13.02 -2.54
      vertex 9.3 -13.02 -8.5
      vertex 9.94 -13.02 -8.5
    endloop
  endfacet
  facet normal 1 -0 0
    outer loop
      vertex 12.48 -13.02 -2.54
      vertex 12.48 -12.38 -8.5
      vertex 12.48 -12.38 -2.54
    endloop
  endfacet
  facet normal 1 0 0
    outer loop
      vertex 12.48 -12.38 -8.5
      vertex 12.48 -13.02 -2.54
      vertex 12.48 -13.02 -8.5
    endloop
  endfacet
  facet normal 0 0 -1
    outer loop
      vertex 11.84 -13.02 -8.5
      vertex 12.48 -12.38 -8.5
      vertex 12.48 -13.02 -8.5
    endloop
  endfacet
  facet normal -0 0 -1
    outer loop
      vertex 12.48 -12.38 -8.5
      vertex 11.84 -13.02 -8.5
      vertex 11.84 -12.38 -8.5
    endloop
  endfacet
  facet normal -1 0 0
    outer loop
      vertex 11.84 -13.02 -8.5
      vertex 11.84 -12.38 -2.54
      vertex 11.84 -12.38 -8.5
    endloop
  endfacet
  facet normal -1 -0 0
    outer loop
      vertex 11.84 -12.38 -2.54
      vertex 11.84 -13.02 -8.5
      vertex 11.84 -13.02 -2.54
    endloop
  endfacet
  facet normal 0 1 -0
    outer loop
      vertex 12.48 -12.38 -8.5
      vertex 11.84 -12.38 -2.54
      vertex 12.48 -12.38 -2.54
    endloop
  endfacet
  facet normal 0 1 0
    outer loop
      vertex 11.84 -12.38 -2.54
      vertex 12.48 -12.38 -8.5
      vertex 11.84 -12.38 -8.5
    endloop
  endfacet
  facet normal 0 -1 0
    outer loop
      vertex 11.84 -13.02 -8.5
      vertex 12.48 -13.02 -2.54
      vertex 11.84 -13.02 -2.54
    endloop
  endfacet
  facet normal 0 -1 -0
    outer loop
      vertex 12.48 -13.02 -2.54
      vertex 11.84 -13.02 -8.5
      vertex 12.48 -13.02 -8.5
    endloop
  endfacet
  facet normal 1 -0 0
    outer loop
      vertex 15.02 -13.02 -2.54
      vertex 15.02 -12.38 -8.5
      vertex 15.02 -12.38 -2.54
    endloop
  endfacet
  facet normal 1 0 0
    outer loop
      vertex 15.02 -12.38 -8.5
      vertex 15.02 -13.02 -2.54
      vertex 15.02 -13.02 -8.5
    endloop
  endfacet
  facet normal 0 0 -1
    outer loop
      vertex 14.38 -13.02 -8.5
      vertex 15.02 -12.38 -8.5
      vertex 15.02 -13.02 -8.5
    endloop
  endfacet
  facet normal -0 0 -1
    outer loop
      vertex 15.02 -12.38 -8.5
      vertex 14.38 -13.02 -8.5
      vertex 14.38 -12.38 -8.5
    endloop
  endfacet
  facet normal -1 0 0
    outer loop
      vertex 14.38 -13.02 -8.5
      vertex 14.38 -12.38 -2.54
      vertex 14.38 -12.38 -8.5
    endloop
  endfacet
  facet normal -1 -0 0
    outer loop
      vertex 14.38 -12.38 -2.54
      vertex 14.38 -13.02 -8.5
      vertex 14.38 -13.02 -2.54
    endloop
  endfacet
  facet normal 0 1 -0
    outer loop
      vertex 15.02 -12.38 -8.5
      vertex 14.38 -12.38 -2.54
      vertex 15.02 -12.38 -2.54
    endloop
  endfacet
  facet normal 0 1 0
    outer loop
      vertex 14.38 -12.38 -2.54
      vertex 15.02 -12.38 -8.5
      vertex 14.38 -12.38 -8.5
    endloop
  endfacet
  facet normal 0 -1 0
    outer loop
      vertex 14.38 -13.02 -8.5
      vertex 15.02 -13.02 -2.54
      vertex 14.38 -13.02 -2.54
    endloop
  endfacet
  facet normal 0 -1 -0
    outer loop
      vertex 15.02 -13.02 -2.54
      vertex 14.38 -13.02 -8.5
      vertex 15.02 -13.02 -8.5
    endloop
  endfacet
  facet normal 1 -0 0
    outer loop
      vertex 17.56 -13.02 -2.54
      vertex 17.56 -12.38 -8.5
      vertex 17.56 -12.38 -2.54
    endloop
  endfacet
  facet normal 1 0 0
    outer loop
      vertex 17.56 -12.38 -8.5
      vertex 17.56 -13.02 -2.54
      vertex 17.56 -13.02 -8.5
    endloop
  endfacet
  facet normal 0 0 -1
    outer loop
      vertex 16.92 -13.02 -8.5
      vertex 17.56 -12.38 -8.5
      vertex 17.56 -13.02 -8.5
    endloop
  endfacet
  facet normal -0 0 -1
    outer loop
      vertex 17.56 -12.38 -8.5
      vertex 16.92 -13.02 -8.5
      vertex 16.92 -12.38 -8.5
    endloop
  endfacet
  facet normal -1 0 0
    outer loop
      vertex 16.92 -13.02 -8.5
      vertex 16.92 -12.38 -2.54
      vertex 16.92 -12.38 -8.5
    endloop
  endfacet
  facet normal -1 -0 0
    outer loop
      vertex 16.92 -12.38 -2.54
      vertex 16.92 -13.02 -8.5
      vertex 16.92 -13.02 -2.54
    endloop
  endfacet
  facet normal 0 1 -0
    outer loop
      vertex 17.56 -12.38 -8.5
      vertex 16.92 -12.38 -2.54
      vertex 17.56 -12.38 -2.54
    endloop
  endfacet
  facet normal 0 1 0
    outer loop
      vertex 16.92 -12.38 -2.54
      vertex 17.56 -12.38 -8.5
      vertex 16.92 -12.38 -8.5
    endloop
  endfacet
  facet normal 0 -1 0
    outer loop
      vertex 16.92 -13.02 -8.5
      vertex 17.56 -13.02 -2.54
      vertex 16.92 -13.02 -2.54
    endloop
  endfacet
  facet normal 0 -1 -0
    outer loop
      vertex 17.56 -13.02 -2.54
      vertex 16.92 -13.02 -8.5
      vertex 17.56 -13.02 -8.5
    endloop
  endfacet
  facet normal 1 -0 0
    outer loop
      vertex 20.1 -13.02 -2.54
      vertex 20.1 -12.38 -8.5
      vertex 20.1 -12.38 -2.54
    endloop
  endfacet
  facet normal 1 0 0
    outer loop
      vertex 20.1 -12.38 -8.5
      vertex 20.1 -13.02 -2.54
      vertex 20.1 -13.02 -8.5
    endloop
  endfacet
  facet normal 0 0 -1
    outer loop
      vertex 19.46 -13.02 -8.5
      vertex 20.1 -12.38 -8.5
      vertex 20.1 -13.02 -8.5
    endloop
  endfacet
  facet normal -0 0 -1
    outer loop
      vertex 20.1 -12.38 -8.5
      vertex 19.46 -13.02 -8.5
      vertex 19.46 -12.38 -8.5
    endloop
  endfacet
  facet normal -1 0 0
    outer loop
      vertex 19.46 -13.02 -8.5
      vertex 19.46 -12.38 -2.54
      vertex 19.46 -12.38 -8.5
    endloop
  endfacet
  facet normal -1 -0 0
    outer loop
      vertex 19.46 -12.38 -2.54
      vertex 19.46 -13.02 -8.5
      vertex 19.46 -13.02 -2.54
    endloop
  endfacet
  facet normal 0 1 -0
    outer loop
      vertex 20.1 -12.38 -8.5
      vertex 19.46 -12.38 -2.54
      vertex 20.1 -12.38 -2.54
    endloop
  endfacet
  facet normal 0 1 0
    outer loop
      vertex 19.46 -12.38 -2.54
      vertex 20.1 -12.38 -8.5
      vertex 19.46 -12.38 -8.5
    endloop
  endfacet
  facet normal 0 -1 0
    outer loop
      vertex 19.46 -13.02 -8.5
      vertex 20.1 -13.02 -2.54
      vertex 19.46 -13.02 -2.54
    endloop
  endfacet
  facet normal 0 -1 -0
    outer loop
      vertex 20.1 -13.02 -2.54
      vertex 19.46 -13.02 -8.5
      vertex 20.1 -13.02 -8.5
    endloop
  endfacet
  facet normal 1 -0 0
    outer loop
      vertex -15.46 12.38 -2.54
      vertex -15.46 13.02 -8.5
      vertex -15.46 13.02 -2.54
    endloop
  endfacet
  facet normal 1 0 0
    outer loop
      vertex -15.46 13.02 -8.5
      vertex -15.46 12.38 -2.54
      vertex -15.46 12.38 -8.5
    endloop
  endfacet
  facet normal 0 0 -1
    outer loop
      vertex -16.1 12.38 -8.5
      vertex -15.46 13.02 -8.5
      vertex -15.46 12.38 -8.5
    endloop
  endfacet
  facet normal -0 0 -1
    outer loop
      vertex -15.46 13.02 -8.5
      vertex -16.1 12.38 -8.5
      vertex -16.1 13.02 -8.5
    endloop
  endfacet
  facet normal -1 0 0
    outer loop
      vertex -16.1 12.38 -8.5
      vertex -16.1 13.02 -2.54
      vertex -16.1 13.02 -8.5
    endloop
  endfacet
  facet normal -1 -0 0
    outer loop
      vertex -16.1 13.02 -2.54
      vertex -16.1 12.38 -8.5
      vertex -16.1 12.38 -2.54
    endloop
  endfacet
  facet normal 0 1 -0
    outer loop
      vertex -15.46 13.02 -8.5
      vertex -16.1 13.02 -2.54
      vertex -15.46 13.02 -2.54
    endloop
  endfacet
  facet normal 0 1 0
    outer loop
      vertex -16.1 13.02 -2.54
      vertex -15.46 13.02 -8.5
      vertex -16.1 13.02 -8.5
    endloop
  endfacet
  facet normal 0 -1 0
    outer loop
      vertex -16.1 12.38 -8.5
      vertex -15.46 12.38 -2.54
      vertex -16.1 12.38 -2.54
    endloop
  endfacet
  facet normal 0 -1 -0
    outer loop
      vertex -15.46 12.38 -2.54
      vertex -16.1 12.38 -8.5
      vertex -15.46 12.38 -8.5
    endloop
  endfacet
  facet normal 1 -0 0
    outer loop
      vertex -12.92 12.38 -2.54
      vertex -12.92 13.02 -8.5
      vertex -12.92 13.02 -2.54
    endloop
  endfacet
  facet normal 1 0 0
    outer loop
      vertex -12.92 13.02 -8.5
      vertex -12.92 12.38 -2.54
      vertex -12.92 12.38 -8.5
    endloop
  endfacet
  facet normal 0 0 -1
    outer loop
      vertex -13.56 12.38 -8.5
      vertex -12.92 13.02 -8.5
      vertex -12.92 12.38 -8.5
    endloop
  endfacet
  facet normal -0 0 -1
    outer loop
      vertex -12.92 13.02 -8.5
      vertex -13.56 12.38 -8.5
      vertex -13.56 13.02 -8.5
    endloop
  endfacet
  facet normal -1 0 0
    outer loop
      vertex -13.56 12.38 -8.5
      vertex -13.56 13.02 -2.54
      vertex -13.56 13.02 -8.5
    endloop
  endfacet
  facet normal -1 -0 0
    outer loop
      vertex -13.56 13.02 -2.54
      vertex -13.56 12.38 -8.5
      vertex -13.56 12.38 -2.54
    endloop
  endfacet
  facet normal 0 1 -0
    outer loop
      vertex -12.92 13.02 -8.5
      vertex -13.56 13.02 -2.54
      vertex -12.92 13.02 -2.54
    endloop
  endfacet
  facet normal 0 1 0
    outer loop
      vertex -13.56 13.02 -2.54
      vertex -12.92 13.02 -8.5
      vertex -13.56 13.02 -8.5
    endloop
  endfacet
  facet normal 0 -1 0
    outer loop
      vertex -13.56 12.38 -8.5
      vertex -12.92 12.38 -2.54
      vertex -13.56 12.38 -2.54
    endloop
  endfacet
  facet normal 0 -1 -0
    outer loop
      vertex -12.92 12.38 -2.54
      vertex -13.56 12.38 -8.5
      vertex -12.92 12.38 -8.5
    endloop
  endfacet
  facet normal 1 -0 0
    outer loop
      vertex -10.38 12.38 -2.54
      vertex -10.38 13.02 -8.5
      vertex -10.38 13.02 -2.54
    endloop
  endfacet
  facet normal 1 0 0
    outer loop
      vertex -10.38 13.02 -8.5
      vertex -10.38 12.38 -2.54
      vertex -10.38 12.38 -8.5
    endloop
  endfacet
  facet normal 0 0 -1
    outer loop
      vertex -11.02 12.38 -8.5
      vertex -10.38 13.02 -8.5
      vertex -10.38 12.38 -8.5
    endloop
  endfacet
  facet normal -0 0 -1
    outer loop
      vertex -10.38 13.02 -8.5
      vertex -11.02 12.38 -8.5
      vertex -11.02 13.02 -8.5
    endloop
  endfacet
  facet normal -1 0 0
    outer loop
      vertex -11.02 12.38 -8.5
      vertex -11.02 13.02 -2.54
      vertex -11.02 13.02 -8.5
    endloop
  endfacet
  facet normal -1 -0 0
    outer loop
      vertex -11.02 13.02 -2.54
      vertex -11.02 12.38 -8.5
      vertex -11.02 12.38 -2.54
    endloop
  endfacet
  facet normal 0 1 -0
    outer loop
      vertex -10.38 13.02 -8.5
      vertex -11.02 13.02 -2.54
      vertex -10.38 13.02 -2.54
    endloop
  endfacet
  facet normal 0 1 0
    outer loop
      vertex -11.02 13.02 -2.54
      vertex -10.38 13.02 -8.5
      vertex -11.02 13.02 -8.5
    endloop
  endfacet
  facet normal 0 -1 0
    outer loop
      vertex -11.02 12.38 -8.5
      vertex -10.38 12.38 -2.54
      vertex -11.02 12.38 -2.54
    endloop
  endfacet
  facet normal 0 -1 -0
    outer loop
      vertex -10.38 12.38 -2.54
      vertex -11.02 12.38 -8.5
      vertex -10.38 12.38 -8.5
    endloop
  endfacet
  facet normal 1 -0 0
    outer loop
      vertex -7.84 12.38 -2.54
      vertex -7.84 13.02 -8.5
      vertex -7.84 13.02 -2.54
    endloop
  endfacet
  facet normal 1 0 0
    outer loop
      vertex -7.84 13.02 -8.5
      vertex -7.84 12.38 -2.54
      vertex -7.84 12.38 -8.5
    endloop
  endfacet
  facet normal 0 0 -1
    outer loop
      vertex -8.48 12.38 -8.5
      vertex -7.84 13.02 -8.5
      vertex -7.84 12.38 -8.5
    endloop
  endfacet
  facet normal -0 0 -1
    outer loop
      vertex -7.84 13.02 -8.5
      vertex -8.48 12.38 -8.5
      vertex -8.48 13.02 -8.5
    endloop
  endfacet
  facet normal -1 0 0
    outer loop
      vertex -8.48 12.38 -8.5
      vertex -8.48 13.02 -2.54
      vertex -8.48 13.02 -8.5
    endloop
  endfacet
  facet normal -1 -0 0
    outer loop
      vertex -8.48 13.02 -2.54
      vertex -8.48 12.38 -8.5
      vertex -8.48 12.38 -2.54
    endloop
  endfacet
  facet normal 0 1 -0
    outer loop
      vertex -7.84 13.02 -8.5
      vertex -8.48 13.02 -2.54
      vertex -7.84 13.02 -2.54
    endloop
  endfacet
  facet normal 0 1 0
    outer loop
      vertex -8.48 13.02 -2.54
      vertex -7.84 13.02 -8.5
      vertex -8.48 13.02 -8.5
    endloop
  endfacet
  facet normal 0 -1 0
    outer loop
      vertex -8.48 12.38 -8.5
      vertex -7.84 12.38 -2.54
      vertex -8.48 12.38 -2.54
    endloop
  endfacet
  facet normal 0 -1 -0
    outer loop
      vertex -7.84 12.38 -2.54
      vertex -8.48 12.38 -8.5
      vertex -7.84 12.38 -8.5
    endloop
  endfacet
  facet normal 1 -0 0
    outer loop
      vertex -5.3 12.38 -2.54
      vertex -5.3 13.02 -8.5
      vertex -5.3 13.02 -2.54
    endloop
  endfacet
  facet normal 1 0 0
    outer loop
      vertex -5.3 13.02 -8.5
      vertex -5.3 12.38 -2.54
      vertex -5.3 12.38 -8.5
    endloop
  endfacet
  facet normal 0 0 -1
    outer loop
      vertex -5.94 12.38 -8.5
      vertex -5.3 13.02 -8.5
      vertex -5.3 12.38 -8.5
    endloop
  endfacet
  facet normal -0 0 -1
    outer loop
      vertex -5.3 13.02 -8.5
      vertex -5.94 12.38 -8.5
      vertex -5.94 13.02 -8.5
    endloop
  endfacet
  facet normal -1 0 0
    outer loop
      vertex -5.94 12.38 -8.5
      vertex -5.94 13.02 -2.54
      vertex -5.94 13.02 -8.5
    endloop
  endfacet
  facet normal -1 -0 0
    outer loop
      vertex -5.94 13.02 -2.54
      vertex -5.94 12.38 -8.5
      vertex -5.94 12.38 -2.54
    endloop
  endfacet
  facet normal 0 1 -0
    outer loop
      vertex -5.3 13.02 -8.5
      vertex -5.94 13.02 -2.54
      vertex -5.3 13.02 -2.54
    endloop
  endfacet
  facet normal 0 1 0
    outer loop
      vertex -5.94 13.02 -2.54
      vertex -5.3 13.02 -8.5
      vertex -5.94 13.02 -8.5
    endloop
  endfacet
  facet normal 0 -1 0
    outer loop
      vertex -5.94 12.38 -8.5
      vertex -5.3 12.38 -2.54
      vertex -5.94 12.38 -2.54
    endloop
  endfacet
  facet normal 0 -1 -0
    outer loop
      vertex -5.3 12.38 -2.54
      vertex -5.94 12.38 -8.5
      vertex -5.3 12.38 -8.5
    endloop
  endfacet
  facet normal 1 -0 0
    outer loop
      vertex -2.76 12.38 -2.54
      vertex -2.76 13.02 -8.5
      vertex -2.76 13.02 -2.54
    endloop
  endfacet
  facet normal 1 0 0
    outer loop
      vertex -2.76 13.02 -8.5
      vertex -2.76 12.38 -2.54
      vertex -2.76 12.38 -8.5
    endloop
  endfacet
  facet normal 0 0 -1
    outer loop
      vertex -3.4 12.38 -8.5
      vertex -2.76 13.02 -8.5
      vertex -2.76 12.38 -8.5
    endloop
  endfacet
  facet normal -0 0 -1
    outer loop
      vertex -2.76 13.02 -8.5
      vertex -3.4 12.38 -8.5
      vertex -3.4 13.02 -8.5
    endloop
  endfacet
  facet normal -1 0 0
    outer loop
      vertex -3.4 12.38 -8.5
      vertex -3.4 13.02 -2.54
      vertex -3.4 13.02 -8.5
    endloop
  endfacet
  facet normal -1 -0 0
    outer loop
      vertex -3.4 13.02 -2.54
      vertex -3.4 12.38 -8.5
      vertex -3.4 12.38 -2.54
    endloop
  endfacet
  facet normal 0 1 -0
    outer loop
      vertex -2.76 13.02 -8.5
      vertex -3.4 13.02 -2.54
      vertex -2.76 13.02 -2.54
    endloop
  endfacet
  facet normal 0 1 0
    outer loop
      vertex -3.4 13.02 -2.54
      vertex -2.76 13.02 -8.5
      vertex -3.4 13.02 -8.5
    endloop
  endfacet
  facet normal 0 -1 0
    outer loop
      vertex -3.4 12.38 -8.5
      vertex -2.76 12.38 -2.54
      vertex -3.4 12.38 -2.54
    endloop
  endfacet
  facet normal 0 -1 -0
    outer loop
      vertex -2.76 12.38 -2.54
      vertex -3.4 12.38 -8.5
      vertex -2.76 12.38 -8.5
    endloop
  endfacet
  facet normal 1 -0 0
    outer loop
      vertex -0.219999 12.38 -2.54
      vertex -0.219999 13.02 -8.5
      vertex -0.219999 13.02 -2.54
    endloop
  endfacet
  facet normal 1 0 0
    outer loop
      vertex -0.219999 13.02 -8.5
      vertex -0.219999 12.38 -2.54
      vertex -0.219999 12.38 -8.5
    endloop
  endfacet
  facet normal 0 0 -1
    outer loop
      vertex -0.86 12.38 -8.5
      vertex -0.219999 13.02 -8.5
      vertex -0.219999 12.38 -8.5
    endloop
  endfacet
  facet normal -0 0 -1
    outer loop
      vertex -0.219999 13.02 -8.5
      vertex -0.86 12.38 -8.5
      vertex -0.86 13.02 -8.5
    endloop
  endfacet
  facet normal -1 0 0
    outer loop
      vertex -0.86 12.38 -8.5
      vertex -0.86 13.02 -2.54
      vertex -0.86 13.02 -8.5
    endloop
  endfacet
  facet normal -1 -0 0
    outer loop
      vertex -0.86 13.02 -2.54
      vertex -0.86 12.38 -8.5
      vertex -0.86 12.38 -2.54
    endloop
  endfacet
  facet normal 0 1 -0
    outer loop
      vertex -0.219999 13.02 -8.5
      vertex -0.86 13.02 -2.54
      vertex -0.219999 13.02 -2.54
    endloop
  endfacet
  facet normal 0 1 0
    outer loop
      vertex -0.86 13.02 -2.54
      vertex -0.219999 13.02 -8.5
      vertex -0.86 13.02 -8.5
    endloop
  endfacet
  facet normal 0 -1 0
    outer loop
      vertex -0.86 12.38 -8.5
      vertex -0.219999 12.38 -2.54
      vertex -0.86 12.38 -2.54
    endloop
  endfacet
  facet normal 0 -1 -0
    outer loop
      vertex -0.219999 12.38 -2.54
      vertex -0.86 12.38 -8.5
      vertex -0.219999 12.38 -8.5
    endloop
  endfacet
  facet normal 1 -0 0
    outer loop
      vertex 2.32 12.38 -2.54
      vertex 2.32 13.02 -8.5
      vertex 2.32 13.02 -2.54
    endloop
  endfacet
  facet normal 1 0 0
    outer loop
      vertex 2.32 13.02 -8.5
      vertex 2.32 12.38 -2.54
      vertex 2.32 12.38 -8.5
    endloop
  endfacet
  facet normal 0 0 -1
    outer loop
      vertex 1.68 12.38 -8.5
      vertex 2.32 13.02 -8.5
      vertex 2.32 12.38 -8.5
    endloop
  endfacet
  facet normal -0 0 -1
    outer loop
      vertex 2.32 13.02 -8.5
      vertex 1.68 12.38 -8.5
      vertex 1.68 13.02 -8.5
    endloop
  endfacet
  facet normal -1 0 0
    outer loop
      vertex 1.68 12.38 -8.5
      vertex 1.68 13.02 -2.54
      vertex 1.68 13.02 -8.5
    endloop
  endfacet
  facet normal -1 -0 0
    outer loop
      vertex 1.68 13.02 -2.54
      vertex 1.68 12.38 -8.5
      vertex 1.68 12.38 -2.54
    endloop
  endfacet
  facet normal 0 1 -0
    outer loop
      vertex 2.32 13.02 -8.5
      vertex 1.68 13.02 -2.54
      vertex 2.32 13.02 -2.54
    endloop
  endfacet
  facet normal 0 1 0
    outer loop
      vertex 1.68 13.02 -2.54
      vertex 2.32 13.02 -8.5
      vertex 1.68 13.02 -8.5
    endloop
  endfacet
  facet normal 0 -1 0
    outer loop
      vertex 1.68 12.38 -8.5
      vertex 2.32 12.38 -2.54
      vertex 1.68 12.38 -2.54
    endloop
  endfacet
  facet normal 0 -1 -0
    outer loop
      vertex 2.32 12.38 -2.54
      vertex 1.68 12.38 -8.5
      vertex 2.32 12.38 -8.5
    endloop
  endfacet
  facet normal 1 -0 0
    outer loop
      vertex 4.86 12.38 -2.54
      vertex 4.86 13.02 -8.5
      vertex 4.86 13.02 -2.54
    endloop
  endfacet
  facet normal 1 0 0
    outer loop
      vertex 4.86 13.02 -8.5
      vertex 4.86 12.38 -2.54
      vertex 4.86 12.38 -8.5
    endloop
  endfacet
  facet normal 0 0 -1
    outer loop
      vertex 4.22 12.38 -8.5
      vertex 4.86 13.02 -8.5
      vertex 4.86 12.38 -8.5
    endloop
  endfacet
  facet normal -0 0 -1
    outer loop
      vertex 4.86 13.02 -8.5
      vertex 4.22 12.38 -8.5
      vertex 4.22 13.02 -8.5
    endloop
  endfacet
  facet normal -1 0 0
    outer loop
      vertex 4.22 12.38 -8.5
      vertex 4.22 13.02 -2.54
      vertex 4.22 13.02 -8.5
    endloop
  endfacet
  facet normal -1 -0 0
    outer loop
      vertex 4.22 13.02 -2.54
      vertex 4.22 12.38 -8.5
      vertex 4.22 12.38 -2.54
    endloop
  endfacet
  facet normal 0 1 -0
    outer loop
      vertex 4.86 13.02 -8.5
      vertex 4.22 13.02 -2.54
      vertex 4.86 13.02 -2.54
    endloop
  endfacet
  facet normal 0 1 0
    outer loop
      vertex 4.22 13.02 -2.54
      vertex 4.86 13.02 -8.5
      vertex 4.22 13.02 -8.5
    endloop
  endfacet
  facet normal 0 -1 0
    outer loop
      vertex 4.22 12.38 -8.5
      vertex 4.86 12.38 -2.54
      vertex 4.22 12.38 -2.54
    endloop
  endfacet
  facet normal 0 -1 -0
    outer loop
      vertex 4.86 12.38 -2.54
      vertex 4.22 12.38 -8.5
      vertex 4.86 12.38 -8.5
    endloop
  endfacet
  facet normal 1 -0 0
    outer loop
      vertex 7.4 12.38 -2.54
      vertex 7.4 13.02 -8.5
      vertex 7.4 13.02 -2.54
    endloop
  endfacet
  facet normal 1 0 0
    outer loop
      vertex 7.4 13.02 -8.5
      vertex 7.4 12.38 -2.54
      vertex 7.4 12.38 -8.5
    endloop
  endfacet
  facet normal 0 0 -1
    outer loop
      vertex 6.76 12.38 -8.5
      vertex 7.4 13.02 -8.5
      vertex 7.4 12.38 -8.5
    endloop
  endfacet
  facet normal -0 0 -1
    outer loop
      vertex 7.4 13.02 -8.5
      vertex 6.76 12.38 -8.5
      vertex 6.76 13.02 -8.5
    endloop
  endfacet
  facet normal -1 0 0
    outer loop
      vertex 6.76 12.38 -8.5
      vertex 6.76 13.02 -2.54
      vertex 6.76 13.02 -8.5
    endloop
  endfacet
  facet normal -1 -0 0
    outer loop
      vertex 6.76 13.02 -2.54
      vertex 6.76 12.38 -8.5
      vertex 6.76 12.38 -2.54
    endloop
  endfacet
  facet normal 0 1 -0
    outer loop
      vertex 7.4 13.02 -8.5
      vertex 6.76 13.02 -2.54
      vertex 7.4 13.02 -2.54
    endloop
  endfacet
  facet normal 0 1 0
    outer loop
      vertex 6.76 13.02 -2.54
      vertex 7.4 13.02 -8.5
      vertex 6.76 13.02 -8.5
    endloop
  endfacet
  facet normal 0 -1 0
    outer loop
      vertex 6.76 12.38 -8.5
      vertex 7.4 12.38 -2.54
      vertex 6.76 12.38 -2.54
    endloop
  endfacet
  facet normal 0 -1 -0
    outer loop
      vertex 7.4 12.38 -2.54
      vertex 6.76 12.38 -8.5
      vertex 7.4 12.38 -8.5
    endloop
  endfacet
  facet normal 1 -0 0
    outer loop
      vertex 9.94 12.38 -2.54
      vertex 9.94 13.02 -8.5
      vertex 9.94 13.02 -2.54
    endloop
  endfacet
  facet normal 1 0 0
    outer loop
      vertex 9.94 13.02 -8.5
      vertex 9.94 12.38 -2.54
      vertex 9.94 12.38 -8.5
    endloop
  endfacet
  facet normal 0 0 -1
    outer loop
      vertex 9.3 12.38 -8.5
      vertex 9.94 13.02 -8.5
      vertex 9.94 12.38 -8.5
    endloop
  endfacet
  facet normal -0 0 -1
    outer loop
      vertex 9.94 13.02 -8.5
      vertex 9.3 12.38 -8.5
      vertex 9.3 13.02 -8.5
    endloop
  endfacet
  facet normal -1 0 0
    outer loop
      vertex 9.3 12.38 -8.5
      vertex 9.3 13.02 -2.54
      vertex 9.3 13.02 -8.5
    endloop
  endfacet
  facet normal -1 -0 0
    outer loop
      vertex 9.3 13.02 -2.54
      vertex 9.3 12.38 -8.5
      vertex 9.3 12.38 -2.54
    endloop
  endfacet
  facet normal 0 1 -0
    outer loop
      vertex 9.94 13.02 -8.5
      vertex 9.3 13.02 -2.54
      vertex 9.94 13.02 -2.54
    endloop
  endfacet
  facet normal 0 1 0
    outer loop
      vertex 9.3 13.02 -2.54
      vertex 9.94 13.02 -8.5
      vertex 9.3 13.02 -8.5
    endloop
  endfacet
  facet normal 0 -1 0
    outer loop
      vertex 9.3 12.38 -8.5
      vertex 9.94 12.38 -2.54
      vertex 9.3 12.38 -2.54
    endloop
  endfacet
  facet normal 0 -1 -0
    outer loop
      vertex 9.94 12.38 -2.54
      vertex 9.3 12.38 -8.5
      vertex 9.94 12.38 -8.5
    endloop
  endfacet
  facet normal 1 -0 0
    outer loop
      vertex 12.48 12.38 -2.54
      vertex 12.48 13.02 -8.5
      vertex 12.48 13.02 -2.54
    endloop
  endfacet
  facet normal 1 0 0
    outer loop
      vertex 12.48 13.02 -8.5
      vertex 12.48 12.38 -2.54
      vertex 12.48 12.38 -8.5
    endloop
  endfacet
  facet normal 0 0 -1
    outer loop
      vertex 11.84 12.38 -8.5
      vertex 12.48 13.02 -8.5
      vertex 12.48 12.38 -8.5
    endloop
  endfacet
  facet normal -0 0 -1
    outer loop
      vertex 12.48 13.02 -8.5
      vertex 11.84 12.38 -8.5
      vertex 11.84 13.02 -8.5
    endloop
  endfacet
  facet normal -1 0 0
    outer loop
      vertex 11.84 12.38 -8.5
      vertex 11.84 13.02 -2.54
      vertex 11.84 13.02 -8.5
    endloop
  endfacet
  facet normal -1 -0 0
    outer loop
      vertex 11.84 13.02 -2.54
      vertex 11.84 12.38 -8.5
      vertex 11.84 12.38 -2.54
    endloop
  endfacet
  facet normal 0 1 -0
    outer loop
      vertex 12.48 13.02 -8.5
      vertex 11.84 13.02 -2.54
      vertex 12.48 13.02 -2.54
    endloop
  endfacet
  facet normal 0 1 0
    outer loop
      vertex 11.84 13.02 -2.54
      vertex 12.48 13.02 -8.5
      vertex 11.84 13.02 -8.5
    endloop
  endfacet
  facet normal 0 -1 0
    outer loop
      vertex 11.84 12.38 -8.5
      vertex 12.48 12.38 -2.54
      vertex 11.84 12.38 -2.54
    endloop
  endfacet
  facet normal 0 -1 -0
    outer loop
      vertex 12.48 12.38 -2.54
      vertex 11.84 12.38 -8.5
      vertex 12.48 12.38 -8.5
    endloop
  endfacet
  facet normal 1 -0 0
    outer loop
      vertex 15.02 12.38 -2.54
      vertex 15.02 13.02 -8.5
      vertex 15.02 13.02 -2.54
    endloop
  endfacet
  facet normal 1 0 0
    outer loop
      vertex 15.02 13.02 -8.5
      vertex 15.02 12.38 -2.54
      vertex 15.02 12.38 -8.5
    endloop
  endfacet
  facet normal 0 0 -1
    outer loop
      vertex 14.38 12.38 -8.5
      vertex 15.02 13.02 -8.5
      vertex 15.02 12.38 -8.5
    endloop
  endfacet
  facet normal -0 0 -1
    outer loop
      vertex 15.02 13.02 -8.5
      vertex 14.38 12.38 -8.5
      vertex 14.38 13.02 -8.5
    endloop
  endfacet
  facet normal -1 0 0
    outer loop
      vertex 14.38 12.38 -8.5
      vertex 14.38 13.02 -2.54
      vertex 14.38 13.02 -8.5
    endloop
  endfacet
  facet normal -1 -0 0
    outer loop
      vertex 14.38 13.02 -2.54
      vertex 14.38 12.38 -8.5
      vertex 14.38 12.38 -2.54
    endloop
  endfacet
  facet normal 0 1 -0
    outer loop
      vertex 15.02 13.02 -8.5
      vertex 14.38 13.02 -2.54
      vertex 15.02 13.02 -2.54
    endloop
  endfacet
  facet normal 0 1 0
    outer loop
      vertex 14.38 13.02 -2.54
      vertex 15.02 13.02 -8.5
      vertex 14.38 13.02 -8.5
    endloop
  endfacet
  facet normal 0 -1 0
    outer loop
      vertex 14.38 12.38 -8.5
      vertex 15.02 12.38 -2.54
      vertex 14.38 12.38 -2.54
    endloop
  endfacet
  facet normal 0 -1 -0
    outer loop
      vertex 15.02 12.38 -2.54
      vertex 14.38 12.38 -8.5
      vertex 15.02 12.38 -8.5
    endloop
  endfacet
  facet normal 1 -0 0
    outer loop
      vertex 17.56 12.38 -2.54
      vertex 17.56 13.02 -8.5
      vertex 17.56 13.02 -2.54
    endloop
  endfacet
  facet normal 1 0 0
    outer loop
      vertex 17.56 13.02 -8.5
      vertex 17.56 12.38 -2.54
      vertex 17.56 12.38 -8.5
    endloop
  endfacet
  facet normal 0 0 -1
    outer loop
      vertex 16.92 12.38 -8.5
      vertex 17.56 13.02 -8.5
      vertex 17.56 12.38 -8.5
    endloop
  endfacet
  facet normal -0 0 -1
    outer loop
      vertex 17.56 13.02 -8.5
      vertex 16.92 12.38 -8.5
      vertex 16.92 13.02 -8.5
    endloop
  endfacet
  facet normal -1 0 0
    outer loop
      vertex 16.92 12.38 -8.5
      vertex 16.92 13.02 -2.54
      vertex 16.92 13.02 -8.5
    endloop
  endfacet
  facet normal -1 -0 0
    outer loop
      vertex 16.92 13.02 -2.54
      vertex 16.92 12.38 -8.5
      vertex 16.92 12.38 -2.54
    endloop
  endfacet
  facet normal 0 1 -0
    outer loop
      vertex 17.56 13.02 -8.5
      vertex 16.92 13.02 -2.54
      vertex 17.56 13.02 -2.54
    endloop
  endfacet
  facet normal 0 1 0
    outer loop
      vertex 16.92 13.02 -2.54
      vertex 17.56 13.02 -8.5
      vertex 16.92 13.02 -8.5
    endloop
  endfacet
  facet normal 0 -1 0
    outer loop
      vertex 16.92 12.38 -8.5
      vertex 17.56 12.38 -2.54
      vertex 16.92 12.38 -2.54
    endloop
  endfacet
  facet normal 0 -1 -0
    outer loop
      vertex 17.56 12.38 -2.54
      vertex 16.92 12.38 -8.5
      vertex 17.56 12.38 -8.5
    endloop
  endfacet
  facet normal 1 -0 0
    outer loop
      vertex 20.1 12.38 -2.54
      vertex 20.1 13.02 -8.5
      vertex 20.1 13.02 -2.54
    endloop
  endfacet
  facet normal 1 0 0
    outer loop
      vertex 20.1 13.02 -8.5
      vertex 20.1 12.38 -2.54
      vertex 20.1 12.38 -8.5
    endloop
  endfacet
  facet normal 0 0 -1
    outer loop
      vertex 19.46 12.38 -8.5
      vertex 20.1 13.02 -8.5
      vertex 20.1 12.38 -8.5
    endloop
  endfacet
  facet normal -0 0 -1
    outer loop
      vertex 20.1 13.02 -8.5
      vertex 19.46 12.38 -8.5
      vertex 19.46 13.02 -8.5
    endloop
  endfacet
  facet normal -1 0 0
    outer loop
      vertex 19.46 12.38 -8.5
      vertex 19.46 13.02 -2.54
      vertex 19.46 13.02 -8.5
    endloop
  endfacet
  facet normal -1 -0 0
    outer loop
      vertex 19.46 13.02 -2.54
      vertex 19.46 12.38 -8.5
      vertex 19.46 12.38 -2.54
    endloop
  endfacet
  facet normal 0 1 -0
    outer loop
      vertex 20.1 13.02 -8.5
      vertex 19.46 13.02 -2.54
      vertex 20.1 13.02 -2.54
    endloop
  endfacet
  facet normal 0 1 0
    outer loop
      vertex 19.46 13.02 -2.54
      vertex 20.1 13.02 -8.5
      vertex 19.46 13.02 -8.5
    endloop
  endfacet
  facet normal 0 -1 0
    outer loop
      vertex 19.46 12.38 -8.5
      vertex 20.1 12.38 -2.54
      vertex 19.46 12.38 -2.54
    endloop
  endfacet
  facet normal 0 -1 -0
    outer loop
      vertex 20.1 12.38 -2.54
      vertex 19.46 12.38 -8.5
      vertex 20.1 12.38 -8.5
    endloop
  endfacet
  facet normal 1 -0 0
    outer loop
      vertex 21.05 -13.97 0
      vertex 21.05 -11.43 -2.54
      vertex 21.05 -11.43 0
    endloop
  endfacet
  facet normal 1 0 0
    outer loop
      vertex 21.05 -11.43 -2.54
      vertex 21.05 -13.97 0
      vertex 21.05 -13.97 -2.54
    endloop
  endfacet
  facet normal 0 0 -1
    outer loop
      vertex 21.05 -13.97 -2.54
      vertex 20.1 -13.02 -2.54
      vertex 21.05 -11.43 -2.54
    endloop
  endfacet
  facet normal 0 0 -1
    outer loop
      vertex 21.05 -13.97 -2.54
      vertex 19.46 -13.02 -2.54
      vertex 20.1 -13.02 -2.54
    endloop
  endfacet
  facet normal 0 0 -1
    outer loop
      vertex 19.46 -13.02 -2.54
      vertex 17.56 -13.02 -2.54
      vertex 19.46 -12.38 -2.54
    endloop
  endfacet
  facet normal 0 0 -1
    outer loop
      vertex 21.05 -13.97 -2.54
      vertex 17.56 -13.02 -2.54
      vertex 19.46 -13.02 -2.54
    endloop
  endfacet
  facet normal 0 0 -1
    outer loop
      vertex 21.05 -13.97 -2.54
      vertex 16.92 -13.02 -2.54
      vertex 17.56 -13.02 -2.54
    endloop
  endfacet
  facet normal 0 0 -1
    outer loop
      vertex 16.92 -13.02 -2.54
      vertex 15.02 -13.02 -2.54
      vertex 16.92 -12.38 -2.54
    endloop
  endfacet
  facet normal 0 0 -1
    outer loop
      vertex 21.05 -13.97 -2.54
      vertex 15.02 -13.02 -2.54
      vertex 16.92 -13.02 -2.54
    endloop
  endfacet
  facet normal 0 0 -1
    outer loop
      vertex 21.05 -13.97 -2.54
      vertex 14.38 -13.02 -2.54
      vertex 15.02 -13.02 -2.54
    endloop
  endfacet
  facet normal 0 0 -1
    outer loop
      vertex 14.38 -13.02 -2.54
      vertex 12.48 -13.02 -2.54
      vertex 14.38 -12.38 -2.54
    endloop
  endfacet
  facet normal 0 0 -1
    outer loop
      vertex 21.05 -13.97 -2.54
      vertex 12.48 -13.02 -2.54
      vertex 14.38 -13.02 -2.54
    endloop
  endfacet
  facet normal 0 0 -1
    outer loop
      vertex 21.05 -13.97 -2.54
      vertex 11.84 -13.02 -2.54
      vertex 12.48 -13.02 -2.54
    endloop
  endfacet
  facet normal 0 0 -1
    outer loop
      vertex 11.84 -13.02 -2.54
      vertex 9.94 -13.02 -2.54
      vertex 11.84 -12.38 -2.54
    endloop
  endfacet
  facet normal 0 0 -1
    outer loop
      vertex 21.05 -13.97 -2.54
      vertex 9.94 -13.02 -2.54
      vertex 11.84 -13.02 -2.54
    endloop
  endfacet
  facet normal 0 0 -1
    outer loop
      vertex 21.05 -13.97 -2.54
      vertex 9.3 -13.02 -2.54
      vertex 9.94 -13.02 -2.54
    endloop
  endfacet
  facet normal 0 0 -1
    outer loop
      vertex 9.3 -13.02 -2.54
      vertex 7.4 -13.02 -2.54
      vertex 9.3 -12.38 -2.54
    endloop
  endfacet
  facet normal 0 0 -1
    outer loop
      vertex 21.05 -13.97 -2.54
      vertex 7.4 -13.02 -2.54
      vertex 9.3 -13.02 -2.54
    endloop
  endfacet
  facet normal 0 0 -1
    outer loop
      vertex 21.05 -13.97 -2.54
      vertex 6.76 -13.02 -2.54
      vertex 7.4 -13.02 -2.54
    endloop
  endfacet
  facet normal 0 0 -1
    outer loop
      vertex 6.76 -13.02 -2.54
      vertex 4.86 -13.02 -2.54
      vertex 6.76 -12.38 -2.54
    endloop
  endfacet
  facet normal 0 0 -1
    outer loop
      vertex 21.05 -13.97 -2.54
      vertex 4.86 -13.02 -2.54
      vertex 6.76 -13.02 -2.54
    endloop
  endfacet
  facet normal 0 0 -1
    outer loop
      vertex 21.05 -13.97 -2.54
      vertex 4.22 -13.02 -2.54
      vertex 4.86 -13.02 -2.54
    endloop
  endfacet
  facet normal 0 0 -1
    outer loop
      vertex 4.22 -13.02 -2.54
      vertex 2.32 -13.02 -2.54
      vertex 4.22 -12.38 -2.54
    endloop
  endfacet
  facet normal 0 0 -1
    outer loop
      vertex 21.05 -13.97 -2.54
      vertex 2.32 -13.02 -2.54
      vertex 4.22 -13.02 -2.54
    endloop
  endfacet
  facet normal 0 0 -1
    outer loop
      vertex 21.05 -13.97 -2.54
      vertex 1.68 -13.02 -2.54
      vertex 2.32 -13.02 -2.54
    endloop
  endfacet
  facet normal 0 0 -1
    outer loop
      vertex 1.68 -13.02 -2.54
      vertex -0.219999 -13.02 -2.54
      vertex 1.68 -12.38 -2.54
    endloop
  endfacet
  facet normal 0 0 -1
    outer loop
      vertex 21.05 -13.97 -2.54
      vertex -0.219999 -13.02 -2.54
      vertex 1.68 -13.02 -2.54
    endloop
  endfacet
  facet normal 0 0 -1
    outer loop
      vertex -17.05 -13.97 -2.54
      vertex -0.219999 -13.02 -2.54
      vertex 21.05 -13.97 -2.54
    endloop
  endfacet
  facet normal 0 0 -1
    outer loop
      vertex -0.86 -13.02 -2.54
      vertex -2.76 -13.02 -2.54
      vertex -0.86 -12.38 -2.54
    endloop
  endfacet
  facet normal -0 0 -1
    outer loop
      vertex -0.219999 -13.02 -2.54
      vertex -17.05 -13.97 -2.54
      vertex -0.86 -13.02 -2.54
    endloop
  endfacet
  facet normal -0 0 -1
    outer loop
      vertex -0.86 -13.02 -2.54
      vertex -17.05 -13.97 -2.54
      vertex -2.76 -13.02 -2.54
    endloop
  endfacet
  facet normal 0 0 -1
    outer loop
      vertex -3.4 -13.02 -2.54
      vertex -5.3 -13.02 -2.54
      vertex -3.4 -12.38 -2.54
    endloop
  endfacet
  facet normal -0 0 -1
    outer loop
      vertex -2.76 -13.02 -2.54
      vertex -17.05 -13.97 -2.54
      vertex -3.4 -13.02 -2.54
    endloop
  endfacet
  facet normal -0 0 -1
    outer loop
      vertex -3.4 -13.02 -2.54
      vertex -17.05 -13.97 -2.54
      vertex -5.3 -13.02 -2.54
    endloop
  endfacet
  facet normal 0 0 -1
    outer loop
      vertex -5.94 -13.02 -2.54
      vertex -7.84 -13.02 -2.54
      vertex -5.94 -12.38 -2.54
    endloop
  endfacet
  facet normal -0 0 -1
    outer loop
      vertex -5.3 -13.02 -2.54
      vertex -17.05 -13.97 -2.54
      vertex -5.94 -13.02 -2.54
    endloop
  endfacet
  facet normal -0 0 -1
    outer loop
      vertex -5.94 -13.02 -2.54
      vertex -17.05 -13.97 -2.54
      vertex -7.84 -13.02 -2.54
    endloop
  endfacet
  facet normal 0 0 -1
    outer loop
      vertex -8.48 -13.02 -2.54
      vertex -10.38 -13.02 -2.54
      vertex -8.48 -12.38 -2.54
    endloop
  endfacet
  facet normal -0 0 -1
    outer loop
      vertex -7.84 -13.02 -2.54
      vertex -17.05 -13.97 -2.54
      vertex -8.48 -13.02 -2.54
    endloop
  endfacet
  facet normal -0 0 -1
    outer loop
      vertex -8.48 -13.02 -2.54
      vertex -17.05 -13.97 -2.54
      vertex -10.38 -13.02 -2.54
    endloop
  endfacet
  facet normal 0 0 -1
    outer loop
      vertex -11.02 -13.02 -2.54
      vertex -12.92 -13.02 -2.54
      vertex -11.02 -12.38 -2.54
    endloop
  endfacet
  facet normal -0 0 -1
    outer loop
      vertex -10.38 -13.02 -2.54
      vertex -17.05 -13.97 -2.54
      vertex -11.02 -13.02 -2.54
    endloop
  endfacet
  facet normal -0 0 -1
    outer loop
      vertex -11.02 -13.02 -2.54
      vertex -17.05 -13.97 -2.54
      vertex -12.92 -13.02 -2.54
    endloop
  endfacet
  facet normal 0 0 -1
    outer loop
      vertex -13.56 -13.02 -2.54
      vertex -15.46 -13.02 -2.54
      vertex -13.56 -12.38 -2.54
    endloop
  endfacet
  facet normal -0 0 -1
    outer loop
      vertex -12.92 -13.02 -2.54
      vertex -17.05 -13.97 -2.54
      vertex -13.56 -13.02 -2.54
    endloop
  endfacet
  facet normal -0 0 -1
    outer loop
      vertex -13.56 -13.02 -2.54
      vertex -17.05 -13.97 -2.54
      vertex -15.46 -13.02 -2.54
    endloop
  endfacet
  facet normal -0 0 -1
    outer loop
      vertex -16.1 -13.02 -2.54
      vertex -17.05 -13.97 -2.54
      vertex -16.1 -12.38 -2.54
    endloop
  endfacet
  facet normal -0 0 -1
    outer loop
      vertex -15.46 -13.02 -2.54
      vertex -17.05 -13.97 -2.54
      vertex -16.1 -13.02 -2.54
    endloop
  endfacet
  facet normal 0 0 -1
    outer loop
      vertex 20.1 -12.38 -2.54
      vertex 21.05 -11.43 -2.54
      vertex 20.1 -13.02 -2.54
    endloop
  endfacet
  facet normal 0 0 -1
    outer loop
      vertex 19.46 -12.38 -2.54
      vertex 21.05 -11.43 -2.54
      vertex 20.1 -12.38 -2.54
    endloop
  endfacet
  facet normal 0 0 -1
    outer loop
      vertex 17.56 -12.38 -2.54
      vertex 19.46 -12.38 -2.54
      vertex 17.56 -13.02 -2.54
    endloop
  endfacet
  facet normal 0 0 -1
    outer loop
      vertex 19.46 -12.38 -2.54
      vertex 17.56 -12.38 -2.54
      vertex 21.05 -11.43 -2.54
    endloop
  endfacet
  facet normal 0 0 -1
    outer loop
      vertex 16.92 -12.38 -2.54
      vertex 21.05 -11.43 -2.54
      vertex 17.56 -12.38 -2.54
    endloop
  endfacet
  facet normal 0 0 -1
    outer loop
      vertex 15.02 -12.38 -2.54
      vertex 16.92 -12.38 -2.54
      vertex 15.02 -13.02 -2.54
    endloop
  endfacet
  facet normal 0 0 -1
    outer loop
      vertex 15.02 -12.38 -2.54
      vertex 21.05 -11.43 -2.54
      vertex 16.92 -12.38 -2.54
    endloop
  endfacet
  facet normal 0 0 -1
    outer loop
      vertex 14.38 -12.38 -2.54
      vertex 21.05 -11.43 -2.54
      vertex 15.02 -12.38 -2.54
    endloop
  endfacet
  facet normal 0 0 -1
    outer loop
      vertex 12.48 -12.38 -2.54
      vertex 14.38 -12.38 -2.54
      vertex 12.48 -13.02 -2.54
    endloop
  endfacet
  facet normal 0 0 -1
    outer loop
      vertex 12.48 -12.38 -2.54
      vertex 21.05 -11.43 -2.54
      vertex 14.38 -12.38 -2.54
    endloop
  endfacet
  facet normal 0 0 -1
    outer loop
      vertex 11.84 -12.38 -2.54
      vertex 21.05 -11.43 -2.54
      vertex 12.48 -12.38 -2.54
    endloop
  endfacet
  facet normal 0 0 -1
    outer loop
      vertex 9.94 -12.38 -2.54
      vertex 11.84 -12.38 -2.54
      vertex 9.94 -13.02 -2.54
    endloop
  endfacet
  facet normal 0 0 -1
    outer loop
      vertex 9.94 -12.38 -2.54
      vertex 21.05 -11.43 -2.54
      vertex 11.84 -12.38 -2.54
    endloop
  endfacet
  facet normal 0 0 -1
    outer loop
      vertex 9.3 -12.38 -2.54
      vertex 21.05 -11.43 -2.54
      vertex 9.94 -12.38 -2.54
    endloop
  endfacet
  facet normal 0 0 -1
    outer loop
      vertex 7.4 -12.38 -2.54
      vertex 9.3 -12.38 -2.54
      vertex 7.4 -13.02 -2.54
    endloop
  endfacet
  facet normal 0 0 -1
    outer loop
      vertex 7.4 -12.38 -2.54
      vertex 21.05 -11.43 -2.54
      vertex 9.3 -12.38 -2.54
    endloop
  endfacet
  facet normal 0 0 -1
    outer loop
      vertex 6.76 -12.38 -2.54
      vertex 21.05 -11.43 -2.54
      vertex 7.4 -12.38 -2.54
    endloop
  endfacet
  facet normal 0 0 -1
    outer loop
      vertex 4.86 -12.38 -2.54
      vertex 6.76 -12.38 -2.54
      vertex 4.86 -13.02 -2.54
    endloop
  endfacet
  facet normal 0 0 -1
    outer loop
      vertex 4.86 -12.38 -2.54
      vertex 21.05 -11.43 -2.54
      vertex 6.76 -12.38 -2.54
    endloop
  endfacet
  facet normal 0 0 -1
    outer loop
      vertex 4.22 -12.38 -2.54
      vertex 21.05 -11.43 -2.54
      vertex 4.86 -12.38 -2.54
    endloop
  endfacet
  facet normal 0 0 -1
    outer loop
      vertex 2.32 -12.38 -2.54
      vertex 4.22 -12.38 -2.54
      vertex 2.32 -13.02 -2.54
    endloop
  endfacet
  facet normal 0 0 -1
    outer loop
      vertex 2.32 -12.38 -2.54
      vertex 21.05 -11.43 -2.54
      vertex 4.22 -12.38 -2.54
    endloop
  endfacet
  facet normal 0 0 -1
    outer loop
      vertex 1.68 -12.38 -2.54
      vertex 21.05 -11.43 -2.54
      vertex 2.32 -12.38 -2.54
    endloop
  endfacet
  facet normal 0 0 -1
    outer loop
      vertex -0.219999 -12.38 -2.54
      vertex 1.68 -12.38 -2.54
      vertex -0.219999 -13.02 -2.54
    endloop
  endfacet
  facet normal 0 0 -1
    outer loop
      vertex -0.219999 -12.38 -2.54
      vertex 21.05 -11.43 -2.54
      vertex 1.68 -12.38 -2.54
    endloop
  endfacet
  facet normal 0 0 -1
    outer loop
      vertex -17.05 -11.43 -2.54
      vertex -0.219999 -12.38 -2.54
      vertex -0.86 -12.38 -2.54
    endloop
  endfacet
  facet normal 0 0 -1
    outer loop
      vertex -2.76 -12.38 -2.54
      vertex -0.86 -12.38 -2.54
      vertex -2.76 -13.02 -2.54
    endloop
  endfacet
  facet normal 0 0 -1
    outer loop
      vertex -17.05 -11.43 -2.54
      vertex -0.86 -12.38 -2.54
      vertex -2.76 -12.38 -2.54
    endloop
  endfacet
  facet normal 0 0 -1
    outer loop
      vertex -17.05 -11.43 -2.54
      vertex -2.76 -12.38 -2.54
      vertex -3.4 -12.38 -2.54
    endloop
  endfacet
  facet normal 0 0 -1
    outer loop
      vertex -5.3 -12.38 -2.54
      vertex -3.4 -12.38 -2.54
      vertex -5.3 -13.02 -2.54
    endloop
  endfacet
  facet normal 0 0 -1
    outer loop
      vertex -17.05 -11.43 -2.54
      vertex -3.4 -12.38 -2.54
      vertex -5.3 -12.38 -2.54
    endloop
  endfacet
  facet normal 0 0 -1
    outer loop
      vertex -17.05 -11.43 -2.54
      vertex -5.3 -12.38 -2.54
      vertex -5.94 -12.38 -2.54
    endloop
  endfacet
  facet normal 0 0 -1
    outer loop
      vertex -7.84 -12.38 -2.54
      vertex -5.94 -12.38 -2.54
      vertex -7.84 -13.02 -2.54
    endloop
  endfacet
  facet normal 0 0 -1
    outer loop
      vertex -17.05 -11.43 -2.54
      vertex -5.94 -12.38 -2.54
      vertex -7.84 -12.38 -2.54
    endloop
  endfacet
  facet normal 0 0 -1
    outer loop
      vertex -17.05 -11.43 -2.54
      vertex -7.84 -12.38 -2.54
      vertex -8.48 -12.38 -2.54
    endloop
  endfacet
  facet normal 0 0 -1
    outer loop
      vertex -10.38 -12.38 -2.54
      vertex -8.48 -12.38 -2.54
      vertex -10.38 -13.02 -2.54
    endloop
  endfacet
  facet normal 0 0 -1
    outer loop
      vertex -17.05 -11.43 -2.54
      vertex -8.48 -12.38 -2.54
      vertex -10.38 -12.38 -2.54
    endloop
  endfacet
  facet normal 0 0 -1
    outer loop
      vertex -17.05 -11.43 -2.54
      vertex -10.38 -12.38 -2.54
      vertex -11.02 -12.38 -2.54
    endloop
  endfacet
  facet normal 0 0 -1
    outer loop
      vertex -12.92 -12.38 -2.54
      vertex -11.02 -12.38 -2.54
      vertex -12.92 -13.02 -2.54
    endloop
  endfacet
  facet normal 0 0 -1
    outer loop
      vertex -17.05 -11.43 -2.54
      vertex -11.02 -12.38 -2.54
      vertex -12.92 -12.38 -2.54
    endloop
  endfacet
  facet normal 0 0 -1
    outer loop
      vertex -17.05 -11.43 -2.54
      vertex -12.92 -12.38 -2.54
      vertex -13.56 -12.38 -2.54
    endloop
  endfacet
  facet normal 0 0 -1
    outer loop
      vertex -15.46 -12.38 -2.54
      vertex -13.56 -12.38 -2.54
      vertex -15.46 -13.02 -2.54
    endloop
  endfacet
  facet normal 0 0 -1
    outer loop
      vertex -17.05 -11.43 -2.54
      vertex -13.56 -12.38 -2.54
      vertex -15.46 -12.38 -2.54
    endloop
  endfacet
  facet normal 0 0 -1
    outer loop
      vertex -17.05 -11.43 -2.54
      vertex -15.46 -12.38 -2.54
      vertex -16.1 -12.38 -2.54
    endloop
  endfacet
  facet normal 0 0 -1
    outer loop
      vertex -0.219999 -12.38 -2.54
      vertex -17.05 -11.43 -2.54
      vertex 21.05 -11.43 -2.54
    endloop
  endfacet
  facet normal 0 0 -1
    outer loop
      vertex -17.05 -11.43 -2.54
      vertex -16.1 -12.38 -2.54
      vertex -17.05 -13.97 -2.54
    endloop
  endfacet
  facet normal -1 0 0
    outer loop
      vertex -17.05 -13.97 -2.54
      vertex -17.05 -11.43 0
      vertex -17.05 -11.43 -2.54
    endloop
  endfacet
  facet normal -1 -0 0
    outer loop
      vertex -17.05 -11.43 0
      vertex -17.05 -13.97 -2.54
      vertex -17.05 -13.97 0
    endloop
  endfacet
  facet normal 0 1 -0
    outer loop
      vertex 21.05 -11.43 -2.54
      vertex -17.05 -11.43 0
      vertex 21.05 -11.43 0
    endloop
  endfacet
  facet normal 0 1 0
    outer loop
      vertex -17.05 -11.43 0
      vertex 21.05 -11.43 -2.54
      vertex -17.05 -11.43 -2.54
    endloop
  endfacet
  facet normal 0 -1 0
    outer loop
      vertex -17.05 -13.97 -2.54
      vertex 21.05 -13.97 0
      vertex -17.05 -13.97 0
    endloop
  endfacet
  facet normal 0 -1 -0
    outer loop
      vertex 21.05 -13.97 0
      vertex -17.05 -13.97 -2.54
      vertex 21.05 -13.97 -2.54
    endloop
  endfacet
  facet normal 1 -0 0
    outer loop
      vertex 21.05 11.43 0
      vertex 21.05 13.97 -2.54
      vertex 21.05 13.97 0
    endloop
  endfacet
  facet normal 1 0 0
    outer loop
      vertex 21.05 13.97 -2.54
      vertex 21.05 11.43 0
      vertex 21.05 11.43 -2.54
    endloop
  endfacet
  facet normal 0 0 -1
    outer loop
      vertex 21.05 11.43 -2.54
      vertex 20.1 12.38 -2.54
      vertex 21.05 13.97 -2.54
    endloop
  endfacet
  facet normal 0 0 -1
    outer loop
      vertex 21.05 11.43 -2.54
      vertex 19.46 12.38 -2.54
      vertex 20.1 12.38 -2.54
    endloop
  endfacet
  facet normal 0 0 -1
    outer loop
      vertex 19.46 12.38 -2.54
      vertex 17.56 12.38 -2.54
      vertex 19.46 13.02 -2.54
    endloop
  endfacet
  facet normal 0 0 -1
    outer loop
      vertex 21.05 11.43 -2.54
      vertex 17.56 12.38 -2.54
      vertex 19.46 12.38 -2.54
    endloop
  endfacet
  facet normal 0 0 -1
    outer loop
      vertex 21.05 11.43 -2.54
      vertex 16.92 12.38 -2.54
      vertex 17.56 12.38 -2.54
    endloop
  endfacet
  facet normal 0 0 -1
    outer loop
      vertex 16.92 12.38 -2.54
      vertex 15.02 12.38 -2.54
      vertex 16.92 13.02 -2.54
    endloop
  endfacet
  facet normal 0 0 -1
    outer loop
      vertex 21.05 11.43 -2.54
      vertex 15.02 12.38 -2.54
      vertex 16.92 12.38 -2.54
    endloop
  endfacet
  facet normal 0 0 -1
    outer loop
      vertex 21.05 11.43 -2.54
      vertex 14.38 12.38 -2.54
      vertex 15.02 12.38 -2.54
    endloop
  endfacet
  facet normal 0 0 -1
    outer loop
      vertex 14.38 12.38 -2.54
      vertex 12.48 12.38 -2.54
      vertex 14.38 13.02 -2.54
    endloop
  endfacet
  facet normal 0 0 -1
    outer loop
      vertex 21.05 11.43 -2.54
      vertex 12.48 12.38 -2.54
      vertex 14.38 12.38 -2.54
    endloop
  endfacet
  facet normal 0 0 -1
    outer loop
      vertex 21.05 11.43 -2.54
      vertex 11.84 12.38 -2.54
      vertex 12.48 12.38 -2.54
    endloop
  endfacet
  facet normal 0 0 -1
    outer loop
      vertex 11.84 12.38 -2.54
      vertex 9.94 12.38 -2.54
      vertex 11.84 13.02 -2.54
    endloop
  endfacet
  facet normal 0 0 -1
    outer loop
      vertex 21.05 11.43 -2.54
      vertex 9.94 12.38 -2.54
      vertex 11.84 12.38 -2.54
    endloop
  endfacet
  facet normal 0 0 -1
    outer loop
      vertex 21.05 11.43 -2.54
      vertex 9.3 12.38 -2.54
      vertex 9.94 12.38 -2.54
    endloop
  endfacet
  facet normal 0 0 -1
    outer loop
      vertex 9.3 12.38 -2.54
      vertex 7.4 12.38 -2.54
      vertex 9.3 13.02 -2.54
    endloop
  endfacet
  facet normal 0 0 -1
    outer loop
      vertex 21.05 11.43 -2.54
      vertex 7.4 12.38 -2.54
      vertex 9.3 12.38 -2.54
    endloop
  endfacet
  facet normal 0 0 -1
    outer loop
      vertex 21.05 11.43 -2.54
      vertex 6.76 12.38 -2.54
      vertex 7.4 12.38 -2.54
    endloop
  endfacet
  facet normal 0 0 -1
    outer loop
      vertex 6.76 12.38 -2.54
      vertex 4.86 12.38 -2.54
      vertex 6.76 13.02 -2.54
    endloop
  endfacet
  facet normal 0 0 -1
    outer loop
      vertex 21.05 11.43 -2.54
      vertex 4.86 12.38 -2.54
      vertex 6.76 12.38 -2.54
    endloop
  endfacet
  facet normal 0 0 -1
    outer loop
      vertex 21.05 11.43 -2.54
      vertex 4.22 12.38 -2.54
      vertex 4.86 12.38 -2.54
    endloop
  endfacet
  facet normal 0 0 -1
    outer loop
      vertex 4.22 12.38 -2.54
      vertex 2.32 12.38 -2.54
      vertex 4.22 13.02 -2.54
    endloop
  endfacet
  facet normal 0 0 -1
    outer loop
      vertex 21.05 11.43 -2.54
      vertex 2.32 12.38 -2.54
      vertex 4.22 12.38 -2.54
    endloop
  endfacet
  facet normal 0 0 -1
    outer loop
      vertex 21.05 11.43 -2.54
      vertex 1.68 12.38 -2.54
      vertex 2.32 12.38 -2.54
    endloop
  endfacet
  facet normal 0 0 -1
    outer loop
      vertex 1.68 12.38 -2.54
      vertex -0.219999 12.38 -2.54
      vertex 1.68 13.02 -2.54
    endloop
  endfacet
  facet normal 0 0 -1
    outer loop
      vertex 21.05 11.43 -2.54
      vertex -0.219999 12.38 -2.54
      vertex 1.68 12.38 -2.54
    endloop
  endfacet
  facet normal 0 0 -1
    outer loop
      vertex -17.05 11.43 -2.54
      vertex -0.219999 12.38 -2.54
      vertex 21.05 11.43 -2.54
    endloop
  endfacet
  facet normal 0 0 -1
    outer loop
      vertex -0.86 12.38 -2.54
      vertex -2.76 12.38 -2.54
      vertex -0.86 13.02 -2.54
    endloop
  endfacet
  facet normal -0 0 -1
    outer loop
      vertex -0.219999 12.38 -2.54
      vertex -17.05 11.43 -2.54
      vertex -0.86 12.38 -2.54
    endloop
  endfacet
  facet normal -0 0 -1
    outer loop
      vertex -0.86 12.38 -2.54
      vertex -17.05 11.43 -2.54
      vertex -2.76 12.38 -2.54
    endloop
  endfacet
  facet normal 0 0 -1
    outer loop
      vertex -3.4 12.38 -2.54
      vertex -5.3 12.38 -2.54
      vertex -3.4 13.02 -2.54
    endloop
  endfacet
  facet normal -0 0 -1
    outer loop
      vertex -2.76 12.38 -2.54
      vertex -17.05 11.43 -2.54
      vertex -3.4 12.38 -2.54
    endloop
  endfacet
  facet normal -0 0 -1
    outer loop
      vertex -3.4 12.38 -2.54
      vertex -17.05 11.43 -2.54
      vertex -5.3 12.38 -2.54
    endloop
  endfacet
  facet normal 0 0 -1
    outer loop
      vertex -5.94 12.38 -2.54
      vertex -7.84 12.38 -2.54
      vertex -5.94 13.02 -2.54
    endloop
  endfacet
  facet normal -0 0 -1
    outer loop
      vertex -5.3 12.38 -2.54
      vertex -17.05 11.43 -2.54
      vertex -5.94 12.38 -2.54
    endloop
  endfacet
  facet normal -0 0 -1
    outer loop
      vertex -5.94 12.38 -2.54
      vertex -17.05 11.43 -2.54
      vertex -7.84 12.38 -2.54
    endloop
  endfacet
  facet normal 0 0 -1
    outer loop
      vertex -8.48 12.38 -2.54
      vertex -10.38 12.38 -2.54
      vertex -8.48 13.02 -2.54
    endloop
  endfacet
  facet normal -0 0 -1
    outer loop
      vertex -7.84 12.38 -2.54
      vertex -17.05 11.43 -2.54
      vertex -8.48 12.38 -2.54
    endloop
  endfacet
  facet normal -0 0 -1
    outer loop
      vertex -8.48 12.38 -2.54
      vertex -17.05 11.43 -2.54
      vertex -10.38 12.38 -2.54
    endloop
  endfacet
  facet normal 0 0 -1
    outer loop
      vertex -11.02 12.38 -2.54
      vertex -12.92 12.38 -2.54
      vertex -11.02 13.02 -2.54
    endloop
  endfacet
  facet normal -0 0 -1
    outer loop
      vertex -10.38 12.38 -2.54
      vertex -17.05 11.43 -2.54
      vertex -11.02 12.38 -2.54
    endloop
  endfacet
  facet normal -0 0 -1
    outer loop
      vertex -11.02 12.38 -2.54
      vertex -17.05 11.43 -2.54
      vertex -12.92 12.38 -2.54
    endloop
  endfacet
  facet normal 0 0 -1
    outer loop
      vertex -13.56 12.38 -2.54
      vertex -15.46 12.38 -2.54
      vertex -13.56 13.02 -2.54
    endloop
  endfacet
  facet normal -0 0 -1
    outer loop
      vertex -12.92 12.38 -2.54
      vertex -17.05 11.43 -2.54
      vertex -13.56 12.38 -2.54
    endloop
  endfacet
  facet normal -0 0 -1
    outer loop
      vertex -13.56 12.38 -2.54
      vertex -17.05 11.43 -2.54
      vertex -15.46 12.38 -2.54
    endloop
  endfacet
  facet normal -0 0 -1
    outer loop
      vertex -16.1 12.38 -2.54
      vertex -17.05 11.43 -2.54
      vertex -16.1 13.02 -2.54
    endloop
  endfacet
  facet normal -0 0 -1
    outer loop
      vertex -15.46 12.38 -2.54
      vertex -17.05 11.43 -2.54
      vertex -16.1 12.38 -2.54
    endloop
  endfacet
  facet normal 0 0 -1
    outer loop
      vertex 20.1 13.02 -2.54
      vertex 21.05 13.97 -2.54
      vertex 20.1 12.38 -2.54
    endloop
  endfacet
  facet normal 0 0 -1
    outer loop
      vertex 19.46 13.02 -2.54
      vertex 21.05 13.97 -2.54
      vertex 20.1 13.02 -2.54
    endloop
  endfacet
  facet normal 0 0 -1
    outer loop
      vertex 17.56 13.02 -2.54
      vertex 19.46 13.02 -2.54
      vertex 17.56 12.38 -2.54
    endloop
  endfacet
  facet normal 0 0 -1
    outer loop
      vertex 19.46 13.02 -2.54
      vertex 17.56 13.02 -2.54
      vertex 21.05 13.97 -2.54
    endloop
  endfacet
  facet normal 0 0 -1
    outer loop
      vertex 16.92 13.02 -2.54
      vertex 21.05 13.97 -2.54
      vertex 17.56 13.02 -2.54
    endloop
  endfacet
  facet normal 0 0 -1
    outer loop
      vertex 15.02 13.02 -2.54
      vertex 16.92 13.02 -2.54
      vertex 15.02 12.38 -2.54
    endloop
  endfacet
  facet normal 0 0 -1
    outer loop
      vertex 15.02 13.02 -2.54
      vertex 21.05 13.97 -2.54
      vertex 16.92 13.02 -2.54
    endloop
  endfacet
  facet normal 0 0 -1
    outer loop
      vertex 14.38 13.02 -2.54
      vertex 21.05 13.97 -2.54
      vertex 15.02 13.02 -2.54
    endloop
  endfacet
  facet normal 0 0 -1
    outer loop
      vertex 12.48 13.02 -2.54
      vertex 14.38 13.02 -2.54
      vertex 12.48 12.38 -2.54
    endloop
  endfacet
  facet normal 0 0 -1
    outer loop
      vertex 12.48 13.02 -2.54
      vertex 21.05 13.97 -2.54
      vertex 14.38 13.02 -2.54
    endloop
  endfacet
  facet normal 0 0 -1
    outer loop
      vertex 11.84 13.02 -2.54
      vertex 21.05 13.97 -2.54
      vertex 12.48 13.02 -2.54
    endloop
  endfacet
  facet normal 0 0 -1
    outer loop
      vertex 9.94 13.02 -2.54
      vertex 11.84 13.02 -2.54
      vertex 9.94 12.38 -2.54
    endloop
  endfacet
  facet normal 0 0 -1
    outer loop
      vertex 9.94 13.02 -2.54
      vertex 21.05 13.97 -2.54
      vertex 11.84 13.02 -2.54
    endloop
  endfacet
  facet normal 0 0 -1
    outer loop
      vertex 9.3 13.02 -2.54
      vertex 21.05 13.97 -2.54
      vertex 9.94 13.02 -2.54
    endloop
  endfacet
  facet normal 0 0 -1
    outer loop
      vertex 7.4 13.02 -2.54
      vertex 9.3 13.02 -2.54
      vertex 7.4 12.38 -2.54
    endloop
  endfacet
  facet normal 0 0 -1
    outer loop
      vertex 7.4 13.02 -2.54
      vertex 21.05 13.97 -2.54
      vertex 9.3 13.02 -2.54
    endloop
  endfacet
  facet normal 0 0 -1
    outer loop
      vertex 6.76 13.02 -2.54
      vertex 21.05 13.97 -2.54
      vertex 7.4 13.02 -2.54
    endloop
  endfacet
  facet normal 0 0 -1
    outer loop
      vertex 4.86 13.02 -2.54
      vertex 6.76 13.02 -2.54
      vertex 4.86 12.38 -2.54
    endloop
  endfacet
  facet normal 0 0 -1
    outer loop
      vertex 4.86 13.02 -2.54
      vertex 21.05 13.97 -2.54
      vertex 6.76 13.02 -2.54
    endloop
  endfacet
  facet normal 0 0 -1
    outer loop
      vertex 4.22 13.02 -2.54
      vertex 21.05 13.97 -2.54
      vertex 4.86 13.02 -2.54
    endloop
  endfacet
  facet normal 0 0 -1
    outer loop
      vertex 2.32 13.02 -2.54
      vertex 4.22 13.02 -2.54
      vertex 2.32 12.38 -2.54
    endloop
  endfacet
  facet normal 0 0 -1
    outer loop
      vertex 2.32 13.02 -2.54
      vertex 21.05 13.97 -2.54
      vertex 4.22 13.02 -2.54
    endloop
  endfacet
  facet normal 0 0 -1
    outer loop
      vertex 1.68 13.02 -2.54
      vertex 21.05 13.97 -2.54
      vertex 2.32 13.02 -2.54
    endloop
  endfacet
  facet normal 0 0 -1
    outer loop
      vertex -0.219999 13.02 -2.54
      vertex 1.68 13.02 -2.54
      vertex -0.219999 12.38 -2.54
    endloop
  endfacet
  facet normal 0 0 -1
    outer loop
      vertex -0.219999 13.02 -2.54
      vertex 21.05 13.97 -2.54
      vertex 1.68 13.02 -2.54
    endloop
  endfacet
  facet normal 0 0 -1
    outer loop
      vertex -17.05 13.97 -2.54
      vertex -0.219999 13.02 -2.54
      vertex -0.86 13.02 -2.54
    endloop
  endfacet
  facet normal 0 0 -1
    outer loop
      vertex -2.76 13.02 -2.54
      vertex -0.86 13.02 -2.54
      vertex -2.76 12.38 -2.54
    endloop
  endfacet
  facet normal 0 0 -1
    outer loop
      vertex -17.05 13.97 -2.54
      vertex -0.86 13.02 -2.54
      vertex -2.76 13.02 -2.54
    endloop
  endfacet
  facet normal 0 0 -1
    outer loop
      vertex -17.05 13.97 -2.54
      vertex -2.76 13.02 -2.54
      vertex -3.4 13.02 -2.54
    endloop
  endfacet
  facet normal 0 0 -1
    outer loop
      vertex -5.3 13.02 -2.54
      vertex -3.4 13.02 -2.54
      vertex -5.3 12.38 -2.54
    endloop
  endfacet
  facet normal 0 0 -1
    outer loop
      vertex -17.05 13.97 -2.54
      vertex -3.4 13.02 -2.54
      vertex -5.3 13.02 -2.54
    endloop
  endfacet
  facet normal 0 0 -1
    outer loop
      vertex -17.05 13.97 -2.54
      vertex -5.3 13.02 -2.54
      vertex -5.94 13.02 -2.54
    endloop
  endfacet
  facet normal 0 0 -1
    outer loop
      vertex -7.84 13.02 -2.54
      vertex -5.94 13.02 -2.54
      vertex -7.84 12.38 -2.54
    endloop
  endfacet
  facet normal 0 0 -1
    outer loop
      vertex -17.05 13.97 -2.54
      vertex -5.94 13.02 -2.54
      vertex -7.84 13.02 -2.54
    endloop
  endfacet
  facet normal 0 0 -1
    outer loop
      vertex -17.05 13.97 -2.54
      vertex -7.84 13.02 -2.54
      vertex -8.48 13.02 -2.54
    endloop
  endfacet
  facet normal 0 0 -1
    outer loop
      vertex -10.38 13.02 -2.54
      vertex -8.48 13.02 -2.54
      vertex -10.38 12.38 -2.54
    endloop
  endfacet
  facet normal 0 0 -1
    outer loop
      vertex -17.05 13.97 -2.54
      vertex -8.48 13.02 -2.54
      vertex -10.38 13.02 -2.54
    endloop
  endfacet
  facet normal 0 0 -1
    outer loop
      vertex -17.05 13.97 -2.54
      vertex -10.38 13.02 -2.54
      vertex -11.02 13.02 -2.54
    endloop
  endfacet
  facet normal 0 0 -1
    outer loop
      vertex -12.92 13.02 -2.54
      vertex -11.02 13.02 -2.54
      vertex -12.92 12.38 -2.54
    endloop
  endfacet
  facet normal 0 0 -1
    outer loop
      vertex -17.05 13.97 -2.54
      vertex -11.02 13.02 -2.54
      vertex -12.92 13.02 -2.54
    endloop
  endfacet
  facet normal 0 0 -1
    outer loop
      vertex -17.05 13.97 -2.54
      vertex -12.92 13.02 -2.54
      vertex -13.56 13.02 -2.54
    endloop
  endfacet
  facet normal 0 0 -1
    outer loop
      vertex -15.46 13.02 -2.54
      vertex -13.56 13.02 -2.54
      vertex -15.46 12.38 -2.54
    endloop
  endfacet
  facet normal 0 0 -1
    outer loop
      vertex -17.05 13.97 -2.54
      vertex -13.56 13.02 -2.54
      vertex -15.46 13.02 -2.54
    endloop
  endfacet
  facet normal 0 0 -1
    outer loop
      vertex -17.05 13.97 -2.54
      vertex -15.46 13.02 -2.54
      vertex -16.1 13.02 -2.54
    endloop
  endfacet
  facet normal 0 0 -1
    outer loop
      vertex -0.219999 13.02 -2.54
      vertex -17.05 13.97 -2.54
      vertex 21.05 13.97 -2.54
    endloop
  endfacet
  facet normal 0 0 -1
    outer loop
      vertex -17.05 13.97 -2.54
      vertex -16.1 13.02 -2.54
      vertex -17.05 11.43 -2.54
    endloop
  endfacet
  facet normal -1 0 0
    outer loop
      vertex -17.05 11.43 -2.54
      vertex -17.05 13.97 0
      vertex -17.05 13.97 -2.54
    endloop
  endfacet
  facet normal -1 -0 0
    outer loop
      vertex -17.05 13.97 0
      vertex -17.05 11.43 -2.54
      vertex -17.05 11.43 0
    endloop
  endfacet
  facet normal 0 1 -0
    outer loop
      vertex 21.05 13.97 -2.54
      vertex -17.05 13.97 0
      vertex 21.05 13.97 0
    endloop
  endfacet
  facet normal 0 1 0
    outer loop
      vertex -17.05 13.97 0
      vertex 21.05 13.97 -2.54
      vertex -17.05 13.97 -2.54
    endloop
  endfacet
  facet normal 0 -1 0
    outer loop
      vertex -17.05 11.43 -2.54
      vertex 21.05 11.43 0
      vertex -17.05 11.43 0
    endloop
  endfacet
  facet normal 0 -1 -0
    outer loop
      vertex 21.05 11.43 0
      vertex -17.05 11.43 -2.54
      vertex 21.05 11.43 -2.54
    endloop
  endfacet
  facet normal 1 -0 0
    outer loop
      vertex -20.15 -4.47 4.86
      vertex -20.15 4.47 1.6
      vertex -20.15 4.47 4.86
    endloop
  endfacet
  facet normal 1 0 0
    outer loop
      vertex -20.15 4.47 1.6
      vertex -20.15 -4.47 4.86
      vertex -20.15 -4.47 1.6
    endloop
  endfacet
  facet normal -0 0 1
    outer loop
      vertex -27.5 4.47 4.86
      vertex -20.15 -4.47 4.86
      vertex -20.15 4.47 4.86
    endloop
  endfacet
  facet normal 0 0 1
    outer loop
      vertex -20.15 -4.47 4.86
      vertex -27.5 4.47 4.86
      vertex -27.5 -4.47 4.86
    endloop
  endfacet
  facet normal -1 0 0
    outer loop
      vertex -27.5 -4.47 1.6
      vertex -27.5 4.47 4.86
      vertex -27.5 4.47 1.6
    endloop
  endfacet
  facet normal -1 -0 0
    outer loop
      vertex -27.5 4.47 4.86
      vertex -27.5 -4.47 1.6
      vertex -27.5 -4.47 4.86
    endloop
  endfacet
  facet normal 0 1 0
    outer loop
      vertex -25.75 4.47 1.6
      vertex -20.15 4.47 4.86
      vertex -20.15 4.47 1.6
    endloop
  endfacet
  facet normal 0 1 0
    outer loop
      vertex -20.15 4.47 4.86
      vertex -25.75 4.47 1.6
      vertex -27.5 4.47 4.86
    endloop
  endfacet
  facet normal 0 1 0
    outer loop
      vertex -27.5 4.47 4.86
      vertex -25.75 4.47 1.6
      vertex -27.5 4.47 1.6
    endloop
  endfacet
  facet normal 0 -1 0
    outer loop
      vertex -25.75 -4.47 1.6
      vertex -27.5 -4.47 4.86
      vertex -27.5 -4.47 1.6
    endloop
  endfacet
  facet normal 0 -1 0
    outer loop
      vertex -27.5 -4.47 4.86
      vertex -25.75 -4.47 1.6
      vertex -20.15 -4.47 4.86
    endloop
  endfacet
  facet normal 0 -1 -0
    outer loop
      vertex -20.15 -4.47 4.86
      vertex -25.75 -4.47 1.6
      vertex -20.15 -4.47 1.6
    endloop
  endfacet
endsolid OpenSCAD_Model
