solid OpenSCAD_Model
  facet normal -0.471244 0.882003 0
    outer loop
      vertex -20.8036 20.9401 4.2
      vertex -21.1667 20.7461 13
      vertex -20.8036 20.9401 13
    endloop
  endfacet
  facet normal -0.471244 0.882003 0
    outer loop
      vertex -21.1667 20.7461 13
      vertex -20.8036 20.9401 4.2
      vertex -21.1667 20.7461 4.2
    endloop
  endfacet
  facet normal 0.471244 0.882003 -0
    outer loop
      vertex -18.8333 20.7461 4.2
      vertex -19.1964 20.9401 13
      vertex -18.8333 20.7461 13
    endloop
  endfacet
  facet normal 0.471244 0.882003 0
    outer loop
      vertex -19.1964 20.9401 13
      vertex -18.8333 20.7461 4.2
      vertex -19.1964 20.9401 4.2
    endloop
  endfacet
  facet normal 0.956932 0.290311 0
    outer loop
      vertex -17.9404 19.4097 13
      vertex -18.0599 19.8036 4.2
      vertex -18.0599 19.8036 13
    endloop
  endfacet
  facet normal 0.956932 0.290311 0
    outer loop
      vertex -18.0599 19.8036 4.2
      vertex -17.9404 19.4097 13
      vertex -17.9404 19.4097 4.2
    endloop
  endfacet
  facet normal 0.995173 0.0981328 0
    outer loop
      vertex -17.9 19 13
      vertex -17.9404 19.4097 4.2
      vertex -17.9404 19.4097 13
    endloop
  endfacet
  facet normal 0.995173 0.0981328 0
    outer loop
      vertex -17.9404 19.4097 4.2
      vertex -17.9 19 13
      vertex -17.9 19 4.2
    endloop
  endfacet
  facet normal 0.882003 0.471244 0
    outer loop
      vertex -18.0599 19.8036 13
      vertex -18.2539 20.1667 4.2
      vertex -18.2539 20.1667 13
    endloop
  endfacet
  facet normal 0.882003 0.471244 0
    outer loop
      vertex -18.2539 20.1667 4.2
      vertex -18.0599 19.8036 13
      vertex -18.0599 19.8036 4.2
    endloop
  endfacet
  facet normal 0.0981328 0.995173 -0
    outer loop
      vertex -19.5903 21.0596 4.2
      vertex -20 21.1 13
      vertex -19.5903 21.0596 13
    endloop
  endfacet
  facet normal 0.0981328 0.995173 0
    outer loop
      vertex -20 21.1 13
      vertex -19.5903 21.0596 4.2
      vertex -20 21.1 4.2
    endloop
  endfacet
  facet normal 0.0981328 -0.995173 0
    outer loop
      vertex -20 16.9 4.2
      vertex -19.5903 16.9404 13
      vertex -20 16.9 13
    endloop
  endfacet
  facet normal 0.0981328 -0.995173 0
    outer loop
      vertex -19.5903 16.9404 13
      vertex -20 16.9 4.2
      vertex -19.5903 16.9404 4.2
    endloop
  endfacet
  facet normal 0.290311 0.956932 -0
    outer loop
      vertex -19.1964 20.9401 4.2
      vertex -19.5903 21.0596 13
      vertex -19.1964 20.9401 13
    endloop
  endfacet
  facet normal 0.290311 0.956932 0
    outer loop
      vertex -19.5903 21.0596 13
      vertex -19.1964 20.9401 4.2
      vertex -19.5903 21.0596 4.2
    endloop
  endfacet
  facet normal 0.63448 0.772939 -0
    outer loop
      vertex -18.5151 20.4849 4.2
      vertex -18.8333 20.7461 13
      vertex -18.5151 20.4849 13
    endloop
  endfacet
  facet normal 0.63448 0.772939 0
    outer loop
      vertex -18.8333 20.7461 13
      vertex -18.5151 20.4849 4.2
      vertex -18.8333 20.7461 4.2
    endloop
  endfacet
  facet normal 0.772939 -0.63448 0
    outer loop
      vertex -18.5151 17.5151 13
      vertex -18.2539 17.8333 4.2
      vertex -18.2539 17.8333 13
    endloop
  endfacet
  facet normal 0.772939 -0.63448 0
    outer loop
      vertex -18.2539 17.8333 4.2
      vertex -18.5151 17.5151 13
      vertex -18.5151 17.5151 4.2
    endloop
  endfacet
  facet normal -0.63448 0.772939 0
    outer loop
      vertex -21.1667 20.7461 4.2
      vertex -21.4849 20.4849 13
      vertex -21.1667 20.7461 13
    endloop
  endfacet
  facet normal -0.63448 0.772939 0
    outer loop
      vertex -21.4849 20.4849 13
      vertex -21.1667 20.7461 4.2
      vertex -21.4849 20.4849 4.2
    endloop
  endfacet
  facet normal 0.471244 -0.882003 0
    outer loop
      vertex -19.1964 17.0599 4.2
      vertex -18.8333 17.2539 13
      vertex -19.1964 17.0599 13
    endloop
  endfacet
  facet normal 0.471244 -0.882003 0
    outer loop
      vertex -18.8333 17.2539 13
      vertex -19.1964 17.0599 4.2
      vertex -18.8333 17.2539 4.2
    endloop
  endfacet
  facet normal -0.882003 -0.471244 0
    outer loop
      vertex -21.7461 17.8333 4.2
      vertex -21.9401 18.1964 13
      vertex -21.9401 18.1964 4.2
    endloop
  endfacet
  facet normal -0.882003 -0.471244 0
    outer loop
      vertex -21.9401 18.1964 13
      vertex -21.7461 17.8333 4.2
      vertex -21.7461 17.8333 13
    endloop
  endfacet
  facet normal 0.995173 -0.0981328 0
    outer loop
      vertex -17.9404 18.5903 13
      vertex -17.9 19 4.2
      vertex -17.9 19 13
    endloop
  endfacet
  facet normal 0.995173 -0.0981328 0
    outer loop
      vertex -17.9 19 4.2
      vertex -17.9404 18.5903 13
      vertex -17.9404 18.5903 4.2
    endloop
  endfacet
  facet normal -0.290311 0.956932 0
    outer loop
      vertex -20.4097 21.0596 4.2
      vertex -20.8036 20.9401 13
      vertex -20.4097 21.0596 13
    endloop
  endfacet
  facet normal -0.290311 0.956932 0
    outer loop
      vertex -20.8036 20.9401 13
      vertex -20.4097 21.0596 4.2
      vertex -20.8036 20.9401 4.2
    endloop
  endfacet
  facet normal -0.0981328 -0.995173 0
    outer loop
      vertex -20.4097 16.9404 4.2
      vertex -20 16.9 13
      vertex -20.4097 16.9404 13
    endloop
  endfacet
  facet normal -0.0981328 -0.995173 -0
    outer loop
      vertex -20 16.9 13
      vertex -20.4097 16.9404 4.2
      vertex -20 16.9 4.2
    endloop
  endfacet
  facet normal 0 0 1
    outer loop
      vertex -17.74 -18.875 3
      vertex -23.0374 -24.3256 3
      vertex -22.9771 -24.9664 3
    endloop
  endfacet
  facet normal 0 0 1
    outer loop
      vertex -17.74 -18.875 3
      vertex -23.2182 -23.8638 3
      vertex -23.0374 -24.3256 3
    endloop
  endfacet
  facet normal 0 0 1
    outer loop
      vertex -17.74 -18.875 3
      vertex -23.5256 -23.5845 3
      vertex -23.2182 -23.8638 3
    endloop
  endfacet
  facet normal 0 0 1
    outer loop
      vertex -17.74 -18.875 3
      vertex -23.9658 -23.4915 3
      vertex -23.5256 -23.5845 3
    endloop
  endfacet
  facet normal -0 0 1
    outer loop
      vertex -30.26 -18.875 3
      vertex -23.9658 -23.4915 3
      vertex -17.74 -18.875 3
    endloop
  endfacet
  facet normal 0 0 1
    outer loop
      vertex -24.9085 -24.3205 3
      vertex -30 -29 3
      vertex -24.9687 -24.9664 3
    endloop
  endfacet
  facet normal 0 0 1
    outer loop
      vertex -30.26 -18.875 3
      vertex -24.9085 -24.3205 3
      vertex -24.7276 -23.8597 3
    endloop
  endfacet
  facet normal 0 0 1
    outer loop
      vertex -23.9658 -23.4915 3
      vertex -30.26 -18.875 3
      vertex -24.4166 -23.5835 3
    endloop
  endfacet
  facet normal 0 0 1
    outer loop
      vertex -30.26 -18.875 3
      vertex -24.7276 -23.8597 3
      vertex -24.4166 -23.5835 3
    endloop
  endfacet
  facet normal 0 0 1
    outer loop
      vertex -30.5853 -28.9424 3
      vertex -24.9085 -24.3205 3
      vertex -30.26 -18.875 3
    endloop
  endfacet
  facet normal 0 0 1
    outer loop
      vertex -24.9085 -24.3205 3
      vertex -30.5853 -28.9424 3
      vertex -30 -29 3
    endloop
  endfacet
  facet normal 0 0 1
    outer loop
      vertex -30.26 -13.125 3
      vertex -30.5853 -28.9424 3
      vertex -30.26 -18.875 3
    endloop
  endfacet
  facet normal 0 0 1
    outer loop
      vertex -33 26 3
      vertex -30.5853 28.9424 3
      vertex -31.148 28.7716 3
    endloop
  endfacet
  facet normal 0 0 1
    outer loop
      vertex -33 -26 3
      vertex -30.26 -13.125 3
      vertex -33 26 3
    endloop
  endfacet
  facet normal 0 0 1
    outer loop
      vertex -33 26 3
      vertex -31.148 28.7716 3
      vertex -31.6667 28.4944 3
    endloop
  endfacet
  facet normal 0 0 1
    outer loop
      vertex -30.26 -13.125 3
      vertex -33 -26 3
      vertex -30.5853 -28.9424 3
    endloop
  endfacet
  facet normal 0 0 1
    outer loop
      vertex -33 26 3
      vertex -31.6667 28.4944 3
      vertex -32.1213 28.1213 3
    endloop
  endfacet
  facet normal 0 0 1
    outer loop
      vertex -30.5853 -28.9424 3
      vertex -33 -26 3
      vertex -31.148 -28.7716 3
    endloop
  endfacet
  facet normal 0 0 1
    outer loop
      vertex -33 26 3
      vertex -32.1213 28.1213 3
      vertex -32.4944 27.6667 3
    endloop
  endfacet
  facet normal 0 0 1
    outer loop
      vertex -31.148 -28.7716 3
      vertex -33 -26 3
      vertex -31.6667 -28.4944 3
    endloop
  endfacet
  facet normal 0 0 1
    outer loop
      vertex -33 26 3
      vertex -32.4944 27.6667 3
      vertex -32.7716 27.148 3
    endloop
  endfacet
  facet normal 0 0 1
    outer loop
      vertex -31.6667 -28.4944 3
      vertex -33 -26 3
      vertex -32.1213 -28.1213 3
    endloop
  endfacet
  facet normal 0 0 1
    outer loop
      vertex -33 26 3
      vertex -32.7716 27.148 3
      vertex -32.9424 26.5853 3
    endloop
  endfacet
  facet normal 0 0 1
    outer loop
      vertex -32.1213 -28.1213 3
      vertex -33 -26 3
      vertex -32.4944 -27.6667 3
    endloop
  endfacet
  facet normal 0 0 1
    outer loop
      vertex -32.4944 -27.6667 3
      vertex -33 -26 3
      vertex -32.7716 -27.148 3
    endloop
  endfacet
  facet normal 0 0 1
    outer loop
      vertex -32.7716 -27.148 3
      vertex -33 -26 3
      vertex -32.9424 -26.5853 3
    endloop
  endfacet
  facet normal 0 0 1
    outer loop
      vertex -21.2629 15.9512 3
      vertex -22.3162 12.4658 3
      vertex -21.9785 12.4658 3
    endloop
  endfacet
  facet normal 0 0 1
    outer loop
      vertex -22.3335 16.6665 3
      vertex -22.3162 12.4658 3
      vertex -21.8334 16.2562 3
    endloop
  endfacet
  facet normal 0 0 1
    outer loop
      vertex -22.9937 11.9999 3
      vertex -22.3335 16.6665 3
      vertex -22.7438 17.1666 3
    endloop
  endfacet
  facet normal 0 0 1
    outer loop
      vertex -22.3335 16.6665 3
      vertex -22.9937 11.9999 3
      vertex -22.3162 12.4658 3
    endloop
  endfacet
  facet normal 0 0 1
    outer loop
      vertex -25 8 3
      vertex -22.9937 11.9999 3
      vertex -23.0488 17.7371 3
    endloop
  endfacet
  facet normal 0 0 1
    outer loop
      vertex -23.0488 17.7371 3
      vertex -22.9937 11.9999 3
      vertex -22.7438 17.1666 3
    endloop
  endfacet
  facet normal 0 0 1
    outer loop
      vertex -20.6438 15.7634 3
      vertex -21.9785 12.4658 3
      vertex -20.7856 12.4658 3
    endloop
  endfacet
  facet normal 0 0 1
    outer loop
      vertex -20.7856 12.4658 3
      vertex -21.9785 12.4658 3
      vertex -21.2807 9.91063 3
    endloop
  endfacet
  facet normal 0 0 1
    outer loop
      vertex -21.2807 9.91063 3
      vertex -21.9785 12.4658 3
      vertex -21.9785 9.91063 3
    endloop
  endfacet
  facet normal -0 0 1
    outer loop
      vertex -22.9937 11.6541 3
      vertex -22.3468 9.91063 3
      vertex -22.3468 12.1159 3
    endloop
  endfacet
  facet normal 0 0 1
    outer loop
      vertex -22.9937 11.6541 3
      vertex -23.0771 9.91063 3
      vertex -22.3468 9.91063 3
    endloop
  endfacet
  facet normal 0 0 1
    outer loop
      vertex -22.9937 11.9999 3
      vertex -25 8 3
      vertex -22.9937 11.6541 3
    endloop
  endfacet
  facet normal 0 0 1
    outer loop
      vertex -22.9937 11.6541 3
      vertex -25 8 3
      vertex -23.0771 9.91063 3
    endloop
  endfacet
  facet normal 0 0 1
    outer loop
      vertex -25 8 3
      vertex -23.0488 17.7371 3
      vertex -23.2366 18.3562 3
    endloop
  endfacet
  facet normal 0 0 1
    outer loop
      vertex -18.7058 11.0336 3
      vertex -19.0521 10.8943 3
      vertex -18.9893 10.5332 3
    endloop
  endfacet
  facet normal 0 0 1
    outer loop
      vertex -18.4647 12.1403 3
      vertex -19.1561 12.1546 3
      vertex -18.6455 11.6795 3
    endloop
  endfacet
  facet normal -0 0 1
    outer loop
      vertex -19.3562 15.7634 3
      vertex -19.1561 12.4658 3
      vertex -18.7371 15.9512 3
    endloop
  endfacet
  facet normal -0 0 1
    outer loop
      vertex -20 15.7 3
      vertex -19.1561 12.4658 3
      vertex -19.3562 15.7634 3
    endloop
  endfacet
  facet normal 0 0 1
    outer loop
      vertex -20.7856 12.4658 3
      vertex -20 15.7 3
      vertex -20.6438 15.7634 3
    endloop
  endfacet
  facet normal 0 0 1
    outer loop
      vertex -20 15.7 3
      vertex -20.7856 12.4658 3
      vertex -19.1561 12.4658 3
    endloop
  endfacet
  facet normal 0 0 1
    outer loop
      vertex -21.9785 12.4658 3
      vertex -20.6438 15.7634 3
      vertex -21.2629 15.9512 3
    endloop
  endfacet
  facet normal 0 0 1
    outer loop
      vertex -22.3162 12.4658 3
      vertex -21.2629 15.9512 3
      vertex -21.8334 16.2562 3
    endloop
  endfacet
  facet normal 0 0 1
    outer loop
      vertex -20.7856 12.4658 3
      vertex -21.2807 9.91063 3
      vertex -20.8813 10.9238 3
    endloop
  endfacet
  facet normal 0 0 1
    outer loop
      vertex -19.2405 11.1801 3
      vertex -18.6455 11.6795 3
      vertex -19.1561 12.1546 3
    endloop
  endfacet
  facet normal 0 0 1
    outer loop
      vertex -18.6455 11.6795 3
      vertex -19.2405 11.1801 3
      vertex -19.0521 10.8943 3
    endloop
  endfacet
  facet normal 0 0 1
    outer loop
      vertex -19.1561 12.1546 3
      vertex -19.5348 11.3662 3
      vertex -19.2405 11.1801 3
    endloop
  endfacet
  facet normal 0 0 1
    outer loop
      vertex -19.1561 12.1546 3
      vertex -19.9149 11.4283 3
      vertex -19.5348 11.3662 3
    endloop
  endfacet
  facet normal -0 0 1
    outer loop
      vertex -20.452 12.1546 3
      vertex -19.9149 11.4283 3
      vertex -19.1561 12.1546 3
    endloop
  endfacet
  facet normal 0 0 1
    outer loop
      vertex -19.9149 11.4283 3
      vertex -20.452 12.1546 3
      vertex -20.2399 11.3825 3
    endloop
  endfacet
  facet normal 0 0 1
    outer loop
      vertex -20.2399 11.3825 3
      vertex -20.452 12.1546 3
      vertex -20.5069 11.2452 3
    endloop
  endfacet
  facet normal 0 0 1
    outer loop
      vertex -19.7346 11.0875 3
      vertex -19.3697 10.525 3
      vertex -19.4117 10.7697 3
    endloop
  endfacet
  facet normal 0 0 1
    outer loop
      vertex -20.5944 10.2829 3
      vertex -19.3697 10.525 3
      vertex -19.9902 11.1292 3
    endloop
  endfacet
  facet normal 0 0 1
    outer loop
      vertex -19.7346 11.0875 3
      vertex -19.4117 10.7697 3
      vertex -19.5376 10.9624 3
    endloop
  endfacet
  facet normal 0 0 1
    outer loop
      vertex -19.3697 10.525 3
      vertex -19.7346 11.0875 3
      vertex -19.9902 11.1292 3
    endloop
  endfacet
  facet normal 0 0 1
    outer loop
      vertex -19.3697 10.525 3
      vertex -19.9983 9.85774 3
      vertex -19.4114 10.2471 3
    endloop
  endfacet
  facet normal 0 -0 1
    outer loop
      vertex -19.7354 9.90224 3
      vertex -19.4114 10.2471 3
      vertex -19.9983 9.85774 3
    endloop
  endfacet
  facet normal 0 0 1
    outer loop
      vertex -19.4114 10.2471 3
      vertex -19.7354 9.90224 3
      vertex -19.5365 10.0357 3
    endloop
  endfacet
  facet normal 0 0 1
    outer loop
      vertex -20.5944 10.2829 3
      vertex -19.9902 11.1292 3
      vertex -20.1336 11.1175 3
    endloop
  endfacet
  facet normal 0 0 1
    outer loop
      vertex -20.5944 10.2829 3
      vertex -20.1336 11.1175 3
      vertex -20.2669 11.0824 3
    endloop
  endfacet
  facet normal 0 0 1
    outer loop
      vertex -19.3697 10.525 3
      vertex -20.5944 10.2829 3
      vertex -19.9983 9.85774 3
    endloop
  endfacet
  facet normal 0 0 1
    outer loop
      vertex -20.5944 10.2829 3
      vertex -20.2669 11.0824 3
      vertex -20.395 11.0194 3
    endloop
  endfacet
  facet normal 0 0 1
    outer loop
      vertex -20.5944 10.2829 3
      vertex -20.395 11.0194 3
      vertex -20.5232 10.9238 3
    endloop
  endfacet
  facet normal 0 0 1
    outer loop
      vertex -19.9983 9.85774 3
      vertex -20.5944 10.2829 3
      vertex -20.3874 9.96404 3
    endloop
  endfacet
  facet normal -0 0 1
    outer loop
      vertex -20.8813 10.9238 3
      vertex -20.5944 10.2829 3
      vertex -20.5232 10.9238 3
    endloop
  endfacet
  facet normal 0 0 1
    outer loop
      vertex -20.5944 10.2829 3
      vertex -20.8813 10.9238 3
      vertex -20.9646 10.2402 3
    endloop
  endfacet
  facet normal 0 0 1
    outer loop
      vertex -13.0488 17.7371 3
      vertex -16.9512 17.7371 3
      vertex -12.7438 17.1666 3
    endloop
  endfacet
  facet normal 0 0 1
    outer loop
      vertex -12.7438 17.1666 3
      vertex -16.7744 11.6744 3
      vertex -16.7141 11.0336 3
    endloop
  endfacet
  facet normal 0 0 1
    outer loop
      vertex -17.2562 17.1666 3
      vertex -12.7438 17.1666 3
      vertex -16.9512 17.7371 3
    endloop
  endfacet
  facet normal 0 0 1
    outer loop
      vertex -12.7438 17.1666 3
      vertex -16.9552 12.1362 3
      vertex -16.7744 11.6744 3
    endloop
  endfacet
  facet normal 0 0 1
    outer loop
      vertex -17.6665 16.6665 3
      vertex -12.7438 17.1666 3
      vertex -17.2562 17.1666 3
    endloop
  endfacet
  facet normal 0 0 1
    outer loop
      vertex -12.7438 17.1666 3
      vertex -17.2626 12.4155 3
      vertex -16.9552 12.1362 3
    endloop
  endfacet
  facet normal 0 0 1
    outer loop
      vertex -12.7438 17.1666 3
      vertex -17.6665 16.6665 3
      vertex -17.2626 12.4155 3
    endloop
  endfacet
  facet normal -0 0 1
    outer loop
      vertex -18.1666 16.2562 3
      vertex -17.2626 12.4155 3
      vertex -17.6665 16.6665 3
    endloop
  endfacet
  facet normal 0 0 1
    outer loop
      vertex -17.2626 12.4155 3
      vertex -18.1666 16.2562 3
      vertex -17.7028 12.5085 3
    endloop
  endfacet
  facet normal -0 0 1
    outer loop
      vertex -18.7371 15.9512 3
      vertex -17.7028 12.5085 3
      vertex -18.1666 16.2562 3
    endloop
  endfacet
  facet normal 0 0 1
    outer loop
      vertex -17.7028 12.5085 3
      vertex -18.7371 15.9512 3
      vertex -18.1537 12.4165 3
    endloop
  endfacet
  facet normal -0 0 1
    outer loop
      vertex -19.1561 12.4658 3
      vertex -18.1537 12.4165 3
      vertex -18.7371 15.9512 3
    endloop
  endfacet
  facet normal -0 0 1
    outer loop
      vertex -19.1561 12.1546 3
      vertex -18.4647 12.1403 3
      vertex -19.1561 12.4658 3
    endloop
  endfacet
  facet normal 0 0 1
    outer loop
      vertex -18.1537 12.4165 3
      vertex -19.1561 12.4658 3
      vertex -18.4647 12.1403 3
    endloop
  endfacet
  facet normal 0 0 1
    outer loop
      vertex -11.2629 15.9512 3
      vertex -12.3162 12.4658 3
      vertex -11.9785 12.4658 3
    endloop
  endfacet
  facet normal 0 0 1
    outer loop
      vertex -12.3335 16.6665 3
      vertex -12.3162 12.4658 3
      vertex -11.8334 16.2562 3
    endloop
  endfacet
  facet normal 0 0 1
    outer loop
      vertex -12.9937 11.9999 3
      vertex -12.3335 16.6665 3
      vertex -12.7438 17.1666 3
    endloop
  endfacet
  facet normal 0 0 1
    outer loop
      vertex -12.3335 16.6665 3
      vertex -12.9937 11.9999 3
      vertex -12.3162 12.4658 3
    endloop
  endfacet
  facet normal 0 0 1
    outer loop
      vertex -12.7438 17.1666 3
      vertex -16.7141 11.0336 3
      vertex -12.9937 11.9999 3
    endloop
  endfacet
  facet normal 0 0 1
    outer loop
      vertex -16.9512 17.7371 3
      vertex -13.0488 17.7371 3
      vertex -16.7634 18.3562 3
    endloop
  endfacet
  facet normal 0 0 1
    outer loop
      vertex -10.6534 12.1098 3
      vertex -11.9785 12.4658 3
      vertex -10.8533 11.6246 3
    endloop
  endfacet
  facet normal 0 0 1
    outer loop
      vertex -11.9785 9.91063 3
      vertex -10.8533 11.6246 3
      vertex -11.9785 12.4658 3
    endloop
  endfacet
  facet normal 0 0 1
    outer loop
      vertex -10.8533 11.6246 3
      vertex -11.9785 9.91063 3
      vertex -11.2807 9.91063 3
    endloop
  endfacet
  facet normal -0 0 1
    outer loop
      vertex -12.9937 11.6541 3
      vertex -12.3468 9.91063 3
      vertex -12.3468 12.1159 3
    endloop
  endfacet
  facet normal 0 0 1
    outer loop
      vertex -12.9937 11.6541 3
      vertex -13.0771 9.91063 3
      vertex -12.3468 9.91063 3
    endloop
  endfacet
  facet normal 0 0 1
    outer loop
      vertex -12.9937 11.9999 3
      vertex -16.7141 11.0336 3
      vertex -12.9937 11.6541 3
    endloop
  endfacet
  facet normal 0 0 1
    outer loop
      vertex -12.9937 11.6541 3
      vertex -16.7141 11.0336 3
      vertex -13.0771 9.91063 3
    endloop
  endfacet
  facet normal -0 0 1
    outer loop
      vertex -16.7634 18.3562 3
      vertex -13.0488 17.7371 3
      vertex -13.2366 18.3562 3
    endloop
  endfacet
  facet normal 0 0 1
    outer loop
      vertex -8.70576 11.0336 3
      vertex -9.05568 10.9136 3
      vertex -8.99745 10.5372 3
    endloop
  endfacet
  facet normal 0 0 1
    outer loop
      vertex -9.23039 11.2045 3
      vertex -8.64549 11.6795 3
      vertex -9.07677 11.9247 3
    endloop
  endfacet
  facet normal 0 0 1
    outer loop
      vertex -9.36566 12.3626 3
      vertex -8.73715 15.9512 3
      vertex -9.3562 15.7634 3
    endloop
  endfacet
  facet normal 0 0 1
    outer loop
      vertex -8.46469 12.1403 3
      vertex -9.07677 11.9247 3
      vertex -8.64549 11.6795 3
    endloop
  endfacet
  facet normal 0 0 1
    outer loop
      vertex -9.3562 15.7634 3
      vertex -9.89459 12.5085 3
      vertex -9.36566 12.3626 3
    endloop
  endfacet
  facet normal -0 0 1
    outer loop
      vertex -10 15.7 3
      vertex -9.89459 12.5085 3
      vertex -9.3562 15.7634 3
    endloop
  endfacet
  facet normal 0 0 1
    outer loop
      vertex -10 15.7 3
      vertex -10.3304 12.4088 3
      vertex -9.89459 12.5085 3
    endloop
  endfacet
  facet normal 0 0 1
    outer loop
      vertex -10.6438 15.7634 3
      vertex -10.3304 12.4088 3
      vertex -10 15.7 3
    endloop
  endfacet
  facet normal 0 0 1
    outer loop
      vertex -11.9785 12.4658 3
      vertex -10.6438 15.7634 3
      vertex -11.2629 15.9512 3
    endloop
  endfacet
  facet normal 0 0 1
    outer loop
      vertex -10.6438 15.7634 3
      vertex -11.9785 12.4658 3
      vertex -10.3304 12.4088 3
    endloop
  endfacet
  facet normal 0 0 1
    outer loop
      vertex -12.3162 12.4658 3
      vertex -11.2629 15.9512 3
      vertex -11.8334 16.2562 3
    endloop
  endfacet
  facet normal 0 0 1
    outer loop
      vertex -10.3304 12.4088 3
      vertex -11.9785 12.4658 3
      vertex -10.6534 12.1098 3
    endloop
  endfacet
  facet normal 0 0 1
    outer loop
      vertex -8.64549 11.6795 3
      vertex -9.23039 11.2045 3
      vertex -9.05568 10.9136 3
    endloop
  endfacet
  facet normal 0 0 1
    outer loop
      vertex -9.50426 11.3906 3
      vertex -9.07677 11.9247 3
      vertex -9.42668 11.8616 3
    endloop
  endfacet
  facet normal 0 0 1
    outer loop
      vertex -9.07677 11.9247 3
      vertex -9.50426 11.3906 3
      vertex -9.23039 11.2045 3
    endloop
  endfacet
  facet normal 0 0 1
    outer loop
      vertex -9.86 11.4527 3
      vertex -9.42668 11.8616 3
      vertex -9.59859 12.124 3
    endloop
  endfacet
  facet normal 0 0 1
    outer loop
      vertex -9.42668 11.8616 3
      vertex -9.86 11.4527 3
      vertex -9.50426 11.3906 3
    endloop
  endfacet
  facet normal 0 0 1
    outer loop
      vertex -9.89868 12.2115 3
      vertex -9.86 11.4527 3
      vertex -9.59859 12.124 3
    endloop
  endfacet
  facet normal -0 0 1
    outer loop
      vertex -10.1766 12.1385 3
      vertex -9.86 11.4527 3
      vertex -9.89868 12.2115 3
    endloop
  endfacet
  facet normal 0 0 1
    outer loop
      vertex -9.86 11.4527 3
      vertex -10.1766 12.1385 3
      vertex -10.0807 11.4285 3
    endloop
  endfacet
  facet normal -0 0 1
    outer loop
      vertex -10.3839 11.9196 3
      vertex -10.0807 11.4285 3
      vertex -10.1766 12.1385 3
    endloop
  endfacet
  facet normal -0 0 1
    outer loop
      vertex -10.5128 11.5623 3
      vertex -10.0807 11.4285 3
      vertex -10.3839 11.9196 3
    endloop
  endfacet
  facet normal 0 0 1
    outer loop
      vertex -10.0807 11.4285 3
      vertex -10.5128 11.5623 3
      vertex -10.275 11.356 3
    endloop
  endfacet
  facet normal 0 0 1
    outer loop
      vertex -10.275 11.356 3
      vertex -10.5128 11.5623 3
      vertex -10.4357 11.2373 3
    endloop
  endfacet
  facet normal 0 0 1
    outer loop
      vertex -10.4357 11.2373 3
      vertex -10.5128 11.5623 3
      vertex -10.5558 11.0743 3
    endloop
  endfacet
  facet normal 0 0 1
    outer loop
      vertex -8.8661 -24.9125 3
      vertex -8.50119 -25.475 3
      vertex -8.54315 -25.2303 3
    endloop
  endfacet
  facet normal 0 0 1
    outer loop
      vertex -9.72588 -25.7171 3
      vertex -8.50119 -25.475 3
      vertex -9.12167 -24.8708 3
    endloop
  endfacet
  facet normal 0 0 1
    outer loop
      vertex -8.8661 -24.9125 3
      vertex -8.54315 -25.2303 3
      vertex -8.66904 -25.0376 3
    endloop
  endfacet
  facet normal 0 0 1
    outer loop
      vertex -8.50119 -25.475 3
      vertex -8.8661 -24.9125 3
      vertex -9.12167 -24.8708 3
    endloop
  endfacet
  facet normal 0 0 1
    outer loop
      vertex -8.50119 -25.475 3
      vertex -9.12981 -26.1423 3
      vertex -8.54289 -25.7529 3
    endloop
  endfacet
  facet normal 0 -0 1
    outer loop
      vertex -8.86688 -26.0978 3
      vertex -8.54289 -25.7529 3
      vertex -9.12981 -26.1423 3
    endloop
  endfacet
  facet normal 0 0 1
    outer loop
      vertex -8.54289 -25.7529 3
      vertex -8.86688 -26.0978 3
      vertex -8.66801 -25.9643 3
    endloop
  endfacet
  facet normal 0 0 1
    outer loop
      vertex -9.72588 -25.7171 3
      vertex -9.12167 -24.8708 3
      vertex -9.26511 -24.8825 3
    endloop
  endfacet
  facet normal 0 0 1
    outer loop
      vertex -9.72588 -25.7171 3
      vertex -9.26511 -24.8825 3
      vertex -9.39838 -24.9176 3
    endloop
  endfacet
  facet normal 0 0 1
    outer loop
      vertex -8.50119 -25.475 3
      vertex -9.72588 -25.7171 3
      vertex -9.12981 -26.1423 3
    endloop
  endfacet
  facet normal 0 0 1
    outer loop
      vertex -9.72588 -25.7171 3
      vertex -9.39838 -24.9176 3
      vertex -9.52654 -24.9806 3
    endloop
  endfacet
  facet normal 0 0 1
    outer loop
      vertex -9.72588 -25.7171 3
      vertex -9.52654 -24.9806 3
      vertex -9.65469 -25.0762 3
    endloop
  endfacet
  facet normal 0 0 1
    outer loop
      vertex -9.12981 -26.1423 3
      vertex -9.72588 -25.7171 3
      vertex -9.51889 -26.036 3
    endloop
  endfacet
  facet normal -0 0 1
    outer loop
      vertex -10.0127 -25.0762 3
      vertex -9.72588 -25.7171 3
      vertex -9.65469 -25.0762 3
    endloop
  endfacet
  facet normal 0 0 1
    outer loop
      vertex -9.72588 -25.7171 3
      vertex -10.0127 -25.0762 3
      vertex -10.0961 -25.7598 3
    endloop
  endfacet
  facet normal 0 0 1
    outer loop
      vertex -3.0488 17.7371 3
      vertex -6.9512 17.7371 3
      vertex -2.74385 17.1666 3
    endloop
  endfacet
  facet normal 0 0 1
    outer loop
      vertex -2.74385 17.1666 3
      vertex -6.7744 11.6744 3
      vertex -6.71413 11.0336 3
    endloop
  endfacet
  facet normal 0 0 1
    outer loop
      vertex -7.25615 17.1666 3
      vertex -2.74385 17.1666 3
      vertex -6.9512 17.7371 3
    endloop
  endfacet
  facet normal 0 0 1
    outer loop
      vertex -2.74385 17.1666 3
      vertex -6.95522 12.1362 3
      vertex -6.7744 11.6744 3
    endloop
  endfacet
  facet normal 0 0 1
    outer loop
      vertex -7.66655 16.6665 3
      vertex -2.74385 17.1666 3
      vertex -7.25615 17.1666 3
    endloop
  endfacet
  facet normal 0 0 1
    outer loop
      vertex -2.74385 17.1666 3
      vertex -7.26263 12.4155 3
      vertex -6.95522 12.1362 3
    endloop
  endfacet
  facet normal 0 0 1
    outer loop
      vertex -2.74385 17.1666 3
      vertex -7.66655 16.6665 3
      vertex -7.26263 12.4155 3
    endloop
  endfacet
  facet normal -0 0 1
    outer loop
      vertex -8.16662 16.2562 3
      vertex -7.26263 12.4155 3
      vertex -7.66655 16.6665 3
    endloop
  endfacet
  facet normal 0 0 1
    outer loop
      vertex -7.26263 12.4155 3
      vertex -8.16662 16.2562 3
      vertex -7.7028 12.5085 3
    endloop
  endfacet
  facet normal -0 0 1
    outer loop
      vertex -8.73715 15.9512 3
      vertex -7.7028 12.5085 3
      vertex -8.16662 16.2562 3
    endloop
  endfacet
  facet normal 0 0 1
    outer loop
      vertex -7.7028 12.5085 3
      vertex -8.73715 15.9512 3
      vertex -8.15367 12.4165 3
    endloop
  endfacet
  facet normal 0 0 1
    outer loop
      vertex -9.36566 12.3626 3
      vertex -8.15367 12.4165 3
      vertex -8.73715 15.9512 3
    endloop
  endfacet
  facet normal 0 -0 1
    outer loop
      vertex -9.07677 11.9247 3
      vertex -8.46469 12.1403 3
      vertex -9.36566 12.3626 3
    endloop
  endfacet
  facet normal 0 0 1
    outer loop
      vertex -8.15367 12.4165 3
      vertex -9.36566 12.3626 3
      vertex -8.46469 12.1403 3
    endloop
  endfacet
  facet normal 0 0 1
    outer loop
      vertex 0.74 -19.875 3
      vertex -5.90588 -24.3256 3
      vertex -5.84561 -24.9664 3
    endloop
  endfacet
  facet normal 0 0 1
    outer loop
      vertex -1.24 -19.375 3
      vertex -6.0867 -23.8638 3
      vertex -5.90588 -24.3256 3
    endloop
  endfacet
  facet normal 0 0 1
    outer loop
      vertex -1.24 -19.375 3
      vertex -6.39412 -23.5845 3
      vertex -6.0867 -23.8638 3
    endloop
  endfacet
  facet normal 0 0 1
    outer loop
      vertex -1.24 -19.375 3
      vertex -6.8343 -23.4915 3
      vertex -6.39412 -23.5845 3
    endloop
  endfacet
  facet normal 0 0 1
    outer loop
      vertex -8.2876 -23.5342 3
      vertex -6.8343 -23.4915 3
      vertex -1.24 -19.375 3
    endloop
  endfacet
  facet normal -0 0 1
    outer loop
      vertex -8.37201 -24.8199 3
      vertex -7.83727 -24.9664 3
      vertex -7.77699 -24.3205 3
    endloop
  endfacet
  facet normal 0 0 1
    outer loop
      vertex -7.83727 -24.9664 3
      vertex -8.18358 -25.1057 3
      vertex -8.12076 -25.4668 3
    endloop
  endfacet
  facet normal 0 0 1
    outer loop
      vertex -8.2876 -23.8454 3
      vertex -7.77699 -24.3205 3
      vertex -7.59618 -23.8597 3
    endloop
  endfacet
  facet normal -0 0 1
    outer loop
      vertex -8.2876 -23.8454 3
      vertex -7.59618 -23.8597 3
      vertex -8.2876 -23.5342 3
    endloop
  endfacet
  facet normal 0 0 1
    outer loop
      vertex -7.28517 -23.5835 3
      vertex -8.2876 -23.5342 3
      vertex -7.59618 -23.8597 3
    endloop
  endfacet
  facet normal 0 0 1
    outer loop
      vertex -6.8343 -23.4915 3
      vertex -8.2876 -23.5342 3
      vertex -7.28517 -23.5835 3
    endloop
  endfacet
  facet normal -0 0 1
    outer loop
      vertex -14.76 -19.375 3
      vertex -8.2876 -23.5342 3
      vertex -1.24 -19.375 3
    endloop
  endfacet
  facet normal 0 0 1
    outer loop
      vertex -14.76 -19.375 3
      vertex -10.0127 -25.0762 3
      vertex -9.91713 -23.5342 3
    endloop
  endfacet
  facet normal 0 0 1
    outer loop
      vertex -10.0127 -25.0762 3
      vertex -14.76 -19.375 3
      vertex -10.0961 -25.7598 3
    endloop
  endfacet
  facet normal 0 0 1
    outer loop
      vertex -8.2876 -23.5342 3
      vertex -14.76 -19.375 3
      vertex -9.91713 -23.5342 3
    endloop
  endfacet
  facet normal 0 0 1
    outer loop
      vertex -7.77699 -24.3205 3
      vertex -8.2876 -23.8454 3
      vertex -8.37201 -24.8199 3
    endloop
  endfacet
  facet normal 0 0 1
    outer loop
      vertex -7.83727 -24.9664 3
      vertex -8.37201 -24.8199 3
      vertex -8.18358 -25.1057 3
    endloop
  endfacet
  facet normal 0 0 1
    outer loop
      vertex -8.2876 -23.8454 3
      vertex -8.66623 -24.6338 3
      vertex -8.37201 -24.8199 3
    endloop
  endfacet
  facet normal 0 0 1
    outer loop
      vertex -8.2876 -23.8454 3
      vertex -9.04642 -24.5717 3
      vertex -8.66623 -24.6338 3
    endloop
  endfacet
  facet normal -0 0 1
    outer loop
      vertex -9.5835 -23.8454 3
      vertex -9.04642 -24.5717 3
      vertex -8.2876 -23.8454 3
    endloop
  endfacet
  facet normal 0 0 1
    outer loop
      vertex -9.04642 -24.5717 3
      vertex -9.5835 -23.8454 3
      vertex -9.3714 -24.6175 3
    endloop
  endfacet
  facet normal 0 0 1
    outer loop
      vertex -9.3714 -24.6175 3
      vertex -9.5835 -23.8454 3
      vertex -9.63843 -24.7548 3
    endloop
  endfacet
  facet normal 0 0 1
    outer loop
      vertex -1.26285 15.9512 3
      vertex -2.31622 12.4658 3
      vertex -1.97852 12.4658 3
    endloop
  endfacet
  facet normal 0 0 1
    outer loop
      vertex -2.33345 16.6665 3
      vertex -2.31622 12.4658 3
      vertex -1.83338 16.2562 3
    endloop
  endfacet
  facet normal 0 0 1
    outer loop
      vertex -2.99368 11.9999 3
      vertex -2.33345 16.6665 3
      vertex -2.74385 17.1666 3
    endloop
  endfacet
  facet normal 0 0 1
    outer loop
      vertex -2.33345 16.6665 3
      vertex -2.99368 11.9999 3
      vertex -2.31622 12.4658 3
    endloop
  endfacet
  facet normal 0 0 1
    outer loop
      vertex -2.74385 17.1666 3
      vertex -6.71413 11.0336 3
      vertex -2.99368 11.9999 3
    endloop
  endfacet
  facet normal 0 0 1
    outer loop
      vertex -6.9512 17.7371 3
      vertex -3.0488 17.7371 3
      vertex -6.76341 18.3562 3
    endloop
  endfacet
  facet normal 0 0 1
    outer loop
      vertex -1.26285 15.9512 3
      vertex -1.97852 12.4658 3
      vertex -0.917877 12.4658 3
    endloop
  endfacet
  facet normal 0 0 1
    outer loop
      vertex -0.917877 12.4658 3
      vertex -1.97852 12.4658 3
      vertex -1.28075 9.91063 3
    endloop
  endfacet
  facet normal 0 0 1
    outer loop
      vertex -1.28075 9.91063 3
      vertex -1.97852 12.4658 3
      vertex -1.97852 9.91063 3
    endloop
  endfacet
  facet normal -0 0 1
    outer loop
      vertex 0.643798 15.7634 3
      vertex 0.97612 12.4658 3
      vertex 1.26285 15.9512 3
    endloop
  endfacet
  facet normal -0 0 1
    outer loop
      vertex 0 15.7 3
      vertex 0.97612 12.4658 3
      vertex 0.643798 15.7634 3
    endloop
  endfacet
  facet normal 0 0 1
    outer loop
      vertex -0.917877 12.4658 3
      vertex 0 15.7 3
      vertex -0.643798 15.7634 3
    endloop
  endfacet
  facet normal 0 0 1
    outer loop
      vertex 0 15.7 3
      vertex -0.917877 12.4658 3
      vertex 0.97612 12.4658 3
    endloop
  endfacet
  facet normal 0 0 1
    outer loop
      vertex -2.31622 12.4658 3
      vertex -1.26285 15.9512 3
      vertex -1.83338 16.2562 3
    endloop
  endfacet
  facet normal 0 0 1
    outer loop
      vertex -1.26285 15.9512 3
      vertex -0.917877 12.4658 3
      vertex -0.643798 15.7634 3
    endloop
  endfacet
  facet normal -0 0 1
    outer loop
      vertex -2.99368 11.6541 3
      vertex -2.34677 9.91063 3
      vertex -2.34677 12.1159 3
    endloop
  endfacet
  facet normal 0 0 1
    outer loop
      vertex -2.99368 11.6541 3
      vertex -3.07709 9.91063 3
      vertex -2.34677 9.91063 3
    endloop
  endfacet
  facet normal 0 0 1
    outer loop
      vertex -2.99368 11.9999 3
      vertex -6.71413 11.0336 3
      vertex -2.99368 11.6541 3
    endloop
  endfacet
  facet normal 0 0 1
    outer loop
      vertex -2.99368 11.6541 3
      vertex -6.71413 11.0336 3
      vertex -3.07709 9.91063 3
    endloop
  endfacet
  facet normal -0 0 1
    outer loop
      vertex -6.76341 18.3562 3
      vertex -3.0488 17.7371 3
      vertex -3.23659 18.3562 3
    endloop
  endfacet
  facet normal 0 0 1
    outer loop
      vertex -0.156006 10.7559 3
      vertex -1.28075 9.91063 3
      vertex -0.330688 10.1631 3
    endloop
  endfacet
  facet normal 0 0 1
    outer loop
      vertex -1.28075 9.91063 3
      vertex -0.156006 10.7559 3
      vertex -0.917877 12.1546 3
    endloop
  endfacet
  facet normal 0 0 1
    outer loop
      vertex 0.154999 11.4092 3
      vertex -0.917877 12.1546 3
      vertex -0.156006 10.7559 3
    endloop
  endfacet
  facet normal -0 0 1
    outer loop
      vertex -0.917877 12.1546 3
      vertex 0.154999 11.4092 3
      vertex 0.622116 12.1546 3
    endloop
  endfacet
  facet normal 0 0 1
    outer loop
      vertex 6.9512 17.7371 3
      vertex 3.0488 17.7371 3
      vertex 7.25615 17.1666 3
    endloop
  endfacet
  facet normal 0 0 1
    outer loop
      vertex 7.25615 17.1666 3
      vertex 3.2256 11.6744 3
      vertex 3.28587 11.0336 3
    endloop
  endfacet
  facet normal 0 0 1
    outer loop
      vertex 2.74385 17.1666 3
      vertex 7.25615 17.1666 3
      vertex 3.0488 17.7371 3
    endloop
  endfacet
  facet normal 0 0 1
    outer loop
      vertex 7.25615 17.1666 3
      vertex 3.04478 12.1362 3
      vertex 3.2256 11.6744 3
    endloop
  endfacet
  facet normal 0 0 1
    outer loop
      vertex 2.33345 16.6665 3
      vertex 7.25615 17.1666 3
      vertex 2.74385 17.1666 3
    endloop
  endfacet
  facet normal 0 0 1
    outer loop
      vertex 7.25615 17.1666 3
      vertex 2.73737 12.4155 3
      vertex 3.04478 12.1362 3
    endloop
  endfacet
  facet normal 0 0 1
    outer loop
      vertex 7.25615 17.1666 3
      vertex 2.33345 16.6665 3
      vertex 2.73737 12.4155 3
    endloop
  endfacet
  facet normal -0 0 1
    outer loop
      vertex 1.83338 16.2562 3
      vertex 2.73737 12.4155 3
      vertex 2.33345 16.6665 3
    endloop
  endfacet
  facet normal 0 0 1
    outer loop
      vertex 2.73737 12.4155 3
      vertex 1.83338 16.2562 3
      vertex 2.2972 12.5085 3
    endloop
  endfacet
  facet normal -0 0 1
    outer loop
      vertex 1.26285 15.9512 3
      vertex 2.2972 12.5085 3
      vertex 1.83338 16.2562 3
    endloop
  endfacet
  facet normal 0 0 1
    outer loop
      vertex 2.2972 12.5085 3
      vertex 1.26285 15.9512 3
      vertex 1.84633 12.4165 3
    endloop
  endfacet
  facet normal -0 0 1
    outer loop
      vertex 0.97612 12.4658 3
      vertex 1.84633 12.4165 3
      vertex 1.26285 15.9512 3
    endloop
  endfacet
  facet normal -0 0 1
    outer loop
      vertex 0.97612 12.1688 3
      vertex 1.53531 12.1403 3
      vertex 0.97612 12.4658 3
    endloop
  endfacet
  facet normal 0 0 1
    outer loop
      vertex 1.84633 12.4165 3
      vertex 0.97612 12.4658 3
      vertex 1.53531 12.1403 3
    endloop
  endfacet
  facet normal 0 0 1
    outer loop
      vertex 8.73715 15.9512 3
      vertex 7.68378 12.4658 3
      vertex 8.02148 12.4658 3
    endloop
  endfacet
  facet normal 0 0 1
    outer loop
      vertex 7.66655 16.6665 3
      vertex 7.68378 12.4658 3
      vertex 8.16662 16.2562 3
    endloop
  endfacet
  facet normal 0 0 1
    outer loop
      vertex 7.00632 11.9999 3
      vertex 7.66655 16.6665 3
      vertex 7.25615 17.1666 3
    endloop
  endfacet
  facet normal 0 0 1
    outer loop
      vertex 7.66655 16.6665 3
      vertex 7.00632 11.9999 3
      vertex 7.68378 12.4658 3
    endloop
  endfacet
  facet normal 0 0 1
    outer loop
      vertex 7.25615 17.1666 3
      vertex 3.28587 11.0336 3
      vertex 7.00632 11.9999 3
    endloop
  endfacet
  facet normal 0 0 1
    outer loop
      vertex 3.0488 17.7371 3
      vertex 6.9512 17.7371 3
      vertex 3.23659 18.3562 3
    endloop
  endfacet
  facet normal 0 0 1
    outer loop
      vertex 9.17799 12.0706 3
      vertex 8.02148 12.4658 3
      vertex 9.11671 11.7741 3
    endloop
  endfacet
  facet normal 0 0 1
    outer loop
      vertex 8.02148 9.91063 3
      vertex 9.11671 11.7741 3
      vertex 8.02148 12.4658 3
    endloop
  endfacet
  facet normal 0 0 1
    outer loop
      vertex 9.11671 11.7741 3
      vertex 8.02148 9.91063 3
      vertex 8.71925 9.91063 3
    endloop
  endfacet
  facet normal 0 0 1
    outer loop
      vertex 11.3563 10.3979 3
      vertex 10.9664 10.658 3
      vertex 11.0046 10.3989 3
    endloop
  endfacet
  facet normal 0 0 1
    outer loop
      vertex 10.8993 11.5397 3
      vertex 11.3545 11.6795 3
      vertex 10.9334 11.7701 3
    endloop
  endfacet
  facet normal 0 0 1
    outer loop
      vertex 11.3545 11.6795 3
      vertex 10.8721 12.0747 3
      vertex 10.9334 11.7701 3
    endloop
  endfacet
  facet normal 0 0 1
    outer loop
      vertex 11.5353 12.1403 3
      vertex 10.8721 12.0747 3
      vertex 11.3545 11.6795 3
    endloop
  endfacet
  facet normal -0 0 1
    outer loop
      vertex 10.6438 15.7634 3
      vertex 10.6882 12.3091 3
      vertex 11.2629 15.9512 3
    endloop
  endfacet
  facet normal 0 0 1
    outer loop
      vertex 10.6438 15.7634 3
      vertex 10.3986 12.4587 3
      vertex 10.6882 12.3091 3
    endloop
  endfacet
  facet normal -0 0 1
    outer loop
      vertex 10 15.7 3
      vertex 10.3986 12.4587 3
      vertex 10.6438 15.7634 3
    endloop
  endfacet
  facet normal 0 0 1
    outer loop
      vertex 10.3986 12.4587 3
      vertex 10 15.7 3
      vertex 10.02 12.5085 3
    endloop
  endfacet
  facet normal 0 0 1
    outer loop
      vertex 10 15.7 3
      vertex 9.64896 12.4577 3
      vertex 10.02 12.5085 3
    endloop
  endfacet
  facet normal 0 0 1
    outer loop
      vertex 9.3562 15.7634 3
      vertex 9.64896 12.4577 3
      vertex 10 15.7 3
    endloop
  endfacet
  facet normal -0 0 1
    outer loop
      vertex 8.02148 12.4658 3
      vertex 9.64896 12.4577 3
      vertex 9.3562 15.7634 3
    endloop
  endfacet
  facet normal 0 0 1
    outer loop
      vertex 8.02148 12.4658 3
      vertex 9.3562 15.7634 3
      vertex 8.73715 15.9512 3
    endloop
  endfacet
  facet normal 0 0 1
    outer loop
      vertex 9.64896 12.4577 3
      vertex 8.02148 12.4658 3
      vertex 9.36183 12.3051 3
    endloop
  endfacet
  facet normal 0 0 1
    outer loop
      vertex 9.15053 11.5437 3
      vertex 8.71925 9.91063 3
      vertex 9.08975 10.6532 3
    endloop
  endfacet
  facet normal 0 0 1
    outer loop
      vertex 9.36183 12.3051 3
      vertex 8.02148 12.4658 3
      vertex 9.17799 12.0706 3
    endloop
  endfacet
  facet normal 0 0 1
    outer loop
      vertex 7.68378 12.4658 3
      vertex 8.73715 15.9512 3
      vertex 8.16662 16.2562 3
    endloop
  endfacet
  facet normal 0 0 1
    outer loop
      vertex 16.24 -20.375 3
      vertex 11.2256 -24.3256 3
      vertex 11.2859 -24.9664 3
    endloop
  endfacet
  facet normal 0 0 1
    outer loop
      vertex 15.26 -19.875 3
      vertex 11.0448 -23.8638 3
      vertex 11.2256 -24.3256 3
    endloop
  endfacet
  facet normal 0 0 1
    outer loop
      vertex 15.26 -19.875 3
      vertex 10.7374 -23.5845 3
      vertex 11.0448 -23.8638 3
    endloop
  endfacet
  facet normal 0 0 1
    outer loop
      vertex 15.26 -19.875 3
      vertex 10.2972 -23.4915 3
      vertex 10.7374 -23.5845 3
    endloop
  endfacet
  facet normal 0 0 1
    outer loop
      vertex 8.03421 -23.4915 3
      vertex 10.2972 -23.4915 3
      vertex 15.26 -19.875 3
    endloop
  endfacet
  facet normal -0 0 1
    outer loop
      vertex 8.96262 -24.3256 3
      vertex 9.29424 -24.9664 3
      vertex 9.35451 -24.3205 3
    endloop
  endfacet
  facet normal -0 0 1
    outer loop
      vertex 8.78181 -23.8638 3
      vertex 9.35451 -24.3205 3
      vertex 9.53531 -23.8597 3
    endloop
  endfacet
  facet normal 0 0 1
    outer loop
      vertex 9.29424 -24.9664 3
      vertex 8.96262 -24.3256 3
      vertex 9.02289 -24.9664 3
    endloop
  endfacet
  facet normal -0 0 1
    outer loop
      vertex 8.47438 -23.5845 3
      vertex 9.53531 -23.8597 3
      vertex 9.84633 -23.5835 3
    endloop
  endfacet
  facet normal 0 0 1
    outer loop
      vertex 9.35451 -24.3205 3
      vertex 8.78181 -23.8638 3
      vertex 8.96262 -24.3256 3
    endloop
  endfacet
  facet normal 0 0 1
    outer loop
      vertex 10.2972 -23.4915 3
      vertex 8.03421 -23.4915 3
      vertex 9.84633 -23.5835 3
    endloop
  endfacet
  facet normal 0 0 1
    outer loop
      vertex 9.53531 -23.8597 3
      vertex 8.47438 -23.5845 3
      vertex 8.78181 -23.8638 3
    endloop
  endfacet
  facet normal 0 0 1
    outer loop
      vertex 9.84633 -23.5835 3
      vertex 8.03421 -23.4915 3
      vertex 8.47438 -23.5845 3
    endloop
  endfacet
  facet normal -0 0 1
    outer loop
      vertex 0.74 -19.875 3
      vertex 8.03421 -23.4915 3
      vertex 15.26 -19.875 3
    endloop
  endfacet
  facet normal 0 0 1
    outer loop
      vertex 6.02148 -23.5342 3
      vertex 7.03127 -24.9664 3
      vertex 7.09154 -24.3205 3
    endloop
  endfacet
  facet normal 0 0 1
    outer loop
      vertex 7.03127 -24.9664 3
      vertex 6.02148 -23.5342 3
      vertex 6.02148 -26.0894 3
    endloop
  endfacet
  facet normal 0 0 1
    outer loop
      vertex 7.27235 -23.8597 3
      vertex 6.02148 -23.5342 3
      vertex 7.09154 -24.3205 3
    endloop
  endfacet
  facet normal 0 0 1
    outer loop
      vertex 7.58336 -23.5835 3
      vertex 6.02148 -23.5342 3
      vertex 7.27235 -23.8597 3
    endloop
  endfacet
  facet normal 0 -0 1
    outer loop
      vertex 6.02148 -23.5342 3
      vertex 8.03421 -23.4915 3
      vertex 0.74 -19.875 3
    endloop
  endfacet
  facet normal 0 0 1
    outer loop
      vertex 8.03421 -23.4915 3
      vertex 6.02148 -23.5342 3
      vertex 7.58336 -23.5835 3
    endloop
  endfacet
  facet normal 0 0 1
    outer loop
      vertex 0.74 -19.875 3
      vertex 5.00632 -24.3459 3
      vertex 5.00632 -24.0001 3
    endloop
  endfacet
  facet normal -0 0 1
    outer loop
      vertex -5.84561 -24.9664 3
      vertex 4.92291 -26.0894 3
      vertex 0.74 -19.875 3
    endloop
  endfacet
  facet normal 0 0 1
    outer loop
      vertex 5.00632 -24.3459 3
      vertex 0.74 -19.875 3
      vertex 4.92291 -26.0894 3
    endloop
  endfacet
  facet normal 0 0 1
    outer loop
      vertex 5.68378 -23.5342 3
      vertex 0.74 -19.875 3
      vertex 5.00632 -24.0001 3
    endloop
  endfacet
  facet normal 0 0 1
    outer loop
      vertex 6.02148 -23.5342 3
      vertex 0.74 -19.875 3
      vertex 5.68378 -23.5342 3
    endloop
  endfacet
  facet normal 0 0 1
    outer loop
      vertex 10.7971 11.3408 3
      vertex 11.3545 11.6795 3
      vertex 10.8993 11.5397 3
    endloop
  endfacet
  facet normal 0 0 1
    outer loop
      vertex 11.3545 11.6795 3
      vertex 10.852 10.8699 3
      vertex 10.9664 10.658 3
    endloop
  endfacet
  facet normal 0 0 1
    outer loop
      vertex 11.3545 11.6795 3
      vertex 10.7971 11.3408 3
      vertex 10.852 10.8699 3
    endloop
  endfacet
  facet normal 0 0 1
    outer loop
      vertex 10.7971 11.3408 3
      vertex 10.6689 11.0222 3
      vertex 10.852 10.8699 3
    endloop
  endfacet
  facet normal -0 0 1
    outer loop
      vertex 10.6359 11.1918 3
      vertex 10.6689 11.0222 3
      vertex 10.7971 11.3408 3
    endloop
  endfacet
  facet normal 0 0 1
    outer loop
      vertex 10.4248 11.1028 3
      vertex 10.6359 11.1918 3
      vertex 10.4248 11.1109 3
    endloop
  endfacet
  facet normal 0 0 1
    outer loop
      vertex 10.6359 11.1918 3
      vertex 10.4248 11.1028 3
      vertex 10.6689 11.0222 3
    endloop
  endfacet
  facet normal 0 0 1
    outer loop
      vertex 7.03127 -24.9664 3
      vertex 6.02148 -26.0894 3
      vertex 6.71925 -26.0894 3
    endloop
  endfacet
  facet normal -0 0 1
    outer loop
      vertex 5.00632 -24.3459 3
      vertex 5.65323 -26.0894 3
      vertex 5.65323 -23.8841 3
    endloop
  endfacet
  facet normal 0 0 1
    outer loop
      vertex 5.65323 -26.0894 3
      vertex 5.00632 -24.3459 3
      vertex 4.92291 -26.0894 3
    endloop
  endfacet
  facet normal -0 0 1
    outer loop
      vertex 7.00632 11.6541 3
      vertex 7.65323 9.91063 3
      vertex 7.65323 12.1159 3
    endloop
  endfacet
  facet normal 0 0 1
    outer loop
      vertex 7.00632 11.6541 3
      vertex 6.92291 9.91063 3
      vertex 7.65323 9.91063 3
    endloop
  endfacet
  facet normal 0 0 1
    outer loop
      vertex 7.00632 11.9999 3
      vertex 3.28587 11.0336 3
      vertex 7.00632 11.6541 3
    endloop
  endfacet
  facet normal 0 0 1
    outer loop
      vertex 7.00632 11.6541 3
      vertex 3.28587 11.0336 3
      vertex 6.92291 9.91063 3
    endloop
  endfacet
  facet normal -0 0 1
    outer loop
      vertex 3.23659 18.3562 3
      vertex 6.9512 17.7371 3
      vertex 6.76341 18.3562 3
    endloop
  endfacet
  facet normal 0 0 1
    outer loop
      vertex 9.41194 11.1938 3
      vertex 9.62125 11.0987 3
      vertex 9.62125 11.1068 3
    endloop
  endfacet
  facet normal 0 0 1
    outer loop
      vertex 9.41194 11.1938 3
      vertex 9.39339 11.0204 3
      vertex 9.62125 11.0987 3
    endloop
  endfacet
  facet normal 0 0 1
    outer loop
      vertex 9.25198 11.3449 3
      vertex 9.39339 11.0204 3
      vertex 9.41194 11.1938 3
    endloop
  endfacet
  facet normal 0 0 1
    outer loop
      vertex 9.25198 11.3449 3
      vertex 9.21028 10.8668 3
      vertex 9.39339 11.0204 3
    endloop
  endfacet
  facet normal 0 0 1
    outer loop
      vertex 9.15053 11.5437 3
      vertex 9.21028 10.8668 3
      vertex 9.25198 11.3449 3
    endloop
  endfacet
  facet normal 0 0 1
    outer loop
      vertex 8.71925 9.91063 3
      vertex 9.15053 11.5437 3
      vertex 9.11671 11.7741 3
    endloop
  endfacet
  facet normal 0 0 1
    outer loop
      vertex 9.15053 11.5437 3
      vertex 9.08975 10.6532 3
      vertex 9.21028 10.8668 3
    endloop
  endfacet
  facet normal 0 0 1
    outer loop
      vertex 16.9512 17.7371 3
      vertex 13.0488 17.7371 3
      vertex 17.2562 17.1666 3
    endloop
  endfacet
  facet normal 0 0 1
    outer loop
      vertex 17.2562 17.1666 3
      vertex 13.2256 11.6744 3
      vertex 13.2859 11.0336 3
    endloop
  endfacet
  facet normal 0 0 1
    outer loop
      vertex 12.7438 17.1666 3
      vertex 17.2562 17.1666 3
      vertex 13.0488 17.7371 3
    endloop
  endfacet
  facet normal 0 0 1
    outer loop
      vertex 17.2562 17.1666 3
      vertex 13.0448 12.1362 3
      vertex 13.2256 11.6744 3
    endloop
  endfacet
  facet normal 0 0 1
    outer loop
      vertex 12.3335 16.6665 3
      vertex 17.2562 17.1666 3
      vertex 12.7438 17.1666 3
    endloop
  endfacet
  facet normal 0 0 1
    outer loop
      vertex 17.2562 17.1666 3
      vertex 12.7374 12.4155 3
      vertex 13.0448 12.1362 3
    endloop
  endfacet
  facet normal 0 0 1
    outer loop
      vertex 17.2562 17.1666 3
      vertex 12.3335 16.6665 3
      vertex 12.7374 12.4155 3
    endloop
  endfacet
  facet normal -0 0 1
    outer loop
      vertex 11.8334 16.2562 3
      vertex 12.7374 12.4155 3
      vertex 12.3335 16.6665 3
    endloop
  endfacet
  facet normal 0 0 1
    outer loop
      vertex 12.7374 12.4155 3
      vertex 11.8334 16.2562 3
      vertex 12.2972 12.5085 3
    endloop
  endfacet
  facet normal -0 0 1
    outer loop
      vertex 11.2629 15.9512 3
      vertex 12.2972 12.5085 3
      vertex 11.8334 16.2562 3
    endloop
  endfacet
  facet normal 0 0 1
    outer loop
      vertex 12.2972 12.5085 3
      vertex 11.2629 15.9512 3
      vertex 11.8463 12.4165 3
    endloop
  endfacet
  facet normal 0 0 1
    outer loop
      vertex 10.6882 12.3091 3
      vertex 11.8463 12.4165 3
      vertex 11.2629 15.9512 3
    endloop
  endfacet
  facet normal 0 -0 1
    outer loop
      vertex 10.8721 12.0747 3
      vertex 11.5353 12.1403 3
      vertex 10.6882 12.3091 3
    endloop
  endfacet
  facet normal 0 0 1
    outer loop
      vertex 11.8463 12.4165 3
      vertex 10.6882 12.3091 3
      vertex 11.5353 12.1403 3
    endloop
  endfacet
  facet normal 0 0 1
    outer loop
      vertex 18.7371 15.9512 3
      vertex 17.6838 12.4658 3
      vertex 18.0215 12.4658 3
    endloop
  endfacet
  facet normal 0 0 1
    outer loop
      vertex 17.6665 16.6665 3
      vertex 17.6838 12.4658 3
      vertex 18.1666 16.2562 3
    endloop
  endfacet
  facet normal 0 0 1
    outer loop
      vertex 17.0063 11.9999 3
      vertex 17.6665 16.6665 3
      vertex 17.2562 17.1666 3
    endloop
  endfacet
  facet normal 0 0 1
    outer loop
      vertex 17.6665 16.6665 3
      vertex 17.0063 11.9999 3
      vertex 17.6838 12.4658 3
    endloop
  endfacet
  facet normal 0 0 1
    outer loop
      vertex 17.2562 17.1666 3
      vertex 13.2859 11.0336 3
      vertex 17.0063 11.9999 3
    endloop
  endfacet
  facet normal 0 0 1
    outer loop
      vertex 13.0488 17.7371 3
      vertex 16.9512 17.7371 3
      vertex 13.2366 18.3562 3
    endloop
  endfacet
  facet normal 0 0 1
    outer loop
      vertex 19.1269 11.9458 3
      vertex 18.0215 12.4658 3
      vertex 19.0638 11.5442 3
    endloop
  endfacet
  facet normal 0 0 1
    outer loop
      vertex 18.0215 9.91063 3
      vertex 19.0638 11.5442 3
      vertex 18.0215 12.4658 3
    endloop
  endfacet
  facet normal 0 0 1
    outer loop
      vertex 19.0638 11.5442 3
      vertex 18.0215 9.91063 3
      vertex 18.7193 9.91063 3
    endloop
  endfacet
  facet normal -0 0 1
    outer loop
      vertex 17.0063 11.6541 3
      vertex 17.6532 9.91063 3
      vertex 17.6532 12.1159 3
    endloop
  endfacet
  facet normal 0 0 1
    outer loop
      vertex 17.0063 11.6541 3
      vertex 16.9229 9.91063 3
      vertex 17.6532 9.91063 3
    endloop
  endfacet
  facet normal 0 0 1
    outer loop
      vertex 17.0063 11.9999 3
      vertex 13.2859 11.0336 3
      vertex 17.0063 11.6541 3
    endloop
  endfacet
  facet normal 0 0 1
    outer loop
      vertex 17.0063 11.6541 3
      vertex 13.2859 11.0336 3
      vertex 16.9229 9.91063 3
    endloop
  endfacet
  facet normal -0 0 1
    outer loop
      vertex 13.2366 18.3562 3
      vertex 16.9512 17.7371 3
      vertex 16.7634 18.3562 3
    endloop
  endfacet
  facet normal -0 0 1
    outer loop
      vertex 20.5159 10.8177 3
      vertex 20.5769 10.5022 3
      vertex 20.6262 10.9828 3
    endloop
  endfacet
  facet normal -0 0 1
    outer loop
      vertex 20.3475 10.6888 3
      vertex 20.5769 10.5022 3
      vertex 20.5159 10.8177 3
    endloop
  endfacet
  facet normal -0 0 1
    outer loop
      vertex 20.1405 10.6056 3
      vertex 20.5769 10.5022 3
      vertex 20.3475 10.6888 3
    endloop
  endfacet
  facet normal 0 0 1
    outer loop
      vertex 20.5769 10.5022 3
      vertex 20.1405 10.6056 3
      vertex 20.4452 10.1466 3
    endloop
  endfacet
  facet normal 0 0 1
    outer loop
      vertex 20.4452 10.1466 3
      vertex 20.1405 10.6056 3
      vertex 20.2366 9.92693 3
    endloop
  endfacet
  facet normal -0 0 1
    outer loop
      vertex 19.9142 10.5779 3
      vertex 20.2366 9.92693 3
      vertex 20.1405 10.6056 3
    endloop
  endfacet
  facet normal 0 0 1
    outer loop
      vertex 20.2366 9.92693 3
      vertex 19.9142 10.5779 3
      vertex 19.9569 9.8537 3
    endloop
  endfacet
  facet normal 0 0 1
    outer loop
      vertex 19.9142 10.5779 3
      vertex 19.6487 9.94321 3
      vertex 19.9569 9.8537 3
    endloop
  endfacet
  facet normal 0 0 1
    outer loop
      vertex 19.4727 10.2117 3
      vertex 19.9142 10.5779 3
      vertex 19.5663 10.644 3
    endloop
  endfacet
  facet normal 0 0 1
    outer loop
      vertex 19.9142 10.5779 3
      vertex 19.4727 10.2117 3
      vertex 19.6487 9.94321 3
    endloop
  endfacet
  facet normal 0 0 1
    outer loop
      vertex 19.1228 10.1568 3
      vertex 19.5663 10.644 3
      vertex 19.2957 10.8424 3
    endloop
  endfacet
  facet normal 0 0 1
    outer loop
      vertex 19.5663 10.644 3
      vertex 19.1228 10.1568 3
      vertex 19.4727 10.2117 3
    endloop
  endfacet
  facet normal 0 -0 1
    outer loop
      vertex 19.1228 10.1568 3
      vertex 19.2957 10.8424 3
      vertex 19.1218 11.1501 3
    endloop
  endfacet
  facet normal 0 0 1
    outer loop
      vertex 21.3545 11.6795 3
      vertex 20.9268 11.7115 3
      vertex 20.9883 11.0906 3
    endloop
  endfacet
  facet normal 0 0 1
    outer loop
      vertex 21.5353 12.1403 3
      vertex 20.7422 12.1545 3
      vertex 20.9268 11.7115 3
    endloop
  endfacet
  facet normal 0 -0 1
    outer loop
      vertex 20.7422 12.1545 3
      vertex 21.8463 12.4165 3
      vertex 20.438 12.42 3
    endloop
  endfacet
  facet normal 0 0 1
    outer loop
      vertex 21.8463 12.4165 3
      vertex 20.7422 12.1545 3
      vertex 21.5353 12.1403 3
    endloop
  endfacet
  facet normal 0 0 1
    outer loop
      vertex 20.6438 15.7634 3
      vertex 20.0179 12.5085 3
      vertex 20.438 12.42 3
    endloop
  endfacet
  facet normal -0 0 1
    outer loop
      vertex 20 15.7 3
      vertex 20.0179 12.5085 3
      vertex 20.6438 15.7634 3
    endloop
  endfacet
  facet normal 0 0 1
    outer loop
      vertex 20 15.7 3
      vertex 19.6177 12.4442 3
      vertex 20.0179 12.5085 3
    endloop
  endfacet
  facet normal 0 0 1
    outer loop
      vertex 19.3562 15.7634 3
      vertex 19.6177 12.4442 3
      vertex 20 15.7 3
    endloop
  endfacet
  facet normal 0 0 1
    outer loop
      vertex 18.0215 12.4658 3
      vertex 19.3562 15.7634 3
      vertex 18.7371 15.9512 3
    endloop
  endfacet
  facet normal 0 0 1
    outer loop
      vertex 19.3562 15.7634 3
      vertex 18.0215 12.4658 3
      vertex 19.6177 12.4442 3
    endloop
  endfacet
  facet normal 0 0 1
    outer loop
      vertex 17.6838 12.4658 3
      vertex 18.7371 15.9512 3
      vertex 18.1666 16.2562 3
    endloop
  endfacet
  facet normal 0 0 1
    outer loop
      vertex 19.6177 12.4442 3
      vertex 18.0215 12.4658 3
      vertex 19.3161 12.2512 3
    endloop
  endfacet
  facet normal -0 0 1
    outer loop
      vertex 21.0063 -24.3459 3
      vertex 21.6532 -26.0894 3
      vertex 21.6532 -23.8841 3
    endloop
  endfacet
  facet normal 0 0 1
    outer loop
      vertex 21.6532 -26.0894 3
      vertex 21.0063 -24.3459 3
      vertex 20.9229 -26.0894 3
    endloop
  endfacet
  facet normal 0 0 1
    outer loop
      vertex 33 26 3
      vertex 23.2256 11.6744 3
      vertex 25 8 3
    endloop
  endfacet
  facet normal 0 0 1
    outer loop
      vertex 25 8 3
      vertex 23.2256 11.6744 3
      vertex 23.2859 11.0336 3
    endloop
  endfacet
  facet normal -0 0 1
    outer loop
      vertex 23.0488 17.7371 3
      vertex 23.2256 11.6744 3
      vertex 23.2366 18.3562 3
    endloop
  endfacet
  facet normal 0 0 1
    outer loop
      vertex 23.0488 17.7371 3
      vertex 23.0448 12.1362 3
      vertex 23.2256 11.6744 3
    endloop
  endfacet
  facet normal -0 0 1
    outer loop
      vertex 22.7438 17.1666 3
      vertex 23.0448 12.1362 3
      vertex 23.0488 17.7371 3
    endloop
  endfacet
  facet normal 0 0 1
    outer loop
      vertex 22.7438 17.1666 3
      vertex 22.7374 12.4155 3
      vertex 23.0448 12.1362 3
    endloop
  endfacet
  facet normal -0 0 1
    outer loop
      vertex 22.3335 16.6665 3
      vertex 22.7374 12.4155 3
      vertex 22.7438 17.1666 3
    endloop
  endfacet
  facet normal -0 0 1
    outer loop
      vertex 21.8334 16.2562 3
      vertex 22.7374 12.4155 3
      vertex 22.3335 16.6665 3
    endloop
  endfacet
  facet normal 0 0 1
    outer loop
      vertex 22.7374 12.4155 3
      vertex 21.8334 16.2562 3
      vertex 22.2972 12.5085 3
    endloop
  endfacet
  facet normal -0 0 1
    outer loop
      vertex 21.2629 15.9512 3
      vertex 22.2972 12.5085 3
      vertex 21.8334 16.2562 3
    endloop
  endfacet
  facet normal 0 0 1
    outer loop
      vertex 22.2972 12.5085 3
      vertex 21.2629 15.9512 3
      vertex 21.8463 12.4165 3
    endloop
  endfacet
  facet normal -0 0 1
    outer loop
      vertex 20.6438 15.7634 3
      vertex 21.8463 12.4165 3
      vertex 21.2629 15.9512 3
    endloop
  endfacet
  facet normal -0 0 1
    outer loop
      vertex 20.9268 11.7115 3
      vertex 21.3545 11.6795 3
      vertex 21.5353 12.1403 3
    endloop
  endfacet
  facet normal -0 0 1
    outer loop
      vertex 20.438 12.42 3
      vertex 21.8463 12.4165 3
      vertex 20.6438 15.7634 3
    endloop
  endfacet
  facet normal 0 0 1
    outer loop
      vertex 23.2366 18.3562 3
      vertex 33 26 3
      vertex 23.3 19 3
    endloop
  endfacet
  facet normal 0 0 1
    outer loop
      vertex 33 26 3
      vertex 23.2366 19.6438 3
      vertex 23.3 19 3
    endloop
  endfacet
  facet normal 0 0 1
    outer loop
      vertex 33 26 3
      vertex 23.0488 20.2629 3
      vertex 23.2366 19.6438 3
    endloop
  endfacet
  facet normal 0 0 1
    outer loop
      vertex 33 26 3
      vertex 22.7438 20.8334 3
      vertex 23.0488 20.2629 3
    endloop
  endfacet
  facet normal 0 0 1
    outer loop
      vertex 30 29 3
      vertex 22.3335 21.3335 3
      vertex 22.7438 20.8334 3
    endloop
  endfacet
  facet normal 0 0 1
    outer loop
      vertex 30 29 3
      vertex 21.8334 21.7438 3
      vertex 22.3335 21.3335 3
    endloop
  endfacet
  facet normal 0 0 1
    outer loop
      vertex 30 29 3
      vertex 21.2629 22.0488 3
      vertex 21.8334 21.7438 3
    endloop
  endfacet
  facet normal 0 0 1
    outer loop
      vertex 30 29 3
      vertex 20.6438 22.2366 3
      vertex 21.2629 22.0488 3
    endloop
  endfacet
  facet normal 0 0 1
    outer loop
      vertex 30 29 3
      vertex 20 22.3 3
      vertex 20.6438 22.2366 3
    endloop
  endfacet
  facet normal 0 0 1
    outer loop
      vertex 30 29 3
      vertex 19.3562 22.2366 3
      vertex 20 22.3 3
    endloop
  endfacet
  facet normal 0 0 1
    outer loop
      vertex 10.6438 22.2366 3
      vertex 19.3562 22.2366 3
      vertex 30 29 3
    endloop
  endfacet
  facet normal 0 0 1
    outer loop
      vertex 19.3562 22.2366 3
      vertex 10.6438 22.2366 3
      vertex 18.7371 22.0488 3
    endloop
  endfacet
  facet normal 0 0 1
    outer loop
      vertex 16.7634 19.6438 3
      vertex 13.3 19 3
      vertex 16.7 19 3
    endloop
  endfacet
  facet normal 0 0 1
    outer loop
      vertex 13.2366 19.6438 3
      vertex 16.7634 19.6438 3
      vertex 16.9512 20.2629 3
    endloop
  endfacet
  facet normal 0 0 1
    outer loop
      vertex 13.0488 20.2629 3
      vertex 16.9512 20.2629 3
      vertex 17.2562 20.8334 3
    endloop
  endfacet
  facet normal 0 0 1
    outer loop
      vertex 12.7438 20.8334 3
      vertex 17.2562 20.8334 3
      vertex 17.6665 21.3335 3
    endloop
  endfacet
  facet normal 0 0 1
    outer loop
      vertex 12.3335 21.3335 3
      vertex 17.6665 21.3335 3
      vertex 18.1666 21.7438 3
    endloop
  endfacet
  facet normal 0 -0 1
    outer loop
      vertex 11.2629 22.0488 3
      vertex 18.7371 22.0488 3
      vertex 10.6438 22.2366 3
    endloop
  endfacet
  facet normal 0 0 1
    outer loop
      vertex 16.7634 19.6438 3
      vertex 13.2366 19.6438 3
      vertex 13.3 19 3
    endloop
  endfacet
  facet normal 0 0 1
    outer loop
      vertex 16.9512 20.2629 3
      vertex 13.0488 20.2629 3
      vertex 13.2366 19.6438 3
    endloop
  endfacet
  facet normal 0 0 1
    outer loop
      vertex 17.2562 20.8334 3
      vertex 12.7438 20.8334 3
      vertex 13.0488 20.2629 3
    endloop
  endfacet
  facet normal 0 0 1
    outer loop
      vertex 17.6665 21.3335 3
      vertex 12.3335 21.3335 3
      vertex 12.7438 20.8334 3
    endloop
  endfacet
  facet normal 0 0 1
    outer loop
      vertex 18.1666 21.7438 3
      vertex 11.8334 21.7438 3
      vertex 12.3335 21.3335 3
    endloop
  endfacet
  facet normal 0 0 1
    outer loop
      vertex 18.1666 21.7438 3
      vertex 11.2629 22.0488 3
      vertex 11.8334 21.7438 3
    endloop
  endfacet
  facet normal 0 0 1
    outer loop
      vertex 18.7371 22.0488 3
      vertex 11.2629 22.0488 3
      vertex 18.1666 21.7438 3
    endloop
  endfacet
  facet normal 0 0 1
    outer loop
      vertex 30 29 3
      vertex 10 22.3 3
      vertex 10.6438 22.2366 3
    endloop
  endfacet
  facet normal 0 0 1
    outer loop
      vertex 30 29 3
      vertex 9.3562 22.2366 3
      vertex 10 22.3 3
    endloop
  endfacet
  facet normal 0 0 1
    outer loop
      vertex 0.643798 22.2366 3
      vertex 9.3562 22.2366 3
      vertex 30 29 3
    endloop
  endfacet
  facet normal 0 0 1
    outer loop
      vertex 6.76341 19.6438 3
      vertex 3.3 19 3
      vertex 6.7 19 3
    endloop
  endfacet
  facet normal 0 0 1
    outer loop
      vertex 3.23659 19.6438 3
      vertex 6.76341 19.6438 3
      vertex 6.9512 20.2629 3
    endloop
  endfacet
  facet normal 0 0 1
    outer loop
      vertex 3.0488 20.2629 3
      vertex 6.9512 20.2629 3
      vertex 7.25615 20.8334 3
    endloop
  endfacet
  facet normal 0 0 1
    outer loop
      vertex 2.74385 20.8334 3
      vertex 7.25615 20.8334 3
      vertex 7.66655 21.3335 3
    endloop
  endfacet
  facet normal 0 0 1
    outer loop
      vertex 2.33345 21.3335 3
      vertex 7.66655 21.3335 3
      vertex 8.16662 21.7438 3
    endloop
  endfacet
  facet normal 0 0 1
    outer loop
      vertex 6.76341 19.6438 3
      vertex 3.23659 19.6438 3
      vertex 3.3 19 3
    endloop
  endfacet
  facet normal 0 0 1
    outer loop
      vertex 1.83338 21.7438 3
      vertex 8.16662 21.7438 3
      vertex 8.73715 22.0488 3
    endloop
  endfacet
  facet normal 0 0 1
    outer loop
      vertex 6.9512 20.2629 3
      vertex 3.0488 20.2629 3
      vertex 3.23659 19.6438 3
    endloop
  endfacet
  facet normal 0 0 1
    outer loop
      vertex 9.3562 22.2366 3
      vertex 0.643798 22.2366 3
      vertex 8.73715 22.0488 3
    endloop
  endfacet
  facet normal 0 0 1
    outer loop
      vertex 7.25615 20.8334 3
      vertex 2.74385 20.8334 3
      vertex 3.0488 20.2629 3
    endloop
  endfacet
  facet normal 0 0 1
    outer loop
      vertex 7.66655 21.3335 3
      vertex 2.33345 21.3335 3
      vertex 2.74385 20.8334 3
    endloop
  endfacet
  facet normal 0 0 1
    outer loop
      vertex 8.16662 21.7438 3
      vertex 1.83338 21.7438 3
      vertex 2.33345 21.3335 3
    endloop
  endfacet
  facet normal 0 0 1
    outer loop
      vertex 8.73715 22.0488 3
      vertex 1.26285 22.0488 3
      vertex 1.83338 21.7438 3
    endloop
  endfacet
  facet normal 0 0 1
    outer loop
      vertex 8.73715 22.0488 3
      vertex 0.643798 22.2366 3
      vertex 1.26285 22.0488 3
    endloop
  endfacet
  facet normal 0 0 1
    outer loop
      vertex 30 29 3
      vertex 0 22.3 3
      vertex 0.643798 22.2366 3
    endloop
  endfacet
  facet normal -0 0 1
    outer loop
      vertex -30 29 3
      vertex 0 22.3 3
      vertex 30 29 3
    endloop
  endfacet
  facet normal 0 0 1
    outer loop
      vertex -3.23659 19.6438 3
      vertex -6.7 19 3
      vertex -3.3 19 3
    endloop
  endfacet
  facet normal 0 0 1
    outer loop
      vertex -6.76341 19.6438 3
      vertex -3.23659 19.6438 3
      vertex -3.0488 20.2629 3
    endloop
  endfacet
  facet normal 0 0 1
    outer loop
      vertex -6.9512 20.2629 3
      vertex -3.0488 20.2629 3
      vertex -2.74385 20.8334 3
    endloop
  endfacet
  facet normal 0 0 1
    outer loop
      vertex -7.25615 20.8334 3
      vertex -2.74385 20.8334 3
      vertex -2.33345 21.3335 3
    endloop
  endfacet
  facet normal 0 0 1
    outer loop
      vertex -7.66655 21.3335 3
      vertex -2.33345 21.3335 3
      vertex -1.83338 21.7438 3
    endloop
  endfacet
  facet normal 0 0 1
    outer loop
      vertex -3.23659 19.6438 3
      vertex -6.76341 19.6438 3
      vertex -6.7 19 3
    endloop
  endfacet
  facet normal 0 0 1
    outer loop
      vertex -8.16662 21.7438 3
      vertex -1.83338 21.7438 3
      vertex -1.26285 22.0488 3
    endloop
  endfacet
  facet normal 0 0 1
    outer loop
      vertex -3.0488 20.2629 3
      vertex -6.9512 20.2629 3
      vertex -6.76341 19.6438 3
    endloop
  endfacet
  facet normal 0 0 1
    outer loop
      vertex -2.74385 20.8334 3
      vertex -7.25615 20.8334 3
      vertex -6.9512 20.2629 3
    endloop
  endfacet
  facet normal 0 0 1
    outer loop
      vertex -8.73715 22.0488 3
      vertex -1.26285 22.0488 3
      vertex -0.643798 22.2366 3
    endloop
  endfacet
  facet normal 0 0 1
    outer loop
      vertex 0 22.3 3
      vertex -30 29 3
      vertex -0.643798 22.2366 3
    endloop
  endfacet
  facet normal 0 0 1
    outer loop
      vertex -2.33345 21.3335 3
      vertex -7.66655 21.3335 3
      vertex -7.25615 20.8334 3
    endloop
  endfacet
  facet normal 0 0 1
    outer loop
      vertex -1.83338 21.7438 3
      vertex -8.16662 21.7438 3
      vertex -7.66655 21.3335 3
    endloop
  endfacet
  facet normal 0 0 1
    outer loop
      vertex -1.26285 22.0488 3
      vertex -8.73715 22.0488 3
      vertex -8.16662 21.7438 3
    endloop
  endfacet
  facet normal 0 0 1
    outer loop
      vertex -0.643798 22.2366 3
      vertex -9.3562 22.2366 3
      vertex -8.73715 22.0488 3
    endloop
  endfacet
  facet normal 0 0 1
    outer loop
      vertex -0.643798 22.2366 3
      vertex -30 29 3
      vertex -9.3562 22.2366 3
    endloop
  endfacet
  facet normal 0 0 1
    outer loop
      vertex -9.3562 22.2366 3
      vertex -30 29 3
      vertex -10 22.3 3
    endloop
  endfacet
  facet normal 0 0 1
    outer loop
      vertex -13.2366 19.6438 3
      vertex -16.7 19 3
      vertex -13.3 19 3
    endloop
  endfacet
  facet normal 0 0 1
    outer loop
      vertex -16.7634 19.6438 3
      vertex -13.2366 19.6438 3
      vertex -13.0488 20.2629 3
    endloop
  endfacet
  facet normal 0 0 1
    outer loop
      vertex -16.9512 20.2629 3
      vertex -13.0488 20.2629 3
      vertex -12.7438 20.8334 3
    endloop
  endfacet
  facet normal 0 0 1
    outer loop
      vertex -17.2562 20.8334 3
      vertex -12.7438 20.8334 3
      vertex -12.3335 21.3335 3
    endloop
  endfacet
  facet normal 0 0 1
    outer loop
      vertex -17.6665 21.3335 3
      vertex -12.3335 21.3335 3
      vertex -11.8334 21.7438 3
    endloop
  endfacet
  facet normal 0 0 1
    outer loop
      vertex -13.2366 19.6438 3
      vertex -16.7634 19.6438 3
      vertex -16.7 19 3
    endloop
  endfacet
  facet normal 0 0 1
    outer loop
      vertex -18.1666 21.7438 3
      vertex -11.8334 21.7438 3
      vertex -11.2629 22.0488 3
    endloop
  endfacet
  facet normal 0 0 1
    outer loop
      vertex -13.0488 20.2629 3
      vertex -16.9512 20.2629 3
      vertex -16.7634 19.6438 3
    endloop
  endfacet
  facet normal 0 0 1
    outer loop
      vertex -12.7438 20.8334 3
      vertex -17.2562 20.8334 3
      vertex -16.9512 20.2629 3
    endloop
  endfacet
  facet normal 0 0 1
    outer loop
      vertex -18.7371 22.0488 3
      vertex -11.2629 22.0488 3
      vertex -10.6438 22.2366 3
    endloop
  endfacet
  facet normal 0 0 1
    outer loop
      vertex -12.3335 21.3335 3
      vertex -17.6665 21.3335 3
      vertex -17.2562 20.8334 3
    endloop
  endfacet
  facet normal 0 0 1
    outer loop
      vertex -10 22.3 3
      vertex -30 29 3
      vertex -10.6438 22.2366 3
    endloop
  endfacet
  facet normal 0 0 1
    outer loop
      vertex -11.8334 21.7438 3
      vertex -18.1666 21.7438 3
      vertex -17.6665 21.3335 3
    endloop
  endfacet
  facet normal 0 0 1
    outer loop
      vertex -11.2629 22.0488 3
      vertex -18.7371 22.0488 3
      vertex -18.1666 21.7438 3
    endloop
  endfacet
  facet normal 0 -0 1
    outer loop
      vertex -19.3562 22.2366 3
      vertex -10.6438 22.2366 3
      vertex -30 29 3
    endloop
  endfacet
  facet normal 0 0 1
    outer loop
      vertex -10.6438 22.2366 3
      vertex -19.3562 22.2366 3
      vertex -18.7371 22.0488 3
    endloop
  endfacet
  facet normal 0 0 1
    outer loop
      vertex -19.3562 22.2366 3
      vertex -30 29 3
      vertex -20 22.3 3
    endloop
  endfacet
  facet normal 0 0 1
    outer loop
      vertex -23.0488 20.2629 3
      vertex -33 26 3
      vertex -23.2366 19.6438 3
    endloop
  endfacet
  facet normal 0 0 1
    outer loop
      vertex -23.2366 19.6438 3
      vertex -33 26 3
      vertex -23.3 19 3
    endloop
  endfacet
  facet normal 0 0 1
    outer loop
      vertex -22.7438 20.8334 3
      vertex -33 26 3
      vertex -23.0488 20.2629 3
    endloop
  endfacet
  facet normal 0 0 1
    outer loop
      vertex -33 26 3
      vertex -30 29 3
      vertex -30.5853 28.9424 3
    endloop
  endfacet
  facet normal -0 0 1
    outer loop
      vertex -33 26 3
      vertex -22.7438 20.8334 3
      vertex -30 29 3
    endloop
  endfacet
  facet normal 0 0 1
    outer loop
      vertex -22.3335 21.3335 3
      vertex -30 29 3
      vertex -22.7438 20.8334 3
    endloop
  endfacet
  facet normal 0 0 1
    outer loop
      vertex -21.8334 21.7438 3
      vertex -30 29 3
      vertex -22.3335 21.3335 3
    endloop
  endfacet
  facet normal 0 0 1
    outer loop
      vertex -21.2629 22.0488 3
      vertex -30 29 3
      vertex -21.8334 21.7438 3
    endloop
  endfacet
  facet normal 0 0 1
    outer loop
      vertex -20.6438 22.2366 3
      vertex -30 29 3
      vertex -21.2629 22.0488 3
    endloop
  endfacet
  facet normal 0 0 1
    outer loop
      vertex -20 22.3 3
      vertex -30 29 3
      vertex -20.6438 22.2366 3
    endloop
  endfacet
  facet normal 0 0 1
    outer loop
      vertex 30 29 3
      vertex 33 26 3
      vertex 32.9424 26.5853 3
    endloop
  endfacet
  facet normal 0 0 1
    outer loop
      vertex 33 26 3
      vertex 31.76 -11.625 3
      vertex 33 -26 3
    endloop
  endfacet
  facet normal 0 0 1
    outer loop
      vertex 30 29 3
      vertex 32.9424 26.5853 3
      vertex 32.7716 27.148 3
    endloop
  endfacet
  facet normal -0 0 1
    outer loop
      vertex 31.76 -20.375 3
      vertex 33 -26 3
      vertex 31.76 -11.625 3
    endloop
  endfacet
  facet normal 0 0 1
    outer loop
      vertex 30 29 3
      vertex 32.7716 27.148 3
      vertex 32.4944 27.6667 3
    endloop
  endfacet
  facet normal -0 0 1
    outer loop
      vertex 27.2256 -24.3256 3
      vertex 33 -26 3
      vertex 31.76 -20.375 3
    endloop
  endfacet
  facet normal 0 0 1
    outer loop
      vertex 30 29 3
      vertex 32.4944 27.6667 3
      vertex 32.1213 28.1213 3
    endloop
  endfacet
  facet normal -0 -0 1
    outer loop
      vertex 27.2859 -24.9664 3
      vertex 33 -26 3
      vertex 27.2256 -24.3256 3
    endloop
  endfacet
  facet normal -0 0 1
    outer loop
      vertex 27.2225 -25.5996 3
      vertex 33 -26 3
      vertex 27.2859 -24.9664 3
    endloop
  endfacet
  facet normal 0 0 1
    outer loop
      vertex 30 29 3
      vertex 32.1213 28.1213 3
      vertex 31.6667 28.4944 3
    endloop
  endfacet
  facet normal 0 0 1
    outer loop
      vertex 30 29 3
      vertex 31.6667 28.4944 3
      vertex 31.148 28.7716 3
    endloop
  endfacet
  facet normal 0 0 1
    outer loop
      vertex 30 29 3
      vertex 31.148 28.7716 3
      vertex 30.5853 28.9424 3
    endloop
  endfacet
  facet normal 0 0 1
    outer loop
      vertex 22.7438 20.8334 3
      vertex 33 26 3
      vertex 30 29 3
    endloop
  endfacet
  facet normal 0 0 1
    outer loop
      vertex 33 26 3
      vertex 25 8 3
      vertex 31.76 -11.625 3
    endloop
  endfacet
  facet normal -0 0 1
    outer loop
      vertex 25 -4 3
      vertex 31.76 -11.625 3
      vertex 25 8 3
    endloop
  endfacet
  facet normal 0 0 1
    outer loop
      vertex 25 -4 3
      vertex 16.24 -11.625 3
      vertex 31.76 -11.625 3
    endloop
  endfacet
  facet normal 0 0 1
    outer loop
      vertex 16.24 -11.625 3
      vertex 15.26 -12.125 3
      vertex 16.24 -20.375 3
    endloop
  endfacet
  facet normal 0 0 1
    outer loop
      vertex 0.74 -12.125 3
      vertex 16.24 -11.625 3
      vertex 25 -4 3
    endloop
  endfacet
  facet normal 0 0 1
    outer loop
      vertex 16.24 -11.625 3
      vertex 0.74 -12.125 3
      vertex 15.26 -12.125 3
    endloop
  endfacet
  facet normal 0 0 1
    outer loop
      vertex 0.74 -12.125 3
      vertex -1.24 -12.625 3
      vertex 0.74 -19.875 3
    endloop
  endfacet
  facet normal -0 0 1
    outer loop
      vertex -25 -4 3
      vertex 0.74 -12.125 3
      vertex 25 -4 3
    endloop
  endfacet
  facet normal 0 0 1
    outer loop
      vertex 0.74 -12.125 3
      vertex -25 -4 3
      vertex -1.24 -12.625 3
    endloop
  endfacet
  facet normal 0 0 1
    outer loop
      vertex -14.76 -12.625 3
      vertex -17.74 -13.125 3
      vertex -14.76 -19.375 3
    endloop
  endfacet
  facet normal 0 0 1
    outer loop
      vertex -1.24 -12.625 3
      vertex -25 -4 3
      vertex -14.76 -12.625 3
    endloop
  endfacet
  facet normal 0 0 1
    outer loop
      vertex -14.76 -12.625 3
      vertex -25 -4 3
      vertex -17.74 -13.125 3
    endloop
  endfacet
  facet normal 0 0 1
    outer loop
      vertex -25 -4 3
      vertex -30.26 -13.125 3
      vertex -17.74 -13.125 3
    endloop
  endfacet
  facet normal 0 0 1
    outer loop
      vertex -23.2366 18.3562 3
      vertex -33 26 3
      vertex -25 8 3
    endloop
  endfacet
  facet normal 0 0 1
    outer loop
      vertex -25 8 3
      vertex -33 26 3
      vertex -30.26 -13.125 3
    endloop
  endfacet
  facet normal 0 0 1
    outer loop
      vertex -25 8 3
      vertex -30.26 -13.125 3
      vertex -25 -4 3
    endloop
  endfacet
  facet normal 0 0 1
    outer loop
      vertex 33 -26 3
      vertex 27.2225 -25.5996 3
      vertex 32.9424 -26.5853 3
    endloop
  endfacet
  facet normal 0 0 1
    outer loop
      vertex 32.7716 -27.148 3
      vertex 27.2225 -25.5996 3
      vertex 32.4944 -27.6667 3
    endloop
  endfacet
  facet normal 0 0 1
    outer loop
      vertex 32.4944 -27.6667 3
      vertex 27.2225 -25.5996 3
      vertex 32.1213 -28.1213 3
    endloop
  endfacet
  facet normal 0 0 1
    outer loop
      vertex 32.1213 -28.1213 3
      vertex 27.2225 -25.5996 3
      vertex 31.6667 -28.4944 3
    endloop
  endfacet
  facet normal 0 0 1
    outer loop
      vertex 31.6667 -28.4944 3
      vertex 27.2225 -25.5996 3
      vertex 31.148 -28.7716 3
    endloop
  endfacet
  facet normal 0 0 1
    outer loop
      vertex 31.148 -28.7716 3
      vertex 27.2225 -25.5996 3
      vertex 30.5853 -28.9424 3
    endloop
  endfacet
  facet normal 0 0 1
    outer loop
      vertex 32.9424 -26.5853 3
      vertex 27.2225 -25.5996 3
      vertex 32.7716 -27.148 3
    endloop
  endfacet
  facet normal 0 0 1
    outer loop
      vertex 31.76 -20.375 3
      vertex 27.0448 -23.8638 3
      vertex 27.2256 -24.3256 3
    endloop
  endfacet
  facet normal 0 0 1
    outer loop
      vertex 31.76 -20.375 3
      vertex 26.7374 -23.5845 3
      vertex 27.0448 -23.8638 3
    endloop
  endfacet
  facet normal 0 0 1
    outer loop
      vertex 31.76 -20.375 3
      vertex 26.2972 -23.4915 3
      vertex 26.7374 -23.5845 3
    endloop
  endfacet
  facet normal 0 0 1
    outer loop
      vertex 24.8439 -23.5342 3
      vertex 26.2972 -23.4915 3
      vertex 31.76 -20.375 3
    endloop
  endfacet
  facet normal -0 0 1
    outer loop
      vertex 24.7595 -24.8199 3
      vertex 25.2942 -24.9664 3
      vertex 25.3545 -24.3205 3
    endloop
  endfacet
  facet normal 0 0 1
    outer loop
      vertex 25.2942 -24.9664 3
      vertex 24.9479 -25.1057 3
      vertex 25.0107 -25.4668 3
    endloop
  endfacet
  facet normal 0 0 1
    outer loop
      vertex 24.8439 -23.8454 3
      vertex 25.3545 -24.3205 3
      vertex 25.5353 -23.8597 3
    endloop
  endfacet
  facet normal -0 0 1
    outer loop
      vertex 24.8439 -23.8454 3
      vertex 25.5353 -23.8597 3
      vertex 24.8439 -23.5342 3
    endloop
  endfacet
  facet normal 0 0 1
    outer loop
      vertex 25.8463 -23.5835 3
      vertex 24.8439 -23.5342 3
      vertex 25.5353 -23.8597 3
    endloop
  endfacet
  facet normal 0 0 1
    outer loop
      vertex 26.2972 -23.4915 3
      vertex 24.8439 -23.5342 3
      vertex 25.8463 -23.5835 3
    endloop
  endfacet
  facet normal 0 0 1
    outer loop
      vertex 31.76 -20.375 3
      vertex 23.2144 -23.5342 3
      vertex 24.8439 -23.5342 3
    endloop
  endfacet
  facet normal -0 0 1
    outer loop
      vertex 22.0215 -23.5342 3
      vertex 23.1187 -25.0762 3
      vertex 23.2144 -23.5342 3
    endloop
  endfacet
  facet normal 0 0 1
    outer loop
      vertex 22.0215 -26.0894 3
      vertex 23.1187 -25.0762 3
      vertex 22.0215 -23.5342 3
    endloop
  endfacet
  facet normal 0 0 1
    outer loop
      vertex 23.1187 -25.0762 3
      vertex 22.0215 -26.0894 3
      vertex 23.0354 -25.7598 3
    endloop
  endfacet
  facet normal -0 0 1
    outer loop
      vertex 16.24 -20.375 3
      vertex 23.2144 -23.5342 3
      vertex 31.76 -20.375 3
    endloop
  endfacet
  facet normal 0 0 1
    outer loop
      vertex 23.2144 -23.5342 3
      vertex 16.24 -20.375 3
      vertex 22.0215 -23.5342 3
    endloop
  endfacet
  facet normal 0 0 1
    outer loop
      vertex 16.24 -20.375 3
      vertex 21.0063 -24.3459 3
      vertex 21.0063 -24.0001 3
    endloop
  endfacet
  facet normal -0 0 1
    outer loop
      vertex 11.2859 -24.9664 3
      vertex 20.9229 -26.0894 3
      vertex 16.24 -20.375 3
    endloop
  endfacet
  facet normal 0 0 1
    outer loop
      vertex 21.0063 -24.3459 3
      vertex 16.24 -20.375 3
      vertex 20.9229 -26.0894 3
    endloop
  endfacet
  facet normal 0 0 1
    outer loop
      vertex 21.6838 -23.5342 3
      vertex 16.24 -20.375 3
      vertex 21.0063 -24.0001 3
    endloop
  endfacet
  facet normal 0 0 1
    outer loop
      vertex 22.0215 -23.5342 3
      vertex 16.24 -20.375 3
      vertex 21.6838 -23.5342 3
    endloop
  endfacet
  facet normal 0 0 1
    outer loop
      vertex 30.5853 -28.9424 3
      vertex 27.2225 -25.5996 3
      vertex 30 -29 3
    endloop
  endfacet
  facet normal -0 0 1
    outer loop
      vertex 27.0326 -26.0629 3
      vertex 30 -29 3
      vertex 27.2225 -25.5996 3
    endloop
  endfacet
  facet normal -0 0 1
    outer loop
      vertex 26.7191 -26.3467 3
      vertex 30 -29 3
      vertex 27.0326 -26.0629 3
    endloop
  endfacet
  facet normal -0 0 1
    outer loop
      vertex 26.285 -26.4413 3
      vertex 30 -29 3
      vertex 26.7191 -26.3467 3
    endloop
  endfacet
  facet normal -0 0 1
    outer loop
      vertex 24.4194 -26.3762 3
      vertex 26.285 -26.4413 3
      vertex 25.8522 -26.3472 3
    endloop
  endfacet
  facet normal -0 0 1
    outer loop
      vertex 25.0107 -25.4668 3
      vertex 25.3563 -25.6021 3
      vertex 25.2942 -24.9664 3
    endloop
  endfacet
  facet normal 0 0 1
    outer loop
      vertex 24.9433 -25.8722 3
      vertex 25.3563 -25.6021 3
      vertex 25.0107 -25.4668 3
    endloop
  endfacet
  facet normal 0 0 1
    outer loop
      vertex 25.3563 -25.6021 3
      vertex 24.9433 -25.8722 3
      vertex 25.5424 -26.0649 3
    endloop
  endfacet
  facet normal 0 0 1
    outer loop
      vertex 24.7411 -26.1809 3
      vertex 25.5424 -26.0649 3
      vertex 24.9433 -25.8722 3
    endloop
  endfacet
  facet normal 0 0 1
    outer loop
      vertex 25.5424 -26.0649 3
      vertex 24.7411 -26.1809 3
      vertex 25.8522 -26.3472 3
    endloop
  endfacet
  facet normal 0 0 1
    outer loop
      vertex 24.4194 -26.3762 3
      vertex 25.8522 -26.3472 3
      vertex 24.7411 -26.1809 3
    endloop
  endfacet
  facet normal 0 0 1
    outer loop
      vertex 26.285 -26.4413 3
      vertex 24.4194 -26.3762 3
      vertex 30 -29 3
    endloop
  endfacet
  facet normal -0 0 1
    outer loop
      vertex 23.9935 -26.4413 3
      vertex 30 -29 3
      vertex 24.4194 -26.3762 3
    endloop
  endfacet
  facet normal -0 0 1
    outer loop
      vertex 22.7193 -26.4006 3
      vertex 23.9935 -26.4413 3
      vertex 23.6314 -26.3976 3
    endloop
  endfacet
  facet normal 0 0 1
    outer loop
      vertex 22.7193 -26.0894 3
      vertex 23.1457 -26.0522 3
      vertex 23.0354 -25.7598 3
    endloop
  endfacet
  facet normal 0 0 1
    outer loop
      vertex 22.7193 -26.4006 3
      vertex 23.1457 -26.0522 3
      vertex 22.7193 -26.0894 3
    endloop
  endfacet
  facet normal 0 0 1
    outer loop
      vertex 23.1457 -26.0522 3
      vertex 22.7193 -26.4006 3
      vertex 23.3466 -26.2663 3
    endloop
  endfacet
  facet normal 0 0 1
    outer loop
      vertex 23.3466 -26.2663 3
      vertex 22.7193 -26.4006 3
      vertex 23.6314 -26.3976 3
    endloop
  endfacet
  facet normal 0 0 1
    outer loop
      vertex 23.9935 -26.4413 3
      vertex 22.7193 -26.4006 3
      vertex 30 -29 3
    endloop
  endfacet
  facet normal -0 0 1
    outer loop
      vertex 20.9229 -26.4006 3
      vertex 30 -29 3
      vertex 22.7193 -26.4006 3
    endloop
  endfacet
  facet normal -0 0 1
    outer loop
      vertex 15.26 -19.875 3
      vertex 16.24 -20.375 3
      vertex 15.26 -12.125 3
    endloop
  endfacet
  facet normal 0 0 1
    outer loop
      vertex 11.2256 -24.3256 3
      vertex 16.24 -20.375 3
      vertex 15.26 -19.875 3
    endloop
  endfacet
  facet normal -0 0 1
    outer loop
      vertex 11.2225 -25.5996 3
      vertex 20.9229 -26.0894 3
      vertex 11.2859 -24.9664 3
    endloop
  endfacet
  facet normal 0 0 1
    outer loop
      vertex 20.9229 -26.0894 3
      vertex 11.2225 -25.5996 3
      vertex 20.9229 -26.4006 3
    endloop
  endfacet
  facet normal -0 0 1
    outer loop
      vertex 11.0326 -26.0629 3
      vertex 20.9229 -26.4006 3
      vertex 11.2225 -25.5996 3
    endloop
  endfacet
  facet normal -0 0 1
    outer loop
      vertex 10.7191 -26.3467 3
      vertex 20.9229 -26.4006 3
      vertex 11.0326 -26.0629 3
    endloop
  endfacet
  facet normal 0 0 1
    outer loop
      vertex 10.285 -26.4413 3
      vertex 20.9229 -26.4006 3
      vertex 10.7191 -26.3467 3
    endloop
  endfacet
  facet normal 0 0 1
    outer loop
      vertex 20.9229 -26.4006 3
      vertex 10.285 -26.4413 3
      vertex 30 -29 3
    endloop
  endfacet
  facet normal -0 0 1
    outer loop
      vertex 9.02289 -24.9664 3
      vertex 9.35628 -25.6021 3
      vertex 9.29424 -24.9664 3
    endloop
  endfacet
  facet normal -0 0 1
    outer loop
      vertex 8.95956 -25.5996 3
      vertex 9.35628 -25.6021 3
      vertex 9.02289 -24.9664 3
    endloop
  endfacet
  facet normal 0 0 1
    outer loop
      vertex 9.35628 -25.6021 3
      vertex 8.95956 -25.5996 3
      vertex 9.54242 -26.0649 3
    endloop
  endfacet
  facet normal -0 0 1
    outer loop
      vertex 8.76961 -26.0629 3
      vertex 9.54242 -26.0649 3
      vertex 8.95956 -25.5996 3
    endloop
  endfacet
  facet normal 0 0 1
    outer loop
      vertex 9.54242 -26.0649 3
      vertex 8.76961 -26.0629 3
      vertex 9.85216 -26.3472 3
    endloop
  endfacet
  facet normal -0 0 1
    outer loop
      vertex 8.45607 -26.3467 3
      vertex 9.85216 -26.3472 3
      vertex 8.76961 -26.0629 3
    endloop
  endfacet
  facet normal 0 0 1
    outer loop
      vertex 8.45607 -26.3467 3
      vertex 10.285 -26.4413 3
      vertex 9.85216 -26.3472 3
    endloop
  endfacet
  facet normal 0 0 1
    outer loop
      vertex 8.022 -26.4413 3
      vertex 10.285 -26.4413 3
      vertex 8.45607 -26.3467 3
    endloop
  endfacet
  facet normal 0 0 1
    outer loop
      vertex 10.285 -26.4413 3
      vertex 8.022 -26.4413 3
      vertex 30 -29 3
    endloop
  endfacet
  facet normal 0 0 1
    outer loop
      vertex 6.71925 -26.0894 3
      vertex 7.09332 -25.6021 3
      vertex 7.03127 -24.9664 3
    endloop
  endfacet
  facet normal 0 0 1
    outer loop
      vertex 6.71925 -26.0894 3
      vertex 7.27946 -26.0649 3
      vertex 7.09332 -25.6021 3
    endloop
  endfacet
  facet normal 0 0 1
    outer loop
      vertex 6.71925 -26.4006 3
      vertex 7.27946 -26.0649 3
      vertex 6.71925 -26.0894 3
    endloop
  endfacet
  facet normal 0 0 1
    outer loop
      vertex 7.27946 -26.0649 3
      vertex 6.71925 -26.4006 3
      vertex 7.58919 -26.3472 3
    endloop
  endfacet
  facet normal -0 0 1
    outer loop
      vertex 6.71925 -26.4006 3
      vertex 8.022 -26.4413 3
      vertex 7.58919 -26.3472 3
    endloop
  endfacet
  facet normal -0 0 1
    outer loop
      vertex 4.92291 -26.4006 3
      vertex 8.022 -26.4413 3
      vertex 6.71925 -26.4006 3
    endloop
  endfacet
  facet normal 0 0 1
    outer loop
      vertex 8.022 -26.4413 3
      vertex 4.92291 -26.4006 3
      vertex 30 -29 3
    endloop
  endfacet
  facet normal -0 0 1
    outer loop
      vertex -1.24 -19.375 3
      vertex 0.74 -19.875 3
      vertex -1.24 -12.625 3
    endloop
  endfacet
  facet normal 0 0 1
    outer loop
      vertex -5.90588 -24.3256 3
      vertex 0.74 -19.875 3
      vertex -1.24 -19.375 3
    endloop
  endfacet
  facet normal -0 0 1
    outer loop
      vertex -5.90894 -25.5996 3
      vertex 4.92291 -26.0894 3
      vertex -5.84561 -24.9664 3
    endloop
  endfacet
  facet normal 0 0 1
    outer loop
      vertex 4.92291 -26.0894 3
      vertex -5.90894 -25.5996 3
      vertex 4.92291 -26.4006 3
    endloop
  endfacet
  facet normal -0 0 1
    outer loop
      vertex -6.09891 -26.0629 3
      vertex 4.92291 -26.4006 3
      vertex -5.90894 -25.5996 3
    endloop
  endfacet
  facet normal -0 0 1
    outer loop
      vertex -6.41245 -26.3467 3
      vertex 4.92291 -26.4006 3
      vertex -6.09891 -26.0629 3
    endloop
  endfacet
  facet normal 0 0 1
    outer loop
      vertex -6.84651 -26.4413 3
      vertex 4.92291 -26.4006 3
      vertex -6.41245 -26.3467 3
    endloop
  endfacet
  facet normal 0 0 1
    outer loop
      vertex 4.92291 -26.4006 3
      vertex -6.84651 -26.4413 3
      vertex 30 -29 3
    endloop
  endfacet
  facet normal -0 0 1
    outer loop
      vertex -8.12076 -25.4668 3
      vertex -7.77521 -25.6021 3
      vertex -7.83727 -24.9664 3
    endloop
  endfacet
  facet normal 0 0 1
    outer loop
      vertex -8.18816 -25.8722 3
      vertex -7.77521 -25.6021 3
      vertex -8.12076 -25.4668 3
    endloop
  endfacet
  facet normal 0 0 1
    outer loop
      vertex -7.77521 -25.6021 3
      vertex -8.18816 -25.8722 3
      vertex -7.58907 -26.0649 3
    endloop
  endfacet
  facet normal 0 0 1
    outer loop
      vertex -8.39034 -26.1809 3
      vertex -7.58907 -26.0649 3
      vertex -8.18816 -25.8722 3
    endloop
  endfacet
  facet normal 0 0 1
    outer loop
      vertex -7.58907 -26.0649 3
      vertex -8.39034 -26.1809 3
      vertex -7.27933 -26.3472 3
    endloop
  endfacet
  facet normal 0 0 1
    outer loop
      vertex -8.71202 -26.3762 3
      vertex -7.27933 -26.3472 3
      vertex -8.39034 -26.1809 3
    endloop
  endfacet
  facet normal 0 0 1
    outer loop
      vertex -7.27933 -26.3472 3
      vertex -8.71202 -26.3762 3
      vertex -6.84651 -26.4413 3
    endloop
  endfacet
  facet normal 0 0 1
    outer loop
      vertex -9.13797 -26.4413 3
      vertex -6.84651 -26.4413 3
      vertex -8.71202 -26.3762 3
    endloop
  endfacet
  facet normal 0 0 1
    outer loop
      vertex -30 -29 3
      vertex -6.84651 -26.4413 3
      vertex -9.13797 -26.4413 3
    endloop
  endfacet
  facet normal -0 0 1
    outer loop
      vertex -22.9771 -24.9664 3
      vertex -10.0961 -25.7598 3
      vertex -14.76 -19.375 3
    endloop
  endfacet
  facet normal -0 0 1
    outer loop
      vertex -17.74 -18.875 3
      vertex -14.76 -19.375 3
      vertex -17.74 -13.125 3
    endloop
  endfacet
  facet normal 0 0 1
    outer loop
      vertex -22.9771 -24.9664 3
      vertex -14.76 -19.375 3
      vertex -17.74 -18.875 3
    endloop
  endfacet
  facet normal -0 0 1
    outer loop
      vertex -23.0404 -25.5996 3
      vertex -10.0961 -25.7598 3
      vertex -22.9771 -24.9664 3
    endloop
  endfacet
  facet normal 0 0 1
    outer loop
      vertex -10.0961 -25.7598 3
      vertex -23.0404 -25.5996 3
      vertex -9.98578 -26.0522 3
    endloop
  endfacet
  facet normal 0 0 1
    outer loop
      vertex -23.2304 -26.0629 3
      vertex -9.98578 -26.0522 3
      vertex -23.0404 -25.5996 3
    endloop
  endfacet
  facet normal 0 0 1
    outer loop
      vertex -9.98578 -26.0522 3
      vertex -23.2304 -26.0629 3
      vertex -9.7849 -26.2663 3
    endloop
  endfacet
  facet normal 0 0 1
    outer loop
      vertex -23.5439 -26.3467 3
      vertex -9.7849 -26.2663 3
      vertex -23.2304 -26.0629 3
    endloop
  endfacet
  facet normal 0 0 1
    outer loop
      vertex -9.7849 -26.2663 3
      vertex -23.5439 -26.3467 3
      vertex -9.50009 -26.3976 3
    endloop
  endfacet
  facet normal 0 0 1
    outer loop
      vertex -30 -29 3
      vertex -9.50009 -26.3976 3
      vertex -23.5439 -26.3467 3
    endloop
  endfacet
  facet normal 0 0 1
    outer loop
      vertex -9.50009 -26.3976 3
      vertex -30 -29 3
      vertex -9.13797 -26.4413 3
    endloop
  endfacet
  facet normal 0 0 1
    outer loop
      vertex -30 -29 3
      vertex -23.5439 -26.3467 3
      vertex -23.978 -26.4413 3
    endloop
  endfacet
  facet normal 0 0 1
    outer loop
      vertex -6.84651 -26.4413 3
      vertex -30 -29 3
      vertex 30 -29 3
    endloop
  endfacet
  facet normal 0 0 1
    outer loop
      vertex -24.4108 -26.3472 3
      vertex -30 -29 3
      vertex -23.978 -26.4413 3
    endloop
  endfacet
  facet normal 0 0 1
    outer loop
      vertex -24.7205 -26.0649 3
      vertex -30 -29 3
      vertex -24.4108 -26.3472 3
    endloop
  endfacet
  facet normal 0 0 1
    outer loop
      vertex -24.9067 -25.6021 3
      vertex -30 -29 3
      vertex -24.7205 -26.0649 3
    endloop
  endfacet
  facet normal 0 0 1
    outer loop
      vertex -30 -29 3
      vertex -24.9067 -25.6021 3
      vertex -24.9687 -24.9664 3
    endloop
  endfacet
  facet normal 0 0 1
    outer loop
      vertex 25.3545 -24.3205 3
      vertex 24.8439 -23.8454 3
      vertex 24.7595 -24.8199 3
    endloop
  endfacet
  facet normal 0 0 1
    outer loop
      vertex 25.2942 -24.9664 3
      vertex 24.7595 -24.8199 3
      vertex 24.9479 -25.1057 3
    endloop
  endfacet
  facet normal 0 0 1
    outer loop
      vertex 24.8439 -23.8454 3
      vertex 24.4652 -24.6338 3
      vertex 24.7595 -24.8199 3
    endloop
  endfacet
  facet normal 0 0 1
    outer loop
      vertex 24.8439 -23.8454 3
      vertex 24.0851 -24.5717 3
      vertex 24.4652 -24.6338 3
    endloop
  endfacet
  facet normal -0 0 1
    outer loop
      vertex 23.548 -23.8454 3
      vertex 24.0851 -24.5717 3
      vertex 24.8439 -23.8454 3
    endloop
  endfacet
  facet normal 0 0 1
    outer loop
      vertex 24.0851 -24.5717 3
      vertex 23.548 -23.8454 3
      vertex 23.7601 -24.6175 3
    endloop
  endfacet
  facet normal 0 0 1
    outer loop
      vertex 23.7601 -24.6175 3
      vertex 23.548 -23.8454 3
      vertex 23.4931 -24.7548 3
    endloop
  endfacet
  facet normal 0 0 1
    outer loop
      vertex 23.2256 11.6744 3
      vertex 33 26 3
      vertex 23.2366 18.3562 3
    endloop
  endfacet
  facet normal -0 0 1
    outer loop
      vertex 23.2225 10.4004 3
      vertex 25 8 3
      vertex 23.2859 11.0336 3
    endloop
  endfacet
  facet normal -0 0 1
    outer loop
      vertex 23.0326 9.93709 3
      vertex 25 8 3
      vertex 23.2225 10.4004 3
    endloop
  endfacet
  facet normal -0 0 1
    outer loop
      vertex 22.7191 9.65331 3
      vertex 25 8 3
      vertex 23.0326 9.93709 3
    endloop
  endfacet
  facet normal -0 0 1
    outer loop
      vertex 22.285 9.5587 3
      vertex 25 8 3
      vertex 22.7191 9.65331 3
    endloop
  endfacet
  facet normal 0 0 1
    outer loop
      vertex 19.9508 9.5587 3
      vertex 22.285 9.5587 3
      vertex 21.8522 9.65279 3
    endloop
  endfacet
  facet normal 0 0 1
    outer loop
      vertex 21.3545 11.6795 3
      vertex 20.9883 11.0906 3
      vertex 21.2942 11.0336 3
    endloop
  endfacet
  facet normal 0 0 1
    outer loop
      vertex 20.9209 10.4375 3
      vertex 21.2942 11.0336 3
      vertex 20.9883 11.0906 3
    endloop
  endfacet
  facet normal 0 0 1
    outer loop
      vertex 21.2942 11.0336 3
      vertex 20.9209 10.4375 3
      vertex 21.3563 10.3979 3
    endloop
  endfacet
  facet normal 0 0 1
    outer loop
      vertex 20.7188 9.9554 3
      vertex 21.3563 10.3979 3
      vertex 20.9209 10.4375 3
    endloop
  endfacet
  facet normal 0 0 1
    outer loop
      vertex 21.3563 10.3979 3
      vertex 20.7188 9.9554 3
      vertex 21.5424 9.93506 3
    endloop
  endfacet
  facet normal 0 0 1
    outer loop
      vertex 20.392 9.65788 3
      vertex 21.5424 9.93506 3
      vertex 20.7188 9.9554 3
    endloop
  endfacet
  facet normal 0 0 1
    outer loop
      vertex 21.5424 9.93506 3
      vertex 20.392 9.65788 3
      vertex 21.8522 9.65279 3
    endloop
  endfacet
  facet normal 0 0 1
    outer loop
      vertex 19.9508 9.5587 3
      vertex 21.8522 9.65279 3
      vertex 20.392 9.65788 3
    endloop
  endfacet
  facet normal 0 0 1
    outer loop
      vertex 22.285 9.5587 3
      vertex 19.9508 9.5587 3
      vertex 25 8 3
    endloop
  endfacet
  facet normal 0 0 1
    outer loop
      vertex 18.7193 9.59938 3
      vertex 19.9508 9.5587 3
      vertex 19.6484 9.59406 3
    endloop
  endfacet
  facet normal 0 0 1
    outer loop
      vertex 18.7193 9.91063 3
      vertex 19.1218 11.1501 3
      vertex 19.0638 11.5442 3
    endloop
  endfacet
  facet normal 0 0 1
    outer loop
      vertex 19.3161 12.2512 3
      vertex 18.0215 12.4658 3
      vertex 19.1269 11.9458 3
    endloop
  endfacet
  facet normal 0 0 1
    outer loop
      vertex 19.1218 11.1501 3
      vertex 18.7193 9.91063 3
      vertex 19.1228 10.1568 3
    endloop
  endfacet
  facet normal -0 0 1
    outer loop
      vertex 18.7193 9.91063 3
      vertex 19.239 9.88496 3
      vertex 19.1228 10.1568 3
    endloop
  endfacet
  facet normal 0 0 1
    outer loop
      vertex 18.7193 9.59938 3
      vertex 19.239 9.88496 3
      vertex 18.7193 9.91063 3
    endloop
  endfacet
  facet normal 0 0 1
    outer loop
      vertex 19.239 9.88496 3
      vertex 18.7193 9.59938 3
      vertex 19.4127 9.70009 3
    endloop
  endfacet
  facet normal 0 0 1
    outer loop
      vertex 19.4127 9.70009 3
      vertex 18.7193 9.59938 3
      vertex 19.6484 9.59406 3
    endloop
  endfacet
  facet normal 0 0 1
    outer loop
      vertex 19.9508 9.5587 3
      vertex 18.7193 9.59938 3
      vertex 25 8 3
    endloop
  endfacet
  facet normal -0 0 1
    outer loop
      vertex 16.9229 9.59938 3
      vertex 25 8 3
      vertex 18.7193 9.59938 3
    endloop
  endfacet
  facet normal -0 0 1
    outer loop
      vertex 13.3 19 3
      vertex 16.7634 18.3562 3
      vertex 16.7 19 3
    endloop
  endfacet
  facet normal 0 0 1
    outer loop
      vertex 13.2366 18.3562 3
      vertex 16.7634 18.3562 3
      vertex 13.3 19 3
    endloop
  endfacet
  facet normal -0 0 1
    outer loop
      vertex 13.2225 10.4004 3
      vertex 16.9229 9.91063 3
      vertex 13.2859 11.0336 3
    endloop
  endfacet
  facet normal 0 0 1
    outer loop
      vertex 16.9229 9.91063 3
      vertex 13.2225 10.4004 3
      vertex 16.9229 9.59938 3
    endloop
  endfacet
  facet normal -0 0 1
    outer loop
      vertex 13.0326 9.93709 3
      vertex 16.9229 9.59938 3
      vertex 13.2225 10.4004 3
    endloop
  endfacet
  facet normal -0 0 1
    outer loop
      vertex 12.7191 9.65331 3
      vertex 16.9229 9.59938 3
      vertex 13.0326 9.93709 3
    endloop
  endfacet
  facet normal 0 0 1
    outer loop
      vertex 12.285 9.5587 3
      vertex 16.9229 9.59938 3
      vertex 12.7191 9.65331 3
    endloop
  endfacet
  facet normal 0 0 1
    outer loop
      vertex 16.9229 9.59938 3
      vertex 12.285 9.5587 3
      vertex 25 8 3
    endloop
  endfacet
  facet normal 0 0 1
    outer loop
      vertex 10.9664 10.658 3
      vertex 11.2942 11.0336 3
      vertex 11.3545 11.6795 3
    endloop
  endfacet
  facet normal -0 0 1
    outer loop
      vertex 10.9664 10.658 3
      vertex 11.3563 10.3979 3
      vertex 11.2942 11.0336 3
    endloop
  endfacet
  facet normal 0 0 1
    outer loop
      vertex 10.9415 10.0459 3
      vertex 11.3563 10.3979 3
      vertex 11.0046 10.3989 3
    endloop
  endfacet
  facet normal 0 0 1
    outer loop
      vertex 11.3563 10.3979 3
      vertex 10.9415 10.0459 3
      vertex 11.5424 9.93506 3
    endloop
  endfacet
  facet normal 0 0 1
    outer loop
      vertex 10.7523 9.78043 3
      vertex 11.5424 9.93506 3
      vertex 10.9415 10.0459 3
    endloop
  endfacet
  facet normal 0 0 1
    outer loop
      vertex 11.5424 9.93506 3
      vertex 10.7523 9.78043 3
      vertex 11.8522 9.65279 3
    endloop
  endfacet
  facet normal 0 0 1
    outer loop
      vertex 10.4451 9.61414 3
      vertex 11.8522 9.65279 3
      vertex 10.7523 9.78043 3
    endloop
  endfacet
  facet normal 0 0 1
    outer loop
      vertex 11.8522 9.65279 3
      vertex 10.4451 9.61414 3
      vertex 12.285 9.5587 3
    endloop
  endfacet
  facet normal 0 0 1
    outer loop
      vertex 10.0281 9.5587 3
      vertex 12.285 9.5587 3
      vertex 10.4451 9.61414 3
    endloop
  endfacet
  facet normal 0 0 1
    outer loop
      vertex 12.285 9.5587 3
      vertex 10.0281 9.5587 3
      vertex 25 8 3
    endloop
  endfacet
  facet normal 0 0 1
    outer loop
      vertex 9.08975 10.6532 3
      vertex 8.71925 9.91063 3
      vertex 9.04958 10.3948 3
    endloop
  endfacet
  facet normal 0 0 1
    outer loop
      vertex 8.71925 9.91063 3
      vertex 9.11441 10.0398 3
      vertex 9.04958 10.3948 3
    endloop
  endfacet
  facet normal 0 0 1
    outer loop
      vertex 8.71925 9.59938 3
      vertex 9.11441 10.0398 3
      vertex 8.71925 9.91063 3
    endloop
  endfacet
  facet normal 0 0 1
    outer loop
      vertex 9.11441 10.0398 3
      vertex 8.71925 9.59938 3
      vertex 9.30894 9.77638 3
    endloop
  endfacet
  facet normal 0 0 1
    outer loop
      vertex 9.30894 9.77638 3
      vertex 8.71925 9.59938 3
      vertex 9.61844 9.61313 3
    endloop
  endfacet
  facet normal -0 0 1
    outer loop
      vertex 8.71925 9.59938 3
      vertex 10.0281 9.5587 3
      vertex 9.61844 9.61313 3
    endloop
  endfacet
  facet normal -0 0 1
    outer loop
      vertex 6.92291 9.59938 3
      vertex 10.0281 9.5587 3
      vertex 8.71925 9.59938 3
    endloop
  endfacet
  facet normal 0 0 1
    outer loop
      vertex 10.0281 9.5587 3
      vertex 6.92291 9.59938 3
      vertex 25 8 3
    endloop
  endfacet
  facet normal -0 0 1
    outer loop
      vertex 3.3 19 3
      vertex 6.76341 18.3562 3
      vertex 6.7 19 3
    endloop
  endfacet
  facet normal 0 0 1
    outer loop
      vertex 3.23659 18.3562 3
      vertex 6.76341 18.3562 3
      vertex 3.3 19 3
    endloop
  endfacet
  facet normal -0 0 1
    outer loop
      vertex 3.22255 10.4004 3
      vertex 6.92291 9.91063 3
      vertex 3.28587 11.0336 3
    endloop
  endfacet
  facet normal 0 0 1
    outer loop
      vertex 6.92291 9.91063 3
      vertex 3.22255 10.4004 3
      vertex 6.92291 9.59938 3
    endloop
  endfacet
  facet normal -0 0 1
    outer loop
      vertex 3.03258 9.93709 3
      vertex 6.92291 9.59938 3
      vertex 3.22255 10.4004 3
    endloop
  endfacet
  facet normal -0 0 1
    outer loop
      vertex 2.71906 9.65331 3
      vertex 6.92291 9.59938 3
      vertex 3.03258 9.93709 3
    endloop
  endfacet
  facet normal 0 0 1
    outer loop
      vertex 2.28499 9.5587 3
      vertex 6.92291 9.59938 3
      vertex 2.71906 9.65331 3
    endloop
  endfacet
  facet normal 0 0 1
    outer loop
      vertex 6.92291 9.59938 3
      vertex 2.28499 9.5587 3
      vertex 25 8 3
    endloop
  endfacet
  facet normal 0 0 1
    outer loop
      vertex 1.53531 12.1403 3
      vertex 0.97612 12.1688 3
      vertex 1.35451 11.6795 3
    endloop
  endfacet
  facet normal 0 0 1
    outer loop
      vertex 0.601288 11.5702 3
      vertex 1.35451 11.6795 3
      vertex 0.97612 12.1688 3
    endloop
  endfacet
  facet normal 0 0 1
    outer loop
      vertex 1.35451 11.6795 3
      vertex 0.601288 11.5702 3
      vertex 1.29424 11.0336 3
    endloop
  endfacet
  facet normal -0 0 1
    outer loop
      vertex 0.355637 11.117 3
      vertex 1.29424 11.0336 3
      vertex 0.601288 11.5702 3
    endloop
  endfacet
  facet normal 0 0 1
    outer loop
      vertex 0.197205 10.7391 3
      vertex 1.29424 11.0336 3
      vertex 0.355637 11.117 3
    endloop
  endfacet
  facet normal 0 0 1
    outer loop
      vertex 1.29424 11.0336 3
      vertex 0.197205 10.7391 3
      vertex 1.35628 10.3979 3
    endloop
  endfacet
  facet normal 0 0 1
    outer loop
      vertex 0.0840454 10.3663 3
      vertex 1.35628 10.3979 3
      vertex 0.197205 10.7391 3
    endloop
  endfacet
  facet normal 0 0 1
    outer loop
      vertex 0.0161438 9.98947 3
      vertex 1.35628 10.3979 3
      vertex 0.0840454 10.3663 3
    endloop
  endfacet
  facet normal 0 0 1
    outer loop
      vertex 1.35628 10.3979 3
      vertex 0.0161438 9.98947 3
      vertex 1.54242 9.93506 3
    endloop
  endfacet
  facet normal 0 0 1
    outer loop
      vertex -0.00648499 9.59938 3
      vertex 1.54242 9.93506 3
      vertex 0.0161438 9.98947 3
    endloop
  endfacet
  facet normal 0 0 1
    outer loop
      vertex 1.54242 9.93506 3
      vertex -0.00648499 9.59938 3
      vertex 1.85216 9.65279 3
    endloop
  endfacet
  facet normal 0 0 1
    outer loop
      vertex 1.85216 9.65279 3
      vertex -0.00648499 9.59938 3
      vertex 2.28499 9.5587 3
    endloop
  endfacet
  facet normal -0 0 1
    outer loop
      vertex -0.388916 9.59938 3
      vertex 2.28499 9.5587 3
      vertex -0.00648499 9.59938 3
    endloop
  endfacet
  facet normal 0 0 1
    outer loop
      vertex 2.28499 9.5587 3
      vertex -0.388916 9.59938 3
      vertex 25 8 3
    endloop
  endfacet
  facet normal 0 0 1
    outer loop
      vertex -0.917877 12.4658 3
      vertex -1.28075 9.91063 3
      vertex -0.917877 12.1546 3
    endloop
  endfacet
  facet normal 0 0 1
    outer loop
      vertex -0.330688 10.1631 3
      vertex -1.28075 9.91063 3
      vertex -0.388916 9.59938 3
    endloop
  endfacet
  facet normal 0 0 1
    outer loop
      vertex -1.28075 9.59938 3
      vertex -0.388916 9.59938 3
      vertex -1.28075 9.91063 3
    endloop
  endfacet
  facet normal -0 0 1
    outer loop
      vertex -1.28075 9.59938 3
      vertex 25 8 3
      vertex -0.388916 9.59938 3
    endloop
  endfacet
  facet normal 0 0 1
    outer loop
      vertex -25 8 3
      vertex -1.28075 9.59938 3
      vertex -3.07709 9.59938 3
    endloop
  endfacet
  facet normal -0 0 1
    outer loop
      vertex -6.7 19 3
      vertex -3.23659 18.3562 3
      vertex -3.3 19 3
    endloop
  endfacet
  facet normal 0 0 1
    outer loop
      vertex -6.76341 18.3562 3
      vertex -3.23659 18.3562 3
      vertex -6.7 19 3
    endloop
  endfacet
  facet normal -0 0 1
    outer loop
      vertex -6.77745 10.4004 3
      vertex -3.07709 9.91063 3
      vertex -6.71413 11.0336 3
    endloop
  endfacet
  facet normal 0 0 1
    outer loop
      vertex -3.07709 9.91063 3
      vertex -6.77745 10.4004 3
      vertex -3.07709 9.59938 3
    endloop
  endfacet
  facet normal -0 0 1
    outer loop
      vertex -6.96742 9.93709 3
      vertex -3.07709 9.59938 3
      vertex -6.77745 10.4004 3
    endloop
  endfacet
  facet normal -0 0 1
    outer loop
      vertex -7.28094 9.65331 3
      vertex -3.07709 9.59938 3
      vertex -6.96742 9.93709 3
    endloop
  endfacet
  facet normal 0 0 1
    outer loop
      vertex -7.71501 9.5587 3
      vertex -3.07709 9.59938 3
      vertex -7.28094 9.65331 3
    endloop
  endfacet
  facet normal 0 0 1
    outer loop
      vertex -25 8 3
      vertex -3.07709 9.59938 3
      vertex -7.71501 9.5587 3
    endloop
  endfacet
  facet normal 0 0 1
    outer loop
      vertex -9.05568 10.9136 3
      vertex -8.70576 11.0336 3
      vertex -8.64549 11.6795 3
    endloop
  endfacet
  facet normal -0 0 1
    outer loop
      vertex -8.99745 10.5372 3
      vertex -8.64372 10.3979 3
      vertex -8.70576 11.0336 3
    endloop
  endfacet
  facet normal 0 0 1
    outer loop
      vertex -9.05899 10.1314 3
      vertex -8.64372 10.3979 3
      vertex -8.99745 10.5372 3
    endloop
  endfacet
  facet normal 0 0 1
    outer loop
      vertex -8.64372 10.3979 3
      vertex -9.05899 10.1314 3
      vertex -8.45758 9.93506 3
    endloop
  endfacet
  facet normal 0 0 1
    outer loop
      vertex -9.24359 9.82111 3
      vertex -8.45758 9.93506 3
      vertex -9.05899 10.1314 3
    endloop
  endfacet
  facet normal 0 0 1
    outer loop
      vertex -8.45758 9.93506 3
      vertex -9.24359 9.82111 3
      vertex -8.14784 9.65279 3
    endloop
  endfacet
  facet normal 0 0 1
    outer loop
      vertex -9.53654 9.6243 3
      vertex -8.14784 9.65279 3
      vertex -9.24359 9.82111 3
    endloop
  endfacet
  facet normal 0 0 1
    outer loop
      vertex -8.14784 9.65279 3
      vertex -9.53654 9.6243 3
      vertex -7.71501 9.5587 3
    endloop
  endfacet
  facet normal 0 0 1
    outer loop
      vertex -9.92307 9.5587 3
      vertex -7.71501 9.5587 3
      vertex -9.53654 9.6243 3
    endloop
  endfacet
  facet normal 0 0 1
    outer loop
      vertex -25 8 3
      vertex -7.71501 9.5587 3
      vertex -9.92307 9.5587 3
    endloop
  endfacet
  facet normal 0 0 1
    outer loop
      vertex -10.8533 11.6246 3
      vertex -11.2807 9.91063 3
      vertex -10.9199 10.9665 3
    endloop
  endfacet
  facet normal 0 0 1
    outer loop
      vertex -11.2807 9.91063 3
      vertex -10.8558 10.3607 3
      vertex -10.9199 10.9665 3
    endloop
  endfacet
  facet normal 0 0 1
    outer loop
      vertex -11.2807 9.91063 3
      vertex -10.6636 9.91876 3
      vertex -10.8558 10.3607 3
    endloop
  endfacet
  facet normal 0 0 1
    outer loop
      vertex -11.2807 9.59938 3
      vertex -10.6636 9.91876 3
      vertex -11.2807 9.91063 3
    endloop
  endfacet
  facet normal 0 0 1
    outer loop
      vertex -10.6636 9.91876 3
      vertex -11.2807 9.59938 3
      vertex -10.3503 9.64871 3
    endloop
  endfacet
  facet normal -0 0 1
    outer loop
      vertex -11.2807 9.59938 3
      vertex -9.92307 9.5587 3
      vertex -10.3503 9.64871 3
    endloop
  endfacet
  facet normal 0 0 1
    outer loop
      vertex -25 8 3
      vertex -9.92307 9.5587 3
      vertex -11.2807 9.59938 3
    endloop
  endfacet
  facet normal 0 0 1
    outer loop
      vertex -25 8 3
      vertex -11.2807 9.59938 3
      vertex -13.0771 9.59938 3
    endloop
  endfacet
  facet normal -0 0 1
    outer loop
      vertex -16.7 19 3
      vertex -13.2366 18.3562 3
      vertex -13.3 19 3
    endloop
  endfacet
  facet normal 0 0 1
    outer loop
      vertex -16.7634 18.3562 3
      vertex -13.2366 18.3562 3
      vertex -16.7 19 3
    endloop
  endfacet
  facet normal -0 0 1
    outer loop
      vertex -16.7775 10.4004 3
      vertex -13.0771 9.91063 3
      vertex -16.7141 11.0336 3
    endloop
  endfacet
  facet normal 0 0 1
    outer loop
      vertex -13.0771 9.91063 3
      vertex -16.7775 10.4004 3
      vertex -13.0771 9.59938 3
    endloop
  endfacet
  facet normal -0 0 1
    outer loop
      vertex -16.9674 9.93709 3
      vertex -13.0771 9.59938 3
      vertex -16.7775 10.4004 3
    endloop
  endfacet
  facet normal -0 0 1
    outer loop
      vertex -17.2809 9.65331 3
      vertex -13.0771 9.59938 3
      vertex -16.9674 9.93709 3
    endloop
  endfacet
  facet normal 0 0 1
    outer loop
      vertex -17.715 9.5587 3
      vertex -13.0771 9.59938 3
      vertex -17.2809 9.65331 3
    endloop
  endfacet
  facet normal 0 0 1
    outer loop
      vertex -25 8 3
      vertex -13.0771 9.59938 3
      vertex -17.715 9.5587 3
    endloop
  endfacet
  facet normal 0 0 1
    outer loop
      vertex -19.0521 10.8943 3
      vertex -18.7058 11.0336 3
      vertex -18.6455 11.6795 3
    endloop
  endfacet
  facet normal -0 0 1
    outer loop
      vertex -18.9893 10.5332 3
      vertex -18.6437 10.3979 3
      vertex -18.7058 11.0336 3
    endloop
  endfacet
  facet normal 0 0 1
    outer loop
      vertex -19.0567 10.1278 3
      vertex -18.6437 10.3979 3
      vertex -18.9893 10.5332 3
    endloop
  endfacet
  facet normal 0 0 1
    outer loop
      vertex -18.6437 10.3979 3
      vertex -19.0567 10.1278 3
      vertex -18.4576 9.93506 3
    endloop
  endfacet
  facet normal 0 0 1
    outer loop
      vertex -19.2589 9.81911 3
      vertex -18.4576 9.93506 3
      vertex -19.0567 10.1278 3
    endloop
  endfacet
  facet normal 0 0 1
    outer loop
      vertex -18.4576 9.93506 3
      vertex -19.2589 9.81911 3
      vertex -18.1478 9.65279 3
    endloop
  endfacet
  facet normal 0 0 1
    outer loop
      vertex -19.5806 9.62381 3
      vertex -18.1478 9.65279 3
      vertex -19.2589 9.81911 3
    endloop
  endfacet
  facet normal 0 0 1
    outer loop
      vertex -18.1478 9.65279 3
      vertex -19.5806 9.62381 3
      vertex -17.715 9.5587 3
    endloop
  endfacet
  facet normal 0 0 1
    outer loop
      vertex -20.0065 9.5587 3
      vertex -17.715 9.5587 3
      vertex -19.5806 9.62381 3
    endloop
  endfacet
  facet normal 0 0 1
    outer loop
      vertex -17.715 9.5587 3
      vertex -20.0065 9.5587 3
      vertex -25 8 3
    endloop
  endfacet
  facet normal 0 0 1
    outer loop
      vertex -20.8813 10.9238 3
      vertex -21.2807 9.91063 3
      vertex -20.9646 10.2402 3
    endloop
  endfacet
  facet normal 0 0 1
    outer loop
      vertex -21.2807 9.91063 3
      vertex -20.8543 9.94778 3
      vertex -20.9646 10.2402 3
    endloop
  endfacet
  facet normal 0 0 1
    outer loop
      vertex -21.2807 9.59938 3
      vertex -20.8543 9.94778 3
      vertex -21.2807 9.91063 3
    endloop
  endfacet
  facet normal 0 0 1
    outer loop
      vertex -20.8543 9.94778 3
      vertex -21.2807 9.59938 3
      vertex -20.6534 9.73366 3
    endloop
  endfacet
  facet normal 0 0 1
    outer loop
      vertex -20.6534 9.73366 3
      vertex -21.2807 9.59938 3
      vertex -20.3686 9.60245 3
    endloop
  endfacet
  facet normal -0 0 1
    outer loop
      vertex -21.2807 9.59938 3
      vertex -20.0065 9.5587 3
      vertex -20.3686 9.60245 3
    endloop
  endfacet
  facet normal 0 0 1
    outer loop
      vertex -25 8 3
      vertex -20.0065 9.5587 3
      vertex -21.2807 9.59938 3
    endloop
  endfacet
  facet normal 0 0 1
    outer loop
      vertex -25 8 3
      vertex -21.2807 9.59938 3
      vertex -23.0771 9.59938 3
    endloop
  endfacet
  facet normal 0 0 1
    outer loop
      vertex -33 26 3
      vertex -23.2366 18.3562 3
      vertex -23.3 19 3
    endloop
  endfacet
  facet normal 0 0 1
    outer loop
      vertex -1.28075 9.59938 3
      vertex -25 8 3
      vertex 25 8 3
    endloop
  endfacet
  facet normal 0 0 1
    outer loop
      vertex -23.0771 9.91063 3
      vertex -25 8 3
      vertex -23.0771 9.59938 3
    endloop
  endfacet
  facet normal 0 0 1
    outer loop
      vertex 24.2654 -24.9125 3
      vertex 24.6303 -25.475 3
      vertex 24.5883 -25.2303 3
    endloop
  endfacet
  facet normal 0 0 1
    outer loop
      vertex 23.4056 -25.7171 3
      vertex 24.6303 -25.475 3
      vertex 24.0098 -24.8708 3
    endloop
  endfacet
  facet normal 0 0 1
    outer loop
      vertex 24.2654 -24.9125 3
      vertex 24.5883 -25.2303 3
      vertex 24.4624 -25.0376 3
    endloop
  endfacet
  facet normal 0 0 1
    outer loop
      vertex 24.6303 -25.475 3
      vertex 24.2654 -24.9125 3
      vertex 24.0098 -24.8708 3
    endloop
  endfacet
  facet normal 0 0 1
    outer loop
      vertex 24.6303 -25.475 3
      vertex 24.0017 -26.1423 3
      vertex 24.5886 -25.7529 3
    endloop
  endfacet
  facet normal 0 -0 1
    outer loop
      vertex 24.2646 -26.0978 3
      vertex 24.5886 -25.7529 3
      vertex 24.0017 -26.1423 3
    endloop
  endfacet
  facet normal 0 0 1
    outer loop
      vertex 24.5886 -25.7529 3
      vertex 24.2646 -26.0978 3
      vertex 24.4635 -25.9643 3
    endloop
  endfacet
  facet normal 0 0 1
    outer loop
      vertex 23.4056 -25.7171 3
      vertex 24.0098 -24.8708 3
      vertex 23.8664 -24.8825 3
    endloop
  endfacet
  facet normal 0 0 1
    outer loop
      vertex 23.4056 -25.7171 3
      vertex 23.8664 -24.8825 3
      vertex 23.7331 -24.9176 3
    endloop
  endfacet
  facet normal 0 0 1
    outer loop
      vertex 24.6303 -25.475 3
      vertex 23.4056 -25.7171 3
      vertex 24.0017 -26.1423 3
    endloop
  endfacet
  facet normal 0 0 1
    outer loop
      vertex 23.4056 -25.7171 3
      vertex 23.7331 -24.9176 3
      vertex 23.605 -24.9806 3
    endloop
  endfacet
  facet normal 0 0 1
    outer loop
      vertex 23.4056 -25.7171 3
      vertex 23.605 -24.9806 3
      vertex 23.4768 -25.0762 3
    endloop
  endfacet
  facet normal 0 0 1
    outer loop
      vertex 24.0017 -26.1423 3
      vertex 23.4056 -25.7171 3
      vertex 23.6126 -26.036 3
    endloop
  endfacet
  facet normal -0 0 1
    outer loop
      vertex 23.1187 -25.0762 3
      vertex 23.4056 -25.7171 3
      vertex 23.4768 -25.0762 3
    endloop
  endfacet
  facet normal 0 0 1
    outer loop
      vertex 23.4056 -25.7171 3
      vertex 23.1187 -25.0762 3
      vertex 23.0354 -25.7598 3
    endloop
  endfacet
  facet normal 0 0 1
    outer loop
      vertex 23.0354 -25.7598 3
      vertex 22.0215 -26.0894 3
      vertex 22.7193 -26.0894 3
    endloop
  endfacet
  facet normal 0 0 1
    outer loop
      vertex -24.5985 -24.9664 3
      vertex -23.3494 -24.9664 3
      vertex -23.3852 -24.4314 3
    endloop
  endfacet
  facet normal -0 0 1
    outer loop
      vertex -24.5616 -24.4263 3
      vertex -23.3852 -24.4314 3
      vertex -23.4928 -24.0672 3
    endloop
  endfacet
  facet normal 0 0 1
    outer loop
      vertex -23.3494 -24.9664 3
      vertex -24.5985 -24.9664 3
      vertex -23.387 -25.4872 3
    endloop
  endfacet
  facet normal 0 0 1
    outer loop
      vertex -23.9658 -23.7885 3
      vertex -23.4928 -24.0672 3
      vertex -23.6828 -23.8582 3
    endloop
  endfacet
  facet normal 0 -0 1
    outer loop
      vertex -24.5611 -25.4948 3
      vertex -23.387 -25.4872 3
      vertex -24.5985 -24.9664 3
    endloop
  endfacet
  facet normal 0 0 1
    outer loop
      vertex -23.4928 -24.0672 3
      vertex -23.9658 -23.7885 3
      vertex -24.451 -24.0632 3
    endloop
  endfacet
  facet normal 0 0 1
    outer loop
      vertex -23.387 -25.4872 3
      vertex -24.5611 -25.4948 3
      vertex -23.4999 -25.8534 3
    endloop
  endfacet
  facet normal 0 -0 1
    outer loop
      vertex -24.4489 -25.8595 3
      vertex -23.4999 -25.8534 3
      vertex -24.5611 -25.4948 3
    endloop
  endfacet
  facet normal 0 0 1
    outer loop
      vertex -24.451 -24.0632 3
      vertex -23.9658 -23.7885 3
      vertex -24.2559 -23.8572 3
    endloop
  endfacet
  facet normal 0 -0 1
    outer loop
      vertex -23.974 -26.1423 3
      vertex -23.4999 -25.8534 3
      vertex -24.4489 -25.8595 3
    endloop
  endfacet
  facet normal 0 0 1
    outer loop
      vertex -23.4928 -24.0672 3
      vertex -24.451 -24.0632 3
      vertex -24.5616 -24.4263 3
    endloop
  endfacet
  facet normal 0 0 1
    outer loop
      vertex -23.4999 -25.8534 3
      vertex -23.974 -26.1423 3
      vertex -23.6937 -26.07 3
    endloop
  endfacet
  facet normal 0 0 1
    outer loop
      vertex -23.3852 -24.4314 3
      vertex -24.5616 -24.4263 3
      vertex -24.5985 -24.9664 3
    endloop
  endfacet
  facet normal 0 0 1
    outer loop
      vertex -23.974 -26.1423 3
      vertex -24.4489 -25.8595 3
      vertex -24.2554 -26.0716 3
    endloop
  endfacet
  facet normal 0 0 1
    outer loop
      vertex -7.467 -24.9664 3
      vertex -6.21788 -24.9664 3
      vertex -6.25374 -24.4314 3
    endloop
  endfacet
  facet normal -0 0 1
    outer loop
      vertex -7.43013 -24.4263 3
      vertex -6.25374 -24.4314 3
      vertex -6.36131 -24.0672 3
    endloop
  endfacet
  facet normal 0 0 1
    outer loop
      vertex -6.21788 -24.9664 3
      vertex -7.467 -24.9664 3
      vertex -6.25552 -25.4872 3
    endloop
  endfacet
  facet normal 0 0 1
    outer loop
      vertex -6.8343 -23.7885 3
      vertex -6.36131 -24.0672 3
      vertex -6.55128 -23.8582 3
    endloop
  endfacet
  facet normal 0 -0 1
    outer loop
      vertex -7.42961 -25.4948 3
      vertex -6.25552 -25.4872 3
      vertex -7.467 -24.9664 3
    endloop
  endfacet
  facet normal 0 0 1
    outer loop
      vertex -6.36131 -24.0672 3
      vertex -6.8343 -23.7885 3
      vertex -7.31952 -24.0632 3
    endloop
  endfacet
  facet normal 0 0 1
    outer loop
      vertex -6.25552 -25.4872 3
      vertex -7.42961 -25.4948 3
      vertex -6.36842 -25.8534 3
    endloop
  endfacet
  facet normal 0 -0 1
    outer loop
      vertex -7.31747 -25.8595 3
      vertex -6.36842 -25.8534 3
      vertex -7.42961 -25.4948 3
    endloop
  endfacet
  facet normal 0 0 1
    outer loop
      vertex -7.31952 -24.0632 3
      vertex -6.8343 -23.7885 3
      vertex -7.12445 -23.8572 3
    endloop
  endfacet
  facet normal 0 -0 1
    outer loop
      vertex -6.84245 -26.1423 3
      vertex -6.36842 -25.8534 3
      vertex -7.31747 -25.8595 3
    endloop
  endfacet
  facet normal 0 0 1
    outer loop
      vertex -6.36131 -24.0672 3
      vertex -7.31952 -24.0632 3
      vertex -7.43013 -24.4263 3
    endloop
  endfacet
  facet normal 0 0 1
    outer loop
      vertex -6.36842 -25.8534 3
      vertex -6.84245 -26.1423 3
      vertex -6.56221 -26.07 3
    endloop
  endfacet
  facet normal 0 0 1
    outer loop
      vertex -6.25374 -24.4314 3
      vertex -7.43013 -24.4263 3
      vertex -7.467 -24.9664 3
    endloop
  endfacet
  facet normal 0 0 1
    outer loop
      vertex -6.84245 -26.1423 3
      vertex -7.31747 -25.8595 3
      vertex -7.12396 -26.0716 3
    endloop
  endfacet
  facet normal 0 0 1
    outer loop
      vertex 7.40154 -24.9664 3
      vertex 8.65062 -24.9664 3
      vertex 8.61476 -24.4314 3
    endloop
  endfacet
  facet normal -0 0 1
    outer loop
      vertex 7.4384 -24.4263 3
      vertex 8.61476 -24.4314 3
      vertex 8.50719 -24.0672 3
    endloop
  endfacet
  facet normal 0 0 1
    outer loop
      vertex 8.65062 -24.9664 3
      vertex 7.40154 -24.9664 3
      vertex 8.61299 -25.4872 3
    endloop
  endfacet
  facet normal 0 0 1
    outer loop
      vertex 8.03421 -23.7885 3
      vertex 8.50719 -24.0672 3
      vertex 8.31723 -23.8582 3
    endloop
  endfacet
  facet normal 0 -0 1
    outer loop
      vertex 7.4389 -25.4948 3
      vertex 8.61299 -25.4872 3
      vertex 7.40154 -24.9664 3
    endloop
  endfacet
  facet normal 0 0 1
    outer loop
      vertex 8.50719 -24.0672 3
      vertex 8.03421 -23.7885 3
      vertex 7.54901 -24.0632 3
    endloop
  endfacet
  facet normal 0 0 1
    outer loop
      vertex 8.61299 -25.4872 3
      vertex 7.4389 -25.4948 3
      vertex 8.50008 -25.8534 3
    endloop
  endfacet
  facet normal 0 -0 1
    outer loop
      vertex 7.55106 -25.8595 3
      vertex 8.50008 -25.8534 3
      vertex 7.4389 -25.4948 3
    endloop
  endfacet
  facet normal 0 0 1
    outer loop
      vertex 7.54901 -24.0632 3
      vertex 8.03421 -23.7885 3
      vertex 7.74406 -23.8572 3
    endloop
  endfacet
  facet normal 0 -0 1
    outer loop
      vertex 8.02605 -26.1423 3
      vertex 8.50008 -25.8534 3
      vertex 7.55106 -25.8595 3
    endloop
  endfacet
  facet normal 0 0 1
    outer loop
      vertex 8.50719 -24.0672 3
      vertex 7.54901 -24.0632 3
      vertex 7.4384 -24.4263 3
    endloop
  endfacet
  facet normal 0 0 1
    outer loop
      vertex 8.50008 -25.8534 3
      vertex 8.02605 -26.1423 3
      vertex 8.3063 -26.07 3
    endloop
  endfacet
  facet normal 0 0 1
    outer loop
      vertex 8.61476 -24.4314 3
      vertex 7.4384 -24.4263 3
      vertex 7.40154 -24.9664 3
    endloop
  endfacet
  facet normal 0 0 1
    outer loop
      vertex 8.02605 -26.1423 3
      vertex 7.55106 -25.8595 3
      vertex 7.74457 -26.0716 3
    endloop
  endfacet
  facet normal 0 0 1
    outer loop
      vertex 9.66449 -24.9664 3
      vertex 10.9136 -24.9664 3
      vertex 10.8777 -24.4314 3
    endloop
  endfacet
  facet normal -0 0 1
    outer loop
      vertex 9.70135 -24.4263 3
      vertex 10.8777 -24.4314 3
      vertex 10.7702 -24.0672 3
    endloop
  endfacet
  facet normal 0 0 1
    outer loop
      vertex 10.9136 -24.9664 3
      vertex 9.66449 -24.9664 3
      vertex 10.876 -25.4872 3
    endloop
  endfacet
  facet normal 0 0 1
    outer loop
      vertex 10.2972 -23.7885 3
      vertex 10.7702 -24.0672 3
      vertex 10.5802 -23.8582 3
    endloop
  endfacet
  facet normal 0 -0 1
    outer loop
      vertex 9.70187 -25.4948 3
      vertex 10.876 -25.4872 3
      vertex 9.66449 -24.9664 3
    endloop
  endfacet
  facet normal 0 0 1
    outer loop
      vertex 10.7702 -24.0672 3
      vertex 10.2972 -23.7885 3
      vertex 9.81197 -24.0632 3
    endloop
  endfacet
  facet normal 0 0 1
    outer loop
      vertex 10.876 -25.4872 3
      vertex 9.70187 -25.4948 3
      vertex 10.7631 -25.8534 3
    endloop
  endfacet
  facet normal 0 -0 1
    outer loop
      vertex 9.81401 -25.8595 3
      vertex 10.7631 -25.8534 3
      vertex 9.70187 -25.4948 3
    endloop
  endfacet
  facet normal 0 0 1
    outer loop
      vertex 9.81197 -24.0632 3
      vertex 10.2972 -23.7885 3
      vertex 10.007 -23.8572 3
    endloop
  endfacet
  facet normal 0 -0 1
    outer loop
      vertex 10.289 -26.1423 3
      vertex 10.7631 -25.8534 3
      vertex 9.81401 -25.8595 3
    endloop
  endfacet
  facet normal 0 0 1
    outer loop
      vertex 10.7702 -24.0672 3
      vertex 9.81197 -24.0632 3
      vertex 9.70135 -24.4263 3
    endloop
  endfacet
  facet normal 0 0 1
    outer loop
      vertex 10.7631 -25.8534 3
      vertex 10.289 -26.1423 3
      vertex 10.5693 -26.07 3
    endloop
  endfacet
  facet normal 0 0 1
    outer loop
      vertex 10.8777 -24.4314 3
      vertex 9.70135 -24.4263 3
      vertex 9.66449 -24.9664 3
    endloop
  endfacet
  facet normal 0 0 1
    outer loop
      vertex 10.289 -26.1423 3
      vertex 9.81401 -25.8595 3
      vertex 10.0075 -26.0716 3
    endloop
  endfacet
  facet normal 0 0 1
    outer loop
      vertex 25.6645 -24.9664 3
      vertex 26.9136 -24.9664 3
      vertex 26.8777 -24.4314 3
    endloop
  endfacet
  facet normal -0 0 1
    outer loop
      vertex 25.7014 -24.4263 3
      vertex 26.8777 -24.4314 3
      vertex 26.7702 -24.0672 3
    endloop
  endfacet
  facet normal 0 0 1
    outer loop
      vertex 26.9136 -24.9664 3
      vertex 25.6645 -24.9664 3
      vertex 26.876 -25.4872 3
    endloop
  endfacet
  facet normal 0 0 1
    outer loop
      vertex 26.2972 -23.7885 3
      vertex 26.7702 -24.0672 3
      vertex 26.5802 -23.8582 3
    endloop
  endfacet
  facet normal 0 -0 1
    outer loop
      vertex 25.7019 -25.4948 3
      vertex 26.876 -25.4872 3
      vertex 25.6645 -24.9664 3
    endloop
  endfacet
  facet normal 0 0 1
    outer loop
      vertex 26.7702 -24.0672 3
      vertex 26.2972 -23.7885 3
      vertex 25.812 -24.0632 3
    endloop
  endfacet
  facet normal 0 0 1
    outer loop
      vertex 26.876 -25.4872 3
      vertex 25.7019 -25.4948 3
      vertex 26.7631 -25.8534 3
    endloop
  endfacet
  facet normal 0 -0 1
    outer loop
      vertex 25.814 -25.8595 3
      vertex 26.7631 -25.8534 3
      vertex 25.7019 -25.4948 3
    endloop
  endfacet
  facet normal 0 0 1
    outer loop
      vertex 25.812 -24.0632 3
      vertex 26.2972 -23.7885 3
      vertex 26.007 -23.8572 3
    endloop
  endfacet
  facet normal 0 -0 1
    outer loop
      vertex 26.289 -26.1423 3
      vertex 26.7631 -25.8534 3
      vertex 25.814 -25.8595 3
    endloop
  endfacet
  facet normal 0 0 1
    outer loop
      vertex 26.7702 -24.0672 3
      vertex 25.812 -24.0632 3
      vertex 25.7014 -24.4263 3
    endloop
  endfacet
  facet normal 0 0 1
    outer loop
      vertex 26.7631 -25.8534 3
      vertex 26.289 -26.1423 3
      vertex 26.5693 -26.07 3
    endloop
  endfacet
  facet normal 0 0 1
    outer loop
      vertex 26.8777 -24.4314 3
      vertex 25.7014 -24.4263 3
      vertex 25.6645 -24.9664 3
    endloop
  endfacet
  facet normal 0 0 1
    outer loop
      vertex 26.289 -26.1423 3
      vertex 25.814 -25.8595 3
      vertex 26.0075 -26.0716 3
    endloop
  endfacet
  facet normal 0 0 1
    outer loop
      vertex -18.3355 11.0336 3
      vertex -17.0864 11.0336 3
      vertex -17.1223 11.5686 3
    endloop
  endfacet
  facet normal -0 0 1
    outer loop
      vertex -18.2986 11.5737 3
      vertex -17.1223 11.5686 3
      vertex -17.2298 11.9328 3
    endloop
  endfacet
  facet normal 0 0 1
    outer loop
      vertex -17.0864 11.0336 3
      vertex -18.3355 11.0336 3
      vertex -17.124 10.5128 3
    endloop
  endfacet
  facet normal 0 0 1
    outer loop
      vertex -17.7028 12.2115 3
      vertex -17.2298 11.9328 3
      vertex -17.4198 12.1418 3
    endloop
  endfacet
  facet normal 0 -0 1
    outer loop
      vertex -18.2981 10.5052 3
      vertex -17.124 10.5128 3
      vertex -18.3355 11.0336 3
    endloop
  endfacet
  facet normal 0 0 1
    outer loop
      vertex -17.2298 11.9328 3
      vertex -17.7028 12.2115 3
      vertex -18.188 11.9368 3
    endloop
  endfacet
  facet normal 0 0 1
    outer loop
      vertex -17.124 10.5128 3
      vertex -18.2981 10.5052 3
      vertex -17.2369 10.1466 3
    endloop
  endfacet
  facet normal 0 -0 1
    outer loop
      vertex -18.186 10.1405 3
      vertex -17.2369 10.1466 3
      vertex -18.2981 10.5052 3
    endloop
  endfacet
  facet normal 0 0 1
    outer loop
      vertex -18.188 11.9368 3
      vertex -17.7028 12.2115 3
      vertex -17.993 12.1428 3
    endloop
  endfacet
  facet normal 0 -0 1
    outer loop
      vertex -17.711 9.85774 3
      vertex -17.2369 10.1466 3
      vertex -18.186 10.1405 3
    endloop
  endfacet
  facet normal 0 0 1
    outer loop
      vertex -17.2298 11.9328 3
      vertex -18.188 11.9368 3
      vertex -18.2986 11.5737 3
    endloop
  endfacet
  facet normal 0 0 1
    outer loop
      vertex -17.2369 10.1466 3
      vertex -17.711 9.85774 3
      vertex -17.4307 9.92996 3
    endloop
  endfacet
  facet normal 0 0 1
    outer loop
      vertex -17.1223 11.5686 3
      vertex -18.2986 11.5737 3
      vertex -18.3355 11.0336 3
    endloop
  endfacet
  facet normal 0 0 1
    outer loop
      vertex -17.711 9.85774 3
      vertex -18.186 10.1405 3
      vertex -17.9925 9.92844 3
    endloop
  endfacet
  facet normal -0 0 1
    outer loop
      vertex -10.5191 10.6084 3
      vertex -9.36972 10.521 3
      vertex -9.40787 10.7966 3
    endloop
  endfacet
  facet normal 0 0 1
    outer loop
      vertex -9.36972 10.521 3
      vertex -10.4782 10.3068 3
      vertex -9.40736 10.243 3
    endloop
  endfacet
  facet normal 0 0 1
    outer loop
      vertex -9.70488 11.1277 3
      vertex -9.40787 10.7966 3
      vertex -9.52229 11.001 3
    endloop
  endfacet
  facet normal 0 -0 1
    outer loop
      vertex -10.3554 10.0652 3
      vertex -9.40736 10.243 3
      vertex -10.4782 10.3068 3
    endloop
  endfacet
  facet normal 0 0 1
    outer loop
      vertex -9.40787 10.7966 3
      vertex -9.70488 11.1277 3
      vertex -9.94749 11.1699 3
    endloop
  endfacet
  facet normal 0 -0 1
    outer loop
      vertex -9.93527 9.8537 3
      vertex -9.40736 10.243 3
      vertex -10.3554 10.0652 3
    endloop
  endfacet
  facet normal 0 0 1
    outer loop
      vertex -9.40787 10.7966 3
      vertex -9.94749 11.1699 3
      vertex -10.5191 10.6084 3
    endloop
  endfacet
  facet normal 0 0 1
    outer loop
      vertex -9.40736 10.243 3
      vertex -9.93527 9.8537 3
      vertex -9.52029 10.0317 3
    endloop
  endfacet
  facet normal 0 0 1
    outer loop
      vertex -10.5191 10.6084 3
      vertex -9.94749 11.1699 3
      vertex -10.1791 11.1325 3
    endloop
  endfacet
  facet normal 0 0 1
    outer loop
      vertex -9.52029 10.0317 3
      vertex -9.93527 9.8537 3
      vertex -9.69931 9.89819 3
    endloop
  endfacet
  facet normal 0 0 1
    outer loop
      vertex -10.4797 10.8426 3
      vertex -10.1791 11.1325 3
      vertex -10.3615 11.0204 3
    endloop
  endfacet
  facet normal 0 0 1
    outer loop
      vertex -9.93527 9.8537 3
      vertex -10.3554 10.0652 3
      vertex -10.1685 9.90659 3
    endloop
  endfacet
  facet normal 0 0 1
    outer loop
      vertex -10.1791 11.1325 3
      vertex -10.4797 10.8426 3
      vertex -10.5191 10.6084 3
    endloop
  endfacet
  facet normal 0 0 1
    outer loop
      vertex -9.36972 10.521 3
      vertex -10.5191 10.6084 3
      vertex -10.4782 10.3068 3
    endloop
  endfacet
  facet normal 0 0 1
    outer loop
      vertex -8.33551 11.0336 3
      vertex -7.0864 11.0336 3
      vertex -7.12225 11.5686 3
    endloop
  endfacet
  facet normal -0 0 1
    outer loop
      vertex -8.29865 11.5737 3
      vertex -7.12225 11.5686 3
      vertex -7.22983 11.9328 3
    endloop
  endfacet
  facet normal 0 0 1
    outer loop
      vertex -7.0864 11.0336 3
      vertex -8.33551 11.0336 3
      vertex -7.12404 10.5128 3
    endloop
  endfacet
  facet normal 0 0 1
    outer loop
      vertex -7.7028 12.2115 3
      vertex -7.22983 11.9328 3
      vertex -7.41978 12.1418 3
    endloop
  endfacet
  facet normal 0 -0 1
    outer loop
      vertex -8.29813 10.5052 3
      vertex -7.12404 10.5128 3
      vertex -8.33551 11.0336 3
    endloop
  endfacet
  facet normal 0 0 1
    outer loop
      vertex -7.22983 11.9328 3
      vertex -7.7028 12.2115 3
      vertex -8.18803 11.9368 3
    endloop
  endfacet
  facet normal 0 0 1
    outer loop
      vertex -7.12404 10.5128 3
      vertex -8.29813 10.5052 3
      vertex -7.23694 10.1466 3
    endloop
  endfacet
  facet normal 0 -0 1
    outer loop
      vertex -8.18599 10.1405 3
      vertex -7.23694 10.1466 3
      vertex -8.29813 10.5052 3
    endloop
  endfacet
  facet normal 0 0 1
    outer loop
      vertex -8.18803 11.9368 3
      vertex -7.7028 12.2115 3
      vertex -7.99297 12.1428 3
    endloop
  endfacet
  facet normal 0 -0 1
    outer loop
      vertex -7.71097 9.85774 3
      vertex -7.23694 10.1466 3
      vertex -8.18599 10.1405 3
    endloop
  endfacet
  facet normal 0 0 1
    outer loop
      vertex -7.22983 11.9328 3
      vertex -8.18803 11.9368 3
      vertex -8.29865 11.5737 3
    endloop
  endfacet
  facet normal 0 0 1
    outer loop
      vertex -7.23694 10.1466 3
      vertex -7.71097 9.85774 3
      vertex -7.43071 9.92996 3
    endloop
  endfacet
  facet normal 0 0 1
    outer loop
      vertex -7.12225 11.5686 3
      vertex -8.29865 11.5737 3
      vertex -8.33551 11.0336 3
    endloop
  endfacet
  facet normal 0 0 1
    outer loop
      vertex -7.71097 9.85774 3
      vertex -8.18599 10.1405 3
      vertex -7.99248 9.92844 3
    endloop
  endfacet
  facet normal 0 0 1
    outer loop
      vertex 1.66449 11.0336 3
      vertex 2.9136 11.0336 3
      vertex 2.87775 11.5686 3
    endloop
  endfacet
  facet normal -0 0 1
    outer loop
      vertex 1.70135 11.5737 3
      vertex 2.87775 11.5686 3
      vertex 2.77017 11.9328 3
    endloop
  endfacet
  facet normal 0 0 1
    outer loop
      vertex 2.9136 11.0336 3
      vertex 1.66449 11.0336 3
      vertex 2.87596 10.5128 3
    endloop
  endfacet
  facet normal 0 0 1
    outer loop
      vertex 2.2972 12.2115 3
      vertex 2.77017 11.9328 3
      vertex 2.58022 12.1418 3
    endloop
  endfacet
  facet normal 0 -0 1
    outer loop
      vertex 1.70187 10.5052 3
      vertex 2.87596 10.5128 3
      vertex 1.66449 11.0336 3
    endloop
  endfacet
  facet normal 0 0 1
    outer loop
      vertex 2.77017 11.9328 3
      vertex 2.2972 12.2115 3
      vertex 1.81197 11.9368 3
    endloop
  endfacet
  facet normal 0 0 1
    outer loop
      vertex 2.87596 10.5128 3
      vertex 1.70187 10.5052 3
      vertex 2.76306 10.1466 3
    endloop
  endfacet
  facet normal 0 -0 1
    outer loop
      vertex 1.81401 10.1405 3
      vertex 2.76306 10.1466 3
      vertex 1.70187 10.5052 3
    endloop
  endfacet
  facet normal 0 0 1
    outer loop
      vertex 1.81197 11.9368 3
      vertex 2.2972 12.2115 3
      vertex 2.00703 12.1428 3
    endloop
  endfacet
  facet normal 0 -0 1
    outer loop
      vertex 2.28903 9.85774 3
      vertex 2.76306 10.1466 3
      vertex 1.81401 10.1405 3
    endloop
  endfacet
  facet normal 0 0 1
    outer loop
      vertex 2.77017 11.9328 3
      vertex 1.81197 11.9368 3
      vertex 1.70135 11.5737 3
    endloop
  endfacet
  facet normal 0 0 1
    outer loop
      vertex 2.76306 10.1466 3
      vertex 2.28903 9.85774 3
      vertex 2.56929 9.92996 3
    endloop
  endfacet
  facet normal 0 0 1
    outer loop
      vertex 2.87775 11.5686 3
      vertex 1.70135 11.5737 3
      vertex 1.66449 11.0336 3
    endloop
  endfacet
  facet normal 0 0 1
    outer loop
      vertex 2.28903 9.85774 3
      vertex 1.81401 10.1405 3
      vertex 2.00752 9.92844 3
    endloop
  endfacet
  facet normal 0 0 1
    outer loop
      vertex 10.2747 10.9367 3
      vertex 10.6242 10.4335 3
      vertex 10.5845 10.6672 3
    endloop
  endfacet
  facet normal 0 0 1
    outer loop
      vertex 10.02 10.9706 3
      vertex 10.6242 10.4335 3
      vertex 10.2747 10.9367 3
    endloop
  endfacet
  facet normal 0 0 1
    outer loop
      vertex 10.2747 10.9367 3
      vertex 10.5845 10.6672 3
      vertex 10.4655 10.8353 3
    endloop
  endfacet
  facet normal 0 0 1
    outer loop
      vertex 10.5875 10.1626 3
      vertex 10.2931 9.86919 3
      vertex 10.4777 9.97675 3
    endloop
  endfacet
  facet normal 0 0 1
    outer loop
      vertex 10.6242 10.4335 3
      vertex 10.0322 9.83333 3
      vertex 10.5875 10.1626 3
    endloop
  endfacet
  facet normal 0 0 1
    outer loop
      vertex 10.5875 10.1626 3
      vertex 10.0322 9.83333 3
      vertex 10.2931 9.86919 3
    endloop
  endfacet
  facet normal 0 0 1
    outer loop
      vertex 10.6242 10.4335 3
      vertex 10.02 10.9706 3
      vertex 10.0322 9.83333 3
    endloop
  endfacet
  facet normal 0 0 1
    outer loop
      vertex 9.42796 10.4253 3
      vertex 10.02 10.9706 3
      vertex 9.77179 10.9342 3
    endloop
  endfacet
  facet normal 0 0 1
    outer loop
      vertex 9.46712 10.6524 3
      vertex 9.77179 10.9342 3
      vertex 9.58463 10.8251 3
    endloop
  endfacet
  facet normal 0 0 1
    outer loop
      vertex 10.02 10.9706 3
      vertex 9.42796 10.4253 3
      vertex 10.0322 9.83333 3
    endloop
  endfacet
  facet normal 0 0 1
    outer loop
      vertex 9.77179 10.9342 3
      vertex 9.46712 10.6524 3
      vertex 9.42796 10.4253 3
    endloop
  endfacet
  facet normal 0 0 1
    outer loop
      vertex 10.0322 9.83333 3
      vertex 9.42796 10.4253 3
      vertex 9.57901 9.98132 3
    endloop
  endfacet
  facet normal 0 0 1
    outer loop
      vertex 10.02 12.2359 3
      vertex 10.553 11.7497 3
      vertex 10.4197 12.1144 3
    endloop
  endfacet
  facet normal 0 -0 1
    outer loop
      vertex 10.024 11.2452 3
      vertex 10.553 11.7497 3
      vertex 10.02 12.2359 3
    endloop
  endfacet
  facet normal 0 0 1
    outer loop
      vertex 10.5191 11.5201 3
      vertex 10.2516 11.2749 3
      vertex 10.4177 11.3642 3
    endloop
  endfacet
  facet normal 0 0 1
    outer loop
      vertex 10.553 11.7497 3
      vertex 10.2516 11.2749 3
      vertex 10.5191 11.5201 3
    endloop
  endfacet
  facet normal 0 0 1
    outer loop
      vertex 10.553 11.7497 3
      vertex 10.024 11.2452 3
      vertex 10.2516 11.2749 3
    endloop
  endfacet
  facet normal -0 0 1
    outer loop
      vertex 9.49104 11.7497 3
      vertex 10.024 11.2452 3
      vertex 10.02 12.2359 3
    endloop
  endfacet
  facet normal 0 0 1
    outer loop
      vertex 9.49104 11.7497 3
      vertex 10.02 12.2359 3
      vertex 9.79239 12.2054 3
    endloop
  endfacet
  facet normal 0 0 1
    outer loop
      vertex 10.024 11.2452 3
      vertex 9.49104 11.7497 3
      vertex 9.79849 11.2775 3
    endloop
  endfacet
  facet normal 0 0 1
    outer loop
      vertex 9.52487 11.9618 3
      vertex 9.79239 12.2054 3
      vertex 9.62631 12.1138 3
    endloop
  endfacet
  facet normal -0 -0 1
    outer loop
      vertex 9.52588 11.5328 3
      vertex 9.79849 11.2775 3
      vertex 9.49104 11.7497 3
    endloop
  endfacet
  facet normal 0 0 1
    outer loop
      vertex 9.79239 12.2054 3
      vertex 9.52487 11.9618 3
      vertex 9.49104 11.7497 3
    endloop
  endfacet
  facet normal 0 0 1
    outer loop
      vertex 9.79849 11.2775 3
      vertex 9.52588 11.5328 3
      vertex 9.6304 11.3743 3
    endloop
  endfacet
  facet normal 0 0 1
    outer loop
      vertex 11.6645 11.0336 3
      vertex 12.9136 11.0336 3
      vertex 12.8777 11.5686 3
    endloop
  endfacet
  facet normal -0 0 1
    outer loop
      vertex 11.7014 11.5737 3
      vertex 12.8777 11.5686 3
      vertex 12.7702 11.9328 3
    endloop
  endfacet
  facet normal 0 0 1
    outer loop
      vertex 12.9136 11.0336 3
      vertex 11.6645 11.0336 3
      vertex 12.876 10.5128 3
    endloop
  endfacet
  facet normal 0 0 1
    outer loop
      vertex 12.2972 12.2115 3
      vertex 12.7702 11.9328 3
      vertex 12.5802 12.1418 3
    endloop
  endfacet
  facet normal 0 -0 1
    outer loop
      vertex 11.7019 10.5052 3
      vertex 12.876 10.5128 3
      vertex 11.6645 11.0336 3
    endloop
  endfacet
  facet normal 0 0 1
    outer loop
      vertex 12.7702 11.9328 3
      vertex 12.2972 12.2115 3
      vertex 11.812 11.9368 3
    endloop
  endfacet
  facet normal 0 0 1
    outer loop
      vertex 12.876 10.5128 3
      vertex 11.7019 10.5052 3
      vertex 12.7631 10.1466 3
    endloop
  endfacet
  facet normal 0 -0 1
    outer loop
      vertex 11.814 10.1405 3
      vertex 12.7631 10.1466 3
      vertex 11.7019 10.5052 3
    endloop
  endfacet
  facet normal 0 0 1
    outer loop
      vertex 11.812 11.9368 3
      vertex 12.2972 12.2115 3
      vertex 12.007 12.1428 3
    endloop
  endfacet
  facet normal 0 -0 1
    outer loop
      vertex 12.289 9.85774 3
      vertex 12.7631 10.1466 3
      vertex 11.814 10.1405 3
    endloop
  endfacet
  facet normal 0 0 1
    outer loop
      vertex 12.7702 11.9328 3
      vertex 11.812 11.9368 3
      vertex 11.7014 11.5737 3
    endloop
  endfacet
  facet normal 0 0 1
    outer loop
      vertex 12.7631 10.1466 3
      vertex 12.289 9.85774 3
      vertex 12.5693 9.92996 3
    endloop
  endfacet
  facet normal 0 0 1
    outer loop
      vertex 12.8777 11.5686 3
      vertex 11.7014 11.5737 3
      vertex 11.6645 11.0336 3
    endloop
  endfacet
  facet normal 0 0 1
    outer loop
      vertex 12.289 9.85774 3
      vertex 11.814 10.1405 3
      vertex 12.0075 9.92844 3
    endloop
  endfacet
  facet normal -0 0 1
    outer loop
      vertex 19.4361 11.5442 3
      vertex 20.5896 11.4445 3
      vertex 20.5499 11.7566 3
    endloop
  endfacet
  facet normal 0 -0 1
    outer loop
      vertex 19.4743 11.2637 3
      vertex 20.5896 11.4445 3
      vertex 19.4361 11.5442 3
    endloop
  endfacet
  facet normal -0 0 1
    outer loop
      vertex 19.4743 11.8196 3
      vertex 20.5499 11.7566 3
      vertex 20.4309 12.0009 3
    endloop
  endfacet
  facet normal 0 -0 1
    outer loop
      vertex 20.1547 10.8848 3
      vertex 20.5896 11.4445 3
      vertex 19.4743 11.2637 3
    endloop
  endfacet
  facet normal 0 0 1
    outer loop
      vertex 20.5896 11.4445 3
      vertex 20.2966 10.939 3
      vertex 20.57 11.2849 3
    endloop
  endfacet
  facet normal 0 0 1
    outer loop
      vertex 20.0057 12.2115 3
      vertex 20.4309 12.0009 3
      vertex 20.2453 12.1589 3
    endloop
  endfacet
  facet normal 0 0 1
    outer loop
      vertex 20.57 11.2849 3
      vertex 20.2966 10.939 3
      vertex 20.5112 11.1435 3
    endloop
  endfacet
  facet normal 0 0 1
    outer loop
      vertex 20.4309 12.0009 3
      vertex 20.0057 12.2115 3
      vertex 19.4743 11.8196 3
    endloop
  endfacet
  facet normal 0 0 1
    outer loop
      vertex 20.5112 11.1435 3
      vertex 20.2966 10.939 3
      vertex 20.4184 11.0262 3
    endloop
  endfacet
  facet normal 0 0 1
    outer loop
      vertex 19.5887 12.0314 3
      vertex 20.0057 12.2115 3
      vertex 19.7692 12.1665 3
    endloop
  endfacet
  facet normal 0 0 1
    outer loop
      vertex 20.5896 11.4445 3
      vertex 20.1547 10.8848 3
      vertex 20.2966 10.939 3
    endloop
  endfacet
  facet normal 0 0 1
    outer loop
      vertex 20.0057 12.2115 3
      vertex 19.5887 12.0314 3
      vertex 19.4743 11.8196 3
    endloop
  endfacet
  facet normal 0 0 1
    outer loop
      vertex 20.1547 10.8848 3
      vertex 19.4743 11.2637 3
      vertex 20.0017 10.8668 3
    endloop
  endfacet
  facet normal 0 0 1
    outer loop
      vertex 20.5499 11.7566 3
      vertex 19.4743 11.8196 3
      vertex 19.4361 11.5442 3
    endloop
  endfacet
  facet normal -0 -0 1
    outer loop
      vertex 19.5887 11.0488 3
      vertex 20.0017 10.8668 3
      vertex 19.4743 11.2637 3
    endloop
  endfacet
  facet normal 0 0 1
    outer loop
      vertex 20.0017 10.8668 3
      vertex 19.5887 11.0488 3
      vertex 19.7682 10.9123 3
    endloop
  endfacet
  facet normal 0 0 1
    outer loop
      vertex 21.6645 11.0336 3
      vertex 22.9136 11.0336 3
      vertex 22.8777 11.5686 3
    endloop
  endfacet
  facet normal -0 0 1
    outer loop
      vertex 21.7014 11.5737 3
      vertex 22.8777 11.5686 3
      vertex 22.7702 11.9328 3
    endloop
  endfacet
  facet normal 0 0 1
    outer loop
      vertex 22.9136 11.0336 3
      vertex 21.6645 11.0336 3
      vertex 22.876 10.5128 3
    endloop
  endfacet
  facet normal 0 0 1
    outer loop
      vertex 22.2972 12.2115 3
      vertex 22.7702 11.9328 3
      vertex 22.5802 12.1418 3
    endloop
  endfacet
  facet normal 0 -0 1
    outer loop
      vertex 21.7019 10.5052 3
      vertex 22.876 10.5128 3
      vertex 21.6645 11.0336 3
    endloop
  endfacet
  facet normal 0 0 1
    outer loop
      vertex 22.7702 11.9328 3
      vertex 22.2972 12.2115 3
      vertex 21.812 11.9368 3
    endloop
  endfacet
  facet normal 0 0 1
    outer loop
      vertex 22.876 10.5128 3
      vertex 21.7019 10.5052 3
      vertex 22.7631 10.1466 3
    endloop
  endfacet
  facet normal 0 -0 1
    outer loop
      vertex 21.814 10.1405 3
      vertex 22.7631 10.1466 3
      vertex 21.7019 10.5052 3
    endloop
  endfacet
  facet normal 0 0 1
    outer loop
      vertex 21.812 11.9368 3
      vertex 22.2972 12.2115 3
      vertex 22.007 12.1428 3
    endloop
  endfacet
  facet normal 0 -0 1
    outer loop
      vertex 22.289 9.85774 3
      vertex 22.7631 10.1466 3
      vertex 21.814 10.1405 3
    endloop
  endfacet
  facet normal 0 0 1
    outer loop
      vertex 22.7702 11.9328 3
      vertex 21.812 11.9368 3
      vertex 21.7014 11.5737 3
    endloop
  endfacet
  facet normal 0 0 1
    outer loop
      vertex 22.7631 10.1466 3
      vertex 22.289 9.85774 3
      vertex 22.5693 9.92996 3
    endloop
  endfacet
  facet normal 0 0 1
    outer loop
      vertex 22.8777 11.5686 3
      vertex 21.7014 11.5737 3
      vertex 21.6645 11.0336 3
    endloop
  endfacet
  facet normal 0 0 1
    outer loop
      vertex 22.289 9.85774 3
      vertex 21.814 10.1405 3
      vertex 22.0075 9.92844 3
    endloop
  endfacet
  facet normal -0.882003 0.471244 0
    outer loop
      vertex -21.9401 19.8036 4.2
      vertex -21.7461 20.1667 13
      vertex -21.7461 20.1667 4.2
    endloop
  endfacet
  facet normal -0.882003 0.471244 0
    outer loop
      vertex -21.7461 20.1667 13
      vertex -21.9401 19.8036 4.2
      vertex -21.9401 19.8036 13
    endloop
  endfacet
  facet normal 0.290311 -0.956932 0
    outer loop
      vertex -19.5903 16.9404 4.2
      vertex -19.1964 17.0599 13
      vertex -19.5903 16.9404 13
    endloop
  endfacet
  facet normal 0.290311 -0.956932 0
    outer loop
      vertex -19.1964 17.0599 13
      vertex -19.5903 16.9404 4.2
      vertex -19.1964 17.0599 4.2
    endloop
  endfacet
  facet normal 0 0 1
    outer loop
      vertex -19.25 19 13
      vertex -17.9 19 13
      vertex -17.9404 19.4097 13
    endloop
  endfacet
  facet normal 0 0 1
    outer loop
      vertex -19.2644 19.1463 13
      vertex -17.9404 19.4097 13
      vertex -18.0599 19.8036 13
    endloop
  endfacet
  facet normal 0 0 1
    outer loop
      vertex -17.9 19 13
      vertex -19.25 19 13
      vertex -17.9404 18.5903 13
    endloop
  endfacet
  facet normal 0 0 1
    outer loop
      vertex -19.3071 19.287 13
      vertex -18.0599 19.8036 13
      vertex -18.2539 20.1667 13
    endloop
  endfacet
  facet normal -0 0 1
    outer loop
      vertex -19.2644 18.8537 13
      vertex -17.9404 18.5903 13
      vertex -19.25 19 13
    endloop
  endfacet
  facet normal 0 0 1
    outer loop
      vertex -19.3764 19.4167 13
      vertex -18.2539 20.1667 13
      vertex -18.5151 20.4849 13
    endloop
  endfacet
  facet normal 0 0 1
    outer loop
      vertex -17.9404 18.5903 13
      vertex -19.2644 18.8537 13
      vertex -18.0599 18.1964 13
    endloop
  endfacet
  facet normal 0 0 1
    outer loop
      vertex -19.4697 19.5303 13
      vertex -18.5151 20.4849 13
      vertex -18.8333 20.7461 13
    endloop
  endfacet
  facet normal -0 0 1
    outer loop
      vertex -19.3071 18.713 13
      vertex -18.0599 18.1964 13
      vertex -19.2644 18.8537 13
    endloop
  endfacet
  facet normal 0 0 1
    outer loop
      vertex -19.5833 19.6236 13
      vertex -18.8333 20.7461 13
      vertex -19.1964 20.9401 13
    endloop
  endfacet
  facet normal 0 0 1
    outer loop
      vertex -18.0599 18.1964 13
      vertex -19.3071 18.713 13
      vertex -18.2539 17.8333 13
    endloop
  endfacet
  facet normal -0 0 1
    outer loop
      vertex -19.3764 18.5833 13
      vertex -18.2539 17.8333 13
      vertex -19.3071 18.713 13
    endloop
  endfacet
  facet normal 0 0 1
    outer loop
      vertex -17.9404 19.4097 13
      vertex -19.2644 19.1463 13
      vertex -19.25 19 13
    endloop
  endfacet
  facet normal 0 0 1
    outer loop
      vertex -18.0599 19.8036 13
      vertex -19.3071 19.287 13
      vertex -19.2644 19.1463 13
    endloop
  endfacet
  facet normal 0 0 1
    outer loop
      vertex -18.2539 20.1667 13
      vertex -19.3764 19.4167 13
      vertex -19.3071 19.287 13
    endloop
  endfacet
  facet normal 0 0 1
    outer loop
      vertex -18.5151 20.4849 13
      vertex -19.4697 19.5303 13
      vertex -19.3764 19.4167 13
    endloop
  endfacet
  facet normal 0 0 1
    outer loop
      vertex -18.8333 20.7461 13
      vertex -19.5833 19.6236 13
      vertex -19.4697 19.5303 13
    endloop
  endfacet
  facet normal 0 0 1
    outer loop
      vertex -19.713 19.6929 13
      vertex -19.1964 20.9401 13
      vertex -19.5903 21.0596 13
    endloop
  endfacet
  facet normal 0 0 1
    outer loop
      vertex -19.1964 20.9401 13
      vertex -19.713 19.6929 13
      vertex -19.5833 19.6236 13
    endloop
  endfacet
  facet normal 0 0 1
    outer loop
      vertex -19.5903 21.0596 13
      vertex -19.8537 19.7356 13
      vertex -19.713 19.6929 13
    endloop
  endfacet
  facet normal 0 0 1
    outer loop
      vertex -20 21.1 13
      vertex -19.8537 19.7356 13
      vertex -19.5903 21.0596 13
    endloop
  endfacet
  facet normal 0 0 1
    outer loop
      vertex -20 21.1 13
      vertex -20 19.75 13
      vertex -19.8537 19.7356 13
    endloop
  endfacet
  facet normal 0 0 1
    outer loop
      vertex -20 21.1 13
      vertex -20.1463 19.7356 13
      vertex -20 19.75 13
    endloop
  endfacet
  facet normal -0 0 1
    outer loop
      vertex -20.4097 21.0596 13
      vertex -20.1463 19.7356 13
      vertex -20 21.1 13
    endloop
  endfacet
  facet normal 0 0 1
    outer loop
      vertex -20.1463 19.7356 13
      vertex -20.4097 21.0596 13
      vertex -20.287 19.6929 13
    endloop
  endfacet
  facet normal -0 0 1
    outer loop
      vertex -20.8036 20.9401 13
      vertex -20.287 19.6929 13
      vertex -20.4097 21.0596 13
    endloop
  endfacet
  facet normal 0 0 1
    outer loop
      vertex -20.287 19.6929 13
      vertex -20.8036 20.9401 13
      vertex -20.4167 19.6236 13
    endloop
  endfacet
  facet normal -0 0 1
    outer loop
      vertex -21.1667 20.7461 13
      vertex -20.4167 19.6236 13
      vertex -20.8036 20.9401 13
    endloop
  endfacet
  facet normal 0 0 1
    outer loop
      vertex -20.4167 19.6236 13
      vertex -21.1667 20.7461 13
      vertex -20.5303 19.5303 13
    endloop
  endfacet
  facet normal -0 0 1
    outer loop
      vertex -21.4849 20.4849 13
      vertex -20.5303 19.5303 13
      vertex -21.1667 20.7461 13
    endloop
  endfacet
  facet normal -0 0 1
    outer loop
      vertex -21.7461 20.1667 13
      vertex -20.6236 19.4167 13
      vertex -21.4849 20.4849 13
    endloop
  endfacet
  facet normal 0 0 1
    outer loop
      vertex -20.5303 19.5303 13
      vertex -21.4849 20.4849 13
      vertex -20.6236 19.4167 13
    endloop
  endfacet
  facet normal 0 0 1
    outer loop
      vertex -18.2539 17.8333 13
      vertex -19.3764 18.5833 13
      vertex -18.5151 17.5151 13
    endloop
  endfacet
  facet normal -0 0 1
    outer loop
      vertex -19.4697 18.4697 13
      vertex -18.5151 17.5151 13
      vertex -19.3764 18.5833 13
    endloop
  endfacet
  facet normal 0 0 1
    outer loop
      vertex -18.5151 17.5151 13
      vertex -19.4697 18.4697 13
      vertex -18.8333 17.2539 13
    endloop
  endfacet
  facet normal -0 0 1
    outer loop
      vertex -19.5833 18.3764 13
      vertex -18.8333 17.2539 13
      vertex -19.4697 18.4697 13
    endloop
  endfacet
  facet normal 0 0 1
    outer loop
      vertex -18.8333 17.2539 13
      vertex -19.5833 18.3764 13
      vertex -19.1964 17.0599 13
    endloop
  endfacet
  facet normal -0 0 1
    outer loop
      vertex -19.713 18.3071 13
      vertex -19.1964 17.0599 13
      vertex -19.5833 18.3764 13
    endloop
  endfacet
  facet normal 0 0 1
    outer loop
      vertex -19.1964 17.0599 13
      vertex -19.713 18.3071 13
      vertex -19.5903 16.9404 13
    endloop
  endfacet
  facet normal -0 0 1
    outer loop
      vertex -19.8537 18.2644 13
      vertex -19.5903 16.9404 13
      vertex -19.713 18.3071 13
    endloop
  endfacet
  facet normal -0 0 1
    outer loop
      vertex -20 18.25 13
      vertex -19.5903 16.9404 13
      vertex -19.8537 18.2644 13
    endloop
  endfacet
  facet normal 0 0 1
    outer loop
      vertex -20 18.25 13
      vertex -20 16.9 13
      vertex -19.5903 16.9404 13
    endloop
  endfacet
  facet normal 0 0 1
    outer loop
      vertex -20.1463 18.2644 13
      vertex -20 16.9 13
      vertex -20 18.25 13
    endloop
  endfacet
  facet normal 0 0 1
    outer loop
      vertex -20.4097 16.9404 13
      vertex -20.1463 18.2644 13
      vertex -20.287 18.3071 13
    endloop
  endfacet
  facet normal 0 0 1
    outer loop
      vertex -20.1463 18.2644 13
      vertex -20.4097 16.9404 13
      vertex -20 16.9 13
    endloop
  endfacet
  facet normal 0 0 1
    outer loop
      vertex -20.8036 17.0599 13
      vertex -20.287 18.3071 13
      vertex -20.4167 18.3764 13
    endloop
  endfacet
  facet normal 0 0 1
    outer loop
      vertex -21.1667 17.2539 13
      vertex -20.4167 18.3764 13
      vertex -20.5303 18.4697 13
    endloop
  endfacet
  facet normal 0 0 1
    outer loop
      vertex -21.4849 17.5151 13
      vertex -20.5303 18.4697 13
      vertex -20.6236 18.5833 13
    endloop
  endfacet
  facet normal 0 0 1
    outer loop
      vertex -21.7461 17.8333 13
      vertex -20.6236 18.5833 13
      vertex -20.6929 18.713 13
    endloop
  endfacet
  facet normal 0 0 1
    outer loop
      vertex -21.9401 18.1964 13
      vertex -20.6929 18.713 13
      vertex -20.7356 18.8537 13
    endloop
  endfacet
  facet normal 0 0 1
    outer loop
      vertex -20.287 18.3071 13
      vertex -20.8036 17.0599 13
      vertex -20.4097 16.9404 13
    endloop
  endfacet
  facet normal 0 0 1
    outer loop
      vertex -22.0596 18.5903 13
      vertex -20.7356 18.8537 13
      vertex -20.75 19 13
    endloop
  endfacet
  facet normal 0 0 1
    outer loop
      vertex -20.6236 19.4167 13
      vertex -21.7461 20.1667 13
      vertex -20.6929 19.287 13
    endloop
  endfacet
  facet normal -0 0 1
    outer loop
      vertex -21.9401 19.8036 13
      vertex -20.6929 19.287 13
      vertex -21.7461 20.1667 13
    endloop
  endfacet
  facet normal 0 0 1
    outer loop
      vertex -20.4167 18.3764 13
      vertex -21.1667 17.2539 13
      vertex -20.8036 17.0599 13
    endloop
  endfacet
  facet normal 0 0 1
    outer loop
      vertex -20.6929 19.287 13
      vertex -21.9401 19.8036 13
      vertex -20.7356 19.1463 13
    endloop
  endfacet
  facet normal 0 0 1
    outer loop
      vertex -20.5303 18.4697 13
      vertex -21.4849 17.5151 13
      vertex -21.1667 17.2539 13
    endloop
  endfacet
  facet normal -0 0 1
    outer loop
      vertex -22.0596 19.4097 13
      vertex -20.7356 19.1463 13
      vertex -21.9401 19.8036 13
    endloop
  endfacet
  facet normal 0 0 1
    outer loop
      vertex -20.6236 18.5833 13
      vertex -21.7461 17.8333 13
      vertex -21.4849 17.5151 13
    endloop
  endfacet
  facet normal 0 0 1
    outer loop
      vertex -20.7356 19.1463 13
      vertex -22.0596 19.4097 13
      vertex -20.75 19 13
    endloop
  endfacet
  facet normal 0 0 1
    outer loop
      vertex -20.6929 18.713 13
      vertex -21.9401 18.1964 13
      vertex -21.7461 17.8333 13
    endloop
  endfacet
  facet normal 0 0 1
    outer loop
      vertex -22.1 19 13
      vertex -20.75 19 13
      vertex -22.0596 19.4097 13
    endloop
  endfacet
  facet normal 0 0 1
    outer loop
      vertex -20.7356 18.8537 13
      vertex -22.0596 18.5903 13
      vertex -21.9401 18.1964 13
    endloop
  endfacet
  facet normal 0 0 1
    outer loop
      vertex -20.75 19 13
      vertex -22.1 19 13
      vertex -22.0596 18.5903 13
    endloop
  endfacet
  facet normal -0.290311 -0.956932 0
    outer loop
      vertex -20.8036 17.0599 4.2
      vertex -20.4097 16.9404 13
      vertex -20.8036 17.0599 13
    endloop
  endfacet
  facet normal -0.290311 -0.956932 -0
    outer loop
      vertex -20.4097 16.9404 13
      vertex -20.8036 17.0599 4.2
      vertex -20.4097 16.9404 4.2
    endloop
  endfacet
  facet normal 0.956932 -0.290311 0
    outer loop
      vertex -18.0599 18.1964 13
      vertex -17.9404 18.5903 4.2
      vertex -17.9404 18.5903 13
    endloop
  endfacet
  facet normal 0.956932 -0.290311 0
    outer loop
      vertex -17.9404 18.5903 4.2
      vertex -18.0599 18.1964 13
      vertex -18.0599 18.1964 4.2
    endloop
  endfacet
  facet normal 0.772939 0.63448 0
    outer loop
      vertex -18.2539 20.1667 13
      vertex -18.5151 20.4849 4.2
      vertex -18.5151 20.4849 13
    endloop
  endfacet
  facet normal 0.772939 0.63448 0
    outer loop
      vertex -18.5151 20.4849 4.2
      vertex -18.2539 20.1667 13
      vertex -18.2539 20.1667 4.2
    endloop
  endfacet
  facet normal -0.995173 0.0981328 0
    outer loop
      vertex -22.1 19 4.2
      vertex -22.0596 19.4097 13
      vertex -22.0596 19.4097 4.2
    endloop
  endfacet
  facet normal -0.995173 0.0981328 0
    outer loop
      vertex -22.0596 19.4097 13
      vertex -22.1 19 4.2
      vertex -22.1 19 13
    endloop
  endfacet
  facet normal 0.63448 -0.772939 0
    outer loop
      vertex -18.8333 17.2539 4.2
      vertex -18.5151 17.5151 13
      vertex -18.8333 17.2539 13
    endloop
  endfacet
  facet normal 0.63448 -0.772939 0
    outer loop
      vertex -18.5151 17.5151 13
      vertex -18.8333 17.2539 4.2
      vertex -18.5151 17.5151 4.2
    endloop
  endfacet
  facet normal -0.63448 -0.772939 0
    outer loop
      vertex -21.4849 17.5151 4.2
      vertex -21.1667 17.2539 13
      vertex -21.4849 17.5151 13
    endloop
  endfacet
  facet normal -0.63448 -0.772939 -0
    outer loop
      vertex -21.1667 17.2539 13
      vertex -21.4849 17.5151 4.2
      vertex -21.1667 17.2539 4.2
    endloop
  endfacet
  facet normal -0.0981328 0.995173 0
    outer loop
      vertex -20 21.1 4.2
      vertex -20.4097 21.0596 13
      vertex -20 21.1 13
    endloop
  endfacet
  facet normal -0.0981328 0.995173 0
    outer loop
      vertex -20.4097 21.0596 13
      vertex -20 21.1 4.2
      vertex -20.4097 21.0596 4.2
    endloop
  endfacet
  facet normal 0.882003 -0.471244 0
    outer loop
      vertex -18.2539 17.8333 13
      vertex -18.0599 18.1964 4.2
      vertex -18.0599 18.1964 13
    endloop
  endfacet
  facet normal 0.882003 -0.471244 0
    outer loop
      vertex -18.0599 18.1964 4.2
      vertex -18.2539 17.8333 13
      vertex -18.2539 17.8333 4.2
    endloop
  endfacet
  facet normal -0.956932 -0.290311 0
    outer loop
      vertex -21.9401 18.1964 4.2
      vertex -22.0596 18.5903 13
      vertex -22.0596 18.5903 4.2
    endloop
  endfacet
  facet normal -0.956932 -0.290311 0
    outer loop
      vertex -22.0596 18.5903 13
      vertex -21.9401 18.1964 4.2
      vertex -21.9401 18.1964 13
    endloop
  endfacet
  facet normal -0.995173 -0.0981328 0
    outer loop
      vertex -22.0596 18.5903 4.2
      vertex -22.1 19 13
      vertex -22.1 19 4.2
    endloop
  endfacet
  facet normal -0.995173 -0.0981328 0
    outer loop
      vertex -22.1 19 13
      vertex -22.0596 18.5903 4.2
      vertex -22.0596 18.5903 13
    endloop
  endfacet
  facet normal -0.772939 -0.63448 0
    outer loop
      vertex -21.4849 17.5151 4.2
      vertex -21.7461 17.8333 13
      vertex -21.7461 17.8333 4.2
    endloop
  endfacet
  facet normal -0.772939 -0.63448 0
    outer loop
      vertex -21.7461 17.8333 13
      vertex -21.4849 17.5151 4.2
      vertex -21.4849 17.5151 13
    endloop
  endfacet
  facet normal -0.772939 0.63448 0
    outer loop
      vertex -21.7461 20.1667 4.2
      vertex -21.4849 20.4849 13
      vertex -21.4849 20.4849 4.2
    endloop
  endfacet
  facet normal -0.772939 0.63448 0
    outer loop
      vertex -21.4849 20.4849 13
      vertex -21.7461 20.1667 4.2
      vertex -21.7461 20.1667 13
    endloop
  endfacet
  facet normal -0.956932 0.290311 0
    outer loop
      vertex -22.0596 19.4097 4.2
      vertex -21.9401 19.8036 13
      vertex -21.9401 19.8036 4.2
    endloop
  endfacet
  facet normal -0.956932 0.290311 0
    outer loop
      vertex -21.9401 19.8036 13
      vertex -22.0596 19.4097 4.2
      vertex -22.0596 19.4097 13
    endloop
  endfacet
  facet normal -0.471244 -0.882003 0
    outer loop
      vertex -21.1667 17.2539 4.2
      vertex -20.8036 17.0599 13
      vertex -21.1667 17.2539 13
    endloop
  endfacet
  facet normal -0.471244 -0.882003 -0
    outer loop
      vertex -20.8036 17.0599 13
      vertex -21.1667 17.2539 4.2
      vertex -20.8036 17.0599 4.2
    endloop
  endfacet
  facet normal 0.705399 0.0694661 0.705399
    outer loop
      vertex -16.7634 19.6438 3
      vertex -17.9 19 4.2
      vertex -16.7 19 3
    endloop
  endfacet
  facet normal -0.20575 -0.678272 0.705418
    outer loop
      vertex -20.8036 17.0599 4.2
      vertex -21.2629 15.9512 3
      vertex -20.6438 15.7634 3
    endloop
  endfacet
  facet normal 0.334189 -0.625098 0.705387
    outer loop
      vertex -18.1666 16.2562 3
      vertex -18.8333 17.2539 4.2
      vertex -18.7371 15.9512 3
    endloop
  endfacet
  facet normal -0.449705 0.547842 0.705432
    outer loop
      vertex -21.1667 20.7461 4.2
      vertex -22.3335 21.3335 3
      vertex -21.4849 20.4849 4.2
    endloop
  endfacet
  facet normal -0.67827 0.205771 0.705413
    outer loop
      vertex -21.9401 19.8036 4.2
      vertex -23.2366 19.6438 3
      vertex -22.0596 19.4097 4.2
    endloop
  endfacet
  facet normal 0.0695556 -0.705369 0.705419
    outer loop
      vertex -19.5903 16.9404 4.2
      vertex -20 16.9 4.2
      vertex -19.3562 15.7634 3
    endloop
  endfacet
  facet normal -0.705399 0.0694661 0.705399
    outer loop
      vertex -23.2366 19.6438 3
      vertex -23.3 19 3
      vertex -22.1 19 4.2
    endloop
  endfacet
  facet normal 0.705399 -0.0694661 0.705399
    outer loop
      vertex -16.7 19 3
      vertex -17.9 19 4.2
      vertex -16.7634 18.3562 3
    endloop
  endfacet
  facet normal -0.334189 -0.625098 0.705387
    outer loop
      vertex -21.1667 17.2539 4.2
      vertex -21.8334 16.2562 3
      vertex -21.2629 15.9512 3
    endloop
  endfacet
  facet normal 0.334009 -0.625148 0.705427
    outer loop
      vertex -18.8333 17.2539 4.2
      vertex -19.1964 17.0599 4.2
      vertex -18.7371 15.9512 3
    endloop
  endfacet
  facet normal -0.334189 0.625098 0.705387
    outer loop
      vertex -21.2629 22.0488 3
      vertex -21.8334 21.7438 3
      vertex -21.1667 20.7461 4.2
    endloop
  endfacet
  facet normal 0.547989 -0.44959 0.705392
    outer loop
      vertex -17.2562 17.1666 3
      vertex -18.2539 17.8333 4.2
      vertex -17.6665 16.6665 3
    endloop
  endfacet
  facet normal -0.625098 0.334189 0.705387
    outer loop
      vertex -22.7438 20.8334 3
      vertex -23.0488 20.2629 3
      vertex -21.7461 20.1667 4.2
    endloop
  endfacet
  facet normal -0.547989 0.44959 0.705392
    outer loop
      vertex -22.3335 21.3335 3
      vertex -22.7438 20.8334 3
      vertex -21.7461 20.1667 4.2
    endloop
  endfacet
  facet normal -0.705399 -0.0694661 0.705399
    outer loop
      vertex -22.1 19 4.2
      vertex -23.3 19 3
      vertex -23.2366 18.3562 3
    endloop
  endfacet
  facet normal -0.705369 0.0695556 0.705419
    outer loop
      vertex -22.0596 19.4097 4.2
      vertex -23.2366 19.6438 3
      vertex -22.1 19 4.2
    endloop
  endfacet
  facet normal -0.0694661 0.705399 0.705399
    outer loop
      vertex -20 22.3 3
      vertex -20.6438 22.2366 3
      vertex -20 21.1 4.2
    endloop
  endfacet
  facet normal -0.678272 0.20575 0.705418
    outer loop
      vertex -23.0488 20.2629 3
      vertex -23.2366 19.6438 3
      vertex -21.9401 19.8036 4.2
    endloop
  endfacet
  facet normal 0.20575 0.678272 0.705418
    outer loop
      vertex -18.7371 22.0488 3
      vertex -19.3562 22.2366 3
      vertex -19.1964 20.9401 4.2
    endloop
  endfacet
  facet normal 0.205771 0.67827 0.705413
    outer loop
      vertex -19.3562 22.2366 3
      vertex -19.5903 21.0596 4.2
      vertex -19.1964 20.9401 4.2
    endloop
  endfacet
  facet normal 0.547842 -0.449705 0.705432
    outer loop
      vertex -18.2539 17.8333 4.2
      vertex -18.5151 17.5151 4.2
      vertex -17.6665 16.6665 3
    endloop
  endfacet
  facet normal -0.67827 -0.205771 0.705413
    outer loop
      vertex -22.0596 18.5903 4.2
      vertex -23.2366 18.3562 3
      vertex -21.9401 18.1964 4.2
    endloop
  endfacet
  facet normal 0.547842 0.449705 0.705432
    outer loop
      vertex -17.6665 21.3335 3
      vertex -18.5151 20.4849 4.2
      vertex -18.2539 20.1667 4.2
    endloop
  endfacet
  facet normal -0.625098 -0.334189 0.705387
    outer loop
      vertex -21.7461 17.8333 4.2
      vertex -23.0488 17.7371 3
      vertex -22.7438 17.1666 3
    endloop
  endfacet
  facet normal -0.547842 0.449705 0.705432
    outer loop
      vertex -21.4849 20.4849 4.2
      vertex -22.3335 21.3335 3
      vertex -21.7461 20.1667 4.2
    endloop
  endfacet
  facet normal 0.625148 -0.334009 0.705427
    outer loop
      vertex -18.0599 18.1964 4.2
      vertex -18.2539 17.8333 4.2
      vertex -16.9512 17.7371 3
    endloop
  endfacet
  facet normal 0.625148 0.334009 0.705427
    outer loop
      vertex -16.9512 20.2629 3
      vertex -18.2539 20.1667 4.2
      vertex -18.0599 19.8036 4.2
    endloop
  endfacet
  facet normal -0.547989 -0.44959 0.705392
    outer loop
      vertex -21.7461 17.8333 4.2
      vertex -22.7438 17.1666 3
      vertex -22.3335 16.6665 3
    endloop
  endfacet
  facet normal 0.20575 -0.678272 0.705418
    outer loop
      vertex -19.1964 17.0599 4.2
      vertex -19.3562 15.7634 3
      vertex -18.7371 15.9512 3
    endloop
  endfacet
  facet normal 0.0695556 0.705369 0.705419
    outer loop
      vertex -19.3562 22.2366 3
      vertex -20 21.1 4.2
      vertex -19.5903 21.0596 4.2
    endloop
  endfacet
  facet normal -0.705369 -0.0695556 0.705419
    outer loop
      vertex -22.1 19 4.2
      vertex -23.2366 18.3562 3
      vertex -22.0596 18.5903 4.2
    endloop
  endfacet
  facet normal 0.625098 -0.334189 0.705387
    outer loop
      vertex -16.9512 17.7371 3
      vertex -18.2539 17.8333 4.2
      vertex -17.2562 17.1666 3
    endloop
  endfacet
  facet normal -0.547842 -0.449705 0.705432
    outer loop
      vertex -21.7461 17.8333 4.2
      vertex -22.3335 16.6665 3
      vertex -21.4849 17.5151 4.2
    endloop
  endfacet
  facet normal 0.67827 0.205771 0.705413
    outer loop
      vertex -16.7634 19.6438 3
      vertex -18.0599 19.8036 4.2
      vertex -17.9404 19.4097 4.2
    endloop
  endfacet
  facet normal 0.547989 0.44959 0.705392
    outer loop
      vertex -17.6665 21.3335 3
      vertex -18.2539 20.1667 4.2
      vertex -17.2562 20.8334 3
    endloop
  endfacet
  facet normal -0.205771 -0.67827 0.705413
    outer loop
      vertex -20.4097 16.9404 4.2
      vertex -20.8036 17.0599 4.2
      vertex -20.6438 15.7634 3
    endloop
  endfacet
  facet normal -0.44959 -0.547989 0.705392
    outer loop
      vertex -21.1667 17.2539 4.2
      vertex -22.3335 16.6665 3
      vertex -21.8334 16.2562 3
    endloop
  endfacet
  facet normal -0.44959 0.547989 0.705392
    outer loop
      vertex -21.8334 21.7438 3
      vertex -22.3335 21.3335 3
      vertex -21.1667 20.7461 4.2
    endloop
  endfacet
  facet normal 0.678272 -0.20575 0.705418
    outer loop
      vertex -16.7634 18.3562 3
      vertex -18.0599 18.1964 4.2
      vertex -16.9512 17.7371 3
    endloop
  endfacet
  facet normal 0.334009 0.625148 0.705427
    outer loop
      vertex -18.7371 22.0488 3
      vertex -19.1964 20.9401 4.2
      vertex -18.8333 20.7461 4.2
    endloop
  endfacet
  facet normal -0.0695556 -0.705369 0.705419
    outer loop
      vertex -20.4097 16.9404 4.2
      vertex -20.6438 15.7634 3
      vertex -20 16.9 4.2
    endloop
  endfacet
  facet normal -0.625148 0.334009 0.705427
    outer loop
      vertex -21.7461 20.1667 4.2
      vertex -23.0488 20.2629 3
      vertex -21.9401 19.8036 4.2
    endloop
  endfacet
  facet normal -0.625148 -0.334009 0.705427
    outer loop
      vertex -21.9401 18.1964 4.2
      vertex -23.0488 17.7371 3
      vertex -21.7461 17.8333 4.2
    endloop
  endfacet
  facet normal 0.44959 0.547989 0.705392
    outer loop
      vertex -18.1666 21.7438 3
      vertex -18.8333 20.7461 4.2
      vertex -17.6665 21.3335 3
    endloop
  endfacet
  facet normal -0.334009 0.625148 0.705427
    outer loop
      vertex -20.8036 20.9401 4.2
      vertex -21.2629 22.0488 3
      vertex -21.1667 20.7461 4.2
    endloop
  endfacet
  facet normal -0.205771 0.67827 0.705413
    outer loop
      vertex -20.6438 22.2366 3
      vertex -20.8036 20.9401 4.2
      vertex -20.4097 21.0596 4.2
    endloop
  endfacet
  facet normal -0.20575 0.678272 0.705418
    outer loop
      vertex -20.6438 22.2366 3
      vertex -21.2629 22.0488 3
      vertex -20.8036 20.9401 4.2
    endloop
  endfacet
  facet normal -0.449705 -0.547842 0.705432
    outer loop
      vertex -21.4849 17.5151 4.2
      vertex -22.3335 16.6665 3
      vertex -21.1667 17.2539 4.2
    endloop
  endfacet
  facet normal 0.44959 -0.547989 0.705392
    outer loop
      vertex -17.6665 16.6665 3
      vertex -18.8333 17.2539 4.2
      vertex -18.1666 16.2562 3
    endloop
  endfacet
  facet normal 0.0694661 0.705399 0.705399
    outer loop
      vertex -20 22.3 3
      vertex -20 21.1 4.2
      vertex -19.3562 22.2366 3
    endloop
  endfacet
  facet normal 0.625098 0.334189 0.705387
    outer loop
      vertex -17.2562 20.8334 3
      vertex -18.2539 20.1667 4.2
      vertex -16.9512 20.2629 3
    endloop
  endfacet
  facet normal 0.678272 0.20575 0.705418
    outer loop
      vertex -16.9512 20.2629 3
      vertex -18.0599 19.8036 4.2
      vertex -16.7634 19.6438 3
    endloop
  endfacet
  facet normal 0.0694661 -0.705399 0.705399
    outer loop
      vertex -20 16.9 4.2
      vertex -20 15.7 3
      vertex -19.3562 15.7634 3
    endloop
  endfacet
  facet normal 0.449705 -0.547842 0.705432
    outer loop
      vertex -18.5151 17.5151 4.2
      vertex -18.8333 17.2539 4.2
      vertex -17.6665 16.6665 3
    endloop
  endfacet
  facet normal -0.0694661 -0.705399 0.705399
    outer loop
      vertex -20 16.9 4.2
      vertex -20.6438 15.7634 3
      vertex -20 15.7 3
    endloop
  endfacet
  facet normal 0.705369 0.0695556 0.705419
    outer loop
      vertex -16.7634 19.6438 3
      vertex -17.9404 19.4097 4.2
      vertex -17.9 19 4.2
    endloop
  endfacet
  facet normal -0.0695556 0.705369 0.705419
    outer loop
      vertex -20 21.1 4.2
      vertex -20.6438 22.2366 3
      vertex -20.4097 21.0596 4.2
    endloop
  endfacet
  facet normal 0.334189 0.625098 0.705387
    outer loop
      vertex -18.7371 22.0488 3
      vertex -18.8333 20.7461 4.2
      vertex -18.1666 21.7438 3
    endloop
  endfacet
  facet normal 0.67827 -0.205771 0.705413
    outer loop
      vertex -17.9404 18.5903 4.2
      vertex -18.0599 18.1964 4.2
      vertex -16.7634 18.3562 3
    endloop
  endfacet
  facet normal 0.705369 -0.0695556 0.705419
    outer loop
      vertex -17.9 19 4.2
      vertex -17.9404 18.5903 4.2
      vertex -16.7634 18.3562 3
    endloop
  endfacet
  facet normal -0.678272 -0.20575 0.705418
    outer loop
      vertex -21.9401 18.1964 4.2
      vertex -23.2366 18.3562 3
      vertex -23.0488 17.7371 3
    endloop
  endfacet
  facet normal 0.205771 -0.67827 0.705413
    outer loop
      vertex -19.1964 17.0599 4.2
      vertex -19.5903 16.9404 4.2
      vertex -19.3562 15.7634 3
    endloop
  endfacet
  facet normal 0.449705 0.547842 0.705432
    outer loop
      vertex -17.6665 21.3335 3
      vertex -18.8333 20.7461 4.2
      vertex -18.5151 20.4849 4.2
    endloop
  endfacet
  facet normal -0.334009 -0.625148 0.705427
    outer loop
      vertex -21.1667 17.2539 4.2
      vertex -21.2629 15.9512 3
      vertex -20.8036 17.0599 4.2
    endloop
  endfacet
  facet normal 0.471274 0.881987 -0
    outer loop
      vertex -8.8333 20.7461 4.2
      vertex -9.19637 20.9401 13
      vertex -8.8333 20.7461 13
    endloop
  endfacet
  facet normal 0.471274 0.881987 0
    outer loop
      vertex -9.19637 20.9401 13
      vertex -8.8333 20.7461 4.2
      vertex -9.19637 20.9401 4.2
    endloop
  endfacet
  facet normal 0.956932 0.290311 0
    outer loop
      vertex -7.94035 19.4097 13
      vertex -8.05985 19.8036 4.2
      vertex -8.05985 19.8036 13
    endloop
  endfacet
  facet normal 0.956932 0.290311 0
    outer loop
      vertex -8.05985 19.8036 4.2
      vertex -7.94035 19.4097 13
      vertex -7.94035 19.4097 4.2
    endloop
  endfacet
  facet normal 0.995185 0.0980125 0
    outer loop
      vertex -7.9 19 13
      vertex -7.94035 19.4097 4.2
      vertex -7.94035 19.4097 13
    endloop
  endfacet
  facet normal 0.995185 0.0980125 0
    outer loop
      vertex -7.94035 19.4097 4.2
      vertex -7.9 19 13
      vertex -7.9 19 4.2
    endloop
  endfacet
  facet normal 0.881942 0.471357 0
    outer loop
      vertex -8.05985 19.8036 13
      vertex -8.25391 20.1667 4.2
      vertex -8.25391 20.1667 13
    endloop
  endfacet
  facet normal 0.881942 0.471357 0
    outer loop
      vertex -8.25391 20.1667 4.2
      vertex -8.05985 19.8036 13
      vertex -8.05985 19.8036 4.2
    endloop
  endfacet
  facet normal 0.0981352 0.995173 -0
    outer loop
      vertex -9.59031 21.0596 4.2
      vertex -10 21.1 13
      vertex -9.59031 21.0596 13
    endloop
  endfacet
  facet normal 0.0981352 0.995173 0
    outer loop
      vertex -10 21.1 13
      vertex -9.59031 21.0596 4.2
      vertex -10 21.1 4.2
    endloop
  endfacet
  facet normal 0.0981352 -0.995173 0
    outer loop
      vertex -10 16.9 4.2
      vertex -9.59031 16.9404 13
      vertex -10 16.9 13
    endloop
  endfacet
  facet normal 0.0981352 -0.995173 0
    outer loop
      vertex -9.59031 16.9404 13
      vertex -10 16.9 4.2
      vertex -9.59031 16.9404 4.2
    endloop
  endfacet
  facet normal 0.290284 0.956941 -0
    outer loop
      vertex -9.19637 20.9401 4.2
      vertex -9.59031 21.0596 13
      vertex -9.19637 20.9401 13
    endloop
  endfacet
  facet normal 0.290284 0.956941 0
    outer loop
      vertex -9.59031 21.0596 13
      vertex -9.19637 20.9401 4.2
      vertex -9.59031 21.0596 4.2
    endloop
  endfacet
  facet normal 0.634457 0.772959 -0
    outer loop
      vertex -8.51508 20.4849 4.2
      vertex -8.8333 20.7461 13
      vertex -8.51508 20.4849 13
    endloop
  endfacet
  facet normal 0.634457 0.772959 0
    outer loop
      vertex -8.8333 20.7461 13
      vertex -8.51508 20.4849 4.2
      vertex -8.8333 20.7461 4.2
    endloop
  endfacet
  facet normal 0.772975 -0.634437 0
    outer loop
      vertex -8.51508 17.5151 13
      vertex -8.25391 17.8333 4.2
      vertex -8.25391 17.8333 13
    endloop
  endfacet
  facet normal 0.772975 -0.634437 0
    outer loop
      vertex -8.25391 17.8333 4.2
      vertex -8.51508 17.5151 13
      vertex -8.51508 17.5151 4.2
    endloop
  endfacet
  facet normal -0.63448 0.772939 0
    outer loop
      vertex -11.1667 20.7461 4.2
      vertex -11.4849 20.4849 13
      vertex -11.1667 20.7461 13
    endloop
  endfacet
  facet normal -0.63448 0.772939 0
    outer loop
      vertex -11.4849 20.4849 13
      vertex -11.1667 20.7461 4.2
      vertex -11.4849 20.4849 4.2
    endloop
  endfacet
  facet normal 0.471274 -0.881987 0
    outer loop
      vertex -9.19637 17.0599 4.2
      vertex -8.8333 17.2539 13
      vertex -9.19637 17.0599 13
    endloop
  endfacet
  facet normal 0.471274 -0.881987 0
    outer loop
      vertex -8.8333 17.2539 13
      vertex -9.19637 17.0599 4.2
      vertex -8.8333 17.2539 4.2
    endloop
  endfacet
  facet normal -0.882003 -0.471244 0
    outer loop
      vertex -11.7461 17.8333 4.2
      vertex -11.9401 18.1964 13
      vertex -11.9401 18.1964 4.2
    endloop
  endfacet
  facet normal -0.882003 -0.471244 0
    outer loop
      vertex -11.9401 18.1964 13
      vertex -11.7461 17.8333 4.2
      vertex -11.7461 17.8333 13
    endloop
  endfacet
  facet normal 0.995185 -0.0980125 0
    outer loop
      vertex -7.94035 18.5903 13
      vertex -7.9 19 4.2
      vertex -7.9 19 13
    endloop
  endfacet
  facet normal 0.995185 -0.0980125 0
    outer loop
      vertex -7.9 19 4.2
      vertex -7.94035 18.5903 13
      vertex -7.94035 18.5903 4.2
    endloop
  endfacet
  facet normal -0.471244 -0.882003 0
    outer loop
      vertex -11.1667 17.2539 4.2
      vertex -10.8036 17.0599 13
      vertex -11.1667 17.2539 13
    endloop
  endfacet
  facet normal -0.471244 -0.882003 -0
    outer loop
      vertex -10.8036 17.0599 13
      vertex -11.1667 17.2539 4.2
      vertex -10.8036 17.0599 4.2
    endloop
  endfacet
  facet normal -0.290311 0.956932 0
    outer loop
      vertex -10.4097 21.0596 4.2
      vertex -10.8036 20.9401 13
      vertex -10.4097 21.0596 13
    endloop
  endfacet
  facet normal -0.290311 0.956932 0
    outer loop
      vertex -10.8036 20.9401 13
      vertex -10.4097 21.0596 4.2
      vertex -10.8036 20.9401 4.2
    endloop
  endfacet
  facet normal -0.0981328 -0.995173 0
    outer loop
      vertex -10.4097 16.9404 4.2
      vertex -10 16.9 13
      vertex -10.4097 16.9404 13
    endloop
  endfacet
  facet normal -0.0981328 -0.995173 -0
    outer loop
      vertex -10 16.9 13
      vertex -10.4097 16.9404 4.2
      vertex -10 16.9 4.2
    endloop
  endfacet
  facet normal -0.882003 0.471244 0
    outer loop
      vertex -11.9401 19.8036 4.2
      vertex -11.7461 20.1667 13
      vertex -11.7461 20.1667 4.2
    endloop
  endfacet
  facet normal -0.882003 0.471244 0
    outer loop
      vertex -11.7461 20.1667 13
      vertex -11.9401 19.8036 4.2
      vertex -11.9401 19.8036 13
    endloop
  endfacet
  facet normal 0.290284 -0.956941 0
    outer loop
      vertex -9.59031 16.9404 4.2
      vertex -9.19637 17.0599 13
      vertex -9.59031 16.9404 13
    endloop
  endfacet
  facet normal 0.290284 -0.956941 0
    outer loop
      vertex -9.19637 17.0599 13
      vertex -9.59031 16.9404 4.2
      vertex -9.19637 17.0599 4.2
    endloop
  endfacet
  facet normal 0 0 1
    outer loop
      vertex -9.2 19 13
      vertex -7.9 19 13
      vertex -7.94035 19.4097 13
    endloop
  endfacet
  facet normal 0 0 1
    outer loop
      vertex -9.21537 19.1561 13
      vertex -7.94035 19.4097 13
      vertex -8.05985 19.8036 13
    endloop
  endfacet
  facet normal 0 0 1
    outer loop
      vertex -7.9 19 13
      vertex -9.2 19 13
      vertex -7.94035 18.5903 13
    endloop
  endfacet
  facet normal 0 0 1
    outer loop
      vertex -9.2609 19.3061 13
      vertex -8.05985 19.8036 13
      vertex -8.25391 20.1667 13
    endloop
  endfacet
  facet normal -0 0 1
    outer loop
      vertex -9.21537 18.8439 13
      vertex -7.94035 18.5903 13
      vertex -9.2 19 13
    endloop
  endfacet
  facet normal 0 0 1
    outer loop
      vertex -9.33482 19.4445 13
      vertex -8.25391 20.1667 13
      vertex -8.51508 20.4849 13
    endloop
  endfacet
  facet normal 0 0 1
    outer loop
      vertex -7.94035 18.5903 13
      vertex -9.21537 18.8439 13
      vertex -8.05985 18.1964 13
    endloop
  endfacet
  facet normal 0 0 1
    outer loop
      vertex -9.43431 19.5657 13
      vertex -8.51508 20.4849 13
      vertex -8.8333 20.7461 13
    endloop
  endfacet
  facet normal -0 0 1
    outer loop
      vertex -9.2609 18.6939 13
      vertex -8.05985 18.1964 13
      vertex -9.21537 18.8439 13
    endloop
  endfacet
  facet normal 0 0 1
    outer loop
      vertex -9.55554 19.6652 13
      vertex -8.8333 20.7461 13
      vertex -9.19637 20.9401 13
    endloop
  endfacet
  facet normal 0 0 1
    outer loop
      vertex -8.05985 18.1964 13
      vertex -9.2609 18.6939 13
      vertex -8.25391 17.8333 13
    endloop
  endfacet
  facet normal -0 0 1
    outer loop
      vertex -9.33482 18.5555 13
      vertex -8.25391 17.8333 13
      vertex -9.2609 18.6939 13
    endloop
  endfacet
  facet normal 0 0 1
    outer loop
      vertex -7.94035 19.4097 13
      vertex -9.21537 19.1561 13
      vertex -9.2 19 13
    endloop
  endfacet
  facet normal 0 0 1
    outer loop
      vertex -8.05985 19.8036 13
      vertex -9.2609 19.3061 13
      vertex -9.21537 19.1561 13
    endloop
  endfacet
  facet normal 0 0 1
    outer loop
      vertex -8.25391 20.1667 13
      vertex -9.33482 19.4445 13
      vertex -9.2609 19.3061 13
    endloop
  endfacet
  facet normal 0 0 1
    outer loop
      vertex -8.51508 20.4849 13
      vertex -9.43431 19.5657 13
      vertex -9.33482 19.4445 13
    endloop
  endfacet
  facet normal 0 0 1
    outer loop
      vertex -8.8333 20.7461 13
      vertex -9.55554 19.6652 13
      vertex -9.43431 19.5657 13
    endloop
  endfacet
  facet normal 0 0 1
    outer loop
      vertex -9.69385 19.7391 13
      vertex -9.19637 20.9401 13
      vertex -9.59031 21.0596 13
    endloop
  endfacet
  facet normal 0 0 1
    outer loop
      vertex -9.19637 20.9401 13
      vertex -9.69385 19.7391 13
      vertex -9.55554 19.6652 13
    endloop
  endfacet
  facet normal 0 0 1
    outer loop
      vertex -9.59031 21.0596 13
      vertex -9.84393 19.7846 13
      vertex -9.69385 19.7391 13
    endloop
  endfacet
  facet normal 0 0 1
    outer loop
      vertex -10 21.1 13
      vertex -9.84393 19.7846 13
      vertex -9.59031 21.0596 13
    endloop
  endfacet
  facet normal 0 0 1
    outer loop
      vertex -10 21.1 13
      vertex -10 19.8 13
      vertex -9.84393 19.7846 13
    endloop
  endfacet
  facet normal 0 0 1
    outer loop
      vertex -10 21.1 13
      vertex -10.1561 19.7846 13
      vertex -10 19.8 13
    endloop
  endfacet
  facet normal -0 0 1
    outer loop
      vertex -10.4097 21.0596 13
      vertex -10.1561 19.7846 13
      vertex -10 21.1 13
    endloop
  endfacet
  facet normal 0 0 1
    outer loop
      vertex -10.1561 19.7846 13
      vertex -10.4097 21.0596 13
      vertex -10.3061 19.7391 13
    endloop
  endfacet
  facet normal -0 0 1
    outer loop
      vertex -10.8036 20.9401 13
      vertex -10.3061 19.7391 13
      vertex -10.4097 21.0596 13
    endloop
  endfacet
  facet normal 0 0 1
    outer loop
      vertex -10.3061 19.7391 13
      vertex -10.8036 20.9401 13
      vertex -10.4445 19.6652 13
    endloop
  endfacet
  facet normal -0 0 1
    outer loop
      vertex -11.1667 20.7461 13
      vertex -10.4445 19.6652 13
      vertex -10.8036 20.9401 13
    endloop
  endfacet
  facet normal 0 0 1
    outer loop
      vertex -10.4445 19.6652 13
      vertex -11.1667 20.7461 13
      vertex -10.5657 19.5657 13
    endloop
  endfacet
  facet normal -0 0 1
    outer loop
      vertex -11.4849 20.4849 13
      vertex -10.5657 19.5657 13
      vertex -11.1667 20.7461 13
    endloop
  endfacet
  facet normal -0 0 1
    outer loop
      vertex -11.7461 20.1667 13
      vertex -10.6652 19.4445 13
      vertex -11.4849 20.4849 13
    endloop
  endfacet
  facet normal 0 0 1
    outer loop
      vertex -10.5657 19.5657 13
      vertex -11.4849 20.4849 13
      vertex -10.6652 19.4445 13
    endloop
  endfacet
  facet normal 0 0 1
    outer loop
      vertex -8.25391 17.8333 13
      vertex -9.33482 18.5555 13
      vertex -8.51508 17.5151 13
    endloop
  endfacet
  facet normal -0 0 1
    outer loop
      vertex -9.43431 18.4343 13
      vertex -8.51508 17.5151 13
      vertex -9.33482 18.5555 13
    endloop
  endfacet
  facet normal 0 0 1
    outer loop
      vertex -8.51508 17.5151 13
      vertex -9.43431 18.4343 13
      vertex -8.8333 17.2539 13
    endloop
  endfacet
  facet normal -0 0 1
    outer loop
      vertex -9.55554 18.3348 13
      vertex -8.8333 17.2539 13
      vertex -9.43431 18.4343 13
    endloop
  endfacet
  facet normal 0 0 1
    outer loop
      vertex -8.8333 17.2539 13
      vertex -9.55554 18.3348 13
      vertex -9.19637 17.0599 13
    endloop
  endfacet
  facet normal -0 0 1
    outer loop
      vertex -9.69385 18.2609 13
      vertex -9.19637 17.0599 13
      vertex -9.55554 18.3348 13
    endloop
  endfacet
  facet normal 0 0 1
    outer loop
      vertex -9.19637 17.0599 13
      vertex -9.69385 18.2609 13
      vertex -9.59031 16.9404 13
    endloop
  endfacet
  facet normal -0 0 1
    outer loop
      vertex -9.84393 18.2154 13
      vertex -9.59031 16.9404 13
      vertex -9.69385 18.2609 13
    endloop
  endfacet
  facet normal -0 0 1
    outer loop
      vertex -10 18.2 13
      vertex -9.59031 16.9404 13
      vertex -9.84393 18.2154 13
    endloop
  endfacet
  facet normal 0 0 1
    outer loop
      vertex -10 18.2 13
      vertex -10 16.9 13
      vertex -9.59031 16.9404 13
    endloop
  endfacet
  facet normal 0 0 1
    outer loop
      vertex -10.1561 18.2154 13
      vertex -10 16.9 13
      vertex -10 18.2 13
    endloop
  endfacet
  facet normal 0 0 1
    outer loop
      vertex -10.4097 16.9404 13
      vertex -10.1561 18.2154 13
      vertex -10.3061 18.2609 13
    endloop
  endfacet
  facet normal 0 0 1
    outer loop
      vertex -10.1561 18.2154 13
      vertex -10.4097 16.9404 13
      vertex -10 16.9 13
    endloop
  endfacet
  facet normal 0 0 1
    outer loop
      vertex -10.8036 17.0599 13
      vertex -10.3061 18.2609 13
      vertex -10.4445 18.3348 13
    endloop
  endfacet
  facet normal 0 0 1
    outer loop
      vertex -11.1667 17.2539 13
      vertex -10.4445 18.3348 13
      vertex -10.5657 18.4343 13
    endloop
  endfacet
  facet normal 0 0 1
    outer loop
      vertex -11.4849 17.5151 13
      vertex -10.5657 18.4343 13
      vertex -10.6652 18.5555 13
    endloop
  endfacet
  facet normal 0 0 1
    outer loop
      vertex -11.7461 17.8333 13
      vertex -10.6652 18.5555 13
      vertex -10.7391 18.6939 13
    endloop
  endfacet
  facet normal 0 0 1
    outer loop
      vertex -11.9401 18.1964 13
      vertex -10.7391 18.6939 13
      vertex -10.7846 18.8439 13
    endloop
  endfacet
  facet normal 0 0 1
    outer loop
      vertex -10.3061 18.2609 13
      vertex -10.8036 17.0599 13
      vertex -10.4097 16.9404 13
    endloop
  endfacet
  facet normal 0 0 1
    outer loop
      vertex -12.0596 18.5903 13
      vertex -10.7846 18.8439 13
      vertex -10.8 19 13
    endloop
  endfacet
  facet normal 0 0 1
    outer loop
      vertex -10.6652 19.4445 13
      vertex -11.7461 20.1667 13
      vertex -10.7391 19.3061 13
    endloop
  endfacet
  facet normal -0 0 1
    outer loop
      vertex -11.9401 19.8036 13
      vertex -10.7391 19.3061 13
      vertex -11.7461 20.1667 13
    endloop
  endfacet
  facet normal 0 0 1
    outer loop
      vertex -10.4445 18.3348 13
      vertex -11.1667 17.2539 13
      vertex -10.8036 17.0599 13
    endloop
  endfacet
  facet normal 0 0 1
    outer loop
      vertex -10.7391 19.3061 13
      vertex -11.9401 19.8036 13
      vertex -10.7846 19.1561 13
    endloop
  endfacet
  facet normal 0 0 1
    outer loop
      vertex -10.5657 18.4343 13
      vertex -11.4849 17.5151 13
      vertex -11.1667 17.2539 13
    endloop
  endfacet
  facet normal -0 0 1
    outer loop
      vertex -12.0596 19.4097 13
      vertex -10.7846 19.1561 13
      vertex -11.9401 19.8036 13
    endloop
  endfacet
  facet normal 0 0 1
    outer loop
      vertex -10.6652 18.5555 13
      vertex -11.7461 17.8333 13
      vertex -11.4849 17.5151 13
    endloop
  endfacet
  facet normal 0 0 1
    outer loop
      vertex -10.7846 19.1561 13
      vertex -12.0596 19.4097 13
      vertex -10.8 19 13
    endloop
  endfacet
  facet normal 0 0 1
    outer loop
      vertex -10.7391 18.6939 13
      vertex -11.9401 18.1964 13
      vertex -11.7461 17.8333 13
    endloop
  endfacet
  facet normal 0 0 1
    outer loop
      vertex -12.1 19 13
      vertex -10.8 19 13
      vertex -12.0596 19.4097 13
    endloop
  endfacet
  facet normal 0 0 1
    outer loop
      vertex -10.7846 18.8439 13
      vertex -12.0596 18.5903 13
      vertex -11.9401 18.1964 13
    endloop
  endfacet
  facet normal 0 0 1
    outer loop
      vertex -10.8 19 13
      vertex -12.1 19 13
      vertex -12.0596 18.5903 13
    endloop
  endfacet
  facet normal -0.290311 -0.956932 0
    outer loop
      vertex -10.8036 17.0599 4.2
      vertex -10.4097 16.9404 13
      vertex -10.8036 17.0599 13
    endloop
  endfacet
  facet normal -0.290311 -0.956932 -0
    outer loop
      vertex -10.4097 16.9404 13
      vertex -10.8036 17.0599 4.2
      vertex -10.4097 16.9404 4.2
    endloop
  endfacet
  facet normal 0.956932 -0.290311 0
    outer loop
      vertex -8.05985 18.1964 13
      vertex -7.94035 18.5903 4.2
      vertex -7.94035 18.5903 13
    endloop
  endfacet
  facet normal 0.956932 -0.290311 0
    outer loop
      vertex -7.94035 18.5903 4.2
      vertex -8.05985 18.1964 13
      vertex -8.05985 18.1964 4.2
    endloop
  endfacet
  facet normal 0.772975 0.634437 0
    outer loop
      vertex -8.25391 20.1667 13
      vertex -8.51508 20.4849 4.2
      vertex -8.51508 20.4849 13
    endloop
  endfacet
  facet normal 0.772975 0.634437 0
    outer loop
      vertex -8.51508 20.4849 4.2
      vertex -8.25391 20.1667 13
      vertex -8.25391 20.1667 4.2
    endloop
  endfacet
  facet normal -0.995173 0.0981328 0
    outer loop
      vertex -12.1 19 4.2
      vertex -12.0596 19.4097 13
      vertex -12.0596 19.4097 4.2
    endloop
  endfacet
  facet normal -0.995173 0.0981328 0
    outer loop
      vertex -12.0596 19.4097 13
      vertex -12.1 19 4.2
      vertex -12.1 19 13
    endloop
  endfacet
  facet normal 0.634457 -0.772959 0
    outer loop
      vertex -8.8333 17.2539 4.2
      vertex -8.51508 17.5151 13
      vertex -8.8333 17.2539 13
    endloop
  endfacet
  facet normal 0.634457 -0.772959 0
    outer loop
      vertex -8.51508 17.5151 13
      vertex -8.8333 17.2539 4.2
      vertex -8.51508 17.5151 4.2
    endloop
  endfacet
  facet normal -0.471244 0.882003 0
    outer loop
      vertex -10.8036 20.9401 4.2
      vertex -11.1667 20.7461 13
      vertex -10.8036 20.9401 13
    endloop
  endfacet
  facet normal -0.471244 0.882003 0
    outer loop
      vertex -11.1667 20.7461 13
      vertex -10.8036 20.9401 4.2
      vertex -11.1667 20.7461 4.2
    endloop
  endfacet
  facet normal -0.63448 -0.772939 0
    outer loop
      vertex -11.4849 17.5151 4.2
      vertex -11.1667 17.2539 13
      vertex -11.4849 17.5151 13
    endloop
  endfacet
  facet normal -0.63448 -0.772939 -0
    outer loop
      vertex -11.1667 17.2539 13
      vertex -11.4849 17.5151 4.2
      vertex -11.1667 17.2539 4.2
    endloop
  endfacet
  facet normal -0.0981328 0.995173 0
    outer loop
      vertex -10 21.1 4.2
      vertex -10.4097 21.0596 13
      vertex -10 21.1 13
    endloop
  endfacet
  facet normal -0.0981328 0.995173 0
    outer loop
      vertex -10.4097 21.0596 13
      vertex -10 21.1 4.2
      vertex -10.4097 21.0596 4.2
    endloop
  endfacet
  facet normal 0.881942 -0.471357 0
    outer loop
      vertex -8.25391 17.8333 13
      vertex -8.05985 18.1964 4.2
      vertex -8.05985 18.1964 13
    endloop
  endfacet
  facet normal 0.881942 -0.471357 0
    outer loop
      vertex -8.05985 18.1964 4.2
      vertex -8.25391 17.8333 13
      vertex -8.25391 17.8333 4.2
    endloop
  endfacet
  facet normal -0.956932 -0.290311 0
    outer loop
      vertex -11.9401 18.1964 4.2
      vertex -12.0596 18.5903 13
      vertex -12.0596 18.5903 4.2
    endloop
  endfacet
  facet normal -0.956932 -0.290311 0
    outer loop
      vertex -12.0596 18.5903 13
      vertex -11.9401 18.1964 4.2
      vertex -11.9401 18.1964 13
    endloop
  endfacet
  facet normal -0.995173 -0.0981328 0
    outer loop
      vertex -12.0596 18.5903 4.2
      vertex -12.1 19 13
      vertex -12.1 19 4.2
    endloop
  endfacet
  facet normal -0.995173 -0.0981328 0
    outer loop
      vertex -12.1 19 13
      vertex -12.0596 18.5903 4.2
      vertex -12.0596 18.5903 13
    endloop
  endfacet
  facet normal -0.772939 -0.63448 0
    outer loop
      vertex -11.4849 17.5151 4.2
      vertex -11.7461 17.8333 13
      vertex -11.7461 17.8333 4.2
    endloop
  endfacet
  facet normal -0.772939 -0.63448 0
    outer loop
      vertex -11.7461 17.8333 13
      vertex -11.4849 17.5151 4.2
      vertex -11.4849 17.5151 13
    endloop
  endfacet
  facet normal -0.772939 0.63448 0
    outer loop
      vertex -11.7461 20.1667 4.2
      vertex -11.4849 20.4849 13
      vertex -11.4849 20.4849 4.2
    endloop
  endfacet
  facet normal -0.772939 0.63448 0
    outer loop
      vertex -11.4849 20.4849 13
      vertex -11.7461 20.1667 4.2
      vertex -11.7461 20.1667 13
    endloop
  endfacet
  facet normal -0.956932 0.290311 0
    outer loop
      vertex -12.0596 19.4097 4.2
      vertex -11.9401 19.8036 13
      vertex -11.9401 19.8036 4.2
    endloop
  endfacet
  facet normal -0.956932 0.290311 0
    outer loop
      vertex -11.9401 19.8036 13
      vertex -12.0596 19.4097 4.2
      vertex -12.0596 19.4097 13
    endloop
  endfacet
  facet normal 0.705398 0.069477 0.705398
    outer loop
      vertex -6.76341 19.6438 3
      vertex -7.9 19 4.2
      vertex -6.7 19 3
    endloop
  endfacet
  facet normal -0.20575 -0.678272 0.705418
    outer loop
      vertex -10.8036 17.0599 4.2
      vertex -11.2629 15.9512 3
      vertex -10.6438 15.7634 3
    endloop
  endfacet
  facet normal 0.334177 -0.625108 0.705383
    outer loop
      vertex -8.16662 16.2562 3
      vertex -8.8333 17.2539 4.2
      vertex -8.73715 15.9512 3
    endloop
  endfacet
  facet normal -0.449705 0.547842 0.705432
    outer loop
      vertex -11.1667 20.7461 4.2
      vertex -12.3335 21.3335 3
      vertex -11.4849 20.4849 4.2
    endloop
  endfacet
  facet normal -0.67827 0.205771 0.705413
    outer loop
      vertex -11.9401 19.8036 4.2
      vertex -13.2366 19.6438 3
      vertex -12.0596 19.4097 4.2
    endloop
  endfacet
  facet normal 0.0695572 -0.705369 0.705419
    outer loop
      vertex -9.59031 16.9404 4.2
      vertex -10 16.9 4.2
      vertex -9.3562 15.7634 3
    endloop
  endfacet
  facet normal -0.705399 0.0694661 0.705399
    outer loop
      vertex -13.2366 19.6438 3
      vertex -13.3 19 3
      vertex -12.1 19 4.2
    endloop
  endfacet
  facet normal 0.705398 -0.069477 0.705398
    outer loop
      vertex -6.7 19 3
      vertex -7.9 19 4.2
      vertex -6.76341 18.3562 3
    endloop
  endfacet
  facet normal -0.334189 -0.625098 0.705387
    outer loop
      vertex -11.1667 17.2539 4.2
      vertex -11.8334 16.2562 3
      vertex -11.2629 15.9512 3
    endloop
  endfacet
  facet normal 0.334037 -0.625148 0.705415
    outer loop
      vertex -8.8333 17.2539 4.2
      vertex -9.19637 17.0599 4.2
      vertex -8.73715 15.9512 3
    endloop
  endfacet
  facet normal -0.334189 0.625098 0.705387
    outer loop
      vertex -11.2629 22.0488 3
      vertex -11.8334 21.7438 3
      vertex -11.1667 20.7461 4.2
    endloop
  endfacet
  facet normal 0.547928 -0.449649 0.705401
    outer loop
      vertex -7.25615 17.1666 3
      vertex -8.25391 17.8333 4.2
      vertex -7.66655 16.6665 3
    endloop
  endfacet
  facet normal -0.625098 0.334189 0.705387
    outer loop
      vertex -12.7438 20.8334 3
      vertex -13.0488 20.2629 3
      vertex -11.7461 20.1667 4.2
    endloop
  endfacet
  facet normal -0.547989 0.44959 0.705392
    outer loop
      vertex -12.3335 21.3335 3
      vertex -12.7438 20.8334 3
      vertex -11.7461 20.1667 4.2
    endloop
  endfacet
  facet normal -0.705399 -0.0694661 0.705399
    outer loop
      vertex -12.1 19 4.2
      vertex -13.3 19 3
      vertex -13.2366 18.3562 3
    endloop
  endfacet
  facet normal -0.705369 0.0695556 0.705419
    outer loop
      vertex -12.0596 19.4097 4.2
      vertex -13.2366 19.6438 3
      vertex -12.1 19 4.2
    endloop
  endfacet
  facet normal -0.0694661 0.705399 0.705399
    outer loop
      vertex -10 22.3 3
      vertex -10.6438 22.2366 3
      vertex -10 21.1 4.2
    endloop
  endfacet
  facet normal -0.678272 0.20575 0.705418
    outer loop
      vertex -13.0488 20.2629 3
      vertex -13.2366 19.6438 3
      vertex -11.9401 19.8036 4.2
    endloop
  endfacet
  facet normal 0.205766 0.678273 0.705411
    outer loop
      vertex -8.73715 22.0488 3
      vertex -9.3562 22.2366 3
      vertex -9.19637 20.9401 4.2
    endloop
  endfacet
  facet normal 0.205752 0.678275 0.705415
    outer loop
      vertex -9.3562 22.2366 3
      vertex -9.59031 21.0596 4.2
      vertex -9.19637 20.9401 4.2
    endloop
  endfacet
  facet normal 0.547881 -0.449686 0.705414
    outer loop
      vertex -8.25391 17.8333 4.2
      vertex -8.51508 17.5151 4.2
      vertex -7.66655 16.6665 3
    endloop
  endfacet
  facet normal -0.67827 -0.205771 0.705413
    outer loop
      vertex -12.0596 18.5903 4.2
      vertex -13.2366 18.3562 3
      vertex -11.9401 18.1964 4.2
    endloop
  endfacet
  facet normal 0.547881 0.449686 0.705414
    outer loop
      vertex -7.66655 21.3335 3
      vertex -8.51508 20.4849 4.2
      vertex -8.25391 20.1667 4.2
    endloop
  endfacet
  facet normal -0.625098 -0.334189 0.705387
    outer loop
      vertex -11.7461 17.8333 4.2
      vertex -13.0488 17.7371 3
      vertex -12.7438 17.1666 3
    endloop
  endfacet
  facet normal -0.547842 0.449705 0.705432
    outer loop
      vertex -11.4849 20.4849 4.2
      vertex -12.3335 21.3335 3
      vertex -11.7461 20.1667 4.2
    endloop
  endfacet
  facet normal 0.625121 -0.334098 0.705409
    outer loop
      vertex -8.05985 18.1964 4.2
      vertex -8.25391 17.8333 4.2
      vertex -6.9512 17.7371 3
    endloop
  endfacet
  facet normal 0.625121 0.334098 0.705409
    outer loop
      vertex -6.9512 20.2629 3
      vertex -8.25391 20.1667 4.2
      vertex -8.05985 19.8036 4.2
    endloop
  endfacet
  facet normal -0.547989 -0.44959 0.705392
    outer loop
      vertex -11.7461 17.8333 4.2
      vertex -12.7438 17.1666 3
      vertex -12.3335 16.6665 3
    endloop
  endfacet
  facet normal 0.205766 -0.678273 0.705411
    outer loop
      vertex -9.19637 17.0599 4.2
      vertex -9.3562 15.7634 3
      vertex -8.73715 15.9512 3
    endloop
  endfacet
  facet normal 0.0695572 0.705369 0.705419
    outer loop
      vertex -9.3562 22.2366 3
      vertex -10 21.1 4.2
      vertex -9.59031 21.0596 4.2
    endloop
  endfacet
  facet normal -0.705369 -0.0695556 0.705419
    outer loop
      vertex -12.1 19 4.2
      vertex -13.2366 18.3562 3
      vertex -12.0596 18.5903 4.2
    endloop
  endfacet
  facet normal 0.625109 -0.33414 0.7054
    outer loop
      vertex -6.9512 17.7371 3
      vertex -8.25391 17.8333 4.2
      vertex -7.25615 17.1666 3
    endloop
  endfacet
  facet normal -0.547842 -0.449705 0.705432
    outer loop
      vertex -11.7461 17.8333 4.2
      vertex -12.3335 16.6665 3
      vertex -11.4849 17.5151 4.2
    endloop
  endfacet
  facet normal 0.678287 0.205776 0.705396
    outer loop
      vertex -6.76341 19.6438 3
      vertex -8.05985 19.8036 4.2
      vertex -7.94035 19.4097 4.2
    endloop
  endfacet
  facet normal 0.547928 0.449649 0.705401
    outer loop
      vertex -7.66655 21.3335 3
      vertex -8.25391 20.1667 4.2
      vertex -7.25615 20.8334 3
    endloop
  endfacet
  facet normal -0.205771 -0.67827 0.705413
    outer loop
      vertex -10.4097 16.9404 4.2
      vertex -10.8036 17.0599 4.2
      vertex -10.6438 15.7634 3
    endloop
  endfacet
  facet normal -0.44959 -0.547989 0.705392
    outer loop
      vertex -11.1667 17.2539 4.2
      vertex -12.3335 16.6665 3
      vertex -11.8334 16.2562 3
    endloop
  endfacet
  facet normal -0.44959 0.547989 0.705392
    outer loop
      vertex -11.8334 21.7438 3
      vertex -12.3335 21.3335 3
      vertex -11.1667 20.7461 4.2
    endloop
  endfacet
  facet normal 0.678289 -0.205744 0.705403
    outer loop
      vertex -6.76341 18.3562 3
      vertex -8.05985 18.1964 4.2
      vertex -6.9512 17.7371 3
    endloop
  endfacet
  facet normal 0.334037 0.625148 0.705415
    outer loop
      vertex -8.73715 22.0488 3
      vertex -9.19637 20.9401 4.2
      vertex -8.8333 20.7461 4.2
    endloop
  endfacet
  facet normal -0.0695556 -0.705369 0.705419
    outer loop
      vertex -10.4097 16.9404 4.2
      vertex -10.6438 15.7634 3
      vertex -10 16.9 4.2
    endloop
  endfacet
  facet normal -0.625148 0.334009 0.705427
    outer loop
      vertex -11.7461 20.1667 4.2
      vertex -13.0488 20.2629 3
      vertex -11.9401 19.8036 4.2
    endloop
  endfacet
  facet normal -0.625148 -0.334009 0.705427
    outer loop
      vertex -11.9401 18.1964 4.2
      vertex -13.0488 17.7371 3
      vertex -11.7461 17.8333 4.2
    endloop
  endfacet
  facet normal 0.449609 0.547979 0.705387
    outer loop
      vertex -8.16662 21.7438 3
      vertex -8.8333 20.7461 4.2
      vertex -7.66655 21.3335 3
    endloop
  endfacet
  facet normal -0.334009 0.625148 0.705427
    outer loop
      vertex -10.8036 20.9401 4.2
      vertex -11.2629 22.0488 3
      vertex -11.1667 20.7461 4.2
    endloop
  endfacet
  facet normal -0.205771 0.67827 0.705413
    outer loop
      vertex -10.6438 22.2366 3
      vertex -10.8036 20.9401 4.2
      vertex -10.4097 21.0596 4.2
    endloop
  endfacet
  facet normal -0.20575 0.678272 0.705418
    outer loop
      vertex -10.6438 22.2366 3
      vertex -11.2629 22.0488 3
      vertex -10.8036 20.9401 4.2
    endloop
  endfacet
  facet normal -0.449705 -0.547842 0.705432
    outer loop
      vertex -11.4849 17.5151 4.2
      vertex -12.3335 16.6665 3
      vertex -11.1667 17.2539 4.2
    endloop
  endfacet
  facet normal 0.449609 -0.547979 0.705387
    outer loop
      vertex -7.66655 16.6665 3
      vertex -8.8333 17.2539 4.2
      vertex -8.16662 16.2562 3
    endloop
  endfacet
  facet normal 0.0694661 0.705399 0.705399
    outer loop
      vertex -10 22.3 3
      vertex -10 21.1 4.2
      vertex -9.3562 22.2366 3
    endloop
  endfacet
  facet normal 0.625109 0.33414 0.7054
    outer loop
      vertex -7.25615 20.8334 3
      vertex -8.25391 20.1667 4.2
      vertex -6.9512 20.2629 3
    endloop
  endfacet
  facet normal 0.678289 0.205744 0.705403
    outer loop
      vertex -6.9512 20.2629 3
      vertex -8.05985 19.8036 4.2
      vertex -6.76341 19.6438 3
    endloop
  endfacet
  facet normal 0.0694661 -0.705399 0.705399
    outer loop
      vertex -10 16.9 4.2
      vertex -10 15.7 3
      vertex -9.3562 15.7634 3
    endloop
  endfacet
  facet normal 0.449698 -0.547867 0.705418
    outer loop
      vertex -8.51508 17.5151 4.2
      vertex -8.8333 17.2539 4.2
      vertex -7.66655 16.6665 3
    endloop
  endfacet
  facet normal -0.0694661 -0.705399 0.705399
    outer loop
      vertex -10 16.9 4.2
      vertex -10.6438 15.7634 3
      vertex -10 15.7 3
    endloop
  endfacet
  facet normal 0.7054 0.0694725 0.705397
    outer loop
      vertex -6.76341 19.6438 3
      vertex -7.94035 19.4097 4.2
      vertex -7.9 19 4.2
    endloop
  endfacet
  facet normal -0.0695556 0.705369 0.705419
    outer loop
      vertex -10 21.1 4.2
      vertex -10.6438 22.2366 3
      vertex -10.4097 21.0596 4.2
    endloop
  endfacet
  facet normal 0.334177 0.625108 0.705383
    outer loop
      vertex -8.73715 22.0488 3
      vertex -8.8333 20.7461 4.2
      vertex -8.16662 21.7438 3
    endloop
  endfacet
  facet normal 0.678287 -0.205776 0.705396
    outer loop
      vertex -7.94035 18.5903 4.2
      vertex -8.05985 18.1964 4.2
      vertex -6.76341 18.3562 3
    endloop
  endfacet
  facet normal 0.7054 -0.0694725 0.705397
    outer loop
      vertex -7.9 19 4.2
      vertex -7.94035 18.5903 4.2
      vertex -6.76341 18.3562 3
    endloop
  endfacet
  facet normal -0.678272 -0.20575 0.705418
    outer loop
      vertex -11.9401 18.1964 4.2
      vertex -13.2366 18.3562 3
      vertex -13.0488 17.7371 3
    endloop
  endfacet
  facet normal 0.205752 -0.678275 0.705415
    outer loop
      vertex -9.19637 17.0599 4.2
      vertex -9.59031 16.9404 4.2
      vertex -9.3562 15.7634 3
    endloop
  endfacet
  facet normal 0.449698 0.547867 0.705418
    outer loop
      vertex -7.66655 21.3335 3
      vertex -8.8333 20.7461 4.2
      vertex -8.51508 20.4849 4.2
    endloop
  endfacet
  facet normal -0.334009 -0.625148 0.705427
    outer loop
      vertex -11.1667 17.2539 4.2
      vertex -11.2629 15.9512 3
      vertex -10.8036 17.0599 4.2
    endloop
  endfacet
  facet normal -0.471279 0.881984 0
    outer loop
      vertex -0.803635 20.9401 4.2
      vertex -1.1667 20.7461 13
      vertex -0.803635 20.9401 13
    endloop
  endfacet
  facet normal -0.471279 0.881984 0
    outer loop
      vertex -1.1667 20.7461 13
      vertex -0.803635 20.9401 4.2
      vertex -1.1667 20.7461 4.2
    endloop
  endfacet
  facet normal 0.471279 0.881984 -0
    outer loop
      vertex 1.1667 20.7461 4.2
      vertex 0.803635 20.9401 13
      vertex 1.1667 20.7461 13
    endloop
  endfacet
  facet normal 0.471279 0.881984 0
    outer loop
      vertex 0.803635 20.9401 13
      vertex 1.1667 20.7461 4.2
      vertex 0.803635 20.9401 4.2
    endloop
  endfacet
  facet normal 0.956932 0.290311 0
    outer loop
      vertex 2.05965 19.4097 13
      vertex 1.94015 19.8036 4.2
      vertex 1.94015 19.8036 13
    endloop
  endfacet
  facet normal 0.956932 0.290311 0
    outer loop
      vertex 1.94015 19.8036 4.2
      vertex 2.05965 19.4097 13
      vertex 2.05965 19.4097 4.2
    endloop
  endfacet
  facet normal 0.995185 0.0980125 0
    outer loop
      vertex 2.1 19 13
      vertex 2.05965 19.4097 4.2
      vertex 2.05965 19.4097 13
    endloop
  endfacet
  facet normal 0.995185 0.0980125 0
    outer loop
      vertex 2.05965 19.4097 4.2
      vertex 2.1 19 13
      vertex 2.1 19 4.2
    endloop
  endfacet
  facet normal 0.881942 0.471357 0
    outer loop
      vertex 1.94015 19.8036 13
      vertex 1.74609 20.1667 4.2
      vertex 1.74609 20.1667 13
    endloop
  endfacet
  facet normal 0.881942 0.471357 0
    outer loop
      vertex 1.74609 20.1667 4.2
      vertex 1.94015 19.8036 13
      vertex 1.94015 19.8036 4.2
    endloop
  endfacet
  facet normal 0.0981354 0.995173 -0
    outer loop
      vertex 0.409689 21.0596 4.2
      vertex 0 21.1 13
      vertex 0.409689 21.0596 13
    endloop
  endfacet
  facet normal 0.0981354 0.995173 0
    outer loop
      vertex 0 21.1 13
      vertex 0.409689 21.0596 4.2
      vertex 0 21.1 4.2
    endloop
  endfacet
  facet normal 0.0981354 -0.995173 0
    outer loop
      vertex 0 16.9 4.2
      vertex 0.409689 16.9404 13
      vertex 0 16.9 13
    endloop
  endfacet
  facet normal 0.0981354 -0.995173 0
    outer loop
      vertex 0.409689 16.9404 13
      vertex 0 16.9 4.2
      vertex 0.409689 16.9404 4.2
    endloop
  endfacet
  facet normal 0.29028 0.956942 -0
    outer loop
      vertex 0.803635 20.9401 4.2
      vertex 0.409689 21.0596 13
      vertex 0.803635 20.9401 13
    endloop
  endfacet
  facet normal 0.29028 0.956942 0
    outer loop
      vertex 0.409689 21.0596 13
      vertex 0.803635 20.9401 4.2
      vertex 0.409689 21.0596 4.2
    endloop
  endfacet
  facet normal 0.634457 0.772959 -0
    outer loop
      vertex 1.48492 20.4849 4.2
      vertex 1.1667 20.7461 13
      vertex 1.48492 20.4849 13
    endloop
  endfacet
  facet normal 0.634457 0.772959 0
    outer loop
      vertex 1.1667 20.7461 13
      vertex 1.48492 20.4849 4.2
      vertex 1.1667 20.7461 4.2
    endloop
  endfacet
  facet normal 0.772975 -0.634437 0
    outer loop
      vertex 1.48492 17.5151 13
      vertex 1.74609 17.8333 4.2
      vertex 1.74609 17.8333 13
    endloop
  endfacet
  facet normal 0.772975 -0.634437 0
    outer loop
      vertex 1.74609 17.8333 4.2
      vertex 1.48492 17.5151 13
      vertex 1.48492 17.5151 4.2
    endloop
  endfacet
  facet normal -0.634457 0.772959 0
    outer loop
      vertex -1.1667 20.7461 4.2
      vertex -1.48492 20.4849 13
      vertex -1.1667 20.7461 13
    endloop
  endfacet
  facet normal -0.634457 0.772959 0
    outer loop
      vertex -1.48492 20.4849 13
      vertex -1.1667 20.7461 4.2
      vertex -1.48492 20.4849 4.2
    endloop
  endfacet
  facet normal 0.471279 -0.881984 0
    outer loop
      vertex 0.803635 17.0599 4.2
      vertex 1.1667 17.2539 13
      vertex 0.803635 17.0599 13
    endloop
  endfacet
  facet normal 0.471279 -0.881984 0
    outer loop
      vertex 1.1667 17.2539 13
      vertex 0.803635 17.0599 4.2
      vertex 1.1667 17.2539 4.2
    endloop
  endfacet
  facet normal -0.881942 -0.471357 0
    outer loop
      vertex -1.74609 17.8333 4.2
      vertex -1.94015 18.1964 13
      vertex -1.94015 18.1964 4.2
    endloop
  endfacet
  facet normal -0.881942 -0.471357 0
    outer loop
      vertex -1.94015 18.1964 13
      vertex -1.74609 17.8333 4.2
      vertex -1.74609 17.8333 13
    endloop
  endfacet
  facet normal 0.995185 -0.0980125 0
    outer loop
      vertex 2.05965 18.5903 13
      vertex 2.1 19 4.2
      vertex 2.1 19 13
    endloop
  endfacet
  facet normal 0.995185 -0.0980125 0
    outer loop
      vertex 2.1 19 4.2
      vertex 2.05965 18.5903 13
      vertex 2.05965 18.5903 4.2
    endloop
  endfacet
  facet normal -0.29028 0.956942 0
    outer loop
      vertex -0.409689 21.0596 4.2
      vertex -0.803635 20.9401 13
      vertex -0.409689 21.0596 13
    endloop
  endfacet
  facet normal -0.29028 0.956942 0
    outer loop
      vertex -0.803635 20.9401 13
      vertex -0.409689 21.0596 4.2
      vertex -0.803635 20.9401 4.2
    endloop
  endfacet
  facet normal -0.0981354 -0.995173 0
    outer loop
      vertex -0.409689 16.9404 4.2
      vertex 0 16.9 13
      vertex -0.409689 16.9404 13
    endloop
  endfacet
  facet normal -0.0981354 -0.995173 -0
    outer loop
      vertex 0 16.9 13
      vertex -0.409689 16.9404 4.2
      vertex 0 16.9 4.2
    endloop
  endfacet
  facet normal -0.881942 0.471357 0
    outer loop
      vertex -1.94015 19.8036 4.2
      vertex -1.74609 20.1667 13
      vertex -1.74609 20.1667 4.2
    endloop
  endfacet
  facet normal -0.881942 0.471357 0
    outer loop
      vertex -1.74609 20.1667 13
      vertex -1.94015 19.8036 4.2
      vertex -1.94015 19.8036 13
    endloop
  endfacet
  facet normal 0.29028 -0.956942 0
    outer loop
      vertex 0.409689 16.9404 4.2
      vertex 0.803635 17.0599 13
      vertex 0.409689 16.9404 13
    endloop
  endfacet
  facet normal 0.29028 -0.956942 0
    outer loop
      vertex 0.803635 17.0599 13
      vertex 0.409689 16.9404 4.2
      vertex 0.803635 17.0599 4.2
    endloop
  endfacet
  facet normal 0 0 1
    outer loop
      vertex 0.849999 19 13
      vertex 2.1 19 13
      vertex 2.05965 19.4097 13
    endloop
  endfacet
  facet normal 0 0 1
    outer loop
      vertex 0.833667 19.1658 13
      vertex 2.05965 19.4097 13
      vertex 1.94015 19.8036 13
    endloop
  endfacet
  facet normal 0 0 1
    outer loop
      vertex 2.1 19 13
      vertex 0.849999 19 13
      vertex 2.05965 18.5903 13
    endloop
  endfacet
  facet normal 0 0 1
    outer loop
      vertex 0.785297 19.3253 13
      vertex 1.94015 19.8036 13
      vertex 1.74609 20.1667 13
    endloop
  endfacet
  facet normal -0 0 1
    outer loop
      vertex 0.833667 18.8342 13
      vertex 2.05965 18.5903 13
      vertex 0.849999 19 13
    endloop
  endfacet
  facet normal 0 0 1
    outer loop
      vertex 0.706749 19.4722 13
      vertex 1.74609 20.1667 13
      vertex 1.48492 20.4849 13
    endloop
  endfacet
  facet normal 0 0 1
    outer loop
      vertex 2.05965 18.5903 13
      vertex 0.833667 18.8342 13
      vertex 1.94015 18.1964 13
    endloop
  endfacet
  facet normal 0 0 1
    outer loop
      vertex 0.60104 19.601 13
      vertex 1.48492 20.4849 13
      vertex 1.1667 20.7461 13
    endloop
  endfacet
  facet normal -0 0 1
    outer loop
      vertex 0.785297 18.6747 13
      vertex 1.94015 18.1964 13
      vertex 0.833667 18.8342 13
    endloop
  endfacet
  facet normal 0 0 1
    outer loop
      vertex 1.94015 18.1964 13
      vertex 0.785297 18.6747 13
      vertex 1.74609 17.8333 13
    endloop
  endfacet
  facet normal 0 0 1
    outer loop
      vertex 2.05965 19.4097 13
      vertex 0.833667 19.1658 13
      vertex 0.849999 19 13
    endloop
  endfacet
  facet normal 0 0 1
    outer loop
      vertex 0.472234 19.7067 13
      vertex 1.1667 20.7461 13
      vertex 0.803635 20.9401 13
    endloop
  endfacet
  facet normal 0 0 1
    outer loop
      vertex 1.94015 19.8036 13
      vertex 0.785297 19.3253 13
      vertex 0.833667 19.1658 13
    endloop
  endfacet
  facet normal 0 0 1
    outer loop
      vertex 1.74609 20.1667 13
      vertex 0.706749 19.4722 13
      vertex 0.785297 19.3253 13
    endloop
  endfacet
  facet normal 0 0 1
    outer loop
      vertex 1.48492 20.4849 13
      vertex 0.60104 19.601 13
      vertex 0.706749 19.4722 13
    endloop
  endfacet
  facet normal 0 0 1
    outer loop
      vertex 1.1667 20.7461 13
      vertex 0.472234 19.7067 13
      vertex 0.60104 19.601 13
    endloop
  endfacet
  facet normal 0 0 1
    outer loop
      vertex 0.32528 19.7853 13
      vertex 0.803635 20.9401 13
      vertex 0.409689 21.0596 13
    endloop
  endfacet
  facet normal 0 0 1
    outer loop
      vertex 0.803635 20.9401 13
      vertex 0.32528 19.7853 13
      vertex 0.472234 19.7067 13
    endloop
  endfacet
  facet normal 0 0 1
    outer loop
      vertex 0.409689 21.0596 13
      vertex 0.165826 19.8337 13
      vertex 0.32528 19.7853 13
    endloop
  endfacet
  facet normal 0 0 1
    outer loop
      vertex 0 21.1 13
      vertex 0.165826 19.8337 13
      vertex 0.409689 21.0596 13
    endloop
  endfacet
  facet normal 0 0 1
    outer loop
      vertex 0 21.1 13
      vertex 0 19.85 13
      vertex 0.165826 19.8337 13
    endloop
  endfacet
  facet normal 0 0 1
    outer loop
      vertex 0 21.1 13
      vertex -0.165826 19.8337 13
      vertex 0 19.85 13
    endloop
  endfacet
  facet normal -0 0 1
    outer loop
      vertex -0.409689 21.0596 13
      vertex -0.165826 19.8337 13
      vertex 0 21.1 13
    endloop
  endfacet
  facet normal 0 0 1
    outer loop
      vertex -0.165826 19.8337 13
      vertex -0.409689 21.0596 13
      vertex -0.32528 19.7853 13
    endloop
  endfacet
  facet normal -0 0 1
    outer loop
      vertex -0.803635 20.9401 13
      vertex -0.32528 19.7853 13
      vertex -0.409689 21.0596 13
    endloop
  endfacet
  facet normal 0 0 1
    outer loop
      vertex -0.32528 19.7853 13
      vertex -0.803635 20.9401 13
      vertex -0.472234 19.7067 13
    endloop
  endfacet
  facet normal -0 0 1
    outer loop
      vertex -1.1667 20.7461 13
      vertex -0.472234 19.7067 13
      vertex -0.803635 20.9401 13
    endloop
  endfacet
  facet normal 0 0 1
    outer loop
      vertex -0.472234 19.7067 13
      vertex -1.1667 20.7461 13
      vertex -0.60104 19.601 13
    endloop
  endfacet
  facet normal -0 0 1
    outer loop
      vertex -1.48492 20.4849 13
      vertex -0.60104 19.601 13
      vertex -1.1667 20.7461 13
    endloop
  endfacet
  facet normal 0 0 1
    outer loop
      vertex -0.60104 19.601 13
      vertex -1.48492 20.4849 13
      vertex -0.706749 19.4722 13
    endloop
  endfacet
  facet normal -0 0 1
    outer loop
      vertex -1.74609 20.1667 13
      vertex -0.706749 19.4722 13
      vertex -1.48492 20.4849 13
    endloop
  endfacet
  facet normal 0 0 1
    outer loop
      vertex -0.706749 19.4722 13
      vertex -1.74609 20.1667 13
      vertex -0.785297 19.3253 13
    endloop
  endfacet
  facet normal -0 0 1
    outer loop
      vertex 0.706749 18.5278 13
      vertex 1.74609 17.8333 13
      vertex 0.785297 18.6747 13
    endloop
  endfacet
  facet normal 0 0 1
    outer loop
      vertex 1.74609 17.8333 13
      vertex 0.706749 18.5278 13
      vertex 1.48492 17.5151 13
    endloop
  endfacet
  facet normal -0 0 1
    outer loop
      vertex 0.60104 18.399 13
      vertex 1.48492 17.5151 13
      vertex 0.706749 18.5278 13
    endloop
  endfacet
  facet normal 0 0 1
    outer loop
      vertex 1.48492 17.5151 13
      vertex 0.60104 18.399 13
      vertex 1.1667 17.2539 13
    endloop
  endfacet
  facet normal -0 0 1
    outer loop
      vertex 0.472234 18.2933 13
      vertex 1.1667 17.2539 13
      vertex 0.60104 18.399 13
    endloop
  endfacet
  facet normal 0 0 1
    outer loop
      vertex 1.1667 17.2539 13
      vertex 0.472234 18.2933 13
      vertex 0.803635 17.0599 13
    endloop
  endfacet
  facet normal -0 0 1
    outer loop
      vertex 0.32528 18.2147 13
      vertex 0.803635 17.0599 13
      vertex 0.472234 18.2933 13
    endloop
  endfacet
  facet normal 0 0 1
    outer loop
      vertex 0.803635 17.0599 13
      vertex 0.32528 18.2147 13
      vertex 0.409689 16.9404 13
    endloop
  endfacet
  facet normal -0 0 1
    outer loop
      vertex 0.165826 18.1663 13
      vertex 0.409689 16.9404 13
      vertex 0.32528 18.2147 13
    endloop
  endfacet
  facet normal -0 0 1
    outer loop
      vertex 0 18.15 13
      vertex 0.409689 16.9404 13
      vertex 0.165826 18.1663 13
    endloop
  endfacet
  facet normal 0 0 1
    outer loop
      vertex 0 18.15 13
      vertex 0 16.9 13
      vertex 0.409689 16.9404 13
    endloop
  endfacet
  facet normal 0 0 1
    outer loop
      vertex -0.165826 18.1663 13
      vertex 0 16.9 13
      vertex 0 18.15 13
    endloop
  endfacet
  facet normal 0 0 1
    outer loop
      vertex -0.409689 16.9404 13
      vertex -0.165826 18.1663 13
      vertex -0.32528 18.2147 13
    endloop
  endfacet
  facet normal 0 0 1
    outer loop
      vertex -0.165826 18.1663 13
      vertex -0.409689 16.9404 13
      vertex 0 16.9 13
    endloop
  endfacet
  facet normal 0 0 1
    outer loop
      vertex -0.803635 17.0599 13
      vertex -0.32528 18.2147 13
      vertex -0.472234 18.2933 13
    endloop
  endfacet
  facet normal 0 0 1
    outer loop
      vertex -1.1667 17.2539 13
      vertex -0.472234 18.2933 13
      vertex -0.60104 18.399 13
    endloop
  endfacet
  facet normal 0 0 1
    outer loop
      vertex -1.48492 17.5151 13
      vertex -0.60104 18.399 13
      vertex -0.706749 18.5278 13
    endloop
  endfacet
  facet normal 0 0 1
    outer loop
      vertex -1.74609 17.8333 13
      vertex -0.706749 18.5278 13
      vertex -0.785297 18.6747 13
    endloop
  endfacet
  facet normal 0 0 1
    outer loop
      vertex -0.32528 18.2147 13
      vertex -0.803635 17.0599 13
      vertex -0.409689 16.9404 13
    endloop
  endfacet
  facet normal 0 0 1
    outer loop
      vertex -1.94015 18.1964 13
      vertex -0.785297 18.6747 13
      vertex -0.833667 18.8342 13
    endloop
  endfacet
  facet normal 0 0 1
    outer loop
      vertex -2.05965 18.5903 13
      vertex -0.833667 18.8342 13
      vertex -0.849999 19 13
    endloop
  endfacet
  facet normal -0 0 1
    outer loop
      vertex -1.94015 19.8036 13
      vertex -0.785297 19.3253 13
      vertex -1.74609 20.1667 13
    endloop
  endfacet
  facet normal 0 0 1
    outer loop
      vertex -0.472234 18.2933 13
      vertex -1.1667 17.2539 13
      vertex -0.803635 17.0599 13
    endloop
  endfacet
  facet normal 0 0 1
    outer loop
      vertex -0.785297 19.3253 13
      vertex -1.94015 19.8036 13
      vertex -0.833667 19.1658 13
    endloop
  endfacet
  facet normal 0 0 1
    outer loop
      vertex -0.60104 18.399 13
      vertex -1.48492 17.5151 13
      vertex -1.1667 17.2539 13
    endloop
  endfacet
  facet normal -0 0 1
    outer loop
      vertex -2.05965 19.4097 13
      vertex -0.833667 19.1658 13
      vertex -1.94015 19.8036 13
    endloop
  endfacet
  facet normal 0 0 1
    outer loop
      vertex -0.706749 18.5278 13
      vertex -1.74609 17.8333 13
      vertex -1.48492 17.5151 13
    endloop
  endfacet
  facet normal 0 0 1
    outer loop
      vertex -0.833667 19.1658 13
      vertex -2.05965 19.4097 13
      vertex -0.849999 19 13
    endloop
  endfacet
  facet normal 0 0 1
    outer loop
      vertex -0.785297 18.6747 13
      vertex -1.94015 18.1964 13
      vertex -1.74609 17.8333 13
    endloop
  endfacet
  facet normal 0 0 1
    outer loop
      vertex -2.1 19 13
      vertex -0.849999 19 13
      vertex -2.05965 19.4097 13
    endloop
  endfacet
  facet normal 0 0 1
    outer loop
      vertex -0.833667 18.8342 13
      vertex -2.05965 18.5903 13
      vertex -1.94015 18.1964 13
    endloop
  endfacet
  facet normal 0 0 1
    outer loop
      vertex -0.849999 19 13
      vertex -2.1 19 13
      vertex -2.05965 18.5903 13
    endloop
  endfacet
  facet normal -0.29028 -0.956942 0
    outer loop
      vertex -0.803635 17.0599 4.2
      vertex -0.409689 16.9404 13
      vertex -0.803635 17.0599 13
    endloop
  endfacet
  facet normal -0.29028 -0.956942 -0
    outer loop
      vertex -0.409689 16.9404 13
      vertex -0.803635 17.0599 4.2
      vertex -0.409689 16.9404 4.2
    endloop
  endfacet
  facet normal 0.956932 -0.290311 0
    outer loop
      vertex 1.94015 18.1964 13
      vertex 2.05965 18.5903 4.2
      vertex 2.05965 18.5903 13
    endloop
  endfacet
  facet normal 0.956932 -0.290311 0
    outer loop
      vertex 2.05965 18.5903 4.2
      vertex 1.94015 18.1964 13
      vertex 1.94015 18.1964 4.2
    endloop
  endfacet
  facet normal 0.772975 0.634437 0
    outer loop
      vertex 1.74609 20.1667 13
      vertex 1.48492 20.4849 4.2
      vertex 1.48492 20.4849 13
    endloop
  endfacet
  facet normal 0.772975 0.634437 0
    outer loop
      vertex 1.48492 20.4849 4.2
      vertex 1.74609 20.1667 13
      vertex 1.74609 20.1667 4.2
    endloop
  endfacet
  facet normal -0.995185 0.0980125 0
    outer loop
      vertex -2.1 19 4.2
      vertex -2.05965 19.4097 13
      vertex -2.05965 19.4097 4.2
    endloop
  endfacet
  facet normal -0.995185 0.0980125 0
    outer loop
      vertex -2.05965 19.4097 13
      vertex -2.1 19 4.2
      vertex -2.1 19 13
    endloop
  endfacet
  facet normal 0.634457 -0.772959 0
    outer loop
      vertex 1.1667 17.2539 4.2
      vertex 1.48492 17.5151 13
      vertex 1.1667 17.2539 13
    endloop
  endfacet
  facet normal 0.634457 -0.772959 0
    outer loop
      vertex 1.48492 17.5151 13
      vertex 1.1667 17.2539 4.2
      vertex 1.48492 17.5151 4.2
    endloop
  endfacet
  facet normal -0.634457 -0.772959 0
    outer loop
      vertex -1.48492 17.5151 4.2
      vertex -1.1667 17.2539 13
      vertex -1.48492 17.5151 13
    endloop
  endfacet
  facet normal -0.634457 -0.772959 -0
    outer loop
      vertex -1.1667 17.2539 13
      vertex -1.48492 17.5151 4.2
      vertex -1.1667 17.2539 4.2
    endloop
  endfacet
  facet normal -0.0981354 0.995173 0
    outer loop
      vertex 0 21.1 4.2
      vertex -0.409689 21.0596 13
      vertex 0 21.1 13
    endloop
  endfacet
  facet normal -0.0981354 0.995173 0
    outer loop
      vertex -0.409689 21.0596 13
      vertex 0 21.1 4.2
      vertex -0.409689 21.0596 4.2
    endloop
  endfacet
  facet normal 0.881942 -0.471357 0
    outer loop
      vertex 1.74609 17.8333 13
      vertex 1.94015 18.1964 4.2
      vertex 1.94015 18.1964 13
    endloop
  endfacet
  facet normal 0.881942 -0.471357 0
    outer loop
      vertex 1.94015 18.1964 4.2
      vertex 1.74609 17.8333 13
      vertex 1.74609 17.8333 4.2
    endloop
  endfacet
  facet normal -0.956932 -0.290311 0
    outer loop
      vertex -1.94015 18.1964 4.2
      vertex -2.05965 18.5903 13
      vertex -2.05965 18.5903 4.2
    endloop
  endfacet
  facet normal -0.956932 -0.290311 0
    outer loop
      vertex -2.05965 18.5903 13
      vertex -1.94015 18.1964 4.2
      vertex -1.94015 18.1964 13
    endloop
  endfacet
  facet normal -0.995185 -0.0980125 0
    outer loop
      vertex -2.05965 18.5903 4.2
      vertex -2.1 19 13
      vertex -2.1 19 4.2
    endloop
  endfacet
  facet normal -0.995185 -0.0980125 0
    outer loop
      vertex -2.1 19 13
      vertex -2.05965 18.5903 4.2
      vertex -2.05965 18.5903 13
    endloop
  endfacet
  facet normal -0.772975 -0.634437 0
    outer loop
      vertex -1.48492 17.5151 4.2
      vertex -1.74609 17.8333 13
      vertex -1.74609 17.8333 4.2
    endloop
  endfacet
  facet normal -0.772975 -0.634437 0
    outer loop
      vertex -1.74609 17.8333 13
      vertex -1.48492 17.5151 4.2
      vertex -1.48492 17.5151 13
    endloop
  endfacet
  facet normal -0.772975 0.634437 0
    outer loop
      vertex -1.74609 20.1667 4.2
      vertex -1.48492 20.4849 13
      vertex -1.48492 20.4849 4.2
    endloop
  endfacet
  facet normal -0.772975 0.634437 0
    outer loop
      vertex -1.48492 20.4849 13
      vertex -1.74609 20.1667 4.2
      vertex -1.74609 20.1667 13
    endloop
  endfacet
  facet normal -0.956932 0.290311 0
    outer loop
      vertex -2.05965 19.4097 4.2
      vertex -1.94015 19.8036 13
      vertex -1.94015 19.8036 4.2
    endloop
  endfacet
  facet normal -0.956932 0.290311 0
    outer loop
      vertex -1.94015 19.8036 13
      vertex -2.05965 19.4097 4.2
      vertex -2.05965 19.4097 13
    endloop
  endfacet
  facet normal -0.471279 -0.881984 0
    outer loop
      vertex -1.1667 17.2539 4.2
      vertex -0.803635 17.0599 13
      vertex -1.1667 17.2539 13
    endloop
  endfacet
  facet normal -0.471279 -0.881984 -0
    outer loop
      vertex -0.803635 17.0599 13
      vertex -1.1667 17.2539 4.2
      vertex -0.803635 17.0599 4.2
    endloop
  endfacet
  facet normal 0.705398 0.069477 0.705398
    outer loop
      vertex 3.23659 19.6438 3
      vertex 2.1 19 4.2
      vertex 3.3 19 3
    endloop
  endfacet
  facet normal -0.205766 -0.678274 0.705411
    outer loop
      vertex -0.803635 17.0599 4.2
      vertex -1.26285 15.9512 3
      vertex -0.643798 15.7634 3
    endloop
  endfacet
  facet normal 0.334177 -0.625108 0.705383
    outer loop
      vertex 1.83338 16.2562 3
      vertex 1.1667 17.2539 4.2
      vertex 1.26285 15.9512 3
    endloop
  endfacet
  facet normal -0.449698 0.547867 0.705418
    outer loop
      vertex -1.1667 20.7461 4.2
      vertex -2.33345 21.3335 3
      vertex -1.48492 20.4849 4.2
    endloop
  endfacet
  facet normal -0.678287 0.205776 0.705396
    outer loop
      vertex -1.94015 19.8036 4.2
      vertex -3.23659 19.6438 3
      vertex -2.05965 19.4097 4.2
    endloop
  endfacet
  facet normal 0.0695574 -0.705369 0.705419
    outer loop
      vertex 0.409689 16.9404 4.2
      vertex 0 16.9 4.2
      vertex 0.643798 15.7634 3
    endloop
  endfacet
  facet normal -0.705398 0.069477 0.705398
    outer loop
      vertex -3.23659 19.6438 3
      vertex -3.3 19 3
      vertex -2.1 19 4.2
    endloop
  endfacet
  facet normal 0.705398 -0.069477 0.705398
    outer loop
      vertex 3.3 19 3
      vertex 2.1 19 4.2
      vertex 3.23659 18.3562 3
    endloop
  endfacet
  facet normal -0.334177 -0.625108 0.705383
    outer loop
      vertex -1.1667 17.2539 4.2
      vertex -1.83338 16.2562 3
      vertex -1.26285 15.9512 3
    endloop
  endfacet
  facet normal 0.334041 -0.625147 0.705414
    outer loop
      vertex 1.1667 17.2539 4.2
      vertex 0.803635 17.0599 4.2
      vertex 1.26285 15.9512 3
    endloop
  endfacet
  facet normal -0.334177 0.625108 0.705383
    outer loop
      vertex -1.26285 22.0488 3
      vertex -1.83338 21.7438 3
      vertex -1.1667 20.7461 4.2
    endloop
  endfacet
  facet normal 0.547928 -0.449649 0.705401
    outer loop
      vertex 2.74385 17.1666 3
      vertex 1.74609 17.8333 4.2
      vertex 2.33345 16.6665 3
    endloop
  endfacet
  facet normal -0.625109 0.33414 0.7054
    outer loop
      vertex -2.74385 20.8334 3
      vertex -3.0488 20.2629 3
      vertex -1.74609 20.1667 4.2
    endloop
  endfacet
  facet normal -0.547928 0.449649 0.705401
    outer loop
      vertex -2.33345 21.3335 3
      vertex -2.74385 20.8334 3
      vertex -1.74609 20.1667 4.2
    endloop
  endfacet
  facet normal -0.705398 -0.069477 0.705398
    outer loop
      vertex -2.1 19 4.2
      vertex -3.3 19 3
      vertex -3.23659 18.3562 3
    endloop
  endfacet
  facet normal -0.7054 0.0694725 0.705397
    outer loop
      vertex -2.05965 19.4097 4.2
      vertex -3.23659 19.6438 3
      vertex -2.1 19 4.2
    endloop
  endfacet
  facet normal -0.0694663 0.705399 0.705399
    outer loop
      vertex 0 22.3 3
      vertex -0.643798 22.2366 3
      vertex 0 21.1 4.2
    endloop
  endfacet
  facet normal -0.678289 0.205744 0.705403
    outer loop
      vertex -3.0488 20.2629 3
      vertex -3.23659 19.6438 3
      vertex -1.94015 19.8036 4.2
    endloop
  endfacet
  facet normal 0.205766 0.678274 0.705411
    outer loop
      vertex 1.26285 22.0488 3
      vertex 0.643798 22.2366 3
      vertex 0.803635 20.9401 4.2
    endloop
  endfacet
  facet normal 0.205749 0.678275 0.705415
    outer loop
      vertex 0.643798 22.2366 3
      vertex 0.409689 21.0596 4.2
      vertex 0.803635 20.9401 4.2
    endloop
  endfacet
  facet normal 0.547881 -0.449686 0.705414
    outer loop
      vertex 1.74609 17.8333 4.2
      vertex 1.48492 17.5151 4.2
      vertex 2.33345 16.6665 3
    endloop
  endfacet
  facet normal -0.678287 -0.205776 0.705396
    outer loop
      vertex -2.05965 18.5903 4.2
      vertex -3.23659 18.3562 3
      vertex -1.94015 18.1964 4.2
    endloop
  endfacet
  facet normal 0.547881 0.449686 0.705414
    outer loop
      vertex 2.33345 21.3335 3
      vertex 1.48492 20.4849 4.2
      vertex 1.74609 20.1667 4.2
    endloop
  endfacet
  facet normal -0.625109 -0.33414 0.7054
    outer loop
      vertex -1.74609 17.8333 4.2
      vertex -3.0488 17.7371 3
      vertex -2.74385 17.1666 3
    endloop
  endfacet
  facet normal -0.547881 0.449686 0.705414
    outer loop
      vertex -1.48492 20.4849 4.2
      vertex -2.33345 21.3335 3
      vertex -1.74609 20.1667 4.2
    endloop
  endfacet
  facet normal 0.625121 -0.334098 0.705409
    outer loop
      vertex 1.94015 18.1964 4.2
      vertex 1.74609 17.8333 4.2
      vertex 3.0488 17.7371 3
    endloop
  endfacet
  facet normal 0.625121 0.334098 0.705409
    outer loop
      vertex 3.0488 20.2629 3
      vertex 1.74609 20.1667 4.2
      vertex 1.94015 19.8036 4.2
    endloop
  endfacet
  facet normal -0.547928 -0.449649 0.705401
    outer loop
      vertex -1.74609 17.8333 4.2
      vertex -2.74385 17.1666 3
      vertex -2.33345 16.6665 3
    endloop
  endfacet
  facet normal 0.205766 -0.678274 0.705411
    outer loop
      vertex 0.803635 17.0599 4.2
      vertex 0.643798 15.7634 3
      vertex 1.26285 15.9512 3
    endloop
  endfacet
  facet normal 0.0695574 0.705369 0.705419
    outer loop
      vertex 0.643798 22.2366 3
      vertex 0 21.1 4.2
      vertex 0.409689 21.0596 4.2
    endloop
  endfacet
  facet normal -0.7054 -0.0694725 0.705397
    outer loop
      vertex -2.1 19 4.2
      vertex -3.23659 18.3562 3
      vertex -2.05965 18.5903 4.2
    endloop
  endfacet
  facet normal 0.625109 -0.33414 0.7054
    outer loop
      vertex 3.0488 17.7371 3
      vertex 1.74609 17.8333 4.2
      vertex 2.74385 17.1666 3
    endloop
  endfacet
  facet normal -0.547881 -0.449686 0.705414
    outer loop
      vertex -1.74609 17.8333 4.2
      vertex -2.33345 16.6665 3
      vertex -1.48492 17.5151 4.2
    endloop
  endfacet
  facet normal 0.678287 0.205776 0.705396
    outer loop
      vertex 3.23659 19.6438 3
      vertex 1.94015 19.8036 4.2
      vertex 2.05965 19.4097 4.2
    endloop
  endfacet
  facet normal 0.547928 0.449649 0.705401
    outer loop
      vertex 2.33345 21.3335 3
      vertex 1.74609 20.1667 4.2
      vertex 2.74385 20.8334 3
    endloop
  endfacet
  facet normal -0.205749 -0.678275 0.705415
    outer loop
      vertex -0.409689 16.9404 4.2
      vertex -0.803635 17.0599 4.2
      vertex -0.643798 15.7634 3
    endloop
  endfacet
  facet normal -0.449609 -0.547979 0.705387
    outer loop
      vertex -1.1667 17.2539 4.2
      vertex -2.33345 16.6665 3
      vertex -1.83338 16.2562 3
    endloop
  endfacet
  facet normal -0.449609 0.547979 0.705387
    outer loop
      vertex -1.83338 21.7438 3
      vertex -2.33345 21.3335 3
      vertex -1.1667 20.7461 4.2
    endloop
  endfacet
  facet normal 0.678289 -0.205744 0.705403
    outer loop
      vertex 3.23659 18.3562 3
      vertex 1.94015 18.1964 4.2
      vertex 3.0488 17.7371 3
    endloop
  endfacet
  facet normal 0.334041 0.625147 0.705414
    outer loop
      vertex 1.26285 22.0488 3
      vertex 0.803635 20.9401 4.2
      vertex 1.1667 20.7461 4.2
    endloop
  endfacet
  facet normal -0.0695574 -0.705369 0.705419
    outer loop
      vertex -0.409689 16.9404 4.2
      vertex -0.643798 15.7634 3
      vertex 0 16.9 4.2
    endloop
  endfacet
  facet normal -0.625121 0.334098 0.705409
    outer loop
      vertex -1.74609 20.1667 4.2
      vertex -3.0488 20.2629 3
      vertex -1.94015 19.8036 4.2
    endloop
  endfacet
  facet normal -0.625121 -0.334098 0.705409
    outer loop
      vertex -1.94015 18.1964 4.2
      vertex -3.0488 17.7371 3
      vertex -1.74609 17.8333 4.2
    endloop
  endfacet
  facet normal 0.449609 0.547979 0.705387
    outer loop
      vertex 1.83338 21.7438 3
      vertex 1.1667 20.7461 4.2
      vertex 2.33345 21.3335 3
    endloop
  endfacet
  facet normal -0.334041 0.625147 0.705414
    outer loop
      vertex -0.803635 20.9401 4.2
      vertex -1.26285 22.0488 3
      vertex -1.1667 20.7461 4.2
    endloop
  endfacet
  facet normal -0.205749 0.678275 0.705415
    outer loop
      vertex -0.643798 22.2366 3
      vertex -0.803635 20.9401 4.2
      vertex -0.409689 21.0596 4.2
    endloop
  endfacet
  facet normal -0.205766 0.678274 0.705411
    outer loop
      vertex -0.643798 22.2366 3
      vertex -1.26285 22.0488 3
      vertex -0.803635 20.9401 4.2
    endloop
  endfacet
  facet normal -0.449698 -0.547867 0.705418
    outer loop
      vertex -1.48492 17.5151 4.2
      vertex -2.33345 16.6665 3
      vertex -1.1667 17.2539 4.2
    endloop
  endfacet
  facet normal 0.449609 -0.547979 0.705387
    outer loop
      vertex 2.33345 16.6665 3
      vertex 1.1667 17.2539 4.2
      vertex 1.83338 16.2562 3
    endloop
  endfacet
  facet normal 0.0694663 0.705399 0.705399
    outer loop
      vertex 0 22.3 3
      vertex 0 21.1 4.2
      vertex 0.643798 22.2366 3
    endloop
  endfacet
  facet normal 0.625109 0.33414 0.7054
    outer loop
      vertex 2.74385 20.8334 3
      vertex 1.74609 20.1667 4.2
      vertex 3.0488 20.2629 3
    endloop
  endfacet
  facet normal 0.678289 0.205744 0.705403
    outer loop
      vertex 3.0488 20.2629 3
      vertex 1.94015 19.8036 4.2
      vertex 3.23659 19.6438 3
    endloop
  endfacet
  facet normal 0.0694663 -0.705399 0.705399
    outer loop
      vertex 0 16.9 4.2
      vertex 0 15.7 3
      vertex 0.643798 15.7634 3
    endloop
  endfacet
  facet normal 0.449698 -0.547867 0.705418
    outer loop
      vertex 1.48492 17.5151 4.2
      vertex 1.1667 17.2539 4.2
      vertex 2.33345 16.6665 3
    endloop
  endfacet
  facet normal -0.0694663 -0.705399 0.705399
    outer loop
      vertex 0 16.9 4.2
      vertex -0.643798 15.7634 3
      vertex 0 15.7 3
    endloop
  endfacet
  facet normal 0.7054 0.0694725 0.705397
    outer loop
      vertex 3.23659 19.6438 3
      vertex 2.05965 19.4097 4.2
      vertex 2.1 19 4.2
    endloop
  endfacet
  facet normal -0.0695574 0.705369 0.705419
    outer loop
      vertex 0 21.1 4.2
      vertex -0.643798 22.2366 3
      vertex -0.409689 21.0596 4.2
    endloop
  endfacet
  facet normal 0.334177 0.625108 0.705383
    outer loop
      vertex 1.26285 22.0488 3
      vertex 1.1667 20.7461 4.2
      vertex 1.83338 21.7438 3
    endloop
  endfacet
  facet normal 0.678287 -0.205776 0.705396
    outer loop
      vertex 2.05965 18.5903 4.2
      vertex 1.94015 18.1964 4.2
      vertex 3.23659 18.3562 3
    endloop
  endfacet
  facet normal 0.7054 -0.0694725 0.705397
    outer loop
      vertex 2.1 19 4.2
      vertex 2.05965 18.5903 4.2
      vertex 3.23659 18.3562 3
    endloop
  endfacet
  facet normal -0.678289 -0.205744 0.705403
    outer loop
      vertex -1.94015 18.1964 4.2
      vertex -3.23659 18.3562 3
      vertex -3.0488 17.7371 3
    endloop
  endfacet
  facet normal 0.205749 -0.678275 0.705415
    outer loop
      vertex 0.803635 17.0599 4.2
      vertex 0.409689 16.9404 4.2
      vertex 0.643798 15.7634 3
    endloop
  endfacet
  facet normal 0.449698 0.547867 0.705418
    outer loop
      vertex 2.33345 21.3335 3
      vertex 1.1667 20.7461 4.2
      vertex 1.48492 20.4849 4.2
    endloop
  endfacet
  facet normal -0.334041 -0.625147 0.705414
    outer loop
      vertex -1.1667 17.2539 4.2
      vertex -1.26285 15.9512 3
      vertex -0.803635 17.0599 4.2
    endloop
  endfacet
  facet normal 0.471244 0.882003 -0
    outer loop
      vertex 11.1667 20.7461 4.2
      vertex 10.8036 20.9401 13
      vertex 11.1667 20.7461 13
    endloop
  endfacet
  facet normal 0.471244 0.882003 0
    outer loop
      vertex 10.8036 20.9401 13
      vertex 11.1667 20.7461 4.2
      vertex 10.8036 20.9401 4.2
    endloop
  endfacet
  facet normal 0.956932 0.290311 0
    outer loop
      vertex 12.0596 19.4097 13
      vertex 11.9401 19.8036 4.2
      vertex 11.9401 19.8036 13
    endloop
  endfacet
  facet normal 0.956932 0.290311 0
    outer loop
      vertex 11.9401 19.8036 4.2
      vertex 12.0596 19.4097 13
      vertex 12.0596 19.4097 4.2
    endloop
  endfacet
  facet normal 0.995173 0.0981328 0
    outer loop
      vertex 12.1 19 13
      vertex 12.0596 19.4097 4.2
      vertex 12.0596 19.4097 13
    endloop
  endfacet
  facet normal 0.995173 0.0981328 0
    outer loop
      vertex 12.0596 19.4097 4.2
      vertex 12.1 19 13
      vertex 12.1 19 4.2
    endloop
  endfacet
  facet normal 0.882003 0.471244 0
    outer loop
      vertex 11.9401 19.8036 13
      vertex 11.7461 20.1667 4.2
      vertex 11.7461 20.1667 13
    endloop
  endfacet
  facet normal 0.882003 0.471244 0
    outer loop
      vertex 11.7461 20.1667 4.2
      vertex 11.9401 19.8036 13
      vertex 11.9401 19.8036 4.2
    endloop
  endfacet
  facet normal 0.0981328 0.995173 -0
    outer loop
      vertex 10.4097 21.0596 4.2
      vertex 10 21.1 13
      vertex 10.4097 21.0596 13
    endloop
  endfacet
  facet normal 0.0981328 0.995173 0
    outer loop
      vertex 10 21.1 13
      vertex 10.4097 21.0596 4.2
      vertex 10 21.1 4.2
    endloop
  endfacet
  facet normal 0.0981328 -0.995173 0
    outer loop
      vertex 10 16.9 4.2
      vertex 10.4097 16.9404 13
      vertex 10 16.9 13
    endloop
  endfacet
  facet normal 0.0981328 -0.995173 0
    outer loop
      vertex 10.4097 16.9404 13
      vertex 10 16.9 4.2
      vertex 10.4097 16.9404 4.2
    endloop
  endfacet
  facet normal 0.290311 0.956932 -0
    outer loop
      vertex 10.8036 20.9401 4.2
      vertex 10.4097 21.0596 13
      vertex 10.8036 20.9401 13
    endloop
  endfacet
  facet normal 0.290311 0.956932 0
    outer loop
      vertex 10.4097 21.0596 13
      vertex 10.8036 20.9401 4.2
      vertex 10.4097 21.0596 4.2
    endloop
  endfacet
  facet normal 0.63448 0.772939 -0
    outer loop
      vertex 11.4849 20.4849 4.2
      vertex 11.1667 20.7461 13
      vertex 11.4849 20.4849 13
    endloop
  endfacet
  facet normal 0.63448 0.772939 0
    outer loop
      vertex 11.1667 20.7461 13
      vertex 11.4849 20.4849 4.2
      vertex 11.1667 20.7461 4.2
    endloop
  endfacet
  facet normal 0.772939 -0.63448 0
    outer loop
      vertex 11.4849 17.5151 13
      vertex 11.7461 17.8333 4.2
      vertex 11.7461 17.8333 13
    endloop
  endfacet
  facet normal 0.772939 -0.63448 0
    outer loop
      vertex 11.7461 17.8333 4.2
      vertex 11.4849 17.5151 13
      vertex 11.4849 17.5151 4.2
    endloop
  endfacet
  facet normal -0.634457 0.772959 0
    outer loop
      vertex 8.8333 20.7461 4.2
      vertex 8.51508 20.4849 13
      vertex 8.8333 20.7461 13
    endloop
  endfacet
  facet normal -0.634457 0.772959 0
    outer loop
      vertex 8.51508 20.4849 13
      vertex 8.8333 20.7461 4.2
      vertex 8.51508 20.4849 4.2
    endloop
  endfacet
  facet normal 0.471244 -0.882003 0
    outer loop
      vertex 10.8036 17.0599 4.2
      vertex 11.1667 17.2539 13
      vertex 10.8036 17.0599 13
    endloop
  endfacet
  facet normal 0.471244 -0.882003 0
    outer loop
      vertex 11.1667 17.2539 13
      vertex 10.8036 17.0599 4.2
      vertex 11.1667 17.2539 4.2
    endloop
  endfacet
  facet normal -0.881942 -0.471357 0
    outer loop
      vertex 8.25391 17.8333 4.2
      vertex 8.05985 18.1964 13
      vertex 8.05985 18.1964 4.2
    endloop
  endfacet
  facet normal -0.881942 -0.471357 0
    outer loop
      vertex 8.05985 18.1964 13
      vertex 8.25391 17.8333 4.2
      vertex 8.25391 17.8333 13
    endloop
  endfacet
  facet normal 0.995173 -0.0981328 0
    outer loop
      vertex 12.0596 18.5903 13
      vertex 12.1 19 4.2
      vertex 12.1 19 13
    endloop
  endfacet
  facet normal 0.995173 -0.0981328 0
    outer loop
      vertex 12.1 19 4.2
      vertex 12.0596 18.5903 13
      vertex 12.0596 18.5903 4.2
    endloop
  endfacet
  facet normal -0.290284 0.956941 0
    outer loop
      vertex 9.59031 21.0596 4.2
      vertex 9.19637 20.9401 13
      vertex 9.59031 21.0596 13
    endloop
  endfacet
  facet normal -0.290284 0.956941 0
    outer loop
      vertex 9.19637 20.9401 13
      vertex 9.59031 21.0596 4.2
      vertex 9.19637 20.9401 4.2
    endloop
  endfacet
  facet normal -0.0981352 -0.995173 0
    outer loop
      vertex 9.59031 16.9404 4.2
      vertex 10 16.9 13
      vertex 9.59031 16.9404 13
    endloop
  endfacet
  facet normal -0.0981352 -0.995173 -0
    outer loop
      vertex 10 16.9 13
      vertex 9.59031 16.9404 4.2
      vertex 10 16.9 4.2
    endloop
  endfacet
  facet normal -0.881942 0.471357 0
    outer loop
      vertex 8.05985 19.8036 4.2
      vertex 8.25391 20.1667 13
      vertex 8.25391 20.1667 4.2
    endloop
  endfacet
  facet normal -0.881942 0.471357 0
    outer loop
      vertex 8.25391 20.1667 13
      vertex 8.05985 19.8036 4.2
      vertex 8.05985 19.8036 13
    endloop
  endfacet
  facet normal 0.290311 -0.956932 0
    outer loop
      vertex 10.4097 16.9404 4.2
      vertex 10.8036 17.0599 13
      vertex 10.4097 16.9404 13
    endloop
  endfacet
  facet normal 0.290311 -0.956932 0
    outer loop
      vertex 10.8036 17.0599 13
      vertex 10.4097 16.9404 4.2
      vertex 10.8036 17.0599 4.2
    endloop
  endfacet
  facet normal 0 0 1
    outer loop
      vertex 10.9 19 13
      vertex 12.1 19 13
      vertex 12.0596 19.4097 13
    endloop
  endfacet
  facet normal 0 0 1
    outer loop
      vertex 10.8827 19.1756 13
      vertex 12.0596 19.4097 13
      vertex 11.9401 19.8036 13
    endloop
  endfacet
  facet normal 0 0 1
    outer loop
      vertex 12.1 19 13
      vertex 10.9 19 13
      vertex 12.0596 18.5903 13
    endloop
  endfacet
  facet normal 0 0 1
    outer loop
      vertex 10.8315 19.3444 13
      vertex 11.9401 19.8036 13
      vertex 11.7461 20.1667 13
    endloop
  endfacet
  facet normal -0 0 1
    outer loop
      vertex 10.8827 18.8244 13
      vertex 12.0596 18.5903 13
      vertex 10.9 19 13
    endloop
  endfacet
  facet normal 0 0 1
    outer loop
      vertex 10.7483 19.5 13
      vertex 11.7461 20.1667 13
      vertex 11.4849 20.4849 13
    endloop
  endfacet
  facet normal 0 0 1
    outer loop
      vertex 12.0596 18.5903 13
      vertex 10.8827 18.8244 13
      vertex 11.9401 18.1964 13
    endloop
  endfacet
  facet normal 0 0 1
    outer loop
      vertex 10.6364 19.6364 13
      vertex 11.4849 20.4849 13
      vertex 11.1667 20.7461 13
    endloop
  endfacet
  facet normal -0 0 1
    outer loop
      vertex 10.8315 18.6556 13
      vertex 11.9401 18.1964 13
      vertex 10.8827 18.8244 13
    endloop
  endfacet
  facet normal 0 0 1
    outer loop
      vertex 11.9401 18.1964 13
      vertex 10.8315 18.6556 13
      vertex 11.7461 17.8333 13
    endloop
  endfacet
  facet normal 0 0 1
    outer loop
      vertex 12.0596 19.4097 13
      vertex 10.8827 19.1756 13
      vertex 10.9 19 13
    endloop
  endfacet
  facet normal 0 0 1
    outer loop
      vertex 11.9401 19.8036 13
      vertex 10.8315 19.3444 13
      vertex 10.8827 19.1756 13
    endloop
  endfacet
  facet normal 0 0 1
    outer loop
      vertex 10.5 19.7483 13
      vertex 11.1667 20.7461 13
      vertex 10.8036 20.9401 13
    endloop
  endfacet
  facet normal 0 0 1
    outer loop
      vertex 11.7461 20.1667 13
      vertex 10.7483 19.5 13
      vertex 10.8315 19.3444 13
    endloop
  endfacet
  facet normal 0 0 1
    outer loop
      vertex 11.4849 20.4849 13
      vertex 10.6364 19.6364 13
      vertex 10.7483 19.5 13
    endloop
  endfacet
  facet normal 0 0 1
    outer loop
      vertex 11.1667 20.7461 13
      vertex 10.5 19.7483 13
      vertex 10.6364 19.6364 13
    endloop
  endfacet
  facet normal 0 0 1
    outer loop
      vertex 10.3444 19.8315 13
      vertex 10.8036 20.9401 13
      vertex 10.4097 21.0596 13
    endloop
  endfacet
  facet normal 0 0 1
    outer loop
      vertex 10.8036 20.9401 13
      vertex 10.3444 19.8315 13
      vertex 10.5 19.7483 13
    endloop
  endfacet
  facet normal 0 0 1
    outer loop
      vertex 10.4097 21.0596 13
      vertex 10.1756 19.8827 13
      vertex 10.3444 19.8315 13
    endloop
  endfacet
  facet normal 0 0 1
    outer loop
      vertex 10 21.1 13
      vertex 10.1756 19.8827 13
      vertex 10.4097 21.0596 13
    endloop
  endfacet
  facet normal 0 0 1
    outer loop
      vertex 10 21.1 13
      vertex 10 19.9 13
      vertex 10.1756 19.8827 13
    endloop
  endfacet
  facet normal 0 0 1
    outer loop
      vertex 10 21.1 13
      vertex 9.82442 19.8827 13
      vertex 10 19.9 13
    endloop
  endfacet
  facet normal -0 0 1
    outer loop
      vertex 9.59031 21.0596 13
      vertex 9.82442 19.8827 13
      vertex 10 21.1 13
    endloop
  endfacet
  facet normal 0 0 1
    outer loop
      vertex 9.82442 19.8827 13
      vertex 9.59031 21.0596 13
      vertex 9.65558 19.8315 13
    endloop
  endfacet
  facet normal -0 0 1
    outer loop
      vertex 9.19637 20.9401 13
      vertex 9.65558 19.8315 13
      vertex 9.59031 21.0596 13
    endloop
  endfacet
  facet normal 0 0 1
    outer loop
      vertex 9.65558 19.8315 13
      vertex 9.19637 20.9401 13
      vertex 9.49999 19.7483 13
    endloop
  endfacet
  facet normal -0 0 1
    outer loop
      vertex 8.8333 20.7461 13
      vertex 9.49999 19.7483 13
      vertex 9.19637 20.9401 13
    endloop
  endfacet
  facet normal 0 0 1
    outer loop
      vertex 9.49999 19.7483 13
      vertex 8.8333 20.7461 13
      vertex 9.3636 19.6364 13
    endloop
  endfacet
  facet normal -0 0 1
    outer loop
      vertex 8.51508 20.4849 13
      vertex 9.3636 19.6364 13
      vertex 8.8333 20.7461 13
    endloop
  endfacet
  facet normal 0 0 1
    outer loop
      vertex 9.3636 19.6364 13
      vertex 8.51508 20.4849 13
      vertex 9.25168 19.5 13
    endloop
  endfacet
  facet normal -0 0 1
    outer loop
      vertex 8.25391 20.1667 13
      vertex 9.25168 19.5 13
      vertex 8.51508 20.4849 13
    endloop
  endfacet
  facet normal 0 0 1
    outer loop
      vertex 9.25168 19.5 13
      vertex 8.25391 20.1667 13
      vertex 9.16851 19.3444 13
    endloop
  endfacet
  facet normal -0 0 1
    outer loop
      vertex 10.7483 18.5 13
      vertex 11.7461 17.8333 13
      vertex 10.8315 18.6556 13
    endloop
  endfacet
  facet normal 0 0 1
    outer loop
      vertex 11.7461 17.8333 13
      vertex 10.7483 18.5 13
      vertex 11.4849 17.5151 13
    endloop
  endfacet
  facet normal -0 0 1
    outer loop
      vertex 10.6364 18.3636 13
      vertex 11.4849 17.5151 13
      vertex 10.7483 18.5 13
    endloop
  endfacet
  facet normal 0 0 1
    outer loop
      vertex 11.4849 17.5151 13
      vertex 10.6364 18.3636 13
      vertex 11.1667 17.2539 13
    endloop
  endfacet
  facet normal -0 0 1
    outer loop
      vertex 10.5 18.2517 13
      vertex 11.1667 17.2539 13
      vertex 10.6364 18.3636 13
    endloop
  endfacet
  facet normal 0 0 1
    outer loop
      vertex 11.1667 17.2539 13
      vertex 10.5 18.2517 13
      vertex 10.8036 17.0599 13
    endloop
  endfacet
  facet normal -0 0 1
    outer loop
      vertex 10.3444 18.1685 13
      vertex 10.8036 17.0599 13
      vertex 10.5 18.2517 13
    endloop
  endfacet
  facet normal 0 0 1
    outer loop
      vertex 10.8036 17.0599 13
      vertex 10.3444 18.1685 13
      vertex 10.4097 16.9404 13
    endloop
  endfacet
  facet normal -0 0 1
    outer loop
      vertex 10.1756 18.1173 13
      vertex 10.4097 16.9404 13
      vertex 10.3444 18.1685 13
    endloop
  endfacet
  facet normal -0 0 1
    outer loop
      vertex 10 18.1 13
      vertex 10.4097 16.9404 13
      vertex 10.1756 18.1173 13
    endloop
  endfacet
  facet normal 0 0 1
    outer loop
      vertex 10 18.1 13
      vertex 10 16.9 13
      vertex 10.4097 16.9404 13
    endloop
  endfacet
  facet normal 0 0 1
    outer loop
      vertex 9.82442 18.1173 13
      vertex 10 16.9 13
      vertex 10 18.1 13
    endloop
  endfacet
  facet normal 0 0 1
    outer loop
      vertex 9.59031 16.9404 13
      vertex 9.82442 18.1173 13
      vertex 9.65558 18.1685 13
    endloop
  endfacet
  facet normal 0 0 1
    outer loop
      vertex 9.82442 18.1173 13
      vertex 9.59031 16.9404 13
      vertex 10 16.9 13
    endloop
  endfacet
  facet normal 0 0 1
    outer loop
      vertex 9.19637 17.0599 13
      vertex 9.65558 18.1685 13
      vertex 9.49999 18.2517 13
    endloop
  endfacet
  facet normal 0 0 1
    outer loop
      vertex 8.8333 17.2539 13
      vertex 9.49999 18.2517 13
      vertex 9.3636 18.3636 13
    endloop
  endfacet
  facet normal 0 0 1
    outer loop
      vertex 8.51508 17.5151 13
      vertex 9.3636 18.3636 13
      vertex 9.25168 18.5 13
    endloop
  endfacet
  facet normal 0 0 1
    outer loop
      vertex 9.65558 18.1685 13
      vertex 9.19637 17.0599 13
      vertex 9.59031 16.9404 13
    endloop
  endfacet
  facet normal 0 0 1
    outer loop
      vertex 8.25391 17.8333 13
      vertex 9.25168 18.5 13
      vertex 9.16851 18.6556 13
    endloop
  endfacet
  facet normal 0 0 1
    outer loop
      vertex 8.05985 18.1964 13
      vertex 9.16851 18.6556 13
      vertex 9.11729 18.8244 13
    endloop
  endfacet
  facet normal 0 0 1
    outer loop
      vertex 7.94035 18.5903 13
      vertex 9.11729 18.8244 13
      vertex 9.1 19 13
    endloop
  endfacet
  facet normal -0 0 1
    outer loop
      vertex 8.05985 19.8036 13
      vertex 9.16851 19.3444 13
      vertex 8.25391 20.1667 13
    endloop
  endfacet
  facet normal 0 0 1
    outer loop
      vertex 9.49999 18.2517 13
      vertex 8.8333 17.2539 13
      vertex 9.19637 17.0599 13
    endloop
  endfacet
  facet normal 0 0 1
    outer loop
      vertex 9.16851 19.3444 13
      vertex 8.05985 19.8036 13
      vertex 9.11729 19.1756 13
    endloop
  endfacet
  facet normal 0 0 1
    outer loop
      vertex 9.3636 18.3636 13
      vertex 8.51508 17.5151 13
      vertex 8.8333 17.2539 13
    endloop
  endfacet
  facet normal -0 0 1
    outer loop
      vertex 7.94035 19.4097 13
      vertex 9.11729 19.1756 13
      vertex 8.05985 19.8036 13
    endloop
  endfacet
  facet normal 0 0 1
    outer loop
      vertex 9.25168 18.5 13
      vertex 8.25391 17.8333 13
      vertex 8.51508 17.5151 13
    endloop
  endfacet
  facet normal 0 0 1
    outer loop
      vertex 9.11729 19.1756 13
      vertex 7.94035 19.4097 13
      vertex 9.1 19 13
    endloop
  endfacet
  facet normal 0 0 1
    outer loop
      vertex 9.16851 18.6556 13
      vertex 8.05985 18.1964 13
      vertex 8.25391 17.8333 13
    endloop
  endfacet
  facet normal 0 0 1
    outer loop
      vertex 7.9 19 13
      vertex 9.1 19 13
      vertex 7.94035 19.4097 13
    endloop
  endfacet
  facet normal 0 0 1
    outer loop
      vertex 9.11729 18.8244 13
      vertex 7.94035 18.5903 13
      vertex 8.05985 18.1964 13
    endloop
  endfacet
  facet normal 0 0 1
    outer loop
      vertex 9.1 19 13
      vertex 7.9 19 13
      vertex 7.94035 18.5903 13
    endloop
  endfacet
  facet normal -0.290284 -0.956941 0
    outer loop
      vertex 9.19637 17.0599 4.2
      vertex 9.59031 16.9404 13
      vertex 9.19637 17.0599 13
    endloop
  endfacet
  facet normal -0.290284 -0.956941 -0
    outer loop
      vertex 9.59031 16.9404 13
      vertex 9.19637 17.0599 4.2
      vertex 9.59031 16.9404 4.2
    endloop
  endfacet
  facet normal 0.956932 -0.290311 0
    outer loop
      vertex 11.9401 18.1964 13
      vertex 12.0596 18.5903 4.2
      vertex 12.0596 18.5903 13
    endloop
  endfacet
  facet normal 0.956932 -0.290311 0
    outer loop
      vertex 12.0596 18.5903 4.2
      vertex 11.9401 18.1964 13
      vertex 11.9401 18.1964 4.2
    endloop
  endfacet
  facet normal 0.772939 0.63448 0
    outer loop
      vertex 11.7461 20.1667 13
      vertex 11.4849 20.4849 4.2
      vertex 11.4849 20.4849 13
    endloop
  endfacet
  facet normal 0.772939 0.63448 0
    outer loop
      vertex 11.4849 20.4849 4.2
      vertex 11.7461 20.1667 13
      vertex 11.7461 20.1667 4.2
    endloop
  endfacet
  facet normal -0.995185 0.0980125 0
    outer loop
      vertex 7.9 19 4.2
      vertex 7.94035 19.4097 13
      vertex 7.94035 19.4097 4.2
    endloop
  endfacet
  facet normal -0.995185 0.0980125 0
    outer loop
      vertex 7.94035 19.4097 13
      vertex 7.9 19 4.2
      vertex 7.9 19 13
    endloop
  endfacet
  facet normal 0.63448 -0.772939 0
    outer loop
      vertex 11.1667 17.2539 4.2
      vertex 11.4849 17.5151 13
      vertex 11.1667 17.2539 13
    endloop
  endfacet
  facet normal 0.63448 -0.772939 0
    outer loop
      vertex 11.4849 17.5151 13
      vertex 11.1667 17.2539 4.2
      vertex 11.4849 17.5151 4.2
    endloop
  endfacet
  facet normal -0.471274 0.881987 0
    outer loop
      vertex 9.19637 20.9401 4.2
      vertex 8.8333 20.7461 13
      vertex 9.19637 20.9401 13
    endloop
  endfacet
  facet normal -0.471274 0.881987 0
    outer loop
      vertex 8.8333 20.7461 13
      vertex 9.19637 20.9401 4.2
      vertex 8.8333 20.7461 4.2
    endloop
  endfacet
  facet normal -0.634457 -0.772959 0
    outer loop
      vertex 8.51508 17.5151 4.2
      vertex 8.8333 17.2539 13
      vertex 8.51508 17.5151 13
    endloop
  endfacet
  facet normal -0.634457 -0.772959 -0
    outer loop
      vertex 8.8333 17.2539 13
      vertex 8.51508 17.5151 4.2
      vertex 8.8333 17.2539 4.2
    endloop
  endfacet
  facet normal -0.0981352 0.995173 0
    outer loop
      vertex 10 21.1 4.2
      vertex 9.59031 21.0596 13
      vertex 10 21.1 13
    endloop
  endfacet
  facet normal -0.0981352 0.995173 0
    outer loop
      vertex 9.59031 21.0596 13
      vertex 10 21.1 4.2
      vertex 9.59031 21.0596 4.2
    endloop
  endfacet
  facet normal 0.882003 -0.471244 0
    outer loop
      vertex 11.7461 17.8333 13
      vertex 11.9401 18.1964 4.2
      vertex 11.9401 18.1964 13
    endloop
  endfacet
  facet normal 0.882003 -0.471244 0
    outer loop
      vertex 11.9401 18.1964 4.2
      vertex 11.7461 17.8333 13
      vertex 11.7461 17.8333 4.2
    endloop
  endfacet
  facet normal -0.956932 -0.290311 0
    outer loop
      vertex 8.05985 18.1964 4.2
      vertex 7.94035 18.5903 13
      vertex 7.94035 18.5903 4.2
    endloop
  endfacet
  facet normal -0.956932 -0.290311 0
    outer loop
      vertex 7.94035 18.5903 13
      vertex 8.05985 18.1964 4.2
      vertex 8.05985 18.1964 13
    endloop
  endfacet
  facet normal -0.995185 -0.0980125 0
    outer loop
      vertex 7.94035 18.5903 4.2
      vertex 7.9 19 13
      vertex 7.9 19 4.2
    endloop
  endfacet
  facet normal -0.995185 -0.0980125 0
    outer loop
      vertex 7.9 19 13
      vertex 7.94035 18.5903 4.2
      vertex 7.94035 18.5903 13
    endloop
  endfacet
  facet normal -0.772975 -0.634437 0
    outer loop
      vertex 8.51508 17.5151 4.2
      vertex 8.25391 17.8333 13
      vertex 8.25391 17.8333 4.2
    endloop
  endfacet
  facet normal -0.772975 -0.634437 0
    outer loop
      vertex 8.25391 17.8333 13
      vertex 8.51508 17.5151 4.2
      vertex 8.51508 17.5151 13
    endloop
  endfacet
  facet normal -0.772975 0.634437 0
    outer loop
      vertex 8.25391 20.1667 4.2
      vertex 8.51508 20.4849 13
      vertex 8.51508 20.4849 4.2
    endloop
  endfacet
  facet normal -0.772975 0.634437 0
    outer loop
      vertex 8.51508 20.4849 13
      vertex 8.25391 20.1667 4.2
      vertex 8.25391 20.1667 13
    endloop
  endfacet
  facet normal -0.956932 0.290311 0
    outer loop
      vertex 7.94035 19.4097 4.2
      vertex 8.05985 19.8036 13
      vertex 8.05985 19.8036 4.2
    endloop
  endfacet
  facet normal -0.956932 0.290311 0
    outer loop
      vertex 8.05985 19.8036 13
      vertex 7.94035 19.4097 4.2
      vertex 7.94035 19.4097 13
    endloop
  endfacet
  facet normal -0.471274 -0.881987 0
    outer loop
      vertex 8.8333 17.2539 4.2
      vertex 9.19637 17.0599 13
      vertex 8.8333 17.2539 13
    endloop
  endfacet
  facet normal -0.471274 -0.881987 -0
    outer loop
      vertex 9.19637 17.0599 13
      vertex 8.8333 17.2539 4.2
      vertex 9.19637 17.0599 4.2
    endloop
  endfacet
  facet normal 0.705399 0.0694661 0.705399
    outer loop
      vertex 13.2366 19.6438 3
      vertex 12.1 19 4.2
      vertex 13.3 19 3
    endloop
  endfacet
  facet normal 0.44959 -0.547989 0.705392
    outer loop
      vertex 12.3335 16.6665 3
      vertex 11.1667 17.2539 4.2
      vertex 11.8334 16.2562 3
    endloop
  endfacet
  facet normal -0.334177 0.625108 0.705383
    outer loop
      vertex 8.73715 22.0488 3
      vertex 8.16662 21.7438 3
      vertex 8.8333 20.7461 4.2
    endloop
  endfacet
  facet normal 0.20575 0.678272 0.705418
    outer loop
      vertex 11.2629 22.0488 3
      vertex 10.6438 22.2366 3
      vertex 10.8036 20.9401 4.2
    endloop
  endfacet
  facet normal 0.678272 -0.20575 0.705418
    outer loop
      vertex 13.2366 18.3562 3
      vertex 11.9401 18.1964 4.2
      vertex 13.0488 17.7371 3
    endloop
  endfacet
  facet normal 0.205771 -0.67827 0.705413
    outer loop
      vertex 10.8036 17.0599 4.2
      vertex 10.4097 16.9404 4.2
      vertex 10.6438 15.7634 3
    endloop
  endfacet
  facet normal -0.205766 0.678273 0.705411
    outer loop
      vertex 9.3562 22.2366 3
      vertex 8.73715 22.0488 3
      vertex 9.19637 20.9401 4.2
    endloop
  endfacet
  facet normal -0.0694661 0.705399 0.705399
    outer loop
      vertex 10 22.3 3
      vertex 9.3562 22.2366 3
      vertex 10 21.1 4.2
    endloop
  endfacet
  facet normal -0.547928 0.449649 0.705401
    outer loop
      vertex 7.66655 21.3335 3
      vertex 7.25615 20.8334 3
      vertex 8.25391 20.1667 4.2
    endloop
  endfacet
  facet normal -0.449609 -0.547979 0.705387
    outer loop
      vertex 8.8333 17.2539 4.2
      vertex 7.66655 16.6665 3
      vertex 8.16662 16.2562 3
    endloop
  endfacet
  facet normal -0.625109 0.33414 0.7054
    outer loop
      vertex 7.25615 20.8334 3
      vertex 6.9512 20.2629 3
      vertex 8.25391 20.1667 4.2
    endloop
  endfacet
  facet normal 0.547989 -0.44959 0.705392
    outer loop
      vertex 12.7438 17.1666 3
      vertex 11.7461 17.8333 4.2
      vertex 12.3335 16.6665 3
    endloop
  endfacet
  facet normal -0.449698 0.547867 0.705418
    outer loop
      vertex 8.8333 20.7461 4.2
      vertex 7.66655 21.3335 3
      vertex 8.51508 20.4849 4.2
    endloop
  endfacet
  facet normal 0.205771 0.67827 0.705413
    outer loop
      vertex 10.6438 22.2366 3
      vertex 10.4097 21.0596 4.2
      vertex 10.8036 20.9401 4.2
    endloop
  endfacet
  facet normal 0.678272 0.20575 0.705418
    outer loop
      vertex 13.0488 20.2629 3
      vertex 11.9401 19.8036 4.2
      vertex 13.2366 19.6438 3
    endloop
  endfacet
  facet normal 0.67827 -0.205771 0.705413
    outer loop
      vertex 12.0596 18.5903 4.2
      vertex 11.9401 18.1964 4.2
      vertex 13.2366 18.3562 3
    endloop
  endfacet
  facet normal -0.205752 -0.678275 0.705415
    outer loop
      vertex 9.59031 16.9404 4.2
      vertex 9.19637 17.0599 4.2
      vertex 9.3562 15.7634 3
    endloop
  endfacet
  facet normal -0.547881 -0.449686 0.705414
    outer loop
      vertex 8.25391 17.8333 4.2
      vertex 7.66655 16.6665 3
      vertex 8.51508 17.5151 4.2
    endloop
  endfacet
  facet normal 0.705399 -0.0694661 0.705399
    outer loop
      vertex 13.3 19 3
      vertex 12.1 19 4.2
      vertex 13.2366 18.3562 3
    endloop
  endfacet
  facet normal 0.449705 -0.547842 0.705432
    outer loop
      vertex 11.4849 17.5151 4.2
      vertex 11.1667 17.2539 4.2
      vertex 12.3335 16.6665 3
    endloop
  endfacet
  facet normal 0.44959 0.547989 0.705392
    outer loop
      vertex 11.8334 21.7438 3
      vertex 11.1667 20.7461 4.2
      vertex 12.3335 21.3335 3
    endloop
  endfacet
  facet normal -0.0695572 0.705369 0.705419
    outer loop
      vertex 10 21.1 4.2
      vertex 9.3562 22.2366 3
      vertex 9.59031 21.0596 4.2
    endloop
  endfacet
  facet normal 0.67827 0.205771 0.705413
    outer loop
      vertex 13.2366 19.6438 3
      vertex 11.9401 19.8036 4.2
      vertex 12.0596 19.4097 4.2
    endloop
  endfacet
  facet normal 0.705369 -0.0695556 0.705419
    outer loop
      vertex 12.1 19 4.2
      vertex 12.0596 18.5903 4.2
      vertex 13.2366 18.3562 3
    endloop
  endfacet
  facet normal -0.678289 0.205744 0.705403
    outer loop
      vertex 6.9512 20.2629 3
      vertex 6.76341 19.6438 3
      vertex 8.05985 19.8036 4.2
    endloop
  endfacet
  facet normal 0.334009 -0.625148 0.705427
    outer loop
      vertex 11.1667 17.2539 4.2
      vertex 10.8036 17.0599 4.2
      vertex 11.2629 15.9512 3
    endloop
  endfacet
  facet normal 0.334189 -0.625098 0.705387
    outer loop
      vertex 11.8334 16.2562 3
      vertex 11.1667 17.2539 4.2
      vertex 11.2629 15.9512 3
    endloop
  endfacet
  facet normal 0.625098 -0.334189 0.705387
    outer loop
      vertex 13.0488 17.7371 3
      vertex 11.7461 17.8333 4.2
      vertex 12.7438 17.1666 3
    endloop
  endfacet
  facet normal -0.334037 -0.625148 0.705415
    outer loop
      vertex 8.8333 17.2539 4.2
      vertex 8.73715 15.9512 3
      vertex 9.19637 17.0599 4.2
    endloop
  endfacet
  facet normal -0.625121 -0.334098 0.705409
    outer loop
      vertex 8.05985 18.1964 4.2
      vertex 6.9512 17.7371 3
      vertex 8.25391 17.8333 4.2
    endloop
  endfacet
  facet normal -0.449609 0.547979 0.705387
    outer loop
      vertex 8.16662 21.7438 3
      vertex 7.66655 21.3335 3
      vertex 8.8333 20.7461 4.2
    endloop
  endfacet
  facet normal 0.625148 -0.334009 0.705427
    outer loop
      vertex 11.9401 18.1964 4.2
      vertex 11.7461 17.8333 4.2
      vertex 13.0488 17.7371 3
    endloop
  endfacet
  facet normal -0.547881 0.449686 0.705414
    outer loop
      vertex 8.51508 20.4849 4.2
      vertex 7.66655 21.3335 3
      vertex 8.25391 20.1667 4.2
    endloop
  endfacet
  facet normal -0.547928 -0.449649 0.705401
    outer loop
      vertex 8.25391 17.8333 4.2
      vertex 7.25615 17.1666 3
      vertex 7.66655 16.6665 3
    endloop
  endfacet
  facet normal 0.547989 0.44959 0.705392
    outer loop
      vertex 12.3335 21.3335 3
      vertex 11.7461 20.1667 4.2
      vertex 12.7438 20.8334 3
    endloop
  endfacet
  facet normal -0.7054 0.0694725 0.705397
    outer loop
      vertex 7.94035 19.4097 4.2
      vertex 6.76341 19.6438 3
      vertex 7.9 19 4.2
    endloop
  endfacet
  facet normal 0.0695556 0.705369 0.705419
    outer loop
      vertex 10.6438 22.2366 3
      vertex 10 21.1 4.2
      vertex 10.4097 21.0596 4.2
    endloop
  endfacet
  facet normal -0.205752 0.678275 0.705415
    outer loop
      vertex 9.3562 22.2366 3
      vertex 9.19637 20.9401 4.2
      vertex 9.59031 21.0596 4.2
    endloop
  endfacet
  facet normal -0.678287 0.205776 0.705396
    outer loop
      vertex 8.05985 19.8036 4.2
      vertex 6.76341 19.6438 3
      vertex 7.94035 19.4097 4.2
    endloop
  endfacet
  facet normal -0.705398 0.069477 0.705398
    outer loop
      vertex 6.76341 19.6438 3
      vertex 6.7 19 3
      vertex 7.9 19 4.2
    endloop
  endfacet
  facet normal -0.7054 -0.0694725 0.705397
    outer loop
      vertex 7.9 19 4.2
      vertex 6.76341 18.3562 3
      vertex 7.94035 18.5903 4.2
    endloop
  endfacet
  facet normal 0.705369 0.0695556 0.705419
    outer loop
      vertex 13.2366 19.6438 3
      vertex 12.0596 19.4097 4.2
      vertex 12.1 19 4.2
    endloop
  endfacet
  facet normal -0.625121 0.334098 0.705409
    outer loop
      vertex 8.25391 20.1667 4.2
      vertex 6.9512 20.2629 3
      vertex 8.05985 19.8036 4.2
    endloop
  endfacet
  facet normal 0.625098 0.334189 0.705387
    outer loop
      vertex 12.7438 20.8334 3
      vertex 11.7461 20.1667 4.2
      vertex 13.0488 20.2629 3
    endloop
  endfacet
  facet normal 0.625148 0.334009 0.705427
    outer loop
      vertex 13.0488 20.2629 3
      vertex 11.7461 20.1667 4.2
      vertex 11.9401 19.8036 4.2
    endloop
  endfacet
  facet normal 0.20575 -0.678272 0.705418
    outer loop
      vertex 10.8036 17.0599 4.2
      vertex 10.6438 15.7634 3
      vertex 11.2629 15.9512 3
    endloop
  endfacet
  facet normal -0.705398 -0.069477 0.705398
    outer loop
      vertex 7.9 19 4.2
      vertex 6.7 19 3
      vertex 6.76341 18.3562 3
    endloop
  endfacet
  facet normal -0.334037 0.625148 0.705415
    outer loop
      vertex 9.19637 20.9401 4.2
      vertex 8.73715 22.0488 3
      vertex 8.8333 20.7461 4.2
    endloop
  endfacet
  facet normal 0.0694661 0.705399 0.705399
    outer loop
      vertex 10 22.3 3
      vertex 10 21.1 4.2
      vertex 10.6438 22.2366 3
    endloop
  endfacet
  facet normal 0.547842 -0.449705 0.705432
    outer loop
      vertex 11.7461 17.8333 4.2
      vertex 11.4849 17.5151 4.2
      vertex 12.3335 16.6665 3
    endloop
  endfacet
  facet normal 0.547842 0.449705 0.705432
    outer loop
      vertex 12.3335 21.3335 3
      vertex 11.4849 20.4849 4.2
      vertex 11.7461 20.1667 4.2
    endloop
  endfacet
  facet normal 0.449705 0.547842 0.705432
    outer loop
      vertex 12.3335 21.3335 3
      vertex 11.1667 20.7461 4.2
      vertex 11.4849 20.4849 4.2
    endloop
  endfacet
  facet normal -0.334177 -0.625108 0.705383
    outer loop
      vertex 8.8333 17.2539 4.2
      vertex 8.16662 16.2562 3
      vertex 8.73715 15.9512 3
    endloop
  endfacet
  facet normal -0.205766 -0.678273 0.705411
    outer loop
      vertex 9.19637 17.0599 4.2
      vertex 8.73715 15.9512 3
      vertex 9.3562 15.7634 3
    endloop
  endfacet
  facet normal -0.449698 -0.547867 0.705418
    outer loop
      vertex 8.51508 17.5151 4.2
      vertex 7.66655 16.6665 3
      vertex 8.8333 17.2539 4.2
    endloop
  endfacet
  facet normal -0.0695572 -0.705369 0.705419
    outer loop
      vertex 9.59031 16.9404 4.2
      vertex 9.3562 15.7634 3
      vertex 10 16.9 4.2
    endloop
  endfacet
  facet normal -0.678289 -0.205744 0.705403
    outer loop
      vertex 8.05985 18.1964 4.2
      vertex 6.76341 18.3562 3
      vertex 6.9512 17.7371 3
    endloop
  endfacet
  facet normal -0.625109 -0.33414 0.7054
    outer loop
      vertex 8.25391 17.8333 4.2
      vertex 6.9512 17.7371 3
      vertex 7.25615 17.1666 3
    endloop
  endfacet
  facet normal -0.0694661 -0.705399 0.705399
    outer loop
      vertex 10 16.9 4.2
      vertex 9.3562 15.7634 3
      vertex 10 15.7 3
    endloop
  endfacet
  facet normal 0.0694661 -0.705399 0.705399
    outer loop
      vertex 10 16.9 4.2
      vertex 10 15.7 3
      vertex 10.6438 15.7634 3
    endloop
  endfacet
  facet normal 0.334189 0.625098 0.705387
    outer loop
      vertex 11.2629 22.0488 3
      vertex 11.1667 20.7461 4.2
      vertex 11.8334 21.7438 3
    endloop
  endfacet
  facet normal 0.334009 0.625148 0.705427
    outer loop
      vertex 11.2629 22.0488 3
      vertex 10.8036 20.9401 4.2
      vertex 11.1667 20.7461 4.2
    endloop
  endfacet
  facet normal -0.678287 -0.205776 0.705396
    outer loop
      vertex 7.94035 18.5903 4.2
      vertex 6.76341 18.3562 3
      vertex 8.05985 18.1964 4.2
    endloop
  endfacet
  facet normal 0.0695556 -0.705369 0.705419
    outer loop
      vertex 10.4097 16.9404 4.2
      vertex 10 16.9 4.2
      vertex 10.6438 15.7634 3
    endloop
  endfacet
  facet normal 0.471244 0.882003 -0
    outer loop
      vertex 21.1667 20.7461 4.2
      vertex 20.8036 20.9401 13
      vertex 21.1667 20.7461 13
    endloop
  endfacet
  facet normal 0.471244 0.882003 0
    outer loop
      vertex 20.8036 20.9401 13
      vertex 21.1667 20.7461 4.2
      vertex 20.8036 20.9401 4.2
    endloop
  endfacet
  facet normal 0.956932 0.290311 0
    outer loop
      vertex 22.0596 19.4097 13
      vertex 21.9401 19.8036 4.2
      vertex 21.9401 19.8036 13
    endloop
  endfacet
  facet normal 0.956932 0.290311 0
    outer loop
      vertex 21.9401 19.8036 4.2
      vertex 22.0596 19.4097 13
      vertex 22.0596 19.4097 4.2
    endloop
  endfacet
  facet normal 0.995173 0.0981328 0
    outer loop
      vertex 22.1 19 13
      vertex 22.0596 19.4097 4.2
      vertex 22.0596 19.4097 13
    endloop
  endfacet
  facet normal 0.995173 0.0981328 0
    outer loop
      vertex 22.0596 19.4097 4.2
      vertex 22.1 19 13
      vertex 22.1 19 4.2
    endloop
  endfacet
  facet normal 0.882003 0.471244 0
    outer loop
      vertex 21.9401 19.8036 13
      vertex 21.7461 20.1667 4.2
      vertex 21.7461 20.1667 13
    endloop
  endfacet
  facet normal 0.882003 0.471244 0
    outer loop
      vertex 21.7461 20.1667 4.2
      vertex 21.9401 19.8036 13
      vertex 21.9401 19.8036 4.2
    endloop
  endfacet
  facet normal 0.0981328 0.995173 -0
    outer loop
      vertex 20.4097 21.0596 4.2
      vertex 20 21.1 13
      vertex 20.4097 21.0596 13
    endloop
  endfacet
  facet normal 0.0981328 0.995173 0
    outer loop
      vertex 20 21.1 13
      vertex 20.4097 21.0596 4.2
      vertex 20 21.1 4.2
    endloop
  endfacet
  facet normal 0.0981328 -0.995173 0
    outer loop
      vertex 20 16.9 4.2
      vertex 20.4097 16.9404 13
      vertex 20 16.9 13
    endloop
  endfacet
  facet normal 0.0981328 -0.995173 0
    outer loop
      vertex 20.4097 16.9404 13
      vertex 20 16.9 4.2
      vertex 20.4097 16.9404 4.2
    endloop
  endfacet
  facet normal 0.290311 0.956932 -0
    outer loop
      vertex 20.8036 20.9401 4.2
      vertex 20.4097 21.0596 13
      vertex 20.8036 20.9401 13
    endloop
  endfacet
  facet normal 0.290311 0.956932 0
    outer loop
      vertex 20.4097 21.0596 13
      vertex 20.8036 20.9401 4.2
      vertex 20.4097 21.0596 4.2
    endloop
  endfacet
  facet normal 0.63448 0.772939 -0
    outer loop
      vertex 21.4849 20.4849 4.2
      vertex 21.1667 20.7461 13
      vertex 21.4849 20.4849 13
    endloop
  endfacet
  facet normal 0.63448 0.772939 0
    outer loop
      vertex 21.1667 20.7461 13
      vertex 21.4849 20.4849 4.2
      vertex 21.1667 20.7461 4.2
    endloop
  endfacet
  facet normal 0.772939 -0.63448 0
    outer loop
      vertex 21.4849 17.5151 13
      vertex 21.7461 17.8333 4.2
      vertex 21.7461 17.8333 13
    endloop
  endfacet
  facet normal 0.772939 -0.63448 0
    outer loop
      vertex 21.7461 17.8333 4.2
      vertex 21.4849 17.5151 13
      vertex 21.4849 17.5151 4.2
    endloop
  endfacet
  facet normal -0.63448 0.772939 0
    outer loop
      vertex 18.8333 20.7461 4.2
      vertex 18.5151 20.4849 13
      vertex 18.8333 20.7461 13
    endloop
  endfacet
  facet normal -0.63448 0.772939 0
    outer loop
      vertex 18.5151 20.4849 13
      vertex 18.8333 20.7461 4.2
      vertex 18.5151 20.4849 4.2
    endloop
  endfacet
  facet normal 0.471244 -0.882003 0
    outer loop
      vertex 20.8036 17.0599 4.2
      vertex 21.1667 17.2539 13
      vertex 20.8036 17.0599 13
    endloop
  endfacet
  facet normal 0.471244 -0.882003 0
    outer loop
      vertex 21.1667 17.2539 13
      vertex 20.8036 17.0599 4.2
      vertex 21.1667 17.2539 4.2
    endloop
  endfacet
  facet normal -0.882003 -0.471244 0
    outer loop
      vertex 18.2539 17.8333 4.2
      vertex 18.0599 18.1964 13
      vertex 18.0599 18.1964 4.2
    endloop
  endfacet
  facet normal -0.882003 -0.471244 0
    outer loop
      vertex 18.0599 18.1964 13
      vertex 18.2539 17.8333 4.2
      vertex 18.2539 17.8333 13
    endloop
  endfacet
  facet normal 0.995173 -0.0981328 0
    outer loop
      vertex 22.0596 18.5903 13
      vertex 22.1 19 4.2
      vertex 22.1 19 13
    endloop
  endfacet
  facet normal 0.995173 -0.0981328 0
    outer loop
      vertex 22.1 19 4.2
      vertex 22.0596 18.5903 13
      vertex 22.0596 18.5903 4.2
    endloop
  endfacet
  facet normal -0.290311 0.956932 0
    outer loop
      vertex 19.5903 21.0596 4.2
      vertex 19.1964 20.9401 13
      vertex 19.5903 21.0596 13
    endloop
  endfacet
  facet normal -0.290311 0.956932 0
    outer loop
      vertex 19.1964 20.9401 13
      vertex 19.5903 21.0596 4.2
      vertex 19.1964 20.9401 4.2
    endloop
  endfacet
  facet normal -0.0981328 -0.995173 0
    outer loop
      vertex 19.5903 16.9404 4.2
      vertex 20 16.9 13
      vertex 19.5903 16.9404 13
    endloop
  endfacet
  facet normal -0.0981328 -0.995173 -0
    outer loop
      vertex 20 16.9 13
      vertex 19.5903 16.9404 4.2
      vertex 20 16.9 4.2
    endloop
  endfacet
  facet normal -0.882003 0.471244 0
    outer loop
      vertex 18.0599 19.8036 4.2
      vertex 18.2539 20.1667 13
      vertex 18.2539 20.1667 4.2
    endloop
  endfacet
  facet normal -0.882003 0.471244 0
    outer loop
      vertex 18.2539 20.1667 13
      vertex 18.0599 19.8036 4.2
      vertex 18.0599 19.8036 13
    endloop
  endfacet
  facet normal 0.290311 -0.956932 0
    outer loop
      vertex 20.4097 16.9404 4.2
      vertex 20.8036 17.0599 13
      vertex 20.4097 16.9404 13
    endloop
  endfacet
  facet normal 0.290311 -0.956932 0
    outer loop
      vertex 20.8036 17.0599 13
      vertex 20.4097 16.9404 4.2
      vertex 20.8036 17.0599 4.2
    endloop
  endfacet
  facet normal 0 0 1
    outer loop
      vertex 20.95 19 13
      vertex 22.1 19 13
      vertex 22.0596 19.4097 13
    endloop
  endfacet
  facet normal 0 0 1
    outer loop
      vertex 20.9317 19.1853 13
      vertex 22.0596 19.4097 13
      vertex 21.9401 19.8036 13
    endloop
  endfacet
  facet normal 0 0 1
    outer loop
      vertex 22.1 19 13
      vertex 20.95 19 13
      vertex 22.0596 18.5903 13
    endloop
  endfacet
  facet normal 0 0 1
    outer loop
      vertex 20.8777 19.3635 13
      vertex 21.9401 19.8036 13
      vertex 21.7461 20.1667 13
    endloop
  endfacet
  facet normal -0 0 1
    outer loop
      vertex 20.9317 18.8147 13
      vertex 22.0596 18.5903 13
      vertex 20.95 19 13
    endloop
  endfacet
  facet normal 0 0 1
    outer loop
      vertex 20.7899 19.5278 13
      vertex 21.7461 20.1667 13
      vertex 21.4849 20.4849 13
    endloop
  endfacet
  facet normal 0 0 1
    outer loop
      vertex 22.0596 18.5903 13
      vertex 20.9317 18.8147 13
      vertex 21.9401 18.1964 13
    endloop
  endfacet
  facet normal 0 0 1
    outer loop
      vertex 20.6718 19.6718 13
      vertex 21.4849 20.4849 13
      vertex 21.1667 20.7461 13
    endloop
  endfacet
  facet normal -0 0 1
    outer loop
      vertex 20.8777 18.6364 13
      vertex 21.9401 18.1964 13
      vertex 20.9317 18.8147 13
    endloop
  endfacet
  facet normal 0 0 1
    outer loop
      vertex 21.9401 18.1964 13
      vertex 20.8777 18.6364 13
      vertex 21.7461 17.8333 13
    endloop
  endfacet
  facet normal 0 0 1
    outer loop
      vertex 22.0596 19.4097 13
      vertex 20.9317 19.1853 13
      vertex 20.95 19 13
    endloop
  endfacet
  facet normal 0 0 1
    outer loop
      vertex 21.9401 19.8036 13
      vertex 20.8777 19.3635 13
      vertex 20.9317 19.1853 13
    endloop
  endfacet
  facet normal 0 0 1
    outer loop
      vertex 20.5278 19.7899 13
      vertex 21.1667 20.7461 13
      vertex 20.8036 20.9401 13
    endloop
  endfacet
  facet normal 0 0 1
    outer loop
      vertex 21.7461 20.1667 13
      vertex 20.7899 19.5278 13
      vertex 20.8777 19.3635 13
    endloop
  endfacet
  facet normal 0 0 1
    outer loop
      vertex 21.4849 20.4849 13
      vertex 20.6718 19.6718 13
      vertex 20.7899 19.5278 13
    endloop
  endfacet
  facet normal 0 0 1
    outer loop
      vertex 21.1667 20.7461 13
      vertex 20.5278 19.7899 13
      vertex 20.6718 19.6718 13
    endloop
  endfacet
  facet normal 0 0 1
    outer loop
      vertex 20.3635 19.8777 13
      vertex 20.8036 20.9401 13
      vertex 20.4097 21.0596 13
    endloop
  endfacet
  facet normal 0 0 1
    outer loop
      vertex 20.8036 20.9401 13
      vertex 20.3635 19.8777 13
      vertex 20.5278 19.7899 13
    endloop
  endfacet
  facet normal 0 0 1
    outer loop
      vertex 20.4097 21.0596 13
      vertex 20.1853 19.9317 13
      vertex 20.3635 19.8777 13
    endloop
  endfacet
  facet normal 0 0 1
    outer loop
      vertex 20 21.1 13
      vertex 20.1853 19.9317 13
      vertex 20.4097 21.0596 13
    endloop
  endfacet
  facet normal 0 0 1
    outer loop
      vertex 20 21.1 13
      vertex 20 19.95 13
      vertex 20.1853 19.9317 13
    endloop
  endfacet
  facet normal 0 0 1
    outer loop
      vertex 20 21.1 13
      vertex 19.8147 19.9317 13
      vertex 20 19.95 13
    endloop
  endfacet
  facet normal -0 0 1
    outer loop
      vertex 19.5903 21.0596 13
      vertex 19.8147 19.9317 13
      vertex 20 21.1 13
    endloop
  endfacet
  facet normal 0 0 1
    outer loop
      vertex 19.8147 19.9317 13
      vertex 19.5903 21.0596 13
      vertex 19.6364 19.8777 13
    endloop
  endfacet
  facet normal -0 0 1
    outer loop
      vertex 19.1964 20.9401 13
      vertex 19.6364 19.8777 13
      vertex 19.5903 21.0596 13
    endloop
  endfacet
  facet normal 0 0 1
    outer loop
      vertex 19.6364 19.8777 13
      vertex 19.1964 20.9401 13
      vertex 19.4722 19.7899 13
    endloop
  endfacet
  facet normal -0 0 1
    outer loop
      vertex 18.8333 20.7461 13
      vertex 19.4722 19.7899 13
      vertex 19.1964 20.9401 13
    endloop
  endfacet
  facet normal 0 0 1
    outer loop
      vertex 19.4722 19.7899 13
      vertex 18.8333 20.7461 13
      vertex 19.3282 19.6718 13
    endloop
  endfacet
  facet normal -0 0 1
    outer loop
      vertex 18.5151 20.4849 13
      vertex 19.3282 19.6718 13
      vertex 18.8333 20.7461 13
    endloop
  endfacet
  facet normal 0 0 1
    outer loop
      vertex 19.3282 19.6718 13
      vertex 18.5151 20.4849 13
      vertex 19.2101 19.5278 13
    endloop
  endfacet
  facet normal -0 0 1
    outer loop
      vertex 18.2539 20.1667 13
      vertex 19.2101 19.5278 13
      vertex 18.5151 20.4849 13
    endloop
  endfacet
  facet normal 0 0 1
    outer loop
      vertex 19.2101 19.5278 13
      vertex 18.2539 20.1667 13
      vertex 19.1223 19.3635 13
    endloop
  endfacet
  facet normal -0 0 1
    outer loop
      vertex 20.7899 18.4722 13
      vertex 21.7461 17.8333 13
      vertex 20.8777 18.6364 13
    endloop
  endfacet
  facet normal 0 0 1
    outer loop
      vertex 21.7461 17.8333 13
      vertex 20.7899 18.4722 13
      vertex 21.4849 17.5151 13
    endloop
  endfacet
  facet normal -0 0 1
    outer loop
      vertex 20.6718 18.3282 13
      vertex 21.4849 17.5151 13
      vertex 20.7899 18.4722 13
    endloop
  endfacet
  facet normal 0 0 1
    outer loop
      vertex 21.4849 17.5151 13
      vertex 20.6718 18.3282 13
      vertex 21.1667 17.2539 13
    endloop
  endfacet
  facet normal -0 0 1
    outer loop
      vertex 20.5278 18.2101 13
      vertex 21.1667 17.2539 13
      vertex 20.6718 18.3282 13
    endloop
  endfacet
  facet normal 0 0 1
    outer loop
      vertex 21.1667 17.2539 13
      vertex 20.5278 18.2101 13
      vertex 20.8036 17.0599 13
    endloop
  endfacet
  facet normal -0 0 1
    outer loop
      vertex 20.3635 18.1223 13
      vertex 20.8036 17.0599 13
      vertex 20.5278 18.2101 13
    endloop
  endfacet
  facet normal 0 0 1
    outer loop
      vertex 20.8036 17.0599 13
      vertex 20.3635 18.1223 13
      vertex 20.4097 16.9404 13
    endloop
  endfacet
  facet normal -0 0 1
    outer loop
      vertex 20.1853 18.0683 13
      vertex 20.4097 16.9404 13
      vertex 20.3635 18.1223 13
    endloop
  endfacet
  facet normal -0 0 1
    outer loop
      vertex 20 18.05 13
      vertex 20.4097 16.9404 13
      vertex 20.1853 18.0683 13
    endloop
  endfacet
  facet normal 0 0 1
    outer loop
      vertex 20 18.05 13
      vertex 20 16.9 13
      vertex 20.4097 16.9404 13
    endloop
  endfacet
  facet normal 0 0 1
    outer loop
      vertex 19.8147 18.0683 13
      vertex 20 16.9 13
      vertex 20 18.05 13
    endloop
  endfacet
  facet normal 0 0 1
    outer loop
      vertex 19.5903 16.9404 13
      vertex 19.8147 18.0683 13
      vertex 19.6364 18.1223 13
    endloop
  endfacet
  facet normal 0 0 1
    outer loop
      vertex 19.8147 18.0683 13
      vertex 19.5903 16.9404 13
      vertex 20 16.9 13
    endloop
  endfacet
  facet normal 0 0 1
    outer loop
      vertex 19.1964 17.0599 13
      vertex 19.6364 18.1223 13
      vertex 19.4722 18.2101 13
    endloop
  endfacet
  facet normal 0 0 1
    outer loop
      vertex 18.8333 17.2539 13
      vertex 19.4722 18.2101 13
      vertex 19.3282 18.3282 13
    endloop
  endfacet
  facet normal 0 0 1
    outer loop
      vertex 18.5151 17.5151 13
      vertex 19.3282 18.3282 13
      vertex 19.2101 18.4722 13
    endloop
  endfacet
  facet normal 0 0 1
    outer loop
      vertex 19.6364 18.1223 13
      vertex 19.1964 17.0599 13
      vertex 19.5903 16.9404 13
    endloop
  endfacet
  facet normal 0 0 1
    outer loop
      vertex 18.2539 17.8333 13
      vertex 19.2101 18.4722 13
      vertex 19.1223 18.6364 13
    endloop
  endfacet
  facet normal 0 0 1
    outer loop
      vertex 18.0599 18.1964 13
      vertex 19.1223 18.6364 13
      vertex 19.0683 18.8147 13
    endloop
  endfacet
  facet normal 0 0 1
    outer loop
      vertex 17.9404 18.5903 13
      vertex 19.0683 18.8147 13
      vertex 19.05 19 13
    endloop
  endfacet
  facet normal -0 0 1
    outer loop
      vertex 18.0599 19.8036 13
      vertex 19.1223 19.3635 13
      vertex 18.2539 20.1667 13
    endloop
  endfacet
  facet normal 0 0 1
    outer loop
      vertex 19.4722 18.2101 13
      vertex 18.8333 17.2539 13
      vertex 19.1964 17.0599 13
    endloop
  endfacet
  facet normal 0 0 1
    outer loop
      vertex 19.1223 19.3635 13
      vertex 18.0599 19.8036 13
      vertex 19.0683 19.1853 13
    endloop
  endfacet
  facet normal 0 0 1
    outer loop
      vertex 19.3282 18.3282 13
      vertex 18.5151 17.5151 13
      vertex 18.8333 17.2539 13
    endloop
  endfacet
  facet normal -0 0 1
    outer loop
      vertex 17.9404 19.4097 13
      vertex 19.0683 19.1853 13
      vertex 18.0599 19.8036 13
    endloop
  endfacet
  facet normal 0 0 1
    outer loop
      vertex 19.2101 18.4722 13
      vertex 18.2539 17.8333 13
      vertex 18.5151 17.5151 13
    endloop
  endfacet
  facet normal 0 0 1
    outer loop
      vertex 19.0683 19.1853 13
      vertex 17.9404 19.4097 13
      vertex 19.05 19 13
    endloop
  endfacet
  facet normal 0 0 1
    outer loop
      vertex 19.1223 18.6364 13
      vertex 18.0599 18.1964 13
      vertex 18.2539 17.8333 13
    endloop
  endfacet
  facet normal 0 0 1
    outer loop
      vertex 17.9 19 13
      vertex 19.05 19 13
      vertex 17.9404 19.4097 13
    endloop
  endfacet
  facet normal 0 0 1
    outer loop
      vertex 19.0683 18.8147 13
      vertex 17.9404 18.5903 13
      vertex 18.0599 18.1964 13
    endloop
  endfacet
  facet normal 0 0 1
    outer loop
      vertex 19.05 19 13
      vertex 17.9 19 13
      vertex 17.9404 18.5903 13
    endloop
  endfacet
  facet normal -0.290311 -0.956932 0
    outer loop
      vertex 19.1964 17.0599 4.2
      vertex 19.5903 16.9404 13
      vertex 19.1964 17.0599 13
    endloop
  endfacet
  facet normal -0.290311 -0.956932 -0
    outer loop
      vertex 19.5903 16.9404 13
      vertex 19.1964 17.0599 4.2
      vertex 19.5903 16.9404 4.2
    endloop
  endfacet
  facet normal 0.956932 -0.290311 0
    outer loop
      vertex 21.9401 18.1964 13
      vertex 22.0596 18.5903 4.2
      vertex 22.0596 18.5903 13
    endloop
  endfacet
  facet normal 0.956932 -0.290311 0
    outer loop
      vertex 22.0596 18.5903 4.2
      vertex 21.9401 18.1964 13
      vertex 21.9401 18.1964 4.2
    endloop
  endfacet
  facet normal 0.772939 0.63448 0
    outer loop
      vertex 21.7461 20.1667 13
      vertex 21.4849 20.4849 4.2
      vertex 21.4849 20.4849 13
    endloop
  endfacet
  facet normal 0.772939 0.63448 0
    outer loop
      vertex 21.4849 20.4849 4.2
      vertex 21.7461 20.1667 13
      vertex 21.7461 20.1667 4.2
    endloop
  endfacet
  facet normal -0.995173 0.0981328 0
    outer loop
      vertex 17.9 19 4.2
      vertex 17.9404 19.4097 13
      vertex 17.9404 19.4097 4.2
    endloop
  endfacet
  facet normal -0.995173 0.0981328 0
    outer loop
      vertex 17.9404 19.4097 13
      vertex 17.9 19 4.2
      vertex 17.9 19 13
    endloop
  endfacet
  facet normal 0.63448 -0.772939 0
    outer loop
      vertex 21.1667 17.2539 4.2
      vertex 21.4849 17.5151 13
      vertex 21.1667 17.2539 13
    endloop
  endfacet
  facet normal 0.63448 -0.772939 0
    outer loop
      vertex 21.4849 17.5151 13
      vertex 21.1667 17.2539 4.2
      vertex 21.4849 17.5151 4.2
    endloop
  endfacet
  facet normal -0.471244 0.882003 0
    outer loop
      vertex 19.1964 20.9401 4.2
      vertex 18.8333 20.7461 13
      vertex 19.1964 20.9401 13
    endloop
  endfacet
  facet normal -0.471244 0.882003 0
    outer loop
      vertex 18.8333 20.7461 13
      vertex 19.1964 20.9401 4.2
      vertex 18.8333 20.7461 4.2
    endloop
  endfacet
  facet normal -0.63448 -0.772939 0
    outer loop
      vertex 18.5151 17.5151 4.2
      vertex 18.8333 17.2539 13
      vertex 18.5151 17.5151 13
    endloop
  endfacet
  facet normal -0.63448 -0.772939 -0
    outer loop
      vertex 18.8333 17.2539 13
      vertex 18.5151 17.5151 4.2
      vertex 18.8333 17.2539 4.2
    endloop
  endfacet
  facet normal -0.0981328 0.995173 0
    outer loop
      vertex 20 21.1 4.2
      vertex 19.5903 21.0596 13
      vertex 20 21.1 13
    endloop
  endfacet
  facet normal -0.0981328 0.995173 0
    outer loop
      vertex 19.5903 21.0596 13
      vertex 20 21.1 4.2
      vertex 19.5903 21.0596 4.2
    endloop
  endfacet
  facet normal 0.882003 -0.471244 0
    outer loop
      vertex 21.7461 17.8333 13
      vertex 21.9401 18.1964 4.2
      vertex 21.9401 18.1964 13
    endloop
  endfacet
  facet normal 0.882003 -0.471244 0
    outer loop
      vertex 21.9401 18.1964 4.2
      vertex 21.7461 17.8333 13
      vertex 21.7461 17.8333 4.2
    endloop
  endfacet
  facet normal -0.956932 -0.290311 0
    outer loop
      vertex 18.0599 18.1964 4.2
      vertex 17.9404 18.5903 13
      vertex 17.9404 18.5903 4.2
    endloop
  endfacet
  facet normal -0.956932 -0.290311 0
    outer loop
      vertex 17.9404 18.5903 13
      vertex 18.0599 18.1964 4.2
      vertex 18.0599 18.1964 13
    endloop
  endfacet
  facet normal -0.995173 -0.0981328 0
    outer loop
      vertex 17.9404 18.5903 4.2
      vertex 17.9 19 13
      vertex 17.9 19 4.2
    endloop
  endfacet
  facet normal -0.995173 -0.0981328 0
    outer loop
      vertex 17.9 19 13
      vertex 17.9404 18.5903 4.2
      vertex 17.9404 18.5903 13
    endloop
  endfacet
  facet normal -0.772939 -0.63448 0
    outer loop
      vertex 18.5151 17.5151 4.2
      vertex 18.2539 17.8333 13
      vertex 18.2539 17.8333 4.2
    endloop
  endfacet
  facet normal -0.772939 -0.63448 0
    outer loop
      vertex 18.2539 17.8333 13
      vertex 18.5151 17.5151 4.2
      vertex 18.5151 17.5151 13
    endloop
  endfacet
  facet normal -0.772939 0.63448 0
    outer loop
      vertex 18.2539 20.1667 4.2
      vertex 18.5151 20.4849 13
      vertex 18.5151 20.4849 4.2
    endloop
  endfacet
  facet normal -0.772939 0.63448 0
    outer loop
      vertex 18.5151 20.4849 13
      vertex 18.2539 20.1667 4.2
      vertex 18.2539 20.1667 13
    endloop
  endfacet
  facet normal -0.956932 0.290311 0
    outer loop
      vertex 17.9404 19.4097 4.2
      vertex 18.0599 19.8036 13
      vertex 18.0599 19.8036 4.2
    endloop
  endfacet
  facet normal -0.956932 0.290311 0
    outer loop
      vertex 18.0599 19.8036 13
      vertex 17.9404 19.4097 4.2
      vertex 17.9404 19.4097 13
    endloop
  endfacet
  facet normal -0.471244 -0.882003 0
    outer loop
      vertex 18.8333 17.2539 4.2
      vertex 19.1964 17.0599 13
      vertex 18.8333 17.2539 13
    endloop
  endfacet
  facet normal -0.471244 -0.882003 -0
    outer loop
      vertex 19.1964 17.0599 13
      vertex 18.8333 17.2539 4.2
      vertex 19.1964 17.0599 4.2
    endloop
  endfacet
  facet normal 0.705399 0.0694661 0.705399
    outer loop
      vertex 23.2366 19.6438 3
      vertex 22.1 19 4.2
      vertex 23.3 19 3
    endloop
  endfacet
  facet normal -0.20575 -0.678272 0.705418
    outer loop
      vertex 19.1964 17.0599 4.2
      vertex 18.7371 15.9512 3
      vertex 19.3562 15.7634 3
    endloop
  endfacet
  facet normal 0.334189 -0.625098 0.705387
    outer loop
      vertex 21.8334 16.2562 3
      vertex 21.1667 17.2539 4.2
      vertex 21.2629 15.9512 3
    endloop
  endfacet
  facet normal -0.449705 0.547842 0.705432
    outer loop
      vertex 18.8333 20.7461 4.2
      vertex 17.6665 21.3335 3
      vertex 18.5151 20.4849 4.2
    endloop
  endfacet
  facet normal -0.67827 0.205771 0.705413
    outer loop
      vertex 18.0599 19.8036 4.2
      vertex 16.7634 19.6438 3
      vertex 17.9404 19.4097 4.2
    endloop
  endfacet
  facet normal 0.0695556 -0.705369 0.705419
    outer loop
      vertex 20.4097 16.9404 4.2
      vertex 20 16.9 4.2
      vertex 20.6438 15.7634 3
    endloop
  endfacet
  facet normal -0.705399 0.0694661 0.705399
    outer loop
      vertex 16.7634 19.6438 3
      vertex 16.7 19 3
      vertex 17.9 19 4.2
    endloop
  endfacet
  facet normal 0.705399 -0.0694661 0.705399
    outer loop
      vertex 23.3 19 3
      vertex 22.1 19 4.2
      vertex 23.2366 18.3562 3
    endloop
  endfacet
  facet normal -0.334189 -0.625098 0.705387
    outer loop
      vertex 18.8333 17.2539 4.2
      vertex 18.1666 16.2562 3
      vertex 18.7371 15.9512 3
    endloop
  endfacet
  facet normal 0.334009 -0.625148 0.705427
    outer loop
      vertex 21.1667 17.2539 4.2
      vertex 20.8036 17.0599 4.2
      vertex 21.2629 15.9512 3
    endloop
  endfacet
  facet normal -0.334189 0.625098 0.705387
    outer loop
      vertex 18.7371 22.0488 3
      vertex 18.1666 21.7438 3
      vertex 18.8333 20.7461 4.2
    endloop
  endfacet
  facet normal 0.547989 -0.44959 0.705392
    outer loop
      vertex 22.7438 17.1666 3
      vertex 21.7461 17.8333 4.2
      vertex 22.3335 16.6665 3
    endloop
  endfacet
  facet normal -0.625098 0.334189 0.705387
    outer loop
      vertex 17.2562 20.8334 3
      vertex 16.9512 20.2629 3
      vertex 18.2539 20.1667 4.2
    endloop
  endfacet
  facet normal -0.547989 0.44959 0.705392
    outer loop
      vertex 17.6665 21.3335 3
      vertex 17.2562 20.8334 3
      vertex 18.2539 20.1667 4.2
    endloop
  endfacet
  facet normal -0.705399 -0.0694661 0.705399
    outer loop
      vertex 17.9 19 4.2
      vertex 16.7 19 3
      vertex 16.7634 18.3562 3
    endloop
  endfacet
  facet normal -0.705369 0.0695556 0.705419
    outer loop
      vertex 17.9404 19.4097 4.2
      vertex 16.7634 19.6438 3
      vertex 17.9 19 4.2
    endloop
  endfacet
  facet normal -0.0694661 0.705399 0.705399
    outer loop
      vertex 20 22.3 3
      vertex 19.3562 22.2366 3
      vertex 20 21.1 4.2
    endloop
  endfacet
  facet normal -0.678272 0.20575 0.705418
    outer loop
      vertex 16.9512 20.2629 3
      vertex 16.7634 19.6438 3
      vertex 18.0599 19.8036 4.2
    endloop
  endfacet
  facet normal 0.20575 0.678272 0.705418
    outer loop
      vertex 21.2629 22.0488 3
      vertex 20.6438 22.2366 3
      vertex 20.8036 20.9401 4.2
    endloop
  endfacet
  facet normal 0.205771 0.67827 0.705413
    outer loop
      vertex 20.6438 22.2366 3
      vertex 20.4097 21.0596 4.2
      vertex 20.8036 20.9401 4.2
    endloop
  endfacet
  facet normal 0.547842 -0.449705 0.705432
    outer loop
      vertex 21.7461 17.8333 4.2
      vertex 21.4849 17.5151 4.2
      vertex 22.3335 16.6665 3
    endloop
  endfacet
  facet normal -0.67827 -0.205771 0.705413
    outer loop
      vertex 17.9404 18.5903 4.2
      vertex 16.7634 18.3562 3
      vertex 18.0599 18.1964 4.2
    endloop
  endfacet
  facet normal 0.547842 0.449705 0.705432
    outer loop
      vertex 22.3335 21.3335 3
      vertex 21.4849 20.4849 4.2
      vertex 21.7461 20.1667 4.2
    endloop
  endfacet
  facet normal -0.625098 -0.334189 0.705387
    outer loop
      vertex 18.2539 17.8333 4.2
      vertex 16.9512 17.7371 3
      vertex 17.2562 17.1666 3
    endloop
  endfacet
  facet normal -0.547842 0.449705 0.705432
    outer loop
      vertex 18.5151 20.4849 4.2
      vertex 17.6665 21.3335 3
      vertex 18.2539 20.1667 4.2
    endloop
  endfacet
  facet normal 0.625148 -0.334009 0.705427
    outer loop
      vertex 21.9401 18.1964 4.2
      vertex 21.7461 17.8333 4.2
      vertex 23.0488 17.7371 3
    endloop
  endfacet
  facet normal 0.625148 0.334009 0.705427
    outer loop
      vertex 23.0488 20.2629 3
      vertex 21.7461 20.1667 4.2
      vertex 21.9401 19.8036 4.2
    endloop
  endfacet
  facet normal -0.547989 -0.44959 0.705392
    outer loop
      vertex 18.2539 17.8333 4.2
      vertex 17.2562 17.1666 3
      vertex 17.6665 16.6665 3
    endloop
  endfacet
  facet normal 0.20575 -0.678272 0.705418
    outer loop
      vertex 20.8036 17.0599 4.2
      vertex 20.6438 15.7634 3
      vertex 21.2629 15.9512 3
    endloop
  endfacet
  facet normal 0.0695556 0.705369 0.705419
    outer loop
      vertex 20.6438 22.2366 3
      vertex 20 21.1 4.2
      vertex 20.4097 21.0596 4.2
    endloop
  endfacet
  facet normal -0.705369 -0.0695556 0.705419
    outer loop
      vertex 17.9 19 4.2
      vertex 16.7634 18.3562 3
      vertex 17.9404 18.5903 4.2
    endloop
  endfacet
  facet normal 0.625098 -0.334189 0.705387
    outer loop
      vertex 23.0488 17.7371 3
      vertex 21.7461 17.8333 4.2
      vertex 22.7438 17.1666 3
    endloop
  endfacet
  facet normal -0.547842 -0.449705 0.705432
    outer loop
      vertex 18.2539 17.8333 4.2
      vertex 17.6665 16.6665 3
      vertex 18.5151 17.5151 4.2
    endloop
  endfacet
  facet normal 0.67827 0.205771 0.705413
    outer loop
      vertex 23.2366 19.6438 3
      vertex 21.9401 19.8036 4.2
      vertex 22.0596 19.4097 4.2
    endloop
  endfacet
  facet normal 0.547989 0.44959 0.705392
    outer loop
      vertex 22.3335 21.3335 3
      vertex 21.7461 20.1667 4.2
      vertex 22.7438 20.8334 3
    endloop
  endfacet
  facet normal -0.205771 -0.67827 0.705413
    outer loop
      vertex 19.5903 16.9404 4.2
      vertex 19.1964 17.0599 4.2
      vertex 19.3562 15.7634 3
    endloop
  endfacet
  facet normal -0.44959 -0.547989 0.705392
    outer loop
      vertex 18.8333 17.2539 4.2
      vertex 17.6665 16.6665 3
      vertex 18.1666 16.2562 3
    endloop
  endfacet
  facet normal -0.44959 0.547989 0.705392
    outer loop
      vertex 18.1666 21.7438 3
      vertex 17.6665 21.3335 3
      vertex 18.8333 20.7461 4.2
    endloop
  endfacet
  facet normal 0.678272 -0.20575 0.705418
    outer loop
      vertex 23.2366 18.3562 3
      vertex 21.9401 18.1964 4.2
      vertex 23.0488 17.7371 3
    endloop
  endfacet
  facet normal 0.334009 0.625148 0.705427
    outer loop
      vertex 21.2629 22.0488 3
      vertex 20.8036 20.9401 4.2
      vertex 21.1667 20.7461 4.2
    endloop
  endfacet
  facet normal -0.0695556 -0.705369 0.705419
    outer loop
      vertex 19.5903 16.9404 4.2
      vertex 19.3562 15.7634 3
      vertex 20 16.9 4.2
    endloop
  endfacet
  facet normal -0.625148 0.334009 0.705427
    outer loop
      vertex 18.2539 20.1667 4.2
      vertex 16.9512 20.2629 3
      vertex 18.0599 19.8036 4.2
    endloop
  endfacet
  facet normal -0.625148 -0.334009 0.705427
    outer loop
      vertex 18.0599 18.1964 4.2
      vertex 16.9512 17.7371 3
      vertex 18.2539 17.8333 4.2
    endloop
  endfacet
  facet normal 0.44959 0.547989 0.705392
    outer loop
      vertex 21.8334 21.7438 3
      vertex 21.1667 20.7461 4.2
      vertex 22.3335 21.3335 3
    endloop
  endfacet
  facet normal -0.334009 0.625148 0.705427
    outer loop
      vertex 19.1964 20.9401 4.2
      vertex 18.7371 22.0488 3
      vertex 18.8333 20.7461 4.2
    endloop
  endfacet
  facet normal -0.205771 0.67827 0.705413
    outer loop
      vertex 19.3562 22.2366 3
      vertex 19.1964 20.9401 4.2
      vertex 19.5903 21.0596 4.2
    endloop
  endfacet
  facet normal -0.20575 0.678272 0.705418
    outer loop
      vertex 19.3562 22.2366 3
      vertex 18.7371 22.0488 3
      vertex 19.1964 20.9401 4.2
    endloop
  endfacet
  facet normal -0.449705 -0.547842 0.705432
    outer loop
      vertex 18.5151 17.5151 4.2
      vertex 17.6665 16.6665 3
      vertex 18.8333 17.2539 4.2
    endloop
  endfacet
  facet normal 0.44959 -0.547989 0.705392
    outer loop
      vertex 22.3335 16.6665 3
      vertex 21.1667 17.2539 4.2
      vertex 21.8334 16.2562 3
    endloop
  endfacet
  facet normal 0.0694661 0.705399 0.705399
    outer loop
      vertex 20 22.3 3
      vertex 20 21.1 4.2
      vertex 20.6438 22.2366 3
    endloop
  endfacet
  facet normal 0.625098 0.334189 0.705387
    outer loop
      vertex 22.7438 20.8334 3
      vertex 21.7461 20.1667 4.2
      vertex 23.0488 20.2629 3
    endloop
  endfacet
  facet normal 0.678272 0.20575 0.705418
    outer loop
      vertex 23.0488 20.2629 3
      vertex 21.9401 19.8036 4.2
      vertex 23.2366 19.6438 3
    endloop
  endfacet
  facet normal 0.0694661 -0.705399 0.705399
    outer loop
      vertex 20 16.9 4.2
      vertex 20 15.7 3
      vertex 20.6438 15.7634 3
    endloop
  endfacet
  facet normal 0.449705 -0.547842 0.705432
    outer loop
      vertex 21.4849 17.5151 4.2
      vertex 21.1667 17.2539 4.2
      vertex 22.3335 16.6665 3
    endloop
  endfacet
  facet normal -0.0694661 -0.705399 0.705399
    outer loop
      vertex 20 16.9 4.2
      vertex 19.3562 15.7634 3
      vertex 20 15.7 3
    endloop
  endfacet
  facet normal 0.705369 0.0695556 0.705419
    outer loop
      vertex 23.2366 19.6438 3
      vertex 22.0596 19.4097 4.2
      vertex 22.1 19 4.2
    endloop
  endfacet
  facet normal -0.0695556 0.705369 0.705419
    outer loop
      vertex 20 21.1 4.2
      vertex 19.3562 22.2366 3
      vertex 19.5903 21.0596 4.2
    endloop
  endfacet
  facet normal 0.334189 0.625098 0.705387
    outer loop
      vertex 21.2629 22.0488 3
      vertex 21.1667 20.7461 4.2
      vertex 21.8334 21.7438 3
    endloop
  endfacet
  facet normal 0.67827 -0.205771 0.705413
    outer loop
      vertex 22.0596 18.5903 4.2
      vertex 21.9401 18.1964 4.2
      vertex 23.2366 18.3562 3
    endloop
  endfacet
  facet normal 0.705369 -0.0695556 0.705419
    outer loop
      vertex 22.1 19 4.2
      vertex 22.0596 18.5903 4.2
      vertex 23.2366 18.3562 3
    endloop
  endfacet
  facet normal -0.678272 -0.20575 0.705418
    outer loop
      vertex 18.0599 18.1964 4.2
      vertex 16.7634 18.3562 3
      vertex 16.9512 17.7371 3
    endloop
  endfacet
  facet normal 0.205771 -0.67827 0.705413
    outer loop
      vertex 20.8036 17.0599 4.2
      vertex 20.4097 16.9404 4.2
      vertex 20.6438 15.7634 3
    endloop
  endfacet
  facet normal 0.449705 0.547842 0.705432
    outer loop
      vertex 22.3335 21.3335 3
      vertex 21.1667 20.7461 4.2
      vertex 21.4849 20.4849 4.2
    endloop
  endfacet
  facet normal -0.334009 -0.625148 0.705427
    outer loop
      vertex 18.8333 17.2539 4.2
      vertex 18.7371 15.9512 3
      vertex 19.1964 17.0599 4.2
    endloop
  endfacet
  facet normal -0 0 1
    outer loop
      vertex -17.1223 11.5686 3.6
      vertex -16.7141 11.0336 3.6
      vertex -16.7744 11.6744 3.6
    endloop
  endfacet
  facet normal -0 0 1
    outer loop
      vertex -17.2298 11.9328 3.6
      vertex -16.7744 11.6744 3.6
      vertex -16.9552 12.1362 3.6
    endloop
  endfacet
  facet normal 0 0 1
    outer loop
      vertex -17.124 10.5128 3.6
      vertex -16.7141 11.0336 3.6
      vertex -17.0864 11.0336 3.6
    endloop
  endfacet
  facet normal 0 0 1
    outer loop
      vertex -16.7141 11.0336 3.6
      vertex -17.124 10.5128 3.6
      vertex -16.7775 10.4004 3.6
    endloop
  endfacet
  facet normal 0 0 1
    outer loop
      vertex -16.7141 11.0336 3.6
      vertex -17.1223 11.5686 3.6
      vertex -17.0864 11.0336 3.6
    endloop
  endfacet
  facet normal 0 0 1
    outer loop
      vertex -16.7744 11.6744 3.6
      vertex -17.2298 11.9328 3.6
      vertex -17.1223 11.5686 3.6
    endloop
  endfacet
  facet normal -0 0 1
    outer loop
      vertex -17.4198 12.1418 3.6
      vertex -16.9552 12.1362 3.6
      vertex -17.2626 12.4155 3.6
    endloop
  endfacet
  facet normal 0 0 1
    outer loop
      vertex -16.9552 12.1362 3.6
      vertex -17.4198 12.1418 3.6
      vertex -17.2298 11.9328 3.6
    endloop
  endfacet
  facet normal 0 0 1
    outer loop
      vertex -17.7028 12.5085 3.6
      vertex -17.4198 12.1418 3.6
      vertex -17.2626 12.4155 3.6
    endloop
  endfacet
  facet normal 0 0 1
    outer loop
      vertex -17.7028 12.5085 3.6
      vertex -17.7028 12.2115 3.6
      vertex -17.4198 12.1418 3.6
    endloop
  endfacet
  facet normal 0 0 1
    outer loop
      vertex -17.7028 12.5085 3.6
      vertex -17.993 12.1428 3.6
      vertex -17.7028 12.2115 3.6
    endloop
  endfacet
  facet normal -0 0 1
    outer loop
      vertex -18.1537 12.4165 3.6
      vertex -17.993 12.1428 3.6
      vertex -17.7028 12.5085 3.6
    endloop
  endfacet
  facet normal 0 0 1
    outer loop
      vertex -18.4647 12.1403 3.6
      vertex -17.993 12.1428 3.6
      vertex -18.1537 12.4165 3.6
    endloop
  endfacet
  facet normal 0 0 1
    outer loop
      vertex -17.993 12.1428 3.6
      vertex -18.4647 12.1403 3.6
      vertex -18.188 11.9368 3.6
    endloop
  endfacet
  facet normal 0 0 1
    outer loop
      vertex -18.7058 11.0336 3.6
      vertex -18.3355 11.0336 3.6
      vertex -18.2986 11.5737 3.6
    endloop
  endfacet
  facet normal 0 0 1
    outer loop
      vertex -18.6455 11.6795 3.6
      vertex -18.188 11.9368 3.6
      vertex -18.4647 12.1403 3.6
    endloop
  endfacet
  facet normal 0 0 1
    outer loop
      vertex -18.188 11.9368 3.6
      vertex -18.6455 11.6795 3.6
      vertex -18.2986 11.5737 3.6
    endloop
  endfacet
  facet normal 0 0 1
    outer loop
      vertex -18.3355 11.0336 3.6
      vertex -18.7058 11.0336 3.6
      vertex -18.6437 10.3979 3.6
    endloop
  endfacet
  facet normal 0 0 1
    outer loop
      vertex -18.2986 11.5737 3.6
      vertex -18.6455 11.6795 3.6
      vertex -18.7058 11.0336 3.6
    endloop
  endfacet
  facet normal 0 0 1
    outer loop
      vertex -18.3355 11.0336 3.6
      vertex -18.6437 10.3979 3.6
      vertex -18.4576 9.93506 3.6
    endloop
  endfacet
  facet normal 0 0 1
    outer loop
      vertex -17.2369 10.1466 3.6
      vertex -16.7775 10.4004 3.6
      vertex -17.124 10.5128 3.6
    endloop
  endfacet
  facet normal 0 0 1
    outer loop
      vertex -16.7775 10.4004 3.6
      vertex -17.2369 10.1466 3.6
      vertex -16.9674 9.93709 3.6
    endloop
  endfacet
  facet normal 0 0 1
    outer loop
      vertex -17.4307 9.92996 3.6
      vertex -16.9674 9.93709 3.6
      vertex -17.2369 10.1466 3.6
    endloop
  endfacet
  facet normal 0 0 1
    outer loop
      vertex -16.9674 9.93709 3.6
      vertex -17.4307 9.92996 3.6
      vertex -17.2809 9.65331 3.6
    endloop
  endfacet
  facet normal 0 0 1
    outer loop
      vertex -17.715 9.5587 3.6
      vertex -17.4307 9.92996 3.6
      vertex -17.711 9.85774 3.6
    endloop
  endfacet
  facet normal 0 0 1
    outer loop
      vertex -17.4307 9.92996 3.6
      vertex -17.715 9.5587 3.6
      vertex -17.2809 9.65331 3.6
    endloop
  endfacet
  facet normal 0 0 1
    outer loop
      vertex -17.9925 9.92844 3.6
      vertex -17.715 9.5587 3.6
      vertex -17.711 9.85774 3.6
    endloop
  endfacet
  facet normal 0 0 1
    outer loop
      vertex -17.9925 9.92844 3.6
      vertex -18.1478 9.65279 3.6
      vertex -17.715 9.5587 3.6
    endloop
  endfacet
  facet normal -0 0 1
    outer loop
      vertex -18.4576 9.93506 3.6
      vertex -17.9925 9.92844 3.6
      vertex -18.186 10.1405 3.6
    endloop
  endfacet
  facet normal 0 0 1
    outer loop
      vertex -18.4576 9.93506 3.6
      vertex -18.186 10.1405 3.6
      vertex -18.2981 10.5052 3.6
    endloop
  endfacet
  facet normal 0 0 1
    outer loop
      vertex -17.9925 9.92844 3.6
      vertex -18.4576 9.93506 3.6
      vertex -18.1478 9.65279 3.6
    endloop
  endfacet
  facet normal 0 0 1
    outer loop
      vertex -18.4576 9.93506 3.6
      vertex -18.2981 10.5052 3.6
      vertex -18.3355 11.0336 3.6
    endloop
  endfacet
  facet normal 0 0 1
    outer loop
      vertex -22.3468 12.1159 3.6
      vertex -21.9785 12.4658 3.6
      vertex -22.3162 12.4658 3.6
    endloop
  endfacet
  facet normal -0 0 1
    outer loop
      vertex -21.9785 9.91063 3.6
      vertex -21.2807 9.59938 3.6
      vertex -21.2807 9.91063 3.6
    endloop
  endfacet
  facet normal 0 0 1
    outer loop
      vertex -21.9785 12.4658 3.6
      vertex -22.3468 12.1159 3.6
      vertex -21.9785 9.91063 3.6
    endloop
  endfacet
  facet normal 0 0 1
    outer loop
      vertex -22.3468 9.91063 3.6
      vertex -21.9785 9.91063 3.6
      vertex -22.3468 12.1159 3.6
    endloop
  endfacet
  facet normal -0 0 1
    outer loop
      vertex -22.3468 9.91063 3.6
      vertex -21.2807 9.59938 3.6
      vertex -21.9785 9.91063 3.6
    endloop
  endfacet
  facet normal 0 0 1
    outer loop
      vertex -23.0771 9.59938 3.6
      vertex -22.3468 9.91063 3.6
      vertex -23.0771 9.91063 3.6
    endloop
  endfacet
  facet normal 0 0 1
    outer loop
      vertex -22.3468 9.91063 3.6
      vertex -23.0771 9.59938 3.6
      vertex -21.2807 9.59938 3.6
    endloop
  endfacet
  facet normal 0 0 1
    outer loop
      vertex -22.9937 11.9999 3.6
      vertex -22.3468 12.1159 3.6
      vertex -22.3162 12.4658 3.6
    endloop
  endfacet
  facet normal 0 0 1
    outer loop
      vertex -22.3468 12.1159 3.6
      vertex -22.9937 11.9999 3.6
      vertex -22.9937 11.6541 3.6
    endloop
  endfacet
  facet normal 0 0 1
    outer loop
      vertex -19.1561 12.4658 3.6
      vertex -20.452 12.1546 3.6
      vertex -19.1561 12.1546 3.6
    endloop
  endfacet
  facet normal -0 0 1
    outer loop
      vertex -20.7856 12.4658 3.6
      vertex -20.452 12.1546 3.6
      vertex -19.1561 12.4658 3.6
    endloop
  endfacet
  facet normal 0 0 1
    outer loop
      vertex -20.7856 12.4658 3.6
      vertex -20.5069 11.2452 3.6
      vertex -20.452 12.1546 3.6
    endloop
  endfacet
  facet normal 0 0 1
    outer loop
      vertex -20.8813 10.9238 3.6
      vertex -20.5069 11.2452 3.6
      vertex -20.7856 12.4658 3.6
    endloop
  endfacet
  facet normal 0 0 1
    outer loop
      vertex -20.5069 11.2452 3.6
      vertex -20.8813 10.9238 3.6
      vertex -20.5232 10.9238 3.6
    endloop
  endfacet
  facet normal -0 0 1
    outer loop
      vertex -19.4117 10.7697 3.6
      vertex -18.9893 10.5332 3.6
      vertex -19.0521 10.8943 3.6
    endloop
  endfacet
  facet normal 0 0 1
    outer loop
      vertex -19.4117 10.7697 3.6
      vertex -19.0521 10.8943 3.6
      vertex -19.2405 11.1801 3.6
    endloop
  endfacet
  facet normal 0 0 1
    outer loop
      vertex -18.9893 10.5332 3.6
      vertex -19.3697 10.525 3.6
      vertex -19.0567 10.1278 3.6
    endloop
  endfacet
  facet normal -0 0 1
    outer loop
      vertex -19.4114 10.2471 3.6
      vertex -19.0567 10.1278 3.6
      vertex -19.3697 10.525 3.6
    endloop
  endfacet
  facet normal 0 0 1
    outer loop
      vertex -18.9893 10.5332 3.6
      vertex -19.4117 10.7697 3.6
      vertex -19.3697 10.525 3.6
    endloop
  endfacet
  facet normal 0 0 1
    outer loop
      vertex -19.5376 10.9624 3.6
      vertex -19.2405 11.1801 3.6
      vertex -19.5348 11.3662 3.6
    endloop
  endfacet
  facet normal 0 0 1
    outer loop
      vertex -19.2405 11.1801 3.6
      vertex -19.5376 10.9624 3.6
      vertex -19.4117 10.7697 3.6
    endloop
  endfacet
  facet normal 0 0 1
    outer loop
      vertex -19.5348 11.3662 3.6
      vertex -19.7346 11.0875 3.6
      vertex -19.5376 10.9624 3.6
    endloop
  endfacet
  facet normal 0 0 1
    outer loop
      vertex -19.9149 11.4283 3.6
      vertex -19.7346 11.0875 3.6
      vertex -19.5348 11.3662 3.6
    endloop
  endfacet
  facet normal 0 0 1
    outer loop
      vertex -19.9149 11.4283 3.6
      vertex -19.9902 11.1292 3.6
      vertex -19.7346 11.0875 3.6
    endloop
  endfacet
  facet normal -0 0 1
    outer loop
      vertex -20.2399 11.3825 3.6
      vertex -19.9902 11.1292 3.6
      vertex -19.9149 11.4283 3.6
    endloop
  endfacet
  facet normal 0 0 1
    outer loop
      vertex -19.9902 11.1292 3.6
      vertex -20.2399 11.3825 3.6
      vertex -20.1336 11.1175 3.6
    endloop
  endfacet
  facet normal 0 0 1
    outer loop
      vertex -20.2399 11.3825 3.6
      vertex -20.2669 11.0824 3.6
      vertex -20.1336 11.1175 3.6
    endloop
  endfacet
  facet normal -0 0 1
    outer loop
      vertex -20.5069 11.2452 3.6
      vertex -20.2669 11.0824 3.6
      vertex -20.2399 11.3825 3.6
    endloop
  endfacet
  facet normal 0 0 1
    outer loop
      vertex -20.2669 11.0824 3.6
      vertex -20.5069 11.2452 3.6
      vertex -20.395 11.0194 3.6
    endloop
  endfacet
  facet normal 0 0 1
    outer loop
      vertex -20.395 11.0194 3.6
      vertex -20.5069 11.2452 3.6
      vertex -20.5232 10.9238 3.6
    endloop
  endfacet
  facet normal 0 0 1
    outer loop
      vertex -19.0567 10.1278 3.6
      vertex -19.4114 10.2471 3.6
      vertex -19.2589 9.81911 3.6
    endloop
  endfacet
  facet normal -0 0 1
    outer loop
      vertex -19.5365 10.0357 3.6
      vertex -19.2589 9.81911 3.6
      vertex -19.4114 10.2471 3.6
    endloop
  endfacet
  facet normal 0 0 1
    outer loop
      vertex -19.5365 10.0357 3.6
      vertex -19.5806 9.62381 3.6
      vertex -19.2589 9.81911 3.6
    endloop
  endfacet
  facet normal -0 0 1
    outer loop
      vertex -19.7354 9.90224 3.6
      vertex -19.5806 9.62381 3.6
      vertex -19.5365 10.0357 3.6
    endloop
  endfacet
  facet normal 0 0 1
    outer loop
      vertex -20.0065 9.5587 3.6
      vertex -19.7354 9.90224 3.6
      vertex -19.9983 9.85774 3.6
    endloop
  endfacet
  facet normal 0 0 1
    outer loop
      vertex -19.7354 9.90224 3.6
      vertex -20.0065 9.5587 3.6
      vertex -19.5806 9.62381 3.6
    endloop
  endfacet
  facet normal 0 0 1
    outer loop
      vertex -19.9983 9.85774 3.6
      vertex -20.3686 9.60245 3.6
      vertex -20.0065 9.5587 3.6
    endloop
  endfacet
  facet normal 0 0 1
    outer loop
      vertex -20.3874 9.96404 3.6
      vertex -20.3686 9.60245 3.6
      vertex -19.9983 9.85774 3.6
    endloop
  endfacet
  facet normal 0 0 1
    outer loop
      vertex -20.8543 9.94778 3.6
      vertex -20.3874 9.96404 3.6
      vertex -20.5944 10.2829 3.6
    endloop
  endfacet
  facet normal 0 0 1
    outer loop
      vertex -20.3874 9.96404 3.6
      vertex -20.6534 9.73366 3.6
      vertex -20.3686 9.60245 3.6
    endloop
  endfacet
  facet normal 0 0 1
    outer loop
      vertex -20.3874 9.96404 3.6
      vertex -20.8543 9.94778 3.6
      vertex -20.6534 9.73366 3.6
    endloop
  endfacet
  facet normal 0 -0 1
    outer loop
      vertex -20.8543 9.94778 3.6
      vertex -20.5944 10.2829 3.6
      vertex -20.9646 10.2402 3.6
    endloop
  endfacet
  facet normal 0.671092 -0.741374 0
    outer loop
      vertex -17.2809 9.65331 3
      vertex -16.9674 9.93709 3.6
      vertex -17.2809 9.65331 3.6
    endloop
  endfacet
  facet normal 0.671092 -0.741374 0
    outer loop
      vertex -16.9674 9.93709 3.6
      vertex -17.2809 9.65331 3
      vertex -16.9674 9.93709 3
    endloop
  endfacet
  facet normal 0.925292 -0.379256 0
    outer loop
      vertex -16.9674 9.93709 3.6
      vertex -16.7775 10.4004 3
      vertex -16.7775 10.4004 3.6
    endloop
  endfacet
  facet normal 0.925292 -0.379256 0
    outer loop
      vertex -16.7775 10.4004 3
      vertex -16.9674 9.93709 3.6
      vertex -16.9674 9.93709 3
    endloop
  endfacet
  facet normal 0.995025 -0.0996282 0
    outer loop
      vertex -16.7775 10.4004 3.6
      vertex -16.7141 11.0336 3
      vertex -16.7141 11.0336 3.6
    endloop
  endfacet
  facet normal 0.995025 -0.0996282 0
    outer loop
      vertex -16.7141 11.0336 3
      vertex -16.7775 10.4004 3.6
      vertex -16.7775 10.4004 3
    endloop
  endfacet
  facet normal 0.995602 0.0936872 0
    outer loop
      vertex -16.7141 11.0336 3.6
      vertex -16.7744 11.6744 3
      vertex -16.7744 11.6744 3.6
    endloop
  endfacet
  facet normal 0.995602 0.0936872 0
    outer loop
      vertex -16.7744 11.6744 3
      vertex -16.7141 11.0336 3.6
      vertex -16.7141 11.0336 3
    endloop
  endfacet
  facet normal 0.931177 0.364567 0
    outer loop
      vertex -16.7744 11.6744 3.6
      vertex -16.9552 12.1362 3
      vertex -16.9552 12.1362 3.6
    endloop
  endfacet
  facet normal 0.931177 0.364567 0
    outer loop
      vertex -16.9552 12.1362 3
      vertex -16.7744 11.6744 3.6
      vertex -16.7744 11.6744 3
    endloop
  endfacet
  facet normal 0.672469 0.740125 -0
    outer loop
      vertex -16.9552 12.1362 3
      vertex -17.2626 12.4155 3.6
      vertex -16.9552 12.1362 3.6
    endloop
  endfacet
  facet normal 0.672469 0.740125 0
    outer loop
      vertex -17.2626 12.4155 3.6
      vertex -16.9552 12.1362 3
      vertex -17.2626 12.4155 3
    endloop
  endfacet
  facet normal 0.206705 0.978403 -0
    outer loop
      vertex -17.2626 12.4155 3
      vertex -17.7028 12.5085 3.6
      vertex -17.2626 12.4155 3.6
    endloop
  endfacet
  facet normal 0.206705 0.978403 0
    outer loop
      vertex -17.7028 12.5085 3.6
      vertex -17.2626 12.4155 3
      vertex -17.7028 12.5085 3
    endloop
  endfacet
  facet normal -0.199917 0.979813 0
    outer loop
      vertex -17.7028 12.5085 3
      vertex -18.1537 12.4165 3.6
      vertex -17.7028 12.5085 3.6
    endloop
  endfacet
  facet normal -0.199917 0.979813 0
    outer loop
      vertex -18.1537 12.4165 3.6
      vertex -17.7028 12.5085 3
      vertex -18.1537 12.4165 3
    endloop
  endfacet
  facet normal -0.664035 0.747701 0
    outer loop
      vertex -18.1537 12.4165 3
      vertex -18.4647 12.1403 3.6
      vertex -18.1537 12.4165 3.6
    endloop
  endfacet
  facet normal -0.664035 0.747701 0
    outer loop
      vertex -18.4647 12.1403 3.6
      vertex -18.1537 12.4165 3
      vertex -18.4647 12.1403 3
    endloop
  endfacet
  facet normal -0.930909 0.365252 0
    outer loop
      vertex -18.6455 11.6795 3
      vertex -18.4647 12.1403 3.6
      vertex -18.4647 12.1403 3
    endloop
  endfacet
  facet normal -0.930909 0.365252 0
    outer loop
      vertex -18.4647 12.1403 3.6
      vertex -18.6455 11.6795 3
      vertex -18.6455 11.6795 3.6
    endloop
  endfacet
  facet normal -0.99567 0.0929539 0
    outer loop
      vertex -18.7058 11.0336 3
      vertex -18.6455 11.6795 3.6
      vertex -18.6455 11.6795 3
    endloop
  endfacet
  facet normal -0.99567 0.0929539 0
    outer loop
      vertex -18.6455 11.6795 3.6
      vertex -18.7058 11.0336 3
      vertex -18.7058 11.0336 3.6
    endloop
  endfacet
  facet normal -0.995262 -0.0972248 0
    outer loop
      vertex -18.6437 10.3979 3
      vertex -18.7058 11.0336 3.6
      vertex -18.7058 11.0336 3
    endloop
  endfacet
  facet normal -0.995262 -0.0972248 0
    outer loop
      vertex -18.7058 11.0336 3.6
      vertex -18.6437 10.3979 3
      vertex -18.6437 10.3979 3.6
    endloop
  endfacet
  facet normal -0.927809 -0.373056 0
    outer loop
      vertex -18.4576 9.93506 3
      vertex -18.6437 10.3979 3.6
      vertex -18.6437 10.3979 3
    endloop
  endfacet
  facet normal -0.927809 -0.373056 0
    outer loop
      vertex -18.6437 10.3979 3.6
      vertex -18.4576 9.93506 3
      vertex -18.4576 9.93506 3.6
    endloop
  endfacet
  facet normal -0.6735 -0.739187 0
    outer loop
      vertex -18.4576 9.93506 3
      vertex -18.1478 9.65279 3.6
      vertex -18.4576 9.93506 3.6
    endloop
  endfacet
  facet normal -0.6735 -0.739187 -0
    outer loop
      vertex -18.1478 9.65279 3.6
      vertex -18.4576 9.93506 3
      vertex -18.1478 9.65279 3
    endloop
  endfacet
  facet normal -0.212436 -0.977175 0
    outer loop
      vertex -18.1478 9.65279 3
      vertex -17.715 9.5587 3.6
      vertex -18.1478 9.65279 3.6
    endloop
  endfacet
  facet normal -0.212436 -0.977175 -0
    outer loop
      vertex -17.715 9.5587 3.6
      vertex -18.1478 9.65279 3
      vertex -17.715 9.5587 3
    endloop
  endfacet
  facet normal 0.212946 -0.977064 0
    outer loop
      vertex -17.715 9.5587 3
      vertex -17.2809 9.65331 3.6
      vertex -17.715 9.5587 3.6
    endloop
  endfacet
  facet normal 0.212946 -0.977064 0
    outer loop
      vertex -17.2809 9.65331 3.6
      vertex -17.715 9.5587 3
      vertex -17.2809 9.65331 3
    endloop
  endfacet
  facet normal 0.738694 0.674041 0
    outer loop
      vertex -17.9925 9.92844 3.6
      vertex -18.186 10.1405 3
      vertex -18.186 10.1405 3.6
    endloop
  endfacet
  facet normal 0.738694 0.674041 0
    outer loop
      vertex -18.186 10.1405 3
      vertex -17.9925 9.92844 3.6
      vertex -17.9925 9.92844 3
    endloop
  endfacet
  facet normal 0.955864 0.29381 0
    outer loop
      vertex -18.186 10.1405 3.6
      vertex -18.2981 10.5052 3
      vertex -18.2981 10.5052 3.6
    endloop
  endfacet
  facet normal 0.955864 0.29381 0
    outer loop
      vertex -18.2981 10.5052 3
      vertex -18.186 10.1405 3.6
      vertex -18.186 10.1405 3
    endloop
  endfacet
  facet normal 0.997504 0.0706031 0
    outer loop
      vertex -18.2981 10.5052 3.6
      vertex -18.3355 11.0336 3
      vertex -18.3355 11.0336 3.6
    endloop
  endfacet
  facet normal 0.997504 0.0706031 0
    outer loop
      vertex -18.3355 11.0336 3
      vertex -18.2981 10.5052 3.6
      vertex -18.2981 10.5052 3
    endloop
  endfacet
  facet normal 0.997674 -0.0681618 0
    outer loop
      vertex -18.3355 11.0336 3.6
      vertex -18.2986 11.5737 3
      vertex -18.2986 11.5737 3.6
    endloop
  endfacet
  facet normal 0.997674 -0.0681618 0
    outer loop
      vertex -18.2986 11.5737 3
      vertex -18.3355 11.0336 3.6
      vertex -18.3355 11.0336 3
    endloop
  endfacet
  facet normal 0.956607 -0.291382 0
    outer loop
      vertex -18.2986 11.5737 3.6
      vertex -18.188 11.9368 3
      vertex -18.188 11.9368 3.6
    endloop
  endfacet
  facet normal 0.956607 -0.291382 0
    outer loop
      vertex -18.188 11.9368 3
      vertex -18.2986 11.5737 3.6
      vertex -18.2986 11.5737 3
    endloop
  endfacet
  facet normal 0.726231 -0.687451 0
    outer loop
      vertex -18.188 11.9368 3.6
      vertex -17.993 12.1428 3
      vertex -17.993 12.1428 3.6
    endloop
  endfacet
  facet normal 0.726231 -0.687451 0
    outer loop
      vertex -17.993 12.1428 3
      vertex -18.188 11.9368 3.6
      vertex -18.188 11.9368 3
    endloop
  endfacet
  facet normal 0.230366 -0.973104 0
    outer loop
      vertex -17.993 12.1428 3
      vertex -17.7028 12.2115 3.6
      vertex -17.993 12.1428 3.6
    endloop
  endfacet
  facet normal 0.230366 -0.973104 0
    outer loop
      vertex -17.7028 12.2115 3.6
      vertex -17.993 12.1428 3
      vertex -17.7028 12.2115 3
    endloop
  endfacet
  facet normal -0.239143 -0.970984 0
    outer loop
      vertex -17.7028 12.2115 3
      vertex -17.4198 12.1418 3.6
      vertex -17.7028 12.2115 3.6
    endloop
  endfacet
  facet normal -0.239143 -0.970984 -0
    outer loop
      vertex -17.4198 12.1418 3.6
      vertex -17.7028 12.2115 3
      vertex -17.4198 12.1418 3
    endloop
  endfacet
  facet normal -0.73994 -0.672673 0
    outer loop
      vertex -17.2298 11.9328 3
      vertex -17.4198 12.1418 3.6
      vertex -17.4198 12.1418 3
    endloop
  endfacet
  facet normal -0.73994 -0.672673 0
    outer loop
      vertex -17.4198 12.1418 3.6
      vertex -17.2298 11.9328 3
      vertex -17.2298 11.9328 3.6
    endloop
  endfacet
  facet normal -0.959092 -0.283093 0
    outer loop
      vertex -17.1223 11.5686 3
      vertex -17.2298 11.9328 3.6
      vertex -17.2298 11.9328 3
    endloop
  endfacet
  facet normal -0.959092 -0.283093 0
    outer loop
      vertex -17.2298 11.9328 3.6
      vertex -17.1223 11.5686 3
      vertex -17.1223 11.5686 3.6
    endloop
  endfacet
  facet normal -0.997756 -0.0669522 0
    outer loop
      vertex -17.0864 11.0336 3
      vertex -17.1223 11.5686 3.6
      vertex -17.1223 11.5686 3
    endloop
  endfacet
  facet normal -0.997756 -0.0669522 0
    outer loop
      vertex -17.1223 11.5686 3.6
      vertex -17.0864 11.0336 3
      vertex -17.0864 11.0336 3.6
    endloop
  endfacet
  facet normal -0.997404 0.0720092 0
    outer loop
      vertex -17.124 10.5128 3
      vertex -17.0864 11.0336 3.6
      vertex -17.0864 11.0336 3
    endloop
  endfacet
  facet normal -0.997404 0.0720092 0
    outer loop
      vertex -17.0864 11.0336 3.6
      vertex -17.124 10.5128 3
      vertex -17.124 10.5128 3.6
    endloop
  endfacet
  facet normal -0.955615 0.294618 0
    outer loop
      vertex -17.2369 10.1466 3
      vertex -17.124 10.5128 3.6
      vertex -17.124 10.5128 3
    endloop
  endfacet
  facet normal -0.955615 0.294618 0
    outer loop
      vertex -17.124 10.5128 3.6
      vertex -17.2369 10.1466 3
      vertex -17.2369 10.1466 3.6
    endloop
  endfacet
  facet normal -0.745302 0.666726 0
    outer loop
      vertex -17.4307 9.92996 3
      vertex -17.2369 10.1466 3.6
      vertex -17.2369 10.1466 3
    endloop
  endfacet
  facet normal -0.745302 0.666726 0
    outer loop
      vertex -17.2369 10.1466 3.6
      vertex -17.4307 9.92996 3
      vertex -17.4307 9.92996 3.6
    endloop
  endfacet
  facet normal -0.249504 0.968374 0
    outer loop
      vertex -17.4307 9.92996 3
      vertex -17.711 9.85774 3.6
      vertex -17.4307 9.92996 3.6
    endloop
  endfacet
  facet normal -0.249504 0.968374 0
    outer loop
      vertex -17.711 9.85774 3.6
      vertex -17.4307 9.92996 3
      vertex -17.711 9.85774 3
    endloop
  endfacet
  facet normal 0.243589 0.969878 -0
    outer loop
      vertex -17.711 9.85774 3
      vertex -17.9925 9.92844 3.6
      vertex -17.711 9.85774 3.6
    endloop
  endfacet
  facet normal 0.243589 0.969878 0
    outer loop
      vertex -17.9925 9.92844 3.6
      vertex -17.711 9.85774 3
      vertex -17.9925 9.92844 3
    endloop
  endfacet
  facet normal 0 1 -0
    outer loop
      vertex -21.2807 9.91063 3
      vertex -21.9785 9.91063 3.6
      vertex -21.2807 9.91063 3.6
    endloop
  endfacet
  facet normal 0 1 0
    outer loop
      vertex -21.9785 9.91063 3.6
      vertex -21.2807 9.91063 3
      vertex -21.9785 9.91063 3
    endloop
  endfacet
  facet normal 1 -0 0
    outer loop
      vertex -21.9785 9.91063 3.6
      vertex -21.9785 12.4658 3
      vertex -21.9785 12.4658 3.6
    endloop
  endfacet
  facet normal 1 0 0
    outer loop
      vertex -21.9785 12.4658 3
      vertex -21.9785 9.91063 3.6
      vertex -21.9785 9.91063 3
    endloop
  endfacet
  facet normal 0 1 -0
    outer loop
      vertex -21.9785 12.4658 3
      vertex -22.3162 12.4658 3.6
      vertex -21.9785 12.4658 3.6
    endloop
  endfacet
  facet normal 0 1 0
    outer loop
      vertex -22.3162 12.4658 3.6
      vertex -21.9785 12.4658 3
      vertex -22.3162 12.4658 3
    endloop
  endfacet
  facet normal -0.566627 0.823974 0
    outer loop
      vertex -22.3162 12.4658 3
      vertex -22.9937 11.9999 3.6
      vertex -22.3162 12.4658 3.6
    endloop
  endfacet
  facet normal -0.566627 0.823974 0
    outer loop
      vertex -22.9937 11.9999 3.6
      vertex -22.3162 12.4658 3
      vertex -22.9937 11.9999 3
    endloop
  endfacet
  facet normal -1 0 0
    outer loop
      vertex -22.9937 11.6541 3
      vertex -22.9937 11.9999 3.6
      vertex -22.9937 11.9999 3
    endloop
  endfacet
  facet normal -1 -0 0
    outer loop
      vertex -22.9937 11.9999 3.6
      vertex -22.9937 11.6541 3
      vertex -22.9937 11.6541 3.6
    endloop
  endfacet
  facet normal 0.581012 -0.813895 0
    outer loop
      vertex -22.9937 11.6541 3
      vertex -22.3468 12.1159 3.6
      vertex -22.9937 11.6541 3.6
    endloop
  endfacet
  facet normal 0.581012 -0.813895 0
    outer loop
      vertex -22.3468 12.1159 3.6
      vertex -22.9937 11.6541 3
      vertex -22.3468 12.1159 3
    endloop
  endfacet
  facet normal -1 0 0
    outer loop
      vertex -22.3468 9.91063 3
      vertex -22.3468 12.1159 3.6
      vertex -22.3468 12.1159 3
    endloop
  endfacet
  facet normal -1 -0 0
    outer loop
      vertex -22.3468 12.1159 3.6
      vertex -22.3468 9.91063 3
      vertex -22.3468 9.91063 3.6
    endloop
  endfacet
  facet normal 0 1 -0
    outer loop
      vertex -22.3468 9.91063 3
      vertex -23.0771 9.91063 3.6
      vertex -22.3468 9.91063 3.6
    endloop
  endfacet
  facet normal 0 1 0
    outer loop
      vertex -23.0771 9.91063 3.6
      vertex -22.3468 9.91063 3
      vertex -23.0771 9.91063 3
    endloop
  endfacet
  facet normal -1 0 0
    outer loop
      vertex -23.0771 9.59938 3
      vertex -23.0771 9.91063 3.6
      vertex -23.0771 9.91063 3
    endloop
  endfacet
  facet normal -1 -0 0
    outer loop
      vertex -23.0771 9.91063 3.6
      vertex -23.0771 9.59938 3
      vertex -23.0771 9.59938 3.6
    endloop
  endfacet
  facet normal 0 -1 0
    outer loop
      vertex -23.0771 9.59938 3
      vertex -21.2807 9.59938 3.6
      vertex -23.0771 9.59938 3.6
    endloop
  endfacet
  facet normal 0 -1 -0
    outer loop
      vertex -21.2807 9.59938 3.6
      vertex -23.0771 9.59938 3
      vertex -21.2807 9.59938 3
    endloop
  endfacet
  facet normal 1 -0 0
    outer loop
      vertex -21.2807 9.59938 3.6
      vertex -21.2807 9.91063 3
      vertex -21.2807 9.91063 3.6
    endloop
  endfacet
  facet normal 1 0 0
    outer loop
      vertex -21.2807 9.91063 3
      vertex -21.2807 9.59938 3.6
      vertex -21.2807 9.59938 3
    endloop
  endfacet
  facet normal 0.518943 -0.854809 0
    outer loop
      vertex -19.5806 9.62381 3
      vertex -19.2589 9.81911 3.6
      vertex -19.5806 9.62381 3.6
    endloop
  endfacet
  facet normal 0.518943 -0.854809 0
    outer loop
      vertex -19.2589 9.81911 3.6
      vertex -19.5806 9.62381 3
      vertex -19.2589 9.81911 3
    endloop
  endfacet
  facet normal 0.836517 -0.547941 0
    outer loop
      vertex -19.2589 9.81911 3.6
      vertex -19.0567 10.1278 3
      vertex -19.0567 10.1278 3.6
    endloop
  endfacet
  facet normal 0.836517 -0.547941 0
    outer loop
      vertex -19.0567 10.1278 3
      vertex -19.2589 9.81911 3.6
      vertex -19.2589 9.81911 3
    endloop
  endfacet
  facet normal 0.98646 -0.164004 0
    outer loop
      vertex -19.0567 10.1278 3.6
      vertex -18.9893 10.5332 3
      vertex -18.9893 10.5332 3.6
    endloop
  endfacet
  facet normal 0.98646 -0.164004 0
    outer loop
      vertex -18.9893 10.5332 3
      vertex -19.0567 10.1278 3.6
      vertex -19.0567 10.1278 3
    endloop
  endfacet
  facet normal 0.985212 0.171341 0
    outer loop
      vertex -18.9893 10.5332 3.6
      vertex -19.0521 10.8943 3
      vertex -19.0521 10.8943 3.6
    endloop
  endfacet
  facet normal 0.985212 0.171341 0
    outer loop
      vertex -19.0521 10.8943 3
      vertex -18.9893 10.5332 3.6
      vertex -18.9893 10.5332 3
    endloop
  endfacet
  facet normal 0.834915 0.550378 0
    outer loop
      vertex -19.0521 10.8943 3.6
      vertex -19.2405 11.1801 3
      vertex -19.2405 11.1801 3.6
    endloop
  endfacet
  facet normal 0.834915 0.550378 0
    outer loop
      vertex -19.2405 11.1801 3
      vertex -19.0521 10.8943 3.6
      vertex -19.0521 10.8943 3
    endloop
  endfacet
  facet normal 0.534458 0.845195 -0
    outer loop
      vertex -19.2405 11.1801 3
      vertex -19.5348 11.3662 3.6
      vertex -19.2405 11.1801 3.6
    endloop
  endfacet
  facet normal 0.534458 0.845195 0
    outer loop
      vertex -19.5348 11.3662 3.6
      vertex -19.2405 11.1801 3
      vertex -19.5348 11.3662 3
    endloop
  endfacet
  facet normal 0.16124 0.986915 -0
    outer loop
      vertex -19.5348 11.3662 3
      vertex -19.9149 11.4283 3.6
      vertex -19.5348 11.3662 3.6
    endloop
  endfacet
  facet normal 0.16124 0.986915 0
    outer loop
      vertex -19.9149 11.4283 3.6
      vertex -19.5348 11.3662 3
      vertex -19.9149 11.4283 3
    endloop
  endfacet
  facet normal -0.139544 0.990216 0
    outer loop
      vertex -19.9149 11.4283 3
      vertex -20.2399 11.3825 3.6
      vertex -19.9149 11.4283 3.6
    endloop
  endfacet
  facet normal -0.139544 0.990216 0
    outer loop
      vertex -20.2399 11.3825 3.6
      vertex -19.9149 11.4283 3
      vertex -20.2399 11.3825 3
    endloop
  endfacet
  facet normal -0.45731 0.889307 0
    outer loop
      vertex -20.2399 11.3825 3
      vertex -20.5069 11.2452 3.6
      vertex -20.2399 11.3825 3.6
    endloop
  endfacet
  facet normal -0.45731 0.889307 0
    outer loop
      vertex -20.5069 11.2452 3.6
      vertex -20.2399 11.3825 3
      vertex -20.5069 11.2452 3
    endloop
  endfacet
  facet normal 0.998183 -0.0602598 0
    outer loop
      vertex -20.5069 11.2452 3.6
      vertex -20.452 12.1546 3
      vertex -20.452 12.1546 3.6
    endloop
  endfacet
  facet normal 0.998183 -0.0602598 0
    outer loop
      vertex -20.452 12.1546 3
      vertex -20.5069 11.2452 3.6
      vertex -20.5069 11.2452 3
    endloop
  endfacet
  facet normal 0 -1 0
    outer loop
      vertex -20.452 12.1546 3
      vertex -19.1561 12.1546 3.6
      vertex -20.452 12.1546 3.6
    endloop
  endfacet
  facet normal 0 -1 -0
    outer loop
      vertex -19.1561 12.1546 3.6
      vertex -20.452 12.1546 3
      vertex -19.1561 12.1546 3
    endloop
  endfacet
  facet normal 1 -0 0
    outer loop
      vertex -19.1561 12.1546 3.6
      vertex -19.1561 12.4658 3
      vertex -19.1561 12.4658 3.6
    endloop
  endfacet
  facet normal 1 0 0
    outer loop
      vertex -19.1561 12.4658 3
      vertex -19.1561 12.1546 3.6
      vertex -19.1561 12.1546 3
    endloop
  endfacet
  facet normal 0 1 -0
    outer loop
      vertex -19.1561 12.4658 3
      vertex -20.7856 12.4658 3.6
      vertex -19.1561 12.4658 3.6
    endloop
  endfacet
  facet normal 0 1 0
    outer loop
      vertex -20.7856 12.4658 3.6
      vertex -19.1561 12.4658 3
      vertex -20.7856 12.4658 3
    endloop
  endfacet
  facet normal -0.99808 0.0619431 0
    outer loop
      vertex -20.8813 10.9238 3
      vertex -20.7856 12.4658 3.6
      vertex -20.7856 12.4658 3
    endloop
  endfacet
  facet normal -0.99808 0.0619431 0
    outer loop
      vertex -20.7856 12.4658 3.6
      vertex -20.8813 10.9238 3
      vertex -20.8813 10.9238 3.6
    endloop
  endfacet
  facet normal 0 -1 0
    outer loop
      vertex -20.8813 10.9238 3
      vertex -20.5232 10.9238 3.6
      vertex -20.8813 10.9238 3.6
    endloop
  endfacet
  facet normal 0 -1 -0
    outer loop
      vertex -20.5232 10.9238 3.6
      vertex -20.8813 10.9238 3
      vertex -20.5232 10.9238 3
    endloop
  endfacet
  facet normal 0.597797 -0.801648 0
    outer loop
      vertex -20.5232 10.9238 3
      vertex -20.395 11.0194 3.6
      vertex -20.5232 10.9238 3.6
    endloop
  endfacet
  facet normal 0.597797 -0.801648 0
    outer loop
      vertex -20.395 11.0194 3.6
      vertex -20.5232 10.9238 3
      vertex -20.395 11.0194 3
    endloop
  endfacet
  facet normal 0.44132 -0.89735 0
    outer loop
      vertex -20.395 11.0194 3
      vertex -20.2669 11.0824 3.6
      vertex -20.395 11.0194 3.6
    endloop
  endfacet
  facet normal 0.44132 -0.89735 0
    outer loop
      vertex -20.2669 11.0824 3.6
      vertex -20.395 11.0194 3
      vertex -20.2669 11.0824 3
    endloop
  endfacet
  facet normal 0.254636 -0.967037 0
    outer loop
      vertex -20.2669 11.0824 3
      vertex -20.1336 11.1175 3.6
      vertex -20.2669 11.0824 3.6
    endloop
  endfacet
  facet normal 0.254636 -0.967037 0
    outer loop
      vertex -20.1336 11.1175 3.6
      vertex -20.2669 11.0824 3
      vertex -20.1336 11.1175 3
    endloop
  endfacet
  facet normal 0.0813197 -0.996688 0
    outer loop
      vertex -20.1336 11.1175 3
      vertex -19.9902 11.1292 3.6
      vertex -20.1336 11.1175 3.6
    endloop
  endfacet
  facet normal 0.0813197 -0.996688 0
    outer loop
      vertex -19.9902 11.1292 3.6
      vertex -20.1336 11.1175 3
      vertex -19.9902 11.1292 3
    endloop
  endfacet
  facet normal -0.161017 -0.986952 0
    outer loop
      vertex -19.9902 11.1292 3
      vertex -19.7346 11.0875 3.6
      vertex -19.9902 11.1292 3.6
    endloop
  endfacet
  facet normal -0.161017 -0.986952 -0
    outer loop
      vertex -19.7346 11.0875 3.6
      vertex -19.9902 11.1292 3
      vertex -19.7346 11.0875 3
    endloop
  endfacet
  facet normal -0.536071 -0.844173 0
    outer loop
      vertex -19.7346 11.0875 3
      vertex -19.5376 10.9624 3.6
      vertex -19.7346 11.0875 3.6
    endloop
  endfacet
  facet normal -0.536071 -0.844173 -0
    outer loop
      vertex -19.5376 10.9624 3.6
      vertex -19.7346 11.0875 3
      vertex -19.5376 10.9624 3
    endloop
  endfacet
  facet normal -0.837161 -0.546957 0
    outer loop
      vertex -19.4117 10.7697 3
      vertex -19.5376 10.9624 3.6
      vertex -19.5376 10.9624 3
    endloop
  endfacet
  facet normal -0.837161 -0.546957 0
    outer loop
      vertex -19.5376 10.9624 3.6
      vertex -19.4117 10.7697 3
      vertex -19.4117 10.7697 3.6
    endloop
  endfacet
  facet normal -0.985588 -0.169165 0
    outer loop
      vertex -19.3697 10.525 3
      vertex -19.4117 10.7697 3.6
      vertex -19.4117 10.7697 3
    endloop
  endfacet
  facet normal -0.985588 -0.169165 0
    outer loop
      vertex -19.4117 10.7697 3.6
      vertex -19.3697 10.525 3
      vertex -19.3697 10.525 3.6
    endloop
  endfacet
  facet normal -0.988929 0.148393 0
    outer loop
      vertex -19.4114 10.2471 3
      vertex -19.3697 10.525 3.6
      vertex -19.3697 10.525 3
    endloop
  endfacet
  facet normal -0.988929 0.148393 0
    outer loop
      vertex -19.3697 10.525 3.6
      vertex -19.4114 10.2471 3
      vertex -19.4114 10.2471 3.6
    endloop
  endfacet
  facet normal -0.860602 0.509278 0
    outer loop
      vertex -19.5365 10.0357 3
      vertex -19.4114 10.2471 3.6
      vertex -19.4114 10.2471 3
    endloop
  endfacet
  facet normal -0.860602 0.509278 0
    outer loop
      vertex -19.4114 10.2471 3.6
      vertex -19.5365 10.0357 3
      vertex -19.5365 10.0357 3.6
    endloop
  endfacet
  facet normal -0.557183 0.830389 0
    outer loop
      vertex -19.5365 10.0357 3
      vertex -19.7354 9.90224 3.6
      vertex -19.5365 10.0357 3.6
    endloop
  endfacet
  facet normal -0.557183 0.830389 0
    outer loop
      vertex -19.7354 9.90224 3.6
      vertex -19.5365 10.0357 3
      vertex -19.7354 9.90224 3
    endloop
  endfacet
  facet normal -0.166892 0.985975 0
    outer loop
      vertex -19.7354 9.90224 3
      vertex -19.9983 9.85774 3.6
      vertex -19.7354 9.90224 3.6
    endloop
  endfacet
  facet normal -0.166892 0.985975 0
    outer loop
      vertex -19.9983 9.85774 3.6
      vertex -19.7354 9.90224 3
      vertex -19.9983 9.85774 3
    endloop
  endfacet
  facet normal 0.263537 0.964649 -0
    outer loop
      vertex -19.9983 9.85774 3
      vertex -20.3874 9.96404 3.6
      vertex -19.9983 9.85774 3.6
    endloop
  endfacet
  facet normal 0.263537 0.964649 0
    outer loop
      vertex -20.3874 9.96404 3.6
      vertex -19.9983 9.85774 3
      vertex -20.3874 9.96404 3
    endloop
  endfacet
  facet normal 0.838755 0.544509 0
    outer loop
      vertex -20.3874 9.96404 3.6
      vertex -20.5944 10.2829 3
      vertex -20.5944 10.2829 3.6
    endloop
  endfacet
  facet normal 0.838755 0.544509 0
    outer loop
      vertex -20.5944 10.2829 3
      vertex -20.3874 9.96404 3.6
      vertex -20.3874 9.96404 3
    endloop
  endfacet
  facet normal -0.114583 0.993414 0
    outer loop
      vertex -20.5944 10.2829 3
      vertex -20.9646 10.2402 3.6
      vertex -20.5944 10.2829 3.6
    endloop
  endfacet
  facet normal -0.114583 0.993414 0
    outer loop
      vertex -20.9646 10.2402 3.6
      vertex -20.5944 10.2829 3
      vertex -20.9646 10.2402 3
    endloop
  endfacet
  facet normal -0.935652 -0.352925 0
    outer loop
      vertex -20.8543 9.94778 3
      vertex -20.9646 10.2402 3.6
      vertex -20.9646 10.2402 3
    endloop
  endfacet
  facet normal -0.935652 -0.352925 0
    outer loop
      vertex -20.9646 10.2402 3.6
      vertex -20.8543 9.94778 3
      vertex -20.8543 9.94778 3.6
    endloop
  endfacet
  facet normal -0.729261 -0.684236 0
    outer loop
      vertex -20.6534 9.73366 3
      vertex -20.8543 9.94778 3.6
      vertex -20.8543 9.94778 3
    endloop
  endfacet
  facet normal -0.729261 -0.684236 0
    outer loop
      vertex -20.8543 9.94778 3.6
      vertex -20.6534 9.73366 3
      vertex -20.6534 9.73366 3.6
    endloop
  endfacet
  facet normal -0.418437 -0.908246 0
    outer loop
      vertex -20.6534 9.73366 3
      vertex -20.3686 9.60245 3.6
      vertex -20.6534 9.73366 3.6
    endloop
  endfacet
  facet normal -0.418437 -0.908246 -0
    outer loop
      vertex -20.3686 9.60245 3.6
      vertex -20.6534 9.73366 3
      vertex -20.3686 9.60245 3
    endloop
  endfacet
  facet normal -0.119951 -0.99278 0
    outer loop
      vertex -20.3686 9.60245 3
      vertex -20.0065 9.5587 3.6
      vertex -20.3686 9.60245 3.6
    endloop
  endfacet
  facet normal -0.119951 -0.99278 -0
    outer loop
      vertex -20.0065 9.5587 3.6
      vertex -20.3686 9.60245 3
      vertex -20.0065 9.5587 3
    endloop
  endfacet
  facet normal 0.151121 -0.988515 0
    outer loop
      vertex -20.0065 9.5587 3
      vertex -19.5806 9.62381 3.6
      vertex -20.0065 9.5587 3.6
    endloop
  endfacet
  facet normal 0.151121 -0.988515 0
    outer loop
      vertex -19.5806 9.62381 3.6
      vertex -20.0065 9.5587 3
      vertex -19.5806 9.62381 3
    endloop
  endfacet
  facet normal 0 0 1
    outer loop
      vertex -9.36566 12.3626 3.6
      vertex -9.42668 11.8616 3.6
      vertex -9.07677 11.9247 3.6
    endloop
  endfacet
  facet normal 0 0 1
    outer loop
      vertex -9.36566 12.3626 3.6
      vertex -9.59859 12.124 3.6
      vertex -9.42668 11.8616 3.6
    endloop
  endfacet
  facet normal 0 0 1
    outer loop
      vertex -9.89459 12.5085 3.6
      vertex -9.59859 12.124 3.6
      vertex -9.36566 12.3626 3.6
    endloop
  endfacet
  facet normal 0 0 1
    outer loop
      vertex -9.89459 12.5085 3.6
      vertex -9.89868 12.2115 3.6
      vertex -9.59859 12.124 3.6
    endloop
  endfacet
  facet normal 0 0 1
    outer loop
      vertex -9.89459 12.5085 3.6
      vertex -10.1766 12.1385 3.6
      vertex -9.89868 12.2115 3.6
    endloop
  endfacet
  facet normal -0 0 1
    outer loop
      vertex -10.3304 12.4088 3.6
      vertex -10.1766 12.1385 3.6
      vertex -9.89459 12.5085 3.6
    endloop
  endfacet
  facet normal 0 0 1
    outer loop
      vertex -10.6534 12.1098 3.6
      vertex -10.1766 12.1385 3.6
      vertex -10.3304 12.4088 3.6
    endloop
  endfacet
  facet normal 0 0 1
    outer loop
      vertex -10.1766 12.1385 3.6
      vertex -10.6534 12.1098 3.6
      vertex -10.3839 11.9196 3.6
    endloop
  endfacet
  facet normal 0 0 1
    outer loop
      vertex -10.3839 11.9196 3.6
      vertex -10.8533 11.6246 3.6
      vertex -10.5128 11.5623 3.6
    endloop
  endfacet
  facet normal 0 0 1
    outer loop
      vertex -10.8533 11.6246 3.6
      vertex -10.3839 11.9196 3.6
      vertex -10.6534 12.1098 3.6
    endloop
  endfacet
  facet normal -0 0 1
    outer loop
      vertex -9.40787 10.7966 3.6
      vertex -8.99745 10.5372 3.6
      vertex -9.05568 10.9136 3.6
    endloop
  endfacet
  facet normal 0 0 1
    outer loop
      vertex -9.40787 10.7966 3.6
      vertex -9.05568 10.9136 3.6
      vertex -9.23039 11.2045 3.6
    endloop
  endfacet
  facet normal 0 0 1
    outer loop
      vertex -8.99745 10.5372 3.6
      vertex -9.36972 10.521 3.6
      vertex -9.05899 10.1314 3.6
    endloop
  endfacet
  facet normal -0 0 1
    outer loop
      vertex -9.40736 10.243 3.6
      vertex -9.05899 10.1314 3.6
      vertex -9.36972 10.521 3.6
    endloop
  endfacet
  facet normal 0 0 1
    outer loop
      vertex -8.99745 10.5372 3.6
      vertex -9.40787 10.7966 3.6
      vertex -9.36972 10.521 3.6
    endloop
  endfacet
  facet normal 0 0 1
    outer loop
      vertex -9.52229 11.001 3.6
      vertex -9.23039 11.2045 3.6
      vertex -9.50426 11.3906 3.6
    endloop
  endfacet
  facet normal 0 0 1
    outer loop
      vertex -9.23039 11.2045 3.6
      vertex -9.52229 11.001 3.6
      vertex -9.40787 10.7966 3.6
    endloop
  endfacet
  facet normal 0 0 1
    outer loop
      vertex -9.50426 11.3906 3.6
      vertex -9.70488 11.1277 3.6
      vertex -9.52229 11.001 3.6
    endloop
  endfacet
  facet normal 0 0 1
    outer loop
      vertex -9.86 11.4527 3.6
      vertex -9.70488 11.1277 3.6
      vertex -9.50426 11.3906 3.6
    endloop
  endfacet
  facet normal 0 0 1
    outer loop
      vertex -9.86 11.4527 3.6
      vertex -9.94749 11.1699 3.6
      vertex -9.70488 11.1277 3.6
    endloop
  endfacet
  facet normal -0 0 1
    outer loop
      vertex -10.0807 11.4285 3.6
      vertex -9.94749 11.1699 3.6
      vertex -9.86 11.4527 3.6
    endloop
  endfacet
  facet normal 0 0 1
    outer loop
      vertex -10.0807 11.4285 3.6
      vertex -10.1791 11.1325 3.6
      vertex -9.94749 11.1699 3.6
    endloop
  endfacet
  facet normal -0 0 1
    outer loop
      vertex -10.275 11.356 3.6
      vertex -10.1791 11.1325 3.6
      vertex -10.0807 11.4285 3.6
    endloop
  endfacet
  facet normal -0 0 1
    outer loop
      vertex -10.4357 11.2373 3.6
      vertex -10.1791 11.1325 3.6
      vertex -10.275 11.356 3.6
    endloop
  endfacet
  facet normal 0 0 1
    outer loop
      vertex -10.1791 11.1325 3.6
      vertex -10.4357 11.2373 3.6
      vertex -10.3615 11.0204 3.6
    endloop
  endfacet
  facet normal -0 0 1
    outer loop
      vertex -10.5558 11.0743 3.6
      vertex -10.3615 11.0204 3.6
      vertex -10.4357 11.2373 3.6
    endloop
  endfacet
  facet normal 0 0 1
    outer loop
      vertex -10.3615 11.0204 3.6
      vertex -10.5558 11.0743 3.6
      vertex -10.4797 10.8426 3.6
    endloop
  endfacet
  facet normal -0 0 1
    outer loop
      vertex -10.9199 10.9665 3.6
      vertex -10.4797 10.8426 3.6
      vertex -10.5558 11.0743 3.6
    endloop
  endfacet
  facet normal 0 0 1
    outer loop
      vertex -9.05899 10.1314 3.6
      vertex -9.40736 10.243 3.6
      vertex -9.24359 9.82111 3.6
    endloop
  endfacet
  facet normal -0 0 1
    outer loop
      vertex -9.52029 10.0317 3.6
      vertex -9.24359 9.82111 3.6
      vertex -9.40736 10.243 3.6
    endloop
  endfacet
  facet normal 0 0 1
    outer loop
      vertex -9.52029 10.0317 3.6
      vertex -9.53654 9.6243 3.6
      vertex -9.24359 9.82111 3.6
    endloop
  endfacet
  facet normal -0 0 1
    outer loop
      vertex -9.69931 9.89819 3.6
      vertex -9.53654 9.6243 3.6
      vertex -9.52029 10.0317 3.6
    endloop
  endfacet
  facet normal 0 0 1
    outer loop
      vertex -9.69931 9.89819 3.6
      vertex -9.92307 9.5587 3.6
      vertex -9.53654 9.6243 3.6
    endloop
  endfacet
  facet normal -0 0 1
    outer loop
      vertex -9.93527 9.8537 3.6
      vertex -9.92307 9.5587 3.6
      vertex -9.69931 9.89819 3.6
    endloop
  endfacet
  facet normal 0 0 1
    outer loop
      vertex -10.1685 9.90659 3.6
      vertex -9.92307 9.5587 3.6
      vertex -9.93527 9.8537 3.6
    endloop
  endfacet
  facet normal 0 0 1
    outer loop
      vertex -10.1685 9.90659 3.6
      vertex -10.3503 9.64871 3.6
      vertex -9.92307 9.5587 3.6
    endloop
  endfacet
  facet normal 0 0 1
    outer loop
      vertex -10.3554 10.0652 3.6
      vertex -10.3503 9.64871 3.6
      vertex -10.1685 9.90659 3.6
    endloop
  endfacet
  facet normal 0 0 1
    outer loop
      vertex -10.6636 9.91876 3.6
      vertex -10.3554 10.0652 3.6
      vertex -10.4782 10.3068 3.6
    endloop
  endfacet
  facet normal 0 0 1
    outer loop
      vertex -10.5128 11.5623 3.6
      vertex -10.8533 11.6246 3.6
      vertex -10.5558 11.0743 3.6
    endloop
  endfacet
  facet normal 0 0 1
    outer loop
      vertex -10.3554 10.0652 3.6
      vertex -10.6636 9.91876 3.6
      vertex -10.3503 9.64871 3.6
    endloop
  endfacet
  facet normal -0 0 1
    outer loop
      vertex -10.8558 10.3607 3.6
      vertex -10.4782 10.3068 3.6
      vertex -10.5191 10.6084 3.6
    endloop
  endfacet
  facet normal 0 0 1
    outer loop
      vertex -10.9199 10.9665 3.6
      vertex -10.5558 11.0743 3.6
      vertex -10.8533 11.6246 3.6
    endloop
  endfacet
  facet normal 0 0 1
    outer loop
      vertex -10.4797 10.8426 3.6
      vertex -10.9199 10.9665 3.6
      vertex -10.5191 10.6084 3.6
    endloop
  endfacet
  facet normal 0 -0 1
    outer loop
      vertex -10.8558 10.3607 3.6
      vertex -10.5191 10.6084 3.6
      vertex -10.9199 10.9665 3.6
    endloop
  endfacet
  facet normal 0 0 1
    outer loop
      vertex -10.4782 10.3068 3.6
      vertex -10.8558 10.3607 3.6
      vertex -10.6636 9.91876 3.6
    endloop
  endfacet
  facet normal -0 0 1
    outer loop
      vertex -7.12225 11.5686 3.6
      vertex -6.71413 11.0336 3.6
      vertex -6.7744 11.6744 3.6
    endloop
  endfacet
  facet normal -0 0 1
    outer loop
      vertex -7.22983 11.9328 3.6
      vertex -6.7744 11.6744 3.6
      vertex -6.95522 12.1362 3.6
    endloop
  endfacet
  facet normal 0 0 1
    outer loop
      vertex -7.12404 10.5128 3.6
      vertex -6.71413 11.0336 3.6
      vertex -7.0864 11.0336 3.6
    endloop
  endfacet
  facet normal 0 0 1
    outer loop
      vertex -6.71413 11.0336 3.6
      vertex -7.12404 10.5128 3.6
      vertex -6.77745 10.4004 3.6
    endloop
  endfacet
  facet normal 0 0 1
    outer loop
      vertex -6.71413 11.0336 3.6
      vertex -7.12225 11.5686 3.6
      vertex -7.0864 11.0336 3.6
    endloop
  endfacet
  facet normal 0 0 1
    outer loop
      vertex -6.7744 11.6744 3.6
      vertex -7.22983 11.9328 3.6
      vertex -7.12225 11.5686 3.6
    endloop
  endfacet
  facet normal -0 0 1
    outer loop
      vertex -7.41978 12.1418 3.6
      vertex -6.95522 12.1362 3.6
      vertex -7.26263 12.4155 3.6
    endloop
  endfacet
  facet normal 0 0 1
    outer loop
      vertex -6.95522 12.1362 3.6
      vertex -7.41978 12.1418 3.6
      vertex -7.22983 11.9328 3.6
    endloop
  endfacet
  facet normal 0 0 1
    outer loop
      vertex -7.7028 12.5085 3.6
      vertex -7.41978 12.1418 3.6
      vertex -7.26263 12.4155 3.6
    endloop
  endfacet
  facet normal 0 0 1
    outer loop
      vertex -7.7028 12.5085 3.6
      vertex -7.7028 12.2115 3.6
      vertex -7.41978 12.1418 3.6
    endloop
  endfacet
  facet normal 0 0 1
    outer loop
      vertex -7.7028 12.5085 3.6
      vertex -7.99297 12.1428 3.6
      vertex -7.7028 12.2115 3.6
    endloop
  endfacet
  facet normal -0 0 1
    outer loop
      vertex -8.15367 12.4165 3.6
      vertex -7.99297 12.1428 3.6
      vertex -7.7028 12.5085 3.6
    endloop
  endfacet
  facet normal 0 0 1
    outer loop
      vertex -8.46469 12.1403 3.6
      vertex -7.99297 12.1428 3.6
      vertex -8.15367 12.4165 3.6
    endloop
  endfacet
  facet normal 0 0 1
    outer loop
      vertex -7.99297 12.1428 3.6
      vertex -8.46469 12.1403 3.6
      vertex -8.18803 11.9368 3.6
    endloop
  endfacet
  facet normal 0 0 1
    outer loop
      vertex -8.70576 11.0336 3.6
      vertex -8.33551 11.0336 3.6
      vertex -8.29865 11.5737 3.6
    endloop
  endfacet
  facet normal 0 0 1
    outer loop
      vertex -8.64549 11.6795 3.6
      vertex -8.18803 11.9368 3.6
      vertex -8.46469 12.1403 3.6
    endloop
  endfacet
  facet normal 0 0 1
    outer loop
      vertex -8.18803 11.9368 3.6
      vertex -8.64549 11.6795 3.6
      vertex -8.29865 11.5737 3.6
    endloop
  endfacet
  facet normal 0 0 1
    outer loop
      vertex -8.33551 11.0336 3.6
      vertex -8.70576 11.0336 3.6
      vertex -8.64372 10.3979 3.6
    endloop
  endfacet
  facet normal 0 0 1
    outer loop
      vertex -8.29865 11.5737 3.6
      vertex -8.64549 11.6795 3.6
      vertex -8.70576 11.0336 3.6
    endloop
  endfacet
  facet normal 0 0 1
    outer loop
      vertex -8.33551 11.0336 3.6
      vertex -8.64372 10.3979 3.6
      vertex -8.45758 9.93506 3.6
    endloop
  endfacet
  facet normal 0 0 1
    outer loop
      vertex -7.23694 10.1466 3.6
      vertex -6.77745 10.4004 3.6
      vertex -7.12404 10.5128 3.6
    endloop
  endfacet
  facet normal 0 0 1
    outer loop
      vertex -6.77745 10.4004 3.6
      vertex -7.23694 10.1466 3.6
      vertex -6.96742 9.93709 3.6
    endloop
  endfacet
  facet normal 0 0 1
    outer loop
      vertex -7.43071 9.92996 3.6
      vertex -6.96742 9.93709 3.6
      vertex -7.23694 10.1466 3.6
    endloop
  endfacet
  facet normal 0 0 1
    outer loop
      vertex -6.96742 9.93709 3.6
      vertex -7.43071 9.92996 3.6
      vertex -7.28094 9.65331 3.6
    endloop
  endfacet
  facet normal 0 0 1
    outer loop
      vertex -7.71501 9.5587 3.6
      vertex -7.43071 9.92996 3.6
      vertex -7.71097 9.85774 3.6
    endloop
  endfacet
  facet normal 0 0 1
    outer loop
      vertex -7.43071 9.92996 3.6
      vertex -7.71501 9.5587 3.6
      vertex -7.28094 9.65331 3.6
    endloop
  endfacet
  facet normal 0 0 1
    outer loop
      vertex -7.99248 9.92844 3.6
      vertex -7.71501 9.5587 3.6
      vertex -7.71097 9.85774 3.6
    endloop
  endfacet
  facet normal 0 0 1
    outer loop
      vertex -7.99248 9.92844 3.6
      vertex -8.14784 9.65279 3.6
      vertex -7.71501 9.5587 3.6
    endloop
  endfacet
  facet normal -0 0 1
    outer loop
      vertex -8.45758 9.93506 3.6
      vertex -7.99248 9.92844 3.6
      vertex -8.18599 10.1405 3.6
    endloop
  endfacet
  facet normal 0 0 1
    outer loop
      vertex -8.45758 9.93506 3.6
      vertex -8.18599 10.1405 3.6
      vertex -8.29813 10.5052 3.6
    endloop
  endfacet
  facet normal 0 0 1
    outer loop
      vertex -7.99248 9.92844 3.6
      vertex -8.45758 9.93506 3.6
      vertex -8.14784 9.65279 3.6
    endloop
  endfacet
  facet normal 0 0 1
    outer loop
      vertex -8.45758 9.93506 3.6
      vertex -8.29813 10.5052 3.6
      vertex -8.33551 11.0336 3.6
    endloop
  endfacet
  facet normal 0 0 1
    outer loop
      vertex -12.3468 12.1159 3.6
      vertex -11.9785 12.4658 3.6
      vertex -12.3162 12.4658 3.6
    endloop
  endfacet
  facet normal -0 0 1
    outer loop
      vertex -11.9785 9.91063 3.6
      vertex -11.2807 9.59938 3.6
      vertex -11.2807 9.91063 3.6
    endloop
  endfacet
  facet normal 0 0 1
    outer loop
      vertex -11.9785 12.4658 3.6
      vertex -12.3468 12.1159 3.6
      vertex -11.9785 9.91063 3.6
    endloop
  endfacet
  facet normal 0 0 1
    outer loop
      vertex -12.3468 9.91063 3.6
      vertex -11.9785 9.91063 3.6
      vertex -12.3468 12.1159 3.6
    endloop
  endfacet
  facet normal -0 0 1
    outer loop
      vertex -12.3468 9.91063 3.6
      vertex -11.2807 9.59938 3.6
      vertex -11.9785 9.91063 3.6
    endloop
  endfacet
  facet normal 0 0 1
    outer loop
      vertex -13.0771 9.59938 3.6
      vertex -12.3468 9.91063 3.6
      vertex -13.0771 9.91063 3.6
    endloop
  endfacet
  facet normal 0 0 1
    outer loop
      vertex -12.3468 9.91063 3.6
      vertex -13.0771 9.59938 3.6
      vertex -11.2807 9.59938 3.6
    endloop
  endfacet
  facet normal 0 0 1
    outer loop
      vertex -12.9937 11.9999 3.6
      vertex -12.3468 12.1159 3.6
      vertex -12.3162 12.4658 3.6
    endloop
  endfacet
  facet normal 0 0 1
    outer loop
      vertex -12.3468 12.1159 3.6
      vertex -12.9937 11.9999 3.6
      vertex -12.9937 11.6541 3.6
    endloop
  endfacet
  facet normal 0.557659 -0.83007 0
    outer loop
      vertex -9.53654 9.6243 3
      vertex -9.24359 9.82111 3.6
      vertex -9.53654 9.6243 3.6
    endloop
  endfacet
  facet normal 0.557659 -0.83007 0
    outer loop
      vertex -9.24359 9.82111 3.6
      vertex -9.53654 9.6243 3
      vertex -9.24359 9.82111 3
    endloop
  endfacet
  facet normal 0.85941 -0.511287 0
    outer loop
      vertex -9.24359 9.82111 3.6
      vertex -9.05899 10.1314 3
      vertex -9.05899 10.1314 3.6
    endloop
  endfacet
  facet normal 0.85941 -0.511287 0
    outer loop
      vertex -9.05899 10.1314 3
      vertex -9.24359 9.82111 3.6
      vertex -9.24359 9.82111 3
    endloop
  endfacet
  facet normal 0.988696 -0.149937 0
    outer loop
      vertex -9.05899 10.1314 3.6
      vertex -8.99745 10.5372 3
      vertex -8.99745 10.5372 3.6
    endloop
  endfacet
  facet normal 0.988696 -0.149937 0
    outer loop
      vertex -8.99745 10.5372 3
      vertex -9.05899 10.1314 3.6
      vertex -9.05899 10.1314 3
    endloop
  endfacet
  facet normal 0.988244 0.152884 0
    outer loop
      vertex -8.99745 10.5372 3.6
      vertex -9.05568 10.9136 3
      vertex -9.05568 10.9136 3.6
    endloop
  endfacet
  facet normal 0.988244 0.152884 0
    outer loop
      vertex -9.05568 10.9136 3
      vertex -8.99745 10.5372 3.6
      vertex -8.99745 10.5372 3
    endloop
  endfacet
  facet normal 0.857272 0.514864 0
    outer loop
      vertex -9.05568 10.9136 3.6
      vertex -9.23039 11.2045 3
      vertex -9.23039 11.2045 3.6
    endloop
  endfacet
  facet normal 0.857272 0.514864 0
    outer loop
      vertex -9.23039 11.2045 3
      vertex -9.05568 10.9136 3.6
      vertex -9.05568 10.9136 3
    endloop
  endfacet
  facet normal 0.562038 0.827111 -0
    outer loop
      vertex -9.23039 11.2045 3
      vertex -9.50426 11.3906 3.6
      vertex -9.23039 11.2045 3.6
    endloop
  endfacet
  facet normal 0.562038 0.827111 0
    outer loop
      vertex -9.50426 11.3906 3.6
      vertex -9.23039 11.2045 3
      vertex -9.50426 11.3906 3
    endloop
  endfacet
  facet normal 0.171965 0.985103 -0
    outer loop
      vertex -9.50426 11.3906 3
      vertex -9.86 11.4527 3.6
      vertex -9.50426 11.3906 3.6
    endloop
  endfacet
  facet normal 0.171965 0.985103 0
    outer loop
      vertex -9.86 11.4527 3.6
      vertex -9.50426 11.3906 3
      vertex -9.86 11.4527 3
    endloop
  endfacet
  facet normal -0.108998 0.994042 0
    outer loop
      vertex -9.86 11.4527 3
      vertex -10.0807 11.4285 3.6
      vertex -9.86 11.4527 3.6
    endloop
  endfacet
  facet normal -0.108998 0.994042 0
    outer loop
      vertex -10.0807 11.4285 3.6
      vertex -9.86 11.4527 3
      vertex -10.0807 11.4285 3
    endloop
  endfacet
  facet normal -0.349591 0.936903 0
    outer loop
      vertex -10.0807 11.4285 3
      vertex -10.275 11.356 3.6
      vertex -10.0807 11.4285 3.6
    endloop
  endfacet
  facet normal -0.349591 0.936903 0
    outer loop
      vertex -10.275 11.356 3.6
      vertex -10.0807 11.4285 3
      vertex -10.275 11.356 3
    endloop
  endfacet
  facet normal -0.594138 0.804363 0
    outer loop
      vertex -10.275 11.356 3
      vertex -10.4357 11.2373 3.6
      vertex -10.275 11.356 3.6
    endloop
  endfacet
  facet normal -0.594138 0.804363 0
    outer loop
      vertex -10.4357 11.2373 3.6
      vertex -10.275 11.356 3
      vertex -10.4357 11.2373 3
    endloop
  endfacet
  facet normal -0.805068 0.593182 0
    outer loop
      vertex -10.5558 11.0743 3
      vertex -10.4357 11.2373 3.6
      vertex -10.4357 11.2373 3
    endloop
  endfacet
  facet normal -0.805068 0.593182 0
    outer loop
      vertex -10.4357 11.2373 3.6
      vertex -10.5558 11.0743 3
      vertex -10.5558 11.0743 3.6
    endloop
  endfacet
  facet normal 0.99614 -0.0877747 0
    outer loop
      vertex -10.5558 11.0743 3.6
      vertex -10.5128 11.5623 3
      vertex -10.5128 11.5623 3.6
    endloop
  endfacet
  facet normal 0.99614 -0.0877747 0
    outer loop
      vertex -10.5128 11.5623 3
      vertex -10.5558 11.0743 3.6
      vertex -10.5558 11.0743 3
    endloop
  endfacet
  facet normal 0.940659 -0.339353 0
    outer loop
      vertex -10.5128 11.5623 3.6
      vertex -10.3839 11.9196 3
      vertex -10.3839 11.9196 3.6
    endloop
  endfacet
  facet normal 0.940659 -0.339353 0
    outer loop
      vertex -10.3839 11.9196 3
      vertex -10.5128 11.5623 3.6
      vertex -10.5128 11.5623 3
    endloop
  endfacet
  facet normal 0.726083 -0.687607 0
    outer loop
      vertex -10.3839 11.9196 3.6
      vertex -10.1766 12.1385 3
      vertex -10.1766 12.1385 3.6
    endloop
  endfacet
  facet normal 0.726083 -0.687607 0
    outer loop
      vertex -10.1766 12.1385 3
      vertex -10.3839 11.9196 3.6
      vertex -10.3839 11.9196 3
    endloop
  endfacet
  facet normal 0.254048 -0.967192 0
    outer loop
      vertex -10.1766 12.1385 3
      vertex -9.89868 12.2115 3.6
      vertex -10.1766 12.1385 3.6
    endloop
  endfacet
  facet normal 0.254048 -0.967192 0
    outer loop
      vertex -9.89868 12.2115 3.6
      vertex -10.1766 12.1385 3
      vertex -9.89868 12.2115 3
    endloop
  endfacet
  facet normal -0.279923 -0.960023 0
    outer loop
      vertex -9.89868 12.2115 3
      vertex -9.59859 12.124 3.6
      vertex -9.89868 12.2115 3.6
    endloop
  endfacet
  facet normal -0.279923 -0.960023 -0
    outer loop
      vertex -9.59859 12.124 3.6
      vertex -9.89868 12.2115 3
      vertex -9.59859 12.124 3
    endloop
  endfacet
  facet normal -0.836472 -0.54801 0
    outer loop
      vertex -9.42668 11.8616 3
      vertex -9.59859 12.124 3.6
      vertex -9.59859 12.124 3
    endloop
  endfacet
  facet normal -0.836472 -0.54801 0
    outer loop
      vertex -9.59859 12.124 3.6
      vertex -9.42668 11.8616 3
      vertex -9.42668 11.8616 3.6
    endloop
  endfacet
  facet normal 0.17747 -0.984126 0
    outer loop
      vertex -9.42668 11.8616 3
      vertex -9.07677 11.9247 3.6
      vertex -9.42668 11.8616 3.6
    endloop
  endfacet
  facet normal 0.17747 -0.984126 0
    outer loop
      vertex -9.07677 11.9247 3.6
      vertex -9.42668 11.8616 3
      vertex -9.07677 11.9247 3
    endloop
  endfacet
  facet normal 0.834718 0.550678 0
    outer loop
      vertex -9.07677 11.9247 3.6
      vertex -9.36566 12.3626 3
      vertex -9.36566 12.3626 3.6
    endloop
  endfacet
  facet normal 0.834718 0.550678 0
    outer loop
      vertex -9.36566 12.3626 3
      vertex -9.07677 11.9247 3.6
      vertex -9.07677 11.9247 3
    endloop
  endfacet
  facet normal 0.265909 0.963998 -0
    outer loop
      vertex -9.36566 12.3626 3
      vertex -9.89459 12.5085 3.6
      vertex -9.36566 12.3626 3.6
    endloop
  endfacet
  facet normal 0.265909 0.963998 0
    outer loop
      vertex -9.89459 12.5085 3.6
      vertex -9.36566 12.3626 3
      vertex -9.89459 12.5085 3
    endloop
  endfacet
  facet normal -0.223008 0.974817 0
    outer loop
      vertex -9.89459 12.5085 3
      vertex -10.3304 12.4088 3.6
      vertex -9.89459 12.5085 3.6
    endloop
  endfacet
  facet normal -0.223008 0.974817 0
    outer loop
      vertex -10.3304 12.4088 3.6
      vertex -9.89459 12.5085 3
      vertex -10.3304 12.4088 3
    endloop
  endfacet
  facet normal -0.679317 0.733845 0
    outer loop
      vertex -10.3304 12.4088 3
      vertex -10.6534 12.1098 3.6
      vertex -10.3304 12.4088 3.6
    endloop
  endfacet
  facet normal -0.679317 0.733845 0
    outer loop
      vertex -10.6534 12.1098 3.6
      vertex -10.3304 12.4088 3
      vertex -10.6534 12.1098 3
    endloop
  endfacet
  facet normal -0.924603 0.380932 0
    outer loop
      vertex -10.8533 11.6246 3
      vertex -10.6534 12.1098 3.6
      vertex -10.6534 12.1098 3
    endloop
  endfacet
  facet normal -0.924603 0.380932 0
    outer loop
      vertex -10.6534 12.1098 3.6
      vertex -10.8533 11.6246 3
      vertex -10.8533 11.6246 3.6
    endloop
  endfacet
  facet normal -0.994918 0.100686 0
    outer loop
      vertex -10.9199 10.9665 3
      vertex -10.8533 11.6246 3.6
      vertex -10.8533 11.6246 3
    endloop
  endfacet
  facet normal -0.994918 0.100686 0
    outer loop
      vertex -10.8533 11.6246 3.6
      vertex -10.9199 10.9665 3
      vertex -10.9199 10.9665 3.6
    endloop
  endfacet
  facet normal -0.994449 -0.105223 0
    outer loop
      vertex -10.8558 10.3607 3
      vertex -10.9199 10.9665 3.6
      vertex -10.9199 10.9665 3
    endloop
  endfacet
  facet normal -0.994449 -0.105223 0
    outer loop
      vertex -10.9199 10.9665 3.6
      vertex -10.8558 10.3607 3
      vertex -10.8558 10.3607 3.6
    endloop
  endfacet
  facet normal -0.91703 -0.398817 0
    outer loop
      vertex -10.6636 9.91876 3
      vertex -10.8558 10.3607 3.6
      vertex -10.8558 10.3607 3
    endloop
  endfacet
  facet normal -0.91703 -0.398817 0
    outer loop
      vertex -10.8558 10.3607 3.6
      vertex -10.6636 9.91876 3
      vertex -10.6636 9.91876 3.6
    endloop
  endfacet
  facet normal -0.652889 -0.757453 0
    outer loop
      vertex -10.6636 9.91876 3
      vertex -10.3503 9.64871 3.6
      vertex -10.6636 9.91876 3.6
    endloop
  endfacet
  facet normal -0.652889 -0.757453 -0
    outer loop
      vertex -10.3503 9.64871 3.6
      vertex -10.6636 9.91876 3
      vertex -10.3503 9.64871 3
    endloop
  endfacet
  facet normal -0.206157 -0.978519 0
    outer loop
      vertex -10.3503 9.64871 3
      vertex -9.92307 9.5587 3.6
      vertex -10.3503 9.64871 3.6
    endloop
  endfacet
  facet normal -0.206157 -0.978519 -0
    outer loop
      vertex -9.92307 9.5587 3.6
      vertex -10.3503 9.64871 3
      vertex -9.92307 9.5587 3
    endloop
  endfacet
  facet normal 0.167323 -0.985902 0
    outer loop
      vertex -9.92307 9.5587 3
      vertex -9.53654 9.6243 3.6
      vertex -9.92307 9.5587 3.6
    endloop
  endfacet
  facet normal 0.167323 -0.985902 0
    outer loop
      vertex -9.53654 9.6243 3.6
      vertex -9.92307 9.5587 3
      vertex -9.53654 9.6243 3
    endloop
  endfacet
  facet normal 0.647044 0.762452 -0
    outer loop
      vertex -10.1685 9.90659 3
      vertex -10.3554 10.0652 3.6
      vertex -10.1685 9.90659 3.6
    endloop
  endfacet
  facet normal 0.647044 0.762452 0
    outer loop
      vertex -10.3554 10.0652 3.6
      vertex -10.1685 9.90659 3
      vertex -10.3554 10.0652 3
    endloop
  endfacet
  facet normal 0.891456 0.453108 0
    outer loop
      vertex -10.3554 10.0652 3.6
      vertex -10.4782 10.3068 3
      vertex -10.4782 10.3068 3.6
    endloop
  endfacet
  facet normal 0.891456 0.453108 0
    outer loop
      vertex -10.4782 10.3068 3
      vertex -10.3554 10.0652 3.6
      vertex -10.3554 10.0652 3
    endloop
  endfacet
  facet normal 0.99093 0.13438 0
    outer loop
      vertex -10.4782 10.3068 3.6
      vertex -10.5191 10.6084 3
      vertex -10.5191 10.6084 3.6
    endloop
  endfacet
  facet normal 0.99093 0.13438 0
    outer loop
      vertex -10.5191 10.6084 3
      vertex -10.4782 10.3068 3.6
      vertex -10.4782 10.3068 3
    endloop
  endfacet
  facet normal 0.986142 -0.165901 0
    outer loop
      vertex -10.5191 10.6084 3.6
      vertex -10.4797 10.8426 3
      vertex -10.4797 10.8426 3.6
    endloop
  endfacet
  facet normal 0.986142 -0.165901 0
    outer loop
      vertex -10.4797 10.8426 3
      vertex -10.5191 10.6084 3.6
      vertex -10.5191 10.6084 3
    endloop
  endfacet
  facet normal 0.83277 -0.553619 0
    outer loop
      vertex -10.4797 10.8426 3.6
      vertex -10.3615 11.0204 3
      vertex -10.3615 11.0204 3.6
    endloop
  endfacet
  facet normal 0.83277 -0.553619 0
    outer loop
      vertex -10.3615 11.0204 3
      vertex -10.4797 10.8426 3.6
      vertex -10.4797 10.8426 3
    endloop
  endfacet
  facet normal 0.523602 -0.851963 0
    outer loop
      vertex -10.3615 11.0204 3
      vertex -10.1791 11.1325 3.6
      vertex -10.3615 11.0204 3.6
    endloop
  endfacet
  facet normal 0.523602 -0.851963 0
    outer loop
      vertex -10.1791 11.1325 3.6
      vertex -10.3615 11.0204 3
      vertex -10.1791 11.1325 3
    endloop
  endfacet
  facet normal 0.159413 -0.987212 0
    outer loop
      vertex -10.1791 11.1325 3
      vertex -9.94749 11.1699 3.6
      vertex -10.1791 11.1325 3.6
    endloop
  endfacet
  facet normal 0.159413 -0.987212 0
    outer loop
      vertex -9.94749 11.1699 3.6
      vertex -10.1791 11.1325 3
      vertex -9.94749 11.1699 3
    endloop
  endfacet
  facet normal -0.171369 -0.985207 0
    outer loop
      vertex -9.94749 11.1699 3
      vertex -9.70488 11.1277 3.6
      vertex -9.94749 11.1699 3.6
    endloop
  endfacet
  facet normal -0.171369 -0.985207 -0
    outer loop
      vertex -9.70488 11.1277 3.6
      vertex -9.94749 11.1699 3
      vertex -9.70488 11.1277 3
    endloop
  endfacet
  facet normal -0.570096 -0.821578 0
    outer loop
      vertex -9.70488 11.1277 3
      vertex -9.52229 11.001 3.6
      vertex -9.70488 11.1277 3.6
    endloop
  endfacet
  facet normal -0.570096 -0.821578 -0
    outer loop
      vertex -9.52229 11.001 3.6
      vertex -9.70488 11.1277 3
      vertex -9.52229 11.001 3
    endloop
  endfacet
  facet normal -0.872586 -0.48846 0
    outer loop
      vertex -9.40787 10.7966 3
      vertex -9.52229 11.001 3.6
      vertex -9.52229 11.001 3
    endloop
  endfacet
  facet normal -0.872586 -0.48846 0
    outer loop
      vertex -9.52229 11.001 3.6
      vertex -9.40787 10.7966 3
      vertex -9.40787 10.7966 3.6
    endloop
  endfacet
  facet normal -0.990555 -0.137118 0
    outer loop
      vertex -9.36972 10.521 3
      vertex -9.40787 10.7966 3.6
      vertex -9.40787 10.7966 3
    endloop
  endfacet
  facet normal -0.990555 -0.137118 0
    outer loop
      vertex -9.40787 10.7966 3.6
      vertex -9.36972 10.521 3
      vertex -9.36972 10.521 3.6
    endloop
  endfacet
  facet normal -0.990958 0.134171 0
    outer loop
      vertex -9.40736 10.243 3
      vertex -9.36972 10.521 3.6
      vertex -9.36972 10.521 3
    endloop
  endfacet
  facet normal -0.990958 0.134171 0
    outer loop
      vertex -9.36972 10.521 3.6
      vertex -9.40736 10.243 3
      vertex -9.40736 10.243 3.6
    endloop
  endfacet
  facet normal -0.881942 0.471357 0
    outer loop
      vertex -9.52029 10.0317 3
      vertex -9.40736 10.243 3.6
      vertex -9.40736 10.243 3
    endloop
  endfacet
  facet normal -0.881942 0.471357 0
    outer loop
      vertex -9.40736 10.243 3.6
      vertex -9.52029 10.0317 3
      vertex -9.52029 10.0317 3.6
    endloop
  endfacet
  facet normal -0.597834 0.80162 0
    outer loop
      vertex -9.52029 10.0317 3
      vertex -9.69931 9.89819 3.6
      vertex -9.52029 10.0317 3.6
    endloop
  endfacet
  facet normal -0.597834 0.80162 0
    outer loop
      vertex -9.69931 9.89819 3.6
      vertex -9.52029 10.0317 3
      vertex -9.69931 9.89819 3
    endloop
  endfacet
  facet normal -0.185284 0.982685 0
    outer loop
      vertex -9.69931 9.89819 3
      vertex -9.93527 9.8537 3.6
      vertex -9.69931 9.89819 3.6
    endloop
  endfacet
  facet normal -0.185284 0.982685 0
    outer loop
      vertex -9.93527 9.8537 3.6
      vertex -9.69931 9.89819 3
      vertex -9.93527 9.8537 3
    endloop
  endfacet
  facet normal 0.221157 0.975238 -0
    outer loop
      vertex -9.93527 9.8537 3
      vertex -10.1685 9.90659 3.6
      vertex -9.93527 9.8537 3.6
    endloop
  endfacet
  facet normal 0.221157 0.975238 0
    outer loop
      vertex -10.1685 9.90659 3.6
      vertex -9.93527 9.8537 3
      vertex -10.1685 9.90659 3
    endloop
  endfacet
  facet normal 0.671068 -0.741396 0
    outer loop
      vertex -7.28094 9.65331 3
      vertex -6.96742 9.93709 3.6
      vertex -7.28094 9.65331 3.6
    endloop
  endfacet
  facet normal 0.671068 -0.741396 0
    outer loop
      vertex -6.96742 9.93709 3.6
      vertex -7.28094 9.65331 3
      vertex -6.96742 9.93709 3
    endloop
  endfacet
  facet normal 0.925243 -0.379375 0
    outer loop
      vertex -6.96742 9.93709 3.6
      vertex -6.77745 10.4004 3
      vertex -6.77745 10.4004 3.6
    endloop
  endfacet
  facet normal 0.925243 -0.379375 0
    outer loop
      vertex -6.77745 10.4004 3
      vertex -6.96742 9.93709 3.6
      vertex -6.96742 9.93709 3
    endloop
  endfacet
  facet normal 0.995037 -0.0995037 0
    outer loop
      vertex -6.77745 10.4004 3.6
      vertex -6.71413 11.0336 3
      vertex -6.71413 11.0336 3.6
    endloop
  endfacet
  facet normal 0.995037 -0.0995037 0
    outer loop
      vertex -6.71413 11.0336 3
      vertex -6.77745 10.4004 3.6
      vertex -6.77745 10.4004 3
    endloop
  endfacet
  facet normal 0.995606 0.093641 0
    outer loop
      vertex -6.71413 11.0336 3.6
      vertex -6.7744 11.6744 3
      vertex -6.7744 11.6744 3.6
    endloop
  endfacet
  facet normal 0.995606 0.093641 0
    outer loop
      vertex -6.7744 11.6744 3
      vertex -6.71413 11.0336 3.6
      vertex -6.71413 11.0336 3
    endloop
  endfacet
  facet normal 0.931164 0.364602 0
    outer loop
      vertex -6.7744 11.6744 3.6
      vertex -6.95522 12.1362 3
      vertex -6.95522 12.1362 3.6
    endloop
  endfacet
  facet normal 0.931164 0.364602 0
    outer loop
      vertex -6.95522 12.1362 3
      vertex -6.7744 11.6744 3.6
      vertex -6.7744 11.6744 3
    endloop
  endfacet
  facet normal 0.672457 0.740136 -0
    outer loop
      vertex -6.95522 12.1362 3
      vertex -7.26263 12.4155 3.6
      vertex -6.95522 12.1362 3.6
    endloop
  endfacet
  facet normal 0.672457 0.740136 0
    outer loop
      vertex -7.26263 12.4155 3.6
      vertex -6.95522 12.1362 3
      vertex -7.26263 12.4155 3
    endloop
  endfacet
  facet normal 0.206718 0.9784 -0
    outer loop
      vertex -7.26263 12.4155 3
      vertex -7.7028 12.5085 3.6
      vertex -7.26263 12.4155 3.6
    endloop
  endfacet
  facet normal 0.206718 0.9784 0
    outer loop
      vertex -7.7028 12.5085 3.6
      vertex -7.26263 12.4155 3
      vertex -7.7028 12.5085 3
    endloop
  endfacet
  facet normal -0.19993 0.97981 0
    outer loop
      vertex -7.7028 12.5085 3
      vertex -8.15367 12.4165 3.6
      vertex -7.7028 12.5085 3.6
    endloop
  endfacet
  facet normal -0.19993 0.97981 0
    outer loop
      vertex -8.15367 12.4165 3.6
      vertex -7.7028 12.5085 3
      vertex -8.15367 12.4165 3
    endloop
  endfacet
  facet normal -0.664012 0.747722 0
    outer loop
      vertex -8.15367 12.4165 3
      vertex -8.46469 12.1403 3.6
      vertex -8.15367 12.4165 3.6
    endloop
  endfacet
  facet normal -0.664012 0.747722 0
    outer loop
      vertex -8.46469 12.1403 3.6
      vertex -8.15367 12.4165 3
      vertex -8.46469 12.1403 3
    endloop
  endfacet
  facet normal -0.930909 0.365252 0
    outer loop
      vertex -8.64549 11.6795 3
      vertex -8.46469 12.1403 3.6
      vertex -8.46469 12.1403 3
    endloop
  endfacet
  facet normal -0.930909 0.365252 0
    outer loop
      vertex -8.46469 12.1403 3.6
      vertex -8.64549 11.6795 3
      vertex -8.64549 11.6795 3.6
    endloop
  endfacet
  facet normal -0.995675 0.0929081 0
    outer loop
      vertex -8.70576 11.0336 3
      vertex -8.64549 11.6795 3.6
      vertex -8.64549 11.6795 3
    endloop
  endfacet
  facet normal -0.995675 0.0929081 0
    outer loop
      vertex -8.64549 11.6795 3.6
      vertex -8.70576 11.0336 3
      vertex -8.70576 11.0336 3.6
    endloop
  endfacet
  facet normal -0.995272 -0.0971317 0
    outer loop
      vertex -8.64372 10.3979 3
      vertex -8.70576 11.0336 3.6
      vertex -8.70576 11.0336 3
    endloop
  endfacet
  facet normal -0.995272 -0.0971317 0
    outer loop
      vertex -8.70576 11.0336 3.6
      vertex -8.64372 10.3979 3
      vertex -8.64372 10.3979 3.6
    endloop
  endfacet
  facet normal -0.927781 -0.373125 0
    outer loop
      vertex -8.45758 9.93506 3
      vertex -8.64372 10.3979 3.6
      vertex -8.64372 10.3979 3
    endloop
  endfacet
  facet normal -0.927781 -0.373125 0
    outer loop
      vertex -8.64372 10.3979 3.6
      vertex -8.45758 9.93506 3
      vertex -8.45758 9.93506 3.6
    endloop
  endfacet
  facet normal -0.673571 -0.739122 0
    outer loop
      vertex -8.45758 9.93506 3
      vertex -8.14784 9.65279 3.6
      vertex -8.45758 9.93506 3.6
    endloop
  endfacet
  facet normal -0.673571 -0.739122 -0
    outer loop
      vertex -8.14784 9.65279 3.6
      vertex -8.45758 9.93506 3
      vertex -8.14784 9.65279 3
    endloop
  endfacet
  facet normal -0.212422 -0.977178 0
    outer loop
      vertex -8.14784 9.65279 3
      vertex -7.71501 9.5587 3.6
      vertex -8.14784 9.65279 3.6
    endloop
  endfacet
  facet normal -0.212422 -0.977178 -0
    outer loop
      vertex -7.71501 9.5587 3.6
      vertex -8.14784 9.65279 3
      vertex -7.71501 9.5587 3
    endloop
  endfacet
  facet normal 0.21296 -0.977061 0
    outer loop
      vertex -7.71501 9.5587 3
      vertex -7.28094 9.65331 3.6
      vertex -7.71501 9.5587 3.6
    endloop
  endfacet
  facet normal 0.21296 -0.977061 0
    outer loop
      vertex -7.28094 9.65331 3.6
      vertex -7.71501 9.5587 3
      vertex -7.28094 9.65331 3
    endloop
  endfacet
  facet normal 0.738676 0.67406 0
    outer loop
      vertex -7.99248 9.92844 3.6
      vertex -8.18599 10.1405 3
      vertex -8.18599 10.1405 3.6
    endloop
  endfacet
  facet normal 0.738676 0.67406 0
    outer loop
      vertex -8.18599 10.1405 3
      vertex -7.99248 9.92844 3.6
      vertex -7.99248 9.92844 3
    endloop
  endfacet
  facet normal 0.955835 0.293905 0
    outer loop
      vertex -8.18599 10.1405 3.6
      vertex -8.29813 10.5052 3
      vertex -8.29813 10.5052 3.6
    endloop
  endfacet
  facet normal 0.955835 0.293905 0
    outer loop
      vertex -8.29813 10.5052 3
      vertex -8.18599 10.1405 3.6
      vertex -8.18599 10.1405 3
    endloop
  endfacet
  facet normal 0.997507 0.0705655 0
    outer loop
      vertex -8.29813 10.5052 3.6
      vertex -8.33551 11.0336 3
      vertex -8.33551 11.0336 3.6
    endloop
  endfacet
  facet normal 0.997507 0.0705655 0
    outer loop
      vertex -8.33551 11.0336 3
      vertex -8.29813 10.5052 3.6
      vertex -8.29813 10.5052 3
    endloop
  endfacet
  facet normal 0.997679 -0.0680882 0
    outer loop
      vertex -8.33551 11.0336 3.6
      vertex -8.29865 11.5737 3
      vertex -8.29865 11.5737 3.6
    endloop
  endfacet
  facet normal 0.997679 -0.0680882 0
    outer loop
      vertex -8.29865 11.5737 3
      vertex -8.33551 11.0336 3.6
      vertex -8.33551 11.0336 3
    endloop
  endfacet
  facet normal 0.956592 -0.29143 0
    outer loop
      vertex -8.29865 11.5737 3.6
      vertex -8.18803 11.9368 3
      vertex -8.18803 11.9368 3.6
    endloop
  endfacet
  facet normal 0.956592 -0.29143 0
    outer loop
      vertex -8.18803 11.9368 3
      vertex -8.29865 11.5737 3.6
      vertex -8.29865 11.5737 3
    endloop
  endfacet
  facet normal 0.726125 -0.687563 0
    outer loop
      vertex -8.18803 11.9368 3.6
      vertex -7.99297 12.1428 3
      vertex -7.99297 12.1428 3.6
    endloop
  endfacet
  facet normal 0.726125 -0.687563 0
    outer loop
      vertex -7.99297 12.1428 3
      vertex -8.18803 11.9368 3.6
      vertex -8.18803 11.9368 3
    endloop
  endfacet
  facet normal 0.230389 -0.973099 0
    outer loop
      vertex -7.99297 12.1428 3
      vertex -7.7028 12.2115 3.6
      vertex -7.99297 12.1428 3.6
    endloop
  endfacet
  facet normal 0.230389 -0.973099 0
    outer loop
      vertex -7.7028 12.2115 3.6
      vertex -7.99297 12.1428 3
      vertex -7.7028 12.2115 3
    endloop
  endfacet
  facet normal -0.239128 -0.970988 0
    outer loop
      vertex -7.7028 12.2115 3
      vertex -7.41978 12.1418 3.6
      vertex -7.7028 12.2115 3.6
    endloop
  endfacet
  facet normal -0.239128 -0.970988 -0
    outer loop
      vertex -7.41978 12.1418 3.6
      vertex -7.7028 12.2115 3
      vertex -7.41978 12.1418 3
    endloop
  endfacet
  facet normal -0.740028 -0.672576 0
    outer loop
      vertex -7.22983 11.9328 3
      vertex -7.41978 12.1418 3.6
      vertex -7.41978 12.1418 3
    endloop
  endfacet
  facet normal -0.740028 -0.672576 0
    outer loop
      vertex -7.41978 12.1418 3.6
      vertex -7.22983 11.9328 3
      vertex -7.22983 11.9328 3.6
    endloop
  endfacet
  facet normal -0.959035 -0.283287 0
    outer loop
      vertex -7.12225 11.5686 3
      vertex -7.22983 11.9328 3.6
      vertex -7.22983 11.9328 3
    endloop
  endfacet
  facet normal -0.959035 -0.283287 0
    outer loop
      vertex -7.22983 11.9328 3.6
      vertex -7.12225 11.5686 3
      vertex -7.12225 11.5686 3.6
    endloop
  endfacet
  facet normal -0.997762 -0.0668594 0
    outer loop
      vertex -7.0864 11.0336 3
      vertex -7.12225 11.5686 3.6
      vertex -7.12225 11.5686 3
    endloop
  endfacet
  facet normal -0.997762 -0.0668594 0
    outer loop
      vertex -7.12225 11.5686 3.6
      vertex -7.0864 11.0336 3
      vertex -7.0864 11.0336 3.6
    endloop
  endfacet
  facet normal -0.997398 0.0720854 0
    outer loop
      vertex -7.12404 10.5128 3
      vertex -7.0864 11.0336 3.6
      vertex -7.0864 11.0336 3
    endloop
  endfacet
  facet normal -0.997398 0.0720854 0
    outer loop
      vertex -7.0864 11.0336 3.6
      vertex -7.12404 10.5128 3
      vertex -7.12404 10.5128 3.6
    endloop
  endfacet
  facet normal -0.955615 0.294618 0
    outer loop
      vertex -7.23694 10.1466 3
      vertex -7.12404 10.5128 3.6
      vertex -7.12404 10.5128 3
    endloop
  endfacet
  facet normal -0.955615 0.294618 0
    outer loop
      vertex -7.12404 10.5128 3.6
      vertex -7.23694 10.1466 3
      vertex -7.23694 10.1466 3.6
    endloop
  endfacet
  facet normal -0.745354 0.666669 0
    outer loop
      vertex -7.43071 9.92996 3
      vertex -7.23694 10.1466 3.6
      vertex -7.23694 10.1466 3
    endloop
  endfacet
  facet normal -0.745354 0.666669 0
    outer loop
      vertex -7.23694 10.1466 3.6
      vertex -7.43071 9.92996 3
      vertex -7.43071 9.92996 3.6
    endloop
  endfacet
  facet normal -0.249537 0.968365 0
    outer loop
      vertex -7.43071 9.92996 3
      vertex -7.71097 9.85774 3.6
      vertex -7.43071 9.92996 3.6
    endloop
  endfacet
  facet normal -0.249537 0.968365 0
    outer loop
      vertex -7.71097 9.85774 3.6
      vertex -7.43071 9.92996 3
      vertex -7.71097 9.85774 3
    endloop
  endfacet
  facet normal 0.243581 0.969881 -0
    outer loop
      vertex -7.71097 9.85774 3
      vertex -7.99248 9.92844 3.6
      vertex -7.71097 9.85774 3.6
    endloop
  endfacet
  facet normal 0.243581 0.969881 0
    outer loop
      vertex -7.99248 9.92844 3.6
      vertex -7.71097 9.85774 3
      vertex -7.99248 9.92844 3
    endloop
  endfacet
  facet normal 0 1 -0
    outer loop
      vertex -11.2807 9.91063 3
      vertex -11.9785 9.91063 3.6
      vertex -11.2807 9.91063 3.6
    endloop
  endfacet
  facet normal 0 1 0
    outer loop
      vertex -11.9785 9.91063 3.6
      vertex -11.2807 9.91063 3
      vertex -11.9785 9.91063 3
    endloop
  endfacet
  facet normal 1 -0 0
    outer loop
      vertex -11.9785 9.91063 3.6
      vertex -11.9785 12.4658 3
      vertex -11.9785 12.4658 3.6
    endloop
  endfacet
  facet normal 1 0 0
    outer loop
      vertex -11.9785 12.4658 3
      vertex -11.9785 9.91063 3.6
      vertex -11.9785 9.91063 3
    endloop
  endfacet
  facet normal 0 1 -0
    outer loop
      vertex -11.9785 12.4658 3
      vertex -12.3162 12.4658 3.6
      vertex -11.9785 12.4658 3.6
    endloop
  endfacet
  facet normal 0 1 0
    outer loop
      vertex -12.3162 12.4658 3.6
      vertex -11.9785 12.4658 3
      vertex -12.3162 12.4658 3
    endloop
  endfacet
  facet normal -0.566627 0.823974 0
    outer loop
      vertex -12.3162 12.4658 3
      vertex -12.9937 11.9999 3.6
      vertex -12.3162 12.4658 3.6
    endloop
  endfacet
  facet normal -0.566627 0.823974 0
    outer loop
      vertex -12.9937 11.9999 3.6
      vertex -12.3162 12.4658 3
      vertex -12.9937 11.9999 3
    endloop
  endfacet
  facet normal -1 0 0
    outer loop
      vertex -12.9937 11.6541 3
      vertex -12.9937 11.9999 3.6
      vertex -12.9937 11.9999 3
    endloop
  endfacet
  facet normal -1 -0 0
    outer loop
      vertex -12.9937 11.9999 3.6
      vertex -12.9937 11.6541 3
      vertex -12.9937 11.6541 3.6
    endloop
  endfacet
  facet normal 0.581012 -0.813895 0
    outer loop
      vertex -12.9937 11.6541 3
      vertex -12.3468 12.1159 3.6
      vertex -12.9937 11.6541 3.6
    endloop
  endfacet
  facet normal 0.581012 -0.813895 0
    outer loop
      vertex -12.3468 12.1159 3.6
      vertex -12.9937 11.6541 3
      vertex -12.3468 12.1159 3
    endloop
  endfacet
  facet normal -1 0 0
    outer loop
      vertex -12.3468 9.91063 3
      vertex -12.3468 12.1159 3.6
      vertex -12.3468 12.1159 3
    endloop
  endfacet
  facet normal -1 -0 0
    outer loop
      vertex -12.3468 12.1159 3.6
      vertex -12.3468 9.91063 3
      vertex -12.3468 9.91063 3.6
    endloop
  endfacet
  facet normal 0 1 -0
    outer loop
      vertex -12.3468 9.91063 3
      vertex -13.0771 9.91063 3.6
      vertex -12.3468 9.91063 3.6
    endloop
  endfacet
  facet normal 0 1 0
    outer loop
      vertex -13.0771 9.91063 3.6
      vertex -12.3468 9.91063 3
      vertex -13.0771 9.91063 3
    endloop
  endfacet
  facet normal -1 0 0
    outer loop
      vertex -13.0771 9.59938 3
      vertex -13.0771 9.91063 3.6
      vertex -13.0771 9.91063 3
    endloop
  endfacet
  facet normal -1 -0 0
    outer loop
      vertex -13.0771 9.91063 3.6
      vertex -13.0771 9.59938 3
      vertex -13.0771 9.59938 3.6
    endloop
  endfacet
  facet normal 0 -1 0
    outer loop
      vertex -13.0771 9.59938 3
      vertex -11.2807 9.59938 3.6
      vertex -13.0771 9.59938 3.6
    endloop
  endfacet
  facet normal 0 -1 -0
    outer loop
      vertex -11.2807 9.59938 3.6
      vertex -13.0771 9.59938 3
      vertex -11.2807 9.59938 3
    endloop
  endfacet
  facet normal 1 -0 0
    outer loop
      vertex -11.2807 9.59938 3.6
      vertex -11.2807 9.91063 3
      vertex -11.2807 9.91063 3.6
    endloop
  endfacet
  facet normal 1 0 0
    outer loop
      vertex -11.2807 9.91063 3
      vertex -11.2807 9.59938 3.6
      vertex -11.2807 9.59938 3
    endloop
  endfacet
  facet normal -0 0 1
    outer loop
      vertex 2.87775 11.5686 3.6
      vertex 3.28587 11.0336 3.6
      vertex 3.2256 11.6744 3.6
    endloop
  endfacet
  facet normal -0 0 1
    outer loop
      vertex 2.77017 11.9328 3.6
      vertex 3.2256 11.6744 3.6
      vertex 3.04478 12.1362 3.6
    endloop
  endfacet
  facet normal 0 0 1
    outer loop
      vertex 2.87596 10.5128 3.6
      vertex 3.28587 11.0336 3.6
      vertex 2.9136 11.0336 3.6
    endloop
  endfacet
  facet normal 0 0 1
    outer loop
      vertex 3.28587 11.0336 3.6
      vertex 2.87596 10.5128 3.6
      vertex 3.22255 10.4004 3.6
    endloop
  endfacet
  facet normal 0 0 1
    outer loop
      vertex 3.28587 11.0336 3.6
      vertex 2.87775 11.5686 3.6
      vertex 2.9136 11.0336 3.6
    endloop
  endfacet
  facet normal 0 0 1
    outer loop
      vertex 3.2256 11.6744 3.6
      vertex 2.77017 11.9328 3.6
      vertex 2.87775 11.5686 3.6
    endloop
  endfacet
  facet normal -0 0 1
    outer loop
      vertex 2.58022 12.1418 3.6
      vertex 3.04478 12.1362 3.6
      vertex 2.73737 12.4155 3.6
    endloop
  endfacet
  facet normal 0 0 1
    outer loop
      vertex 3.04478 12.1362 3.6
      vertex 2.58022 12.1418 3.6
      vertex 2.77017 11.9328 3.6
    endloop
  endfacet
  facet normal 0 0 1
    outer loop
      vertex 2.2972 12.5085 3.6
      vertex 2.58022 12.1418 3.6
      vertex 2.73737 12.4155 3.6
    endloop
  endfacet
  facet normal 0 0 1
    outer loop
      vertex 2.2972 12.5085 3.6
      vertex 2.2972 12.2115 3.6
      vertex 2.58022 12.1418 3.6
    endloop
  endfacet
  facet normal 0 0 1
    outer loop
      vertex 2.2972 12.5085 3.6
      vertex 2.00703 12.1428 3.6
      vertex 2.2972 12.2115 3.6
    endloop
  endfacet
  facet normal -0 0 1
    outer loop
      vertex 1.84633 12.4165 3.6
      vertex 2.00703 12.1428 3.6
      vertex 2.2972 12.5085 3.6
    endloop
  endfacet
  facet normal 0 0 1
    outer loop
      vertex 1.53531 12.1403 3.6
      vertex 2.00703 12.1428 3.6
      vertex 1.84633 12.4165 3.6
    endloop
  endfacet
  facet normal 0 0 1
    outer loop
      vertex 2.00703 12.1428 3.6
      vertex 1.53531 12.1403 3.6
      vertex 1.81197 11.9368 3.6
    endloop
  endfacet
  facet normal 0 0 1
    outer loop
      vertex 1.29424 11.0336 3.6
      vertex 1.66449 11.0336 3.6
      vertex 1.70135 11.5737 3.6
    endloop
  endfacet
  facet normal 0 0 1
    outer loop
      vertex 1.35451 11.6795 3.6
      vertex 1.81197 11.9368 3.6
      vertex 1.53531 12.1403 3.6
    endloop
  endfacet
  facet normal 0 0 1
    outer loop
      vertex 1.81197 11.9368 3.6
      vertex 1.35451 11.6795 3.6
      vertex 1.70135 11.5737 3.6
    endloop
  endfacet
  facet normal 0 0 1
    outer loop
      vertex 1.66449 11.0336 3.6
      vertex 1.29424 11.0336 3.6
      vertex 1.35628 10.3979 3.6
    endloop
  endfacet
  facet normal 0 0 1
    outer loop
      vertex 1.70135 11.5737 3.6
      vertex 1.35451 11.6795 3.6
      vertex 1.29424 11.0336 3.6
    endloop
  endfacet
  facet normal 0 0 1
    outer loop
      vertex 1.66449 11.0336 3.6
      vertex 1.35628 10.3979 3.6
      vertex 1.54242 9.93506 3.6
    endloop
  endfacet
  facet normal 0 0 1
    outer loop
      vertex 2.76306 10.1466 3.6
      vertex 3.22255 10.4004 3.6
      vertex 2.87596 10.5128 3.6
    endloop
  endfacet
  facet normal 0 0 1
    outer loop
      vertex 3.22255 10.4004 3.6
      vertex 2.76306 10.1466 3.6
      vertex 3.03258 9.93709 3.6
    endloop
  endfacet
  facet normal 0 0 1
    outer loop
      vertex 2.56929 9.92996 3.6
      vertex 3.03258 9.93709 3.6
      vertex 2.76306 10.1466 3.6
    endloop
  endfacet
  facet normal 0 0 1
    outer loop
      vertex 3.03258 9.93709 3.6
      vertex 2.56929 9.92996 3.6
      vertex 2.71906 9.65331 3.6
    endloop
  endfacet
  facet normal 0 0 1
    outer loop
      vertex 2.28499 9.5587 3.6
      vertex 2.56929 9.92996 3.6
      vertex 2.28903 9.85774 3.6
    endloop
  endfacet
  facet normal 0 0 1
    outer loop
      vertex 2.56929 9.92996 3.6
      vertex 2.28499 9.5587 3.6
      vertex 2.71906 9.65331 3.6
    endloop
  endfacet
  facet normal 0 0 1
    outer loop
      vertex 2.00752 9.92844 3.6
      vertex 2.28499 9.5587 3.6
      vertex 2.28903 9.85774 3.6
    endloop
  endfacet
  facet normal 0 0 1
    outer loop
      vertex 2.00752 9.92844 3.6
      vertex 1.85216 9.65279 3.6
      vertex 2.28499 9.5587 3.6
    endloop
  endfacet
  facet normal -0 0 1
    outer loop
      vertex 1.54242 9.93506 3.6
      vertex 2.00752 9.92844 3.6
      vertex 1.81401 10.1405 3.6
    endloop
  endfacet
  facet normal 0 0 1
    outer loop
      vertex 1.54242 9.93506 3.6
      vertex 1.81401 10.1405 3.6
      vertex 1.70187 10.5052 3.6
    endloop
  endfacet
  facet normal 0 0 1
    outer loop
      vertex 2.00752 9.92844 3.6
      vertex 1.54242 9.93506 3.6
      vertex 1.85216 9.65279 3.6
    endloop
  endfacet
  facet normal 0 0 1
    outer loop
      vertex 1.54242 9.93506 3.6
      vertex 1.70187 10.5052 3.6
      vertex 1.66449 11.0336 3.6
    endloop
  endfacet
  facet normal 0 0 1
    outer loop
      vertex -2.34677 12.1159 3.6
      vertex -1.97852 12.4658 3.6
      vertex -2.31622 12.4658 3.6
    endloop
  endfacet
  facet normal -0 0 1
    outer loop
      vertex -1.97852 9.91063 3.6
      vertex -1.28075 9.59938 3.6
      vertex -1.28075 9.91063 3.6
    endloop
  endfacet
  facet normal 0 0 1
    outer loop
      vertex -1.97852 12.4658 3.6
      vertex -2.34677 12.1159 3.6
      vertex -1.97852 9.91063 3.6
    endloop
  endfacet
  facet normal 0 0 1
    outer loop
      vertex -2.34677 9.91063 3.6
      vertex -1.97852 9.91063 3.6
      vertex -2.34677 12.1159 3.6
    endloop
  endfacet
  facet normal -0 0 1
    outer loop
      vertex -2.34677 9.91063 3.6
      vertex -1.28075 9.59938 3.6
      vertex -1.97852 9.91063 3.6
    endloop
  endfacet
  facet normal 0 0 1
    outer loop
      vertex -3.07709 9.59938 3.6
      vertex -2.34677 9.91063 3.6
      vertex -3.07709 9.91063 3.6
    endloop
  endfacet
  facet normal 0 0 1
    outer loop
      vertex -2.34677 9.91063 3.6
      vertex -3.07709 9.59938 3.6
      vertex -1.28075 9.59938 3.6
    endloop
  endfacet
  facet normal 0 0 1
    outer loop
      vertex -2.99368 11.9999 3.6
      vertex -2.34677 12.1159 3.6
      vertex -2.31622 12.4658 3.6
    endloop
  endfacet
  facet normal 0 0 1
    outer loop
      vertex -2.34677 12.1159 3.6
      vertex -2.99368 11.9999 3.6
      vertex -2.99368 11.6541 3.6
    endloop
  endfacet
  facet normal 0 0 1
    outer loop
      vertex 0.97612 12.4658 3.6
      vertex 0.622116 12.1546 3.6
      vertex 0.97612 12.1688 3.6
    endloop
  endfacet
  facet normal -0 0 1
    outer loop
      vertex -0.917877 12.4658 3.6
      vertex 0.622116 12.1546 3.6
      vertex 0.97612 12.4658 3.6
    endloop
  endfacet
  facet normal 0 0 1
    outer loop
      vertex 0.622116 12.1546 3.6
      vertex -0.917877 12.4658 3.6
      vertex -0.917877 12.1546 3.6
    endloop
  endfacet
  facet normal -0 0 1
    outer loop
      vertex 0.622116 12.1546 3.6
      vertex 0.601288 11.5702 3.6
      vertex 0.97612 12.1688 3.6
    endloop
  endfacet
  facet normal 0 0 1
    outer loop
      vertex 0.154999 11.4092 3.6
      vertex 0.601288 11.5702 3.6
      vertex 0.622116 12.1546 3.6
    endloop
  endfacet
  facet normal 0 0 1
    outer loop
      vertex 0.601288 11.5702 3.6
      vertex 0.154999 11.4092 3.6
      vertex 0.355637 11.117 3.6
    endloop
  endfacet
  facet normal 0 0 1
    outer loop
      vertex -0.156006 10.7559 3.6
      vertex 0.355637 11.117 3.6
      vertex 0.154999 11.4092 3.6
    endloop
  endfacet
  facet normal 0 0 1
    outer loop
      vertex 0.355637 11.117 3.6
      vertex -0.156006 10.7559 3.6
      vertex 0.197205 10.7391 3.6
    endloop
  endfacet
  facet normal 0 0 1
    outer loop
      vertex 0.197205 10.7391 3.6
      vertex -0.156006 10.7559 3.6
      vertex 0.0840454 10.3663 3.6
    endloop
  endfacet
  facet normal 0 0 1
    outer loop
      vertex -0.330688 10.1631 3.6
      vertex 0.0840454 10.3663 3.6
      vertex -0.156006 10.7559 3.6
    endloop
  endfacet
  facet normal 0 0 1
    outer loop
      vertex 0.0840454 10.3663 3.6
      vertex -0.330688 10.1631 3.6
      vertex 0.0161438 9.98947 3.6
    endloop
  endfacet
  facet normal 0 0 1
    outer loop
      vertex -0.388916 9.59938 3.6
      vertex 0.0161438 9.98947 3.6
      vertex -0.330688 10.1631 3.6
    endloop
  endfacet
  facet normal 0 0 1
    outer loop
      vertex 0.0161438 9.98947 3.6
      vertex -0.388916 9.59938 3.6
      vertex -0.00648499 9.59938 3.6
    endloop
  endfacet
  facet normal 0.671068 -0.741396 0
    outer loop
      vertex 2.71906 9.65331 3
      vertex 3.03258 9.93709 3.6
      vertex 2.71906 9.65331 3.6
    endloop
  endfacet
  facet normal 0.671068 -0.741396 0
    outer loop
      vertex 3.03258 9.93709 3.6
      vertex 2.71906 9.65331 3
      vertex 3.03258 9.93709 3
    endloop
  endfacet
  facet normal 0.925243 -0.379375 0
    outer loop
      vertex 3.03258 9.93709 3.6
      vertex 3.22255 10.4004 3
      vertex 3.22255 10.4004 3.6
    endloop
  endfacet
  facet normal 0.925243 -0.379375 0
    outer loop
      vertex 3.22255 10.4004 3
      vertex 3.03258 9.93709 3.6
      vertex 3.03258 9.93709 3
    endloop
  endfacet
  facet normal 0.995037 -0.0995037 0
    outer loop
      vertex 3.22255 10.4004 3.6
      vertex 3.28587 11.0336 3
      vertex 3.28587 11.0336 3.6
    endloop
  endfacet
  facet normal 0.995037 -0.0995037 0
    outer loop
      vertex 3.28587 11.0336 3
      vertex 3.22255 10.4004 3.6
      vertex 3.22255 10.4004 3
    endloop
  endfacet
  facet normal 0.995606 0.093641 0
    outer loop
      vertex 3.28587 11.0336 3.6
      vertex 3.2256 11.6744 3
      vertex 3.2256 11.6744 3.6
    endloop
  endfacet
  facet normal 0.995606 0.093641 0
    outer loop
      vertex 3.2256 11.6744 3
      vertex 3.28587 11.0336 3.6
      vertex 3.28587 11.0336 3
    endloop
  endfacet
  facet normal 0.931164 0.364602 0
    outer loop
      vertex 3.2256 11.6744 3.6
      vertex 3.04478 12.1362 3
      vertex 3.04478 12.1362 3.6
    endloop
  endfacet
  facet normal 0.931164 0.364602 0
    outer loop
      vertex 3.04478 12.1362 3
      vertex 3.2256 11.6744 3.6
      vertex 3.2256 11.6744 3
    endloop
  endfacet
  facet normal 0.672457 0.740136 -0
    outer loop
      vertex 3.04478 12.1362 3
      vertex 2.73737 12.4155 3.6
      vertex 3.04478 12.1362 3.6
    endloop
  endfacet
  facet normal 0.672457 0.740136 0
    outer loop
      vertex 2.73737 12.4155 3.6
      vertex 3.04478 12.1362 3
      vertex 2.73737 12.4155 3
    endloop
  endfacet
  facet normal 0.206718 0.9784 -0
    outer loop
      vertex 2.73737 12.4155 3
      vertex 2.2972 12.5085 3.6
      vertex 2.73737 12.4155 3.6
    endloop
  endfacet
  facet normal 0.206718 0.9784 0
    outer loop
      vertex 2.2972 12.5085 3.6
      vertex 2.73737 12.4155 3
      vertex 2.2972 12.5085 3
    endloop
  endfacet
  facet normal -0.19993 0.97981 0
    outer loop
      vertex 2.2972 12.5085 3
      vertex 1.84633 12.4165 3.6
      vertex 2.2972 12.5085 3.6
    endloop
  endfacet
  facet normal -0.19993 0.97981 0
    outer loop
      vertex 1.84633 12.4165 3.6
      vertex 2.2972 12.5085 3
      vertex 1.84633 12.4165 3
    endloop
  endfacet
  facet normal -0.664012 0.747722 0
    outer loop
      vertex 1.84633 12.4165 3
      vertex 1.53531 12.1403 3.6
      vertex 1.84633 12.4165 3.6
    endloop
  endfacet
  facet normal -0.664012 0.747722 0
    outer loop
      vertex 1.53531 12.1403 3.6
      vertex 1.84633 12.4165 3
      vertex 1.53531 12.1403 3
    endloop
  endfacet
  facet normal -0.930909 0.365252 0
    outer loop
      vertex 1.35451 11.6795 3
      vertex 1.53531 12.1403 3.6
      vertex 1.53531 12.1403 3
    endloop
  endfacet
  facet normal -0.930909 0.365252 0
    outer loop
      vertex 1.53531 12.1403 3.6
      vertex 1.35451 11.6795 3
      vertex 1.35451 11.6795 3.6
    endloop
  endfacet
  facet normal -0.995675 0.0929081 0
    outer loop
      vertex 1.29424 11.0336 3
      vertex 1.35451 11.6795 3.6
      vertex 1.35451 11.6795 3
    endloop
  endfacet
  facet normal -0.995675 0.0929081 0
    outer loop
      vertex 1.35451 11.6795 3.6
      vertex 1.29424 11.0336 3
      vertex 1.29424 11.0336 3.6
    endloop
  endfacet
  facet normal -0.995272 -0.0971317 0
    outer loop
      vertex 1.35628 10.3979 3
      vertex 1.29424 11.0336 3.6
      vertex 1.29424 11.0336 3
    endloop
  endfacet
  facet normal -0.995272 -0.0971317 0
    outer loop
      vertex 1.29424 11.0336 3.6
      vertex 1.35628 10.3979 3
      vertex 1.35628 10.3979 3.6
    endloop
  endfacet
  facet normal -0.927781 -0.373125 0
    outer loop
      vertex 1.54242 9.93506 3
      vertex 1.35628 10.3979 3.6
      vertex 1.35628 10.3979 3
    endloop
  endfacet
  facet normal -0.927781 -0.373125 0
    outer loop
      vertex 1.35628 10.3979 3.6
      vertex 1.54242 9.93506 3
      vertex 1.54242 9.93506 3.6
    endloop
  endfacet
  facet normal -0.673571 -0.739122 0
    outer loop
      vertex 1.54242 9.93506 3
      vertex 1.85216 9.65279 3.6
      vertex 1.54242 9.93506 3.6
    endloop
  endfacet
  facet normal -0.673571 -0.739122 -0
    outer loop
      vertex 1.85216 9.65279 3.6
      vertex 1.54242 9.93506 3
      vertex 1.85216 9.65279 3
    endloop
  endfacet
  facet normal -0.212422 -0.977178 0
    outer loop
      vertex 1.85216 9.65279 3
      vertex 2.28499 9.5587 3.6
      vertex 1.85216 9.65279 3.6
    endloop
  endfacet
  facet normal -0.212422 -0.977178 -0
    outer loop
      vertex 2.28499 9.5587 3.6
      vertex 1.85216 9.65279 3
      vertex 2.28499 9.5587 3
    endloop
  endfacet
  facet normal 0.21296 -0.977061 0
    outer loop
      vertex 2.28499 9.5587 3
      vertex 2.71906 9.65331 3.6
      vertex 2.28499 9.5587 3.6
    endloop
  endfacet
  facet normal 0.21296 -0.977061 0
    outer loop
      vertex 2.71906 9.65331 3.6
      vertex 2.28499 9.5587 3
      vertex 2.71906 9.65331 3
    endloop
  endfacet
  facet normal 0.738676 0.67406 0
    outer loop
      vertex 2.00752 9.92844 3.6
      vertex 1.81401 10.1405 3
      vertex 1.81401 10.1405 3.6
    endloop
  endfacet
  facet normal 0.738676 0.67406 0
    outer loop
      vertex 1.81401 10.1405 3
      vertex 2.00752 9.92844 3.6
      vertex 2.00752 9.92844 3
    endloop
  endfacet
  facet normal 0.955835 0.293905 0
    outer loop
      vertex 1.81401 10.1405 3.6
      vertex 1.70187 10.5052 3
      vertex 1.70187 10.5052 3.6
    endloop
  endfacet
  facet normal 0.955835 0.293905 0
    outer loop
      vertex 1.70187 10.5052 3
      vertex 1.81401 10.1405 3.6
      vertex 1.81401 10.1405 3
    endloop
  endfacet
  facet normal 0.997507 0.0705655 0
    outer loop
      vertex 1.70187 10.5052 3.6
      vertex 1.66449 11.0336 3
      vertex 1.66449 11.0336 3.6
    endloop
  endfacet
  facet normal 0.997507 0.0705655 0
    outer loop
      vertex 1.66449 11.0336 3
      vertex 1.70187 10.5052 3.6
      vertex 1.70187 10.5052 3
    endloop
  endfacet
  facet normal 0.997679 -0.0680882 0
    outer loop
      vertex 1.66449 11.0336 3.6
      vertex 1.70135 11.5737 3
      vertex 1.70135 11.5737 3.6
    endloop
  endfacet
  facet normal 0.997679 -0.0680882 0
    outer loop
      vertex 1.70135 11.5737 3
      vertex 1.66449 11.0336 3.6
      vertex 1.66449 11.0336 3
    endloop
  endfacet
  facet normal 0.956592 -0.29143 0
    outer loop
      vertex 1.70135 11.5737 3.6
      vertex 1.81197 11.9368 3
      vertex 1.81197 11.9368 3.6
    endloop
  endfacet
  facet normal 0.956592 -0.29143 0
    outer loop
      vertex 1.81197 11.9368 3
      vertex 1.70135 11.5737 3.6
      vertex 1.70135 11.5737 3
    endloop
  endfacet
  facet normal 0.726125 -0.687563 0
    outer loop
      vertex 1.81197 11.9368 3.6
      vertex 2.00703 12.1428 3
      vertex 2.00703 12.1428 3.6
    endloop
  endfacet
  facet normal 0.726125 -0.687563 0
    outer loop
      vertex 2.00703 12.1428 3
      vertex 1.81197 11.9368 3.6
      vertex 1.81197 11.9368 3
    endloop
  endfacet
  facet normal 0.230389 -0.973099 0
    outer loop
      vertex 2.00703 12.1428 3
      vertex 2.2972 12.2115 3.6
      vertex 2.00703 12.1428 3.6
    endloop
  endfacet
  facet normal 0.230389 -0.973099 0
    outer loop
      vertex 2.2972 12.2115 3.6
      vertex 2.00703 12.1428 3
      vertex 2.2972 12.2115 3
    endloop
  endfacet
  facet normal -0.239128 -0.970988 0
    outer loop
      vertex 2.2972 12.2115 3
      vertex 2.58022 12.1418 3.6
      vertex 2.2972 12.2115 3.6
    endloop
  endfacet
  facet normal -0.239128 -0.970988 -0
    outer loop
      vertex 2.58022 12.1418 3.6
      vertex 2.2972 12.2115 3
      vertex 2.58022 12.1418 3
    endloop
  endfacet
  facet normal -0.740028 -0.672576 0
    outer loop
      vertex 2.77017 11.9328 3
      vertex 2.58022 12.1418 3.6
      vertex 2.58022 12.1418 3
    endloop
  endfacet
  facet normal -0.740028 -0.672576 0
    outer loop
      vertex 2.58022 12.1418 3.6
      vertex 2.77017 11.9328 3
      vertex 2.77017 11.9328 3.6
    endloop
  endfacet
  facet normal -0.959035 -0.283287 0
    outer loop
      vertex 2.87775 11.5686 3
      vertex 2.77017 11.9328 3.6
      vertex 2.77017 11.9328 3
    endloop
  endfacet
  facet normal -0.959035 -0.283287 0
    outer loop
      vertex 2.77017 11.9328 3.6
      vertex 2.87775 11.5686 3
      vertex 2.87775 11.5686 3.6
    endloop
  endfacet
  facet normal -0.997762 -0.0668594 0
    outer loop
      vertex 2.9136 11.0336 3
      vertex 2.87775 11.5686 3.6
      vertex 2.87775 11.5686 3
    endloop
  endfacet
  facet normal -0.997762 -0.0668594 0
    outer loop
      vertex 2.87775 11.5686 3.6
      vertex 2.9136 11.0336 3
      vertex 2.9136 11.0336 3.6
    endloop
  endfacet
  facet normal -0.997398 0.0720854 0
    outer loop
      vertex 2.87596 10.5128 3
      vertex 2.9136 11.0336 3.6
      vertex 2.9136 11.0336 3
    endloop
  endfacet
  facet normal -0.997398 0.0720854 0
    outer loop
      vertex 2.9136 11.0336 3.6
      vertex 2.87596 10.5128 3
      vertex 2.87596 10.5128 3.6
    endloop
  endfacet
  facet normal -0.955615 0.294618 0
    outer loop
      vertex 2.76306 10.1466 3
      vertex 2.87596 10.5128 3.6
      vertex 2.87596 10.5128 3
    endloop
  endfacet
  facet normal -0.955615 0.294618 0
    outer loop
      vertex 2.87596 10.5128 3.6
      vertex 2.76306 10.1466 3
      vertex 2.76306 10.1466 3.6
    endloop
  endfacet
  facet normal -0.745354 0.666669 0
    outer loop
      vertex 2.56929 9.92996 3
      vertex 2.76306 10.1466 3.6
      vertex 2.76306 10.1466 3
    endloop
  endfacet
  facet normal -0.745354 0.666669 0
    outer loop
      vertex 2.76306 10.1466 3.6
      vertex 2.56929 9.92996 3
      vertex 2.56929 9.92996 3.6
    endloop
  endfacet
  facet normal -0.249537 0.968365 0
    outer loop
      vertex 2.56929 9.92996 3
      vertex 2.28903 9.85774 3.6
      vertex 2.56929 9.92996 3.6
    endloop
  endfacet
  facet normal -0.249537 0.968365 0
    outer loop
      vertex 2.28903 9.85774 3.6
      vertex 2.56929 9.92996 3
      vertex 2.28903 9.85774 3
    endloop
  endfacet
  facet normal 0.243581 0.969881 -0
    outer loop
      vertex 2.28903 9.85774 3
      vertex 2.00752 9.92844 3.6
      vertex 2.28903 9.85774 3.6
    endloop
  endfacet
  facet normal 0.243581 0.969881 0
    outer loop
      vertex 2.00752 9.92844 3.6
      vertex 2.28903 9.85774 3
      vertex 2.00752 9.92844 3
    endloop
  endfacet
  facet normal 0 1 -0
    outer loop
      vertex -1.28075 9.91063 3
      vertex -1.97852 9.91063 3.6
      vertex -1.28075 9.91063 3.6
    endloop
  endfacet
  facet normal 0 1 0
    outer loop
      vertex -1.97852 9.91063 3.6
      vertex -1.28075 9.91063 3
      vertex -1.97852 9.91063 3
    endloop
  endfacet
  facet normal 1 -0 0
    outer loop
      vertex -1.97852 9.91063 3.6
      vertex -1.97852 12.4658 3
      vertex -1.97852 12.4658 3.6
    endloop
  endfacet
  facet normal 1 0 0
    outer loop
      vertex -1.97852 12.4658 3
      vertex -1.97852 9.91063 3.6
      vertex -1.97852 9.91063 3
    endloop
  endfacet
  facet normal 0 1 -0
    outer loop
      vertex -1.97852 12.4658 3
      vertex -2.31622 12.4658 3.6
      vertex -1.97852 12.4658 3.6
    endloop
  endfacet
  facet normal 0 1 0
    outer loop
      vertex -2.31622 12.4658 3.6
      vertex -1.97852 12.4658 3
      vertex -2.31622 12.4658 3
    endloop
  endfacet
  facet normal -0.56665 0.823959 0
    outer loop
      vertex -2.31622 12.4658 3
      vertex -2.99368 11.9999 3.6
      vertex -2.31622 12.4658 3.6
    endloop
  endfacet
  facet normal -0.56665 0.823959 0
    outer loop
      vertex -2.99368 11.9999 3.6
      vertex -2.31622 12.4658 3
      vertex -2.99368 11.9999 3
    endloop
  endfacet
  facet normal -1 0 0
    outer loop
      vertex -2.99368 11.6541 3
      vertex -2.99368 11.9999 3.6
      vertex -2.99368 11.9999 3
    endloop
  endfacet
  facet normal -1 -0 0
    outer loop
      vertex -2.99368 11.9999 3.6
      vertex -2.99368 11.6541 3
      vertex -2.99368 11.6541 3.6
    endloop
  endfacet
  facet normal 0.581006 -0.813899 0
    outer loop
      vertex -2.99368 11.6541 3
      vertex -2.34677 12.1159 3.6
      vertex -2.99368 11.6541 3.6
    endloop
  endfacet
  facet normal 0.581006 -0.813899 0
    outer loop
      vertex -2.34677 12.1159 3.6
      vertex -2.99368 11.6541 3
      vertex -2.34677 12.1159 3
    endloop
  endfacet
  facet normal -1 0 0
    outer loop
      vertex -2.34677 9.91063 3
      vertex -2.34677 12.1159 3.6
      vertex -2.34677 12.1159 3
    endloop
  endfacet
  facet normal -1 -0 0
    outer loop
      vertex -2.34677 12.1159 3.6
      vertex -2.34677 9.91063 3
      vertex -2.34677 9.91063 3.6
    endloop
  endfacet
  facet normal 0 1 -0
    outer loop
      vertex -2.34677 9.91063 3
      vertex -3.07709 9.91063 3.6
      vertex -2.34677 9.91063 3.6
    endloop
  endfacet
  facet normal 0 1 0
    outer loop
      vertex -3.07709 9.91063 3.6
      vertex -2.34677 9.91063 3
      vertex -3.07709 9.91063 3
    endloop
  endfacet
  facet normal -1 0 0
    outer loop
      vertex -3.07709 9.59938 3
      vertex -3.07709 9.91063 3.6
      vertex -3.07709 9.91063 3
    endloop
  endfacet
  facet normal -1 -0 0
    outer loop
      vertex -3.07709 9.91063 3.6
      vertex -3.07709 9.59938 3
      vertex -3.07709 9.59938 3.6
    endloop
  endfacet
  facet normal 0 -1 0
    outer loop
      vertex -3.07709 9.59938 3
      vertex -1.28075 9.59938 3.6
      vertex -3.07709 9.59938 3.6
    endloop
  endfacet
  facet normal 0 -1 -0
    outer loop
      vertex -1.28075 9.59938 3.6
      vertex -3.07709 9.59938 3
      vertex -1.28075 9.59938 3
    endloop
  endfacet
  facet normal 1 -0 0
    outer loop
      vertex -1.28075 9.59938 3.6
      vertex -1.28075 9.91063 3
      vertex -1.28075 9.91063 3.6
    endloop
  endfacet
  facet normal 1 0 0
    outer loop
      vertex -1.28075 9.91063 3
      vertex -1.28075 9.59938 3.6
      vertex -1.28075 9.59938 3
    endloop
  endfacet
  facet normal 0.98415 -0.177336 0
    outer loop
      vertex 0.0161438 9.98947 3.6
      vertex 0.0840454 10.3663 3
      vertex 0.0840454 10.3663 3.6
    endloop
  endfacet
  facet normal 0.98415 -0.177336 0
    outer loop
      vertex 0.0840454 10.3663 3
      vertex 0.0161438 9.98947 3.6
      vertex 0.0161438 9.98947 3
    endloop
  endfacet
  facet normal 0.956889 -0.290454 0
    outer loop
      vertex 0.0840454 10.3663 3.6
      vertex 0.197205 10.7391 3
      vertex 0.197205 10.7391 3.6
    endloop
  endfacet
  facet normal 0.956889 -0.290454 0
    outer loop
      vertex 0.197205 10.7391 3
      vertex 0.0840454 10.3663 3.6
      vertex 0.0840454 10.3663 3
    endloop
  endfacet
  facet normal 0.922231 -0.386639 0
    outer loop
      vertex 0.197205 10.7391 3.6
      vertex 0.355637 11.117 3
      vertex 0.355637 11.117 3.6
    endloop
  endfacet
  facet normal 0.922231 -0.386639 0
    outer loop
      vertex 0.355637 11.117 3
      vertex 0.197205 10.7391 3.6
      vertex 0.197205 10.7391 3
    endloop
  endfacet
  facet normal 0.879156 -0.476535 0
    outer loop
      vertex 0.355637 11.117 3.6
      vertex 0.601288 11.5702 3
      vertex 0.601288 11.5702 3.6
    endloop
  endfacet
  facet normal 0.879156 -0.476535 0
    outer loop
      vertex 0.601288 11.5702 3
      vertex 0.355637 11.117 3.6
      vertex 0.355637 11.117 3
    endloop
  endfacet
  facet normal 0.847548 -0.530719 0
    outer loop
      vertex 0.601288 11.5702 3.6
      vertex 0.97612 12.1688 3
      vertex 0.97612 12.1688 3.6
    endloop
  endfacet
  facet normal 0.847548 -0.530719 0
    outer loop
      vertex 0.97612 12.1688 3
      vertex 0.601288 11.5702 3.6
      vertex 0.601288 11.5702 3
    endloop
  endfacet
  facet normal 1 -0 0
    outer loop
      vertex 0.97612 12.1688 3.6
      vertex 0.97612 12.4658 3
      vertex 0.97612 12.4658 3.6
    endloop
  endfacet
  facet normal 1 0 0
    outer loop
      vertex 0.97612 12.4658 3
      vertex 0.97612 12.1688 3.6
      vertex 0.97612 12.1688 3
    endloop
  endfacet
  facet normal 0 1 -0
    outer loop
      vertex 0.97612 12.4658 3
      vertex -0.917877 12.4658 3.6
      vertex 0.97612 12.4658 3.6
    endloop
  endfacet
  facet normal 0 1 0
    outer loop
      vertex -0.917877 12.4658 3.6
      vertex 0.97612 12.4658 3
      vertex -0.917877 12.4658 3
    endloop
  endfacet
  facet normal -1 0 0
    outer loop
      vertex -0.917877 12.1546 3
      vertex -0.917877 12.4658 3.6
      vertex -0.917877 12.4658 3
    endloop
  endfacet
  facet normal -1 -0 0
    outer loop
      vertex -0.917877 12.4658 3.6
      vertex -0.917877 12.1546 3
      vertex -0.917877 12.1546 3.6
    endloop
  endfacet
  facet normal 0 -1 0
    outer loop
      vertex -0.917877 12.1546 3
      vertex 0.622116 12.1546 3.6
      vertex -0.917877 12.1546 3.6
    endloop
  endfacet
  facet normal 0 -1 -0
    outer loop
      vertex 0.622116 12.1546 3.6
      vertex -0.917877 12.1546 3
      vertex 0.622116 12.1546 3
    endloop
  endfacet
  facet normal -0.847363 0.531014 0
    outer loop
      vertex 0.154999 11.4092 3
      vertex 0.622116 12.1546 3.6
      vertex 0.622116 12.1546 3
    endloop
  endfacet
  facet normal -0.847363 0.531014 0
    outer loop
      vertex 0.622116 12.1546 3.6
      vertex 0.154999 11.4092 3
      vertex 0.154999 11.4092 3.6
    endloop
  endfacet
  facet normal -0.902909 0.429832 0
    outer loop
      vertex -0.156006 10.7559 3
      vertex 0.154999 11.4092 3.6
      vertex 0.154999 11.4092 3
    endloop
  endfacet
  facet normal -0.902909 0.429832 0
    outer loop
      vertex 0.154999 11.4092 3.6
      vertex -0.156006 10.7559 3
      vertex -0.156006 10.7559 3.6
    endloop
  endfacet
  facet normal -0.959221 0.282656 0
    outer loop
      vertex -0.330688 10.1631 3
      vertex -0.156006 10.7559 3.6
      vertex -0.156006 10.7559 3
    endloop
  endfacet
  facet normal -0.959221 0.282656 0
    outer loop
      vertex -0.156006 10.7559 3.6
      vertex -0.330688 10.1631 3
      vertex -0.330688 10.1631 3.6
    endloop
  endfacet
  facet normal -0.994708 0.102746 0
    outer loop
      vertex -0.388916 9.59938 3
      vertex -0.330688 10.1631 3.6
      vertex -0.330688 10.1631 3
    endloop
  endfacet
  facet normal -0.994708 0.102746 0
    outer loop
      vertex -0.330688 10.1631 3.6
      vertex -0.388916 9.59938 3
      vertex -0.388916 9.59938 3.6
    endloop
  endfacet
  facet normal 0 -1 0
    outer loop
      vertex -0.388916 9.59938 3
      vertex -0.00648499 9.59938 3.6
      vertex -0.388916 9.59938 3.6
    endloop
  endfacet
  facet normal 0 -1 -0
    outer loop
      vertex -0.00648499 9.59938 3.6
      vertex -0.388916 9.59938 3
      vertex -0.00648499 9.59938 3
    endloop
  endfacet
  facet normal 0.998322 -0.0579118 0
    outer loop
      vertex -0.00648499 9.59938 3.6
      vertex 0.0161438 9.98947 3
      vertex 0.0161438 9.98947 3.6
    endloop
  endfacet
  facet normal 0.998322 -0.0579118 0
    outer loop
      vertex 0.0161438 9.98947 3
      vertex -0.00648499 9.59938 3.6
      vertex -0.00648499 9.59938 3
    endloop
  endfacet
  facet normal 0 0 1
    outer loop
      vertex 10.553 11.7497 3.6
      vertex 10.9334 11.7701 3.6
      vertex 10.8721 12.0747 3.6
    endloop
  endfacet
  facet normal 0 0 1
    outer loop
      vertex 10.9334 11.7701 3.6
      vertex 10.553 11.7497 3.6
      vertex 10.8993 11.5397 3.6
    endloop
  endfacet
  facet normal -0 0 1
    outer loop
      vertex 10.4197 12.1144 3.6
      vertex 10.8721 12.0747 3.6
      vertex 10.6882 12.3091 3.6
    endloop
  endfacet
  facet normal 0 0 1
    outer loop
      vertex 10.5191 11.5201 3.6
      vertex 10.8993 11.5397 3.6
      vertex 10.553 11.7497 3.6
    endloop
  endfacet
  facet normal 0 0 1
    outer loop
      vertex 10.8993 11.5397 3.6
      vertex 10.5191 11.5201 3.6
      vertex 10.7971 11.3408 3.6
    endloop
  endfacet
  facet normal 0 0 1
    outer loop
      vertex 10.8721 12.0747 3.6
      vertex 10.4197 12.1144 3.6
      vertex 10.553 11.7497 3.6
    endloop
  endfacet
  facet normal 0 0 1
    outer loop
      vertex 10.3986 12.4587 3.6
      vertex 10.4197 12.1144 3.6
      vertex 10.6882 12.3091 3.6
    endloop
  endfacet
  facet normal 0 0 1
    outer loop
      vertex 10.02 12.2359 3.6
      vertex 10.3986 12.4587 3.6
      vertex 10.02 12.5085 3.6
    endloop
  endfacet
  facet normal 0 0 1
    outer loop
      vertex 10.3986 12.4587 3.6
      vertex 10.02 12.2359 3.6
      vertex 10.4197 12.1144 3.6
    endloop
  endfacet
  facet normal 0 0 1
    outer loop
      vertex 10.02 12.5085 3.6
      vertex 9.79239 12.2054 3.6
      vertex 10.02 12.2359 3.6
    endloop
  endfacet
  facet normal -0 0 1
    outer loop
      vertex 9.64896 12.4577 3.6
      vertex 9.79239 12.2054 3.6
      vertex 10.02 12.5085 3.6
    endloop
  endfacet
  facet normal 0 0 1
    outer loop
      vertex 9.64896 12.4577 3.6
      vertex 9.62631 12.1138 3.6
      vertex 9.79239 12.2054 3.6
    endloop
  endfacet
  facet normal -0 0 1
    outer loop
      vertex 9.36183 12.3051 3.6
      vertex 9.62631 12.1138 3.6
      vertex 9.64896 12.4577 3.6
    endloop
  endfacet
  facet normal 0 0 1
    outer loop
      vertex 9.62631 12.1138 3.6
      vertex 9.36183 12.3051 3.6
      vertex 9.52487 11.9618 3.6
    endloop
  endfacet
  facet normal -0 0 1
    outer loop
      vertex 9.17799 12.0706 3.6
      vertex 9.52487 11.9618 3.6
      vertex 9.36183 12.3051 3.6
    endloop
  endfacet
  facet normal 0 0 1
    outer loop
      vertex 9.52487 11.9618 3.6
      vertex 9.17799 12.0706 3.6
      vertex 9.49104 11.7497 3.6
    endloop
  endfacet
  facet normal 0 -0 1
    outer loop
      vertex 9.15053 11.5437 3.6
      vertex 9.49104 11.7497 3.6
      vertex 9.11671 11.7741 3.6
    endloop
  endfacet
  facet normal 0 0 1
    outer loop
      vertex 9.49104 11.7497 3.6
      vertex 9.17799 12.0706 3.6
      vertex 9.11671 11.7741 3.6
    endloop
  endfacet
  facet normal 0 -0 1
    outer loop
      vertex 9.25198 11.3449 3.6
      vertex 9.49104 11.7497 3.6
      vertex 9.15053 11.5437 3.6
    endloop
  endfacet
  facet normal 0 0 1
    outer loop
      vertex 9.49104 11.7497 3.6
      vertex 9.25198 11.3449 3.6
      vertex 9.41194 11.1938 3.6
    endloop
  endfacet
  facet normal 0 0 1
    outer loop
      vertex 10.7971 11.3408 3.6
      vertex 10.5191 11.5201 3.6
      vertex 10.6359 11.1918 3.6
    endloop
  endfacet
  facet normal -0 0 1
    outer loop
      vertex 10.4177 11.3642 3.6
      vertex 10.6359 11.1918 3.6
      vertex 10.5191 11.5201 3.6
    endloop
  endfacet
  facet normal -0 0 1
    outer loop
      vertex 10.2516 11.2749 3.6
      vertex 10.4248 11.1109 3.6
      vertex 10.4177 11.3642 3.6
    endloop
  endfacet
  facet normal 0 0 1
    outer loop
      vertex 10.6359 11.1918 3.6
      vertex 10.4177 11.3642 3.6
      vertex 10.4248 11.1109 3.6
    endloop
  endfacet
  facet normal 0 0 1
    outer loop
      vertex 10.9664 10.658 3.6
      vertex 10.5845 10.6672 3.6
      vertex 10.6242 10.4335 3.6
    endloop
  endfacet
  facet normal 0 0 1
    outer loop
      vertex 10.6689 11.0222 3.6
      vertex 10.4655 10.8353 3.6
      vertex 10.5845 10.6672 3.6
    endloop
  endfacet
  facet normal 0 0 1
    outer loop
      vertex 10.4248 11.1028 3.6
      vertex 10.4655 10.8353 3.6
      vertex 10.6689 11.0222 3.6
    endloop
  endfacet
  facet normal 0 0 1
    outer loop
      vertex 10.4248 11.1028 3.6
      vertex 10.2747 10.9367 3.6
      vertex 10.4655 10.8353 3.6
    endloop
  endfacet
  facet normal 0 0 1
    outer loop
      vertex 10.4248 11.1109 3.6
      vertex 10.2516 11.2749 3.6
      vertex 10.4248 11.1028 3.6
    endloop
  endfacet
  facet normal 0 0 1
    outer loop
      vertex 10.4248 11.1028 3.6
      vertex 10.2516 11.2749 3.6
      vertex 10.2747 10.9367 3.6
    endloop
  endfacet
  facet normal 0 0 1
    outer loop
      vertex 10.02 10.9706 3.6
      vertex 10.2516 11.2749 3.6
      vertex 10.024 11.2452 3.6
    endloop
  endfacet
  facet normal 0 0 1
    outer loop
      vertex 10.2516 11.2749 3.6
      vertex 10.02 10.9706 3.6
      vertex 10.2747 10.9367 3.6
    endloop
  endfacet
  facet normal 0 0 1
    outer loop
      vertex 9.79849 11.2775 3.6
      vertex 10.02 10.9706 3.6
      vertex 10.024 11.2452 3.6
    endloop
  endfacet
  facet normal 0 0 1
    outer loop
      vertex 9.79849 11.2775 3.6
      vertex 9.77179 10.9342 3.6
      vertex 10.02 10.9706 3.6
    endloop
  endfacet
  facet normal 0 0 1
    outer loop
      vertex 9.62125 11.1068 3.6
      vertex 9.79849 11.2775 3.6
      vertex 9.6304 11.3743 3.6
    endloop
  endfacet
  facet normal 0 0 1
    outer loop
      vertex 9.79849 11.2775 3.6
      vertex 9.62125 11.1068 3.6
      vertex 9.77179 10.9342 3.6
    endloop
  endfacet
  facet normal -0 0 1
    outer loop
      vertex 9.62125 11.0987 3.6
      vertex 9.77179 10.9342 3.6
      vertex 9.62125 11.1068 3.6
    endloop
  endfacet
  facet normal 0 0 1
    outer loop
      vertex 9.62125 11.0987 3.6
      vertex 9.58463 10.8251 3.6
      vertex 9.77179 10.9342 3.6
    endloop
  endfacet
  facet normal -0 0 1
    outer loop
      vertex 9.39339 11.0204 3.6
      vertex 9.58463 10.8251 3.6
      vertex 9.62125 11.0987 3.6
    endloop
  endfacet
  facet normal 0 0 1
    outer loop
      vertex 9.58463 10.8251 3.6
      vertex 9.21028 10.8668 3.6
      vertex 9.46712 10.6524 3.6
    endloop
  endfacet
  facet normal -0 0 1
    outer loop
      vertex 9.21028 10.8668 3.6
      vertex 9.58463 10.8251 3.6
      vertex 9.39339 11.0204 3.6
    endloop
  endfacet
  facet normal -0 0 1
    outer loop
      vertex 10.6242 10.4335 3.6
      vertex 11.0046 10.3989 3.6
      vertex 10.9664 10.658 3.6
    endloop
  endfacet
  facet normal -0 0 1
    outer loop
      vertex 10.5845 10.6672 3.6
      vertex 10.9664 10.658 3.6
      vertex 10.852 10.8699 3.6
    endloop
  endfacet
  facet normal 0 0 1
    outer loop
      vertex 10.5875 10.1626 3.6
      vertex 11.0046 10.3989 3.6
      vertex 10.6242 10.4335 3.6
    endloop
  endfacet
  facet normal 0 0 1
    outer loop
      vertex 10.5845 10.6672 3.6
      vertex 10.852 10.8699 3.6
      vertex 10.6689 11.0222 3.6
    endloop
  endfacet
  facet normal 0 0 1
    outer loop
      vertex 11.0046 10.3989 3.6
      vertex 10.5875 10.1626 3.6
      vertex 10.9415 10.0459 3.6
    endloop
  endfacet
  facet normal 0 0 1
    outer loop
      vertex 10.9415 10.0459 3.6
      vertex 10.5875 10.1626 3.6
      vertex 10.7523 9.78043 3.6
    endloop
  endfacet
  facet normal -0 0 1
    outer loop
      vertex 10.4777 9.97675 3.6
      vertex 10.7523 9.78043 3.6
      vertex 10.5875 10.1626 3.6
    endloop
  endfacet
  facet normal 0 0 1
    outer loop
      vertex 10.4777 9.97675 3.6
      vertex 10.4451 9.61414 3.6
      vertex 10.7523 9.78043 3.6
    endloop
  endfacet
  facet normal -0 0 1
    outer loop
      vertex 10.2931 9.86919 3.6
      vertex 10.4451 9.61414 3.6
      vertex 10.4777 9.97675 3.6
    endloop
  endfacet
  facet normal 0 0 1
    outer loop
      vertex 10.0281 9.5587 3.6
      vertex 10.2931 9.86919 3.6
      vertex 10.0322 9.83333 3.6
    endloop
  endfacet
  facet normal 0 0 1
    outer loop
      vertex 10.2931 9.86919 3.6
      vertex 10.0281 9.5587 3.6
      vertex 10.4451 9.61414 3.6
    endloop
  endfacet
  facet normal 0 0 1
    outer loop
      vertex 10.0322 9.83333 3.6
      vertex 9.61844 9.61313 3.6
      vertex 10.0281 9.5587 3.6
    endloop
  endfacet
  facet normal 0 0 1
    outer loop
      vertex 9.57901 9.98132 3.6
      vertex 9.61844 9.61313 3.6
      vertex 10.0322 9.83333 3.6
    endloop
  endfacet
  facet normal -0 0 1
    outer loop
      vertex 9.11441 10.0398 3.6
      vertex 9.57901 9.98132 3.6
      vertex 9.42796 10.4253 3.6
    endloop
  endfacet
  facet normal 0 0 1
    outer loop
      vertex 9.57901 9.98132 3.6
      vertex 9.30894 9.77638 3.6
      vertex 9.61844 9.61313 3.6
    endloop
  endfacet
  facet normal -0 0 1
    outer loop
      vertex 9.08975 10.6532 3.6
      vertex 9.46712 10.6524 3.6
      vertex 9.21028 10.8668 3.6
    endloop
  endfacet
  facet normal 0 0 1
    outer loop
      vertex 9.46712 10.6524 3.6
      vertex 9.08975 10.6532 3.6
      vertex 9.42796 10.4253 3.6
    endloop
  endfacet
  facet normal 0 -0 1
    outer loop
      vertex 9.11441 10.0398 3.6
      vertex 9.42796 10.4253 3.6
      vertex 9.04958 10.3948 3.6
    endloop
  endfacet
  facet normal 0 0 1
    outer loop
      vertex 9.42796 10.4253 3.6
      vertex 9.08975 10.6532 3.6
      vertex 9.04958 10.3948 3.6
    endloop
  endfacet
  facet normal 0 0 1
    outer loop
      vertex 9.57901 9.98132 3.6
      vertex 9.11441 10.0398 3.6
      vertex 9.30894 9.77638 3.6
    endloop
  endfacet
  facet normal 0 0 1
    outer loop
      vertex 9.41194 11.1938 3.6
      vertex 9.6304 11.3743 3.6
      vertex 9.52588 11.5328 3.6
    endloop
  endfacet
  facet normal 0 0 1
    outer loop
      vertex 9.6304 11.3743 3.6
      vertex 9.41194 11.1938 3.6
      vertex 9.62125 11.1068 3.6
    endloop
  endfacet
  facet normal 0 0 1
    outer loop
      vertex 9.41194 11.1938 3.6
      vertex 9.52588 11.5328 3.6
      vertex 9.49104 11.7497 3.6
    endloop
  endfacet
  facet normal -0 0 1
    outer loop
      vertex 12.8777 11.5686 3.6
      vertex 13.2859 11.0336 3.6
      vertex 13.2256 11.6744 3.6
    endloop
  endfacet
  facet normal -0 0 1
    outer loop
      vertex 12.7702 11.9328 3.6
      vertex 13.2256 11.6744 3.6
      vertex 13.0448 12.1362 3.6
    endloop
  endfacet
  facet normal 0 0 1
    outer loop
      vertex 12.876 10.5128 3.6
      vertex 13.2859 11.0336 3.6
      vertex 12.9136 11.0336 3.6
    endloop
  endfacet
  facet normal 0 0 1
    outer loop
      vertex 13.2859 11.0336 3.6
      vertex 12.876 10.5128 3.6
      vertex 13.2225 10.4004 3.6
    endloop
  endfacet
  facet normal 0 0 1
    outer loop
      vertex 13.2859 11.0336 3.6
      vertex 12.8777 11.5686 3.6
      vertex 12.9136 11.0336 3.6
    endloop
  endfacet
  facet normal 0 0 1
    outer loop
      vertex 13.2256 11.6744 3.6
      vertex 12.7702 11.9328 3.6
      vertex 12.8777 11.5686 3.6
    endloop
  endfacet
  facet normal -0 0 1
    outer loop
      vertex 12.5802 12.1418 3.6
      vertex 13.0448 12.1362 3.6
      vertex 12.7374 12.4155 3.6
    endloop
  endfacet
  facet normal 0 0 1
    outer loop
      vertex 13.0448 12.1362 3.6
      vertex 12.5802 12.1418 3.6
      vertex 12.7702 11.9328 3.6
    endloop
  endfacet
  facet normal 0 0 1
    outer loop
      vertex 12.2972 12.5085 3.6
      vertex 12.5802 12.1418 3.6
      vertex 12.7374 12.4155 3.6
    endloop
  endfacet
  facet normal 0 0 1
    outer loop
      vertex 12.2972 12.5085 3.6
      vertex 12.2972 12.2115 3.6
      vertex 12.5802 12.1418 3.6
    endloop
  endfacet
  facet normal 0 0 1
    outer loop
      vertex 12.2972 12.5085 3.6
      vertex 12.007 12.1428 3.6
      vertex 12.2972 12.2115 3.6
    endloop
  endfacet
  facet normal -0 0 1
    outer loop
      vertex 11.8463 12.4165 3.6
      vertex 12.007 12.1428 3.6
      vertex 12.2972 12.5085 3.6
    endloop
  endfacet
  facet normal 0 0 1
    outer loop
      vertex 11.5353 12.1403 3.6
      vertex 12.007 12.1428 3.6
      vertex 11.8463 12.4165 3.6
    endloop
  endfacet
  facet normal 0 0 1
    outer loop
      vertex 12.007 12.1428 3.6
      vertex 11.5353 12.1403 3.6
      vertex 11.812 11.9368 3.6
    endloop
  endfacet
  facet normal 0 0 1
    outer loop
      vertex 11.2942 11.0336 3.6
      vertex 11.6645 11.0336 3.6
      vertex 11.7014 11.5737 3.6
    endloop
  endfacet
  facet normal 0 0 1
    outer loop
      vertex 11.3545 11.6795 3.6
      vertex 11.812 11.9368 3.6
      vertex 11.5353 12.1403 3.6
    endloop
  endfacet
  facet normal 0 0 1
    outer loop
      vertex 11.812 11.9368 3.6
      vertex 11.3545 11.6795 3.6
      vertex 11.7014 11.5737 3.6
    endloop
  endfacet
  facet normal 0 0 1
    outer loop
      vertex 11.6645 11.0336 3.6
      vertex 11.2942 11.0336 3.6
      vertex 11.3563 10.3979 3.6
    endloop
  endfacet
  facet normal 0 0 1
    outer loop
      vertex 11.7014 11.5737 3.6
      vertex 11.3545 11.6795 3.6
      vertex 11.2942 11.0336 3.6
    endloop
  endfacet
  facet normal 0 0 1
    outer loop
      vertex 11.6645 11.0336 3.6
      vertex 11.3563 10.3979 3.6
      vertex 11.5424 9.93506 3.6
    endloop
  endfacet
  facet normal 0 0 1
    outer loop
      vertex 12.7631 10.1466 3.6
      vertex 13.2225 10.4004 3.6
      vertex 12.876 10.5128 3.6
    endloop
  endfacet
  facet normal 0 0 1
    outer loop
      vertex 13.2225 10.4004 3.6
      vertex 12.7631 10.1466 3.6
      vertex 13.0326 9.93709 3.6
    endloop
  endfacet
  facet normal 0 0 1
    outer loop
      vertex 12.5693 9.92996 3.6
      vertex 13.0326 9.93709 3.6
      vertex 12.7631 10.1466 3.6
    endloop
  endfacet
  facet normal 0 0 1
    outer loop
      vertex 13.0326 9.93709 3.6
      vertex 12.5693 9.92996 3.6
      vertex 12.7191 9.65331 3.6
    endloop
  endfacet
  facet normal 0 0 1
    outer loop
      vertex 12.285 9.5587 3.6
      vertex 12.5693 9.92996 3.6
      vertex 12.289 9.85774 3.6
    endloop
  endfacet
  facet normal 0 0 1
    outer loop
      vertex 12.5693 9.92996 3.6
      vertex 12.285 9.5587 3.6
      vertex 12.7191 9.65331 3.6
    endloop
  endfacet
  facet normal 0 0 1
    outer loop
      vertex 12.0075 9.92844 3.6
      vertex 12.285 9.5587 3.6
      vertex 12.289 9.85774 3.6
    endloop
  endfacet
  facet normal 0 0 1
    outer loop
      vertex 12.0075 9.92844 3.6
      vertex 11.8522 9.65279 3.6
      vertex 12.285 9.5587 3.6
    endloop
  endfacet
  facet normal -0 0 1
    outer loop
      vertex 11.5424 9.93506 3.6
      vertex 12.0075 9.92844 3.6
      vertex 11.814 10.1405 3.6
    endloop
  endfacet
  facet normal 0 0 1
    outer loop
      vertex 11.5424 9.93506 3.6
      vertex 11.814 10.1405 3.6
      vertex 11.7019 10.5052 3.6
    endloop
  endfacet
  facet normal 0 0 1
    outer loop
      vertex 12.0075 9.92844 3.6
      vertex 11.5424 9.93506 3.6
      vertex 11.8522 9.65279 3.6
    endloop
  endfacet
  facet normal 0 0 1
    outer loop
      vertex 11.5424 9.93506 3.6
      vertex 11.7019 10.5052 3.6
      vertex 11.6645 11.0336 3.6
    endloop
  endfacet
  facet normal 0 0 1
    outer loop
      vertex 7.65323 12.1159 3.6
      vertex 8.02148 12.4658 3.6
      vertex 7.68378 12.4658 3.6
    endloop
  endfacet
  facet normal -0 0 1
    outer loop
      vertex 8.02148 9.91063 3.6
      vertex 8.71925 9.59938 3.6
      vertex 8.71925 9.91063 3.6
    endloop
  endfacet
  facet normal 0 0 1
    outer loop
      vertex 8.02148 12.4658 3.6
      vertex 7.65323 12.1159 3.6
      vertex 8.02148 9.91063 3.6
    endloop
  endfacet
  facet normal 0 0 1
    outer loop
      vertex 7.65323 9.91063 3.6
      vertex 8.02148 9.91063 3.6
      vertex 7.65323 12.1159 3.6
    endloop
  endfacet
  facet normal -0 0 1
    outer loop
      vertex 7.65323 9.91063 3.6
      vertex 8.71925 9.59938 3.6
      vertex 8.02148 9.91063 3.6
    endloop
  endfacet
  facet normal 0 0 1
    outer loop
      vertex 6.92291 9.59938 3.6
      vertex 7.65323 9.91063 3.6
      vertex 6.92291 9.91063 3.6
    endloop
  endfacet
  facet normal 0 0 1
    outer loop
      vertex 7.65323 9.91063 3.6
      vertex 6.92291 9.59938 3.6
      vertex 8.71925 9.59938 3.6
    endloop
  endfacet
  facet normal 0 0 1
    outer loop
      vertex 7.00632 11.9999 3.6
      vertex 7.65323 12.1159 3.6
      vertex 7.68378 12.4658 3.6
    endloop
  endfacet
  facet normal 0 0 1
    outer loop
      vertex 7.65323 12.1159 3.6
      vertex 7.00632 11.9999 3.6
      vertex 7.00632 11.6541 3.6
    endloop
  endfacet
  facet normal 0.47604 -0.879424 0
    outer loop
      vertex 10.4451 9.61414 3
      vertex 10.7523 9.78043 3.6
      vertex 10.4451 9.61414 3.6
    endloop
  endfacet
  facet normal 0.47604 -0.879424 0
    outer loop
      vertex 10.7523 9.78043 3.6
      vertex 10.4451 9.61414 3
      vertex 10.7523 9.78043 3
    endloop
  endfacet
  facet normal 0.814344 -0.580382 0
    outer loop
      vertex 10.7523 9.78043 3.6
      vertex 10.9415 10.0459 3
      vertex 10.9415 10.0459 3.6
    endloop
  endfacet
  facet normal 0.814344 -0.580382 0
    outer loop
      vertex 10.9415 10.0459 3
      vertex 10.7523 9.78043 3.6
      vertex 10.7523 9.78043 3
    endloop
  endfacet
  facet normal 0.984397 -0.175964 0
    outer loop
      vertex 10.9415 10.0459 3.6
      vertex 11.0046 10.3989 3
      vertex 11.0046 10.3989 3.6
    endloop
  endfacet
  facet normal 0.984397 -0.175964 0
    outer loop
      vertex 11.0046 10.3989 3
      vertex 10.9415 10.0459 3.6
      vertex 10.9415 10.0459 3
    endloop
  endfacet
  facet normal 0.989306 0.145857 0
    outer loop
      vertex 11.0046 10.3989 3.6
      vertex 10.9664 10.658 3
      vertex 10.9664 10.658 3.6
    endloop
  endfacet
  facet normal 0.989306 0.145857 0
    outer loop
      vertex 10.9664 10.658 3
      vertex 11.0046 10.3989 3.6
      vertex 11.0046 10.3989 3
    endloop
  endfacet
  facet normal 0.879951 0.475065 0
    outer loop
      vertex 10.9664 10.658 3.6
      vertex 10.852 10.8699 3
      vertex 10.852 10.8699 3.6
    endloop
  endfacet
  facet normal 0.879951 0.475065 0
    outer loop
      vertex 10.852 10.8699 3
      vertex 10.9664 10.658 3.6
      vertex 10.9664 10.658 3
    endloop
  endfacet
  facet normal 0.639482 0.768806 -0
    outer loop
      vertex 10.852 10.8699 3
      vertex 10.6689 11.0222 3.6
      vertex 10.852 10.8699 3.6
    endloop
  endfacet
  facet normal 0.639482 0.768806 0
    outer loop
      vertex 10.6689 11.0222 3.6
      vertex 10.852 10.8699 3
      vertex 10.6689 11.0222 3
    endloop
  endfacet
  facet normal 0.313542 0.949574 -0
    outer loop
      vertex 10.6689 11.0222 3
      vertex 10.4248 11.1028 3.6
      vertex 10.6689 11.0222 3.6
    endloop
  endfacet
  facet normal 0.313542 0.949574 0
    outer loop
      vertex 10.4248 11.1028 3.6
      vertex 10.6689 11.0222 3
      vertex 10.4248 11.1028 3
    endloop
  endfacet
  facet normal 1 -0 0
    outer loop
      vertex 10.4248 11.1028 3.6
      vertex 10.4248 11.1109 3
      vertex 10.4248 11.1109 3.6
    endloop
  endfacet
  facet normal 1 0 0
    outer loop
      vertex 10.4248 11.1109 3
      vertex 10.4248 11.1028 3.6
      vertex 10.4248 11.1028 3
    endloop
  endfacet
  facet normal 0.357852 -0.933778 0
    outer loop
      vertex 10.4248 11.1109 3
      vertex 10.6359 11.1918 3.6
      vertex 10.4248 11.1109 3.6
    endloop
  endfacet
  facet normal 0.357852 -0.933778 0
    outer loop
      vertex 10.6359 11.1918 3.6
      vertex 10.4248 11.1109 3
      vertex 10.6359 11.1918 3
    endloop
  endfacet
  facet normal 0.678772 -0.734349 0
    outer loop
      vertex 10.6359 11.1918 3
      vertex 10.7971 11.3408 3.6
      vertex 10.6359 11.1918 3.6
    endloop
  endfacet
  facet normal 0.678772 -0.734349 0
    outer loop
      vertex 10.7971 11.3408 3.6
      vertex 10.6359 11.1918 3
      vertex 10.7971 11.3408 3
    endloop
  endfacet
  facet normal 0.889454 -0.457025 0
    outer loop
      vertex 10.7971 11.3408 3.6
      vertex 10.8993 11.5397 3
      vertex 10.8993 11.5397 3.6
    endloop
  endfacet
  facet normal 0.889454 -0.457025 0
    outer loop
      vertex 10.8993 11.5397 3
      vertex 10.7971 11.3408 3.6
      vertex 10.7971 11.3408 3
    endloop
  endfacet
  facet normal 0.989224 -0.146409 0
    outer loop
      vertex 10.8993 11.5397 3.6
      vertex 10.9334 11.7701 3
      vertex 10.9334 11.7701 3.6
    endloop
  endfacet
  facet normal 0.989224 -0.146409 0
    outer loop
      vertex 10.9334 11.7701 3
      vertex 10.8993 11.5397 3.6
      vertex 10.8993 11.5397 3
    endloop
  endfacet
  facet normal 0.980345 0.197292 0
    outer loop
      vertex 10.9334 11.7701 3.6
      vertex 10.8721 12.0747 3
      vertex 10.8721 12.0747 3.6
    endloop
  endfacet
  facet normal 0.980345 0.197292 0
    outer loop
      vertex 10.8721 12.0747 3
      vertex 10.9334 11.7701 3.6
      vertex 10.9334 11.7701 3
    endloop
  endfacet
  facet normal 0.786761 0.617258 0
    outer loop
      vertex 10.8721 12.0747 3.6
      vertex 10.6882 12.3091 3
      vertex 10.6882 12.3091 3.6
    endloop
  endfacet
  facet normal 0.786761 0.617258 0
    outer loop
      vertex 10.6882 12.3091 3
      vertex 10.8721 12.0747 3.6
      vertex 10.8721 12.0747 3
    endloop
  endfacet
  facet normal 0.458955 0.888459 -0
    outer loop
      vertex 10.6882 12.3091 3
      vertex 10.3986 12.4587 3.6
      vertex 10.6882 12.3091 3.6
    endloop
  endfacet
  facet normal 0.458955 0.888459 0
    outer loop
      vertex 10.3986 12.4587 3.6
      vertex 10.6882 12.3091 3
      vertex 10.3986 12.4587 3
    endloop
  endfacet
  facet normal 0.130414 0.99146 -0
    outer loop
      vertex 10.3986 12.4587 3
      vertex 10.02 12.5085 3.6
      vertex 10.3986 12.4587 3.6
    endloop
  endfacet
  facet normal 0.130414 0.99146 0
    outer loop
      vertex 10.02 12.5085 3.6
      vertex 10.3986 12.4587 3
      vertex 10.02 12.5085 3
    endloop
  endfacet
  facet normal -0.135647 0.990757 0
    outer loop
      vertex 10.02 12.5085 3
      vertex 9.64896 12.4577 3.6
      vertex 10.02 12.5085 3.6
    endloop
  endfacet
  facet normal -0.135647 0.990757 0
    outer loop
      vertex 9.64896 12.4577 3.6
      vertex 10.02 12.5085 3
      vertex 9.64896 12.4577 3
    endloop
  endfacet
  facet normal -0.469304 0.883036 0
    outer loop
      vertex 9.64896 12.4577 3
      vertex 9.36183 12.3051 3.6
      vertex 9.64896 12.4577 3.6
    endloop
  endfacet
  facet normal -0.469304 0.883036 0
    outer loop
      vertex 9.36183 12.3051 3.6
      vertex 9.64896 12.4577 3
      vertex 9.36183 12.3051 3
    endloop
  endfacet
  facet normal -0.786986 0.61697 0
    outer loop
      vertex 9.17799 12.0706 3
      vertex 9.36183 12.3051 3.6
      vertex 9.36183 12.3051 3
    endloop
  endfacet
  facet normal -0.786986 0.61697 0
    outer loop
      vertex 9.36183 12.3051 3.6
      vertex 9.17799 12.0706 3
      vertex 9.17799 12.0706 3.6
    endloop
  endfacet
  facet normal -0.979303 0.2024 0
    outer loop
      vertex 9.11671 11.7741 3
      vertex 9.17799 12.0706 3.6
      vertex 9.17799 12.0706 3
    endloop
  endfacet
  facet normal -0.979303 0.2024 0
    outer loop
      vertex 9.17799 12.0706 3.6
      vertex 9.11671 11.7741 3
      vertex 9.11671 11.7741 3.6
    endloop
  endfacet
  facet normal -0.989398 -0.145232 0
    outer loop
      vertex 9.15053 11.5437 3
      vertex 9.11671 11.7741 3.6
      vertex 9.11671 11.7741 3
    endloop
  endfacet
  facet normal -0.989398 -0.145232 0
    outer loop
      vertex 9.11671 11.7741 3.6
      vertex 9.15053 11.5437 3
      vertex 9.15053 11.5437 3.6
    endloop
  endfacet
  facet normal -0.890723 -0.454547 0
    outer loop
      vertex 9.25198 11.3449 3
      vertex 9.15053 11.5437 3.6
      vertex 9.15053 11.5437 3
    endloop
  endfacet
  facet normal -0.890723 -0.454547 0
    outer loop
      vertex 9.15053 11.5437 3.6
      vertex 9.25198 11.3449 3
      vertex 9.25198 11.3449 3.6
    endloop
  endfacet
  facet normal -0.686688 -0.726953 0
    outer loop
      vertex 9.25198 11.3449 3
      vertex 9.41194 11.1938 3.6
      vertex 9.25198 11.3449 3.6
    endloop
  endfacet
  facet normal -0.686688 -0.726953 -0
    outer loop
      vertex 9.41194 11.1938 3.6
      vertex 9.25198 11.3449 3
      vertex 9.41194 11.1938 3
    endloop
  endfacet
  facet normal -0.383816 -0.923409 0
    outer loop
      vertex 9.41194 11.1938 3
      vertex 9.62125 11.1068 3.6
      vertex 9.41194 11.1938 3.6
    endloop
  endfacet
  facet normal -0.383816 -0.923409 -0
    outer loop
      vertex 9.62125 11.1068 3.6
      vertex 9.41194 11.1938 3
      vertex 9.62125 11.1068 3
    endloop
  endfacet
  facet normal -1 0 0
    outer loop
      vertex 9.62125 11.0987 3
      vertex 9.62125 11.1068 3.6
      vertex 9.62125 11.1068 3
    endloop
  endfacet
  facet normal -1 -0 0
    outer loop
      vertex 9.62125 11.1068 3.6
      vertex 9.62125 11.0987 3
      vertex 9.62125 11.0987 3.6
    endloop
  endfacet
  facet normal -0.32498 0.945721 0
    outer loop
      vertex 9.62125 11.0987 3
      vertex 9.39339 11.0204 3.6
      vertex 9.62125 11.0987 3.6
    endloop
  endfacet
  facet normal -0.32498 0.945721 0
    outer loop
      vertex 9.39339 11.0204 3.6
      vertex 9.62125 11.0987 3
      vertex 9.39339 11.0204 3
    endloop
  endfacet
  facet normal -0.642671 0.766142 0
    outer loop
      vertex 9.39339 11.0204 3
      vertex 9.21028 10.8668 3.6
      vertex 9.39339 11.0204 3.6
    endloop
  endfacet
  facet normal -0.642671 0.766142 0
    outer loop
      vertex 9.21028 10.8668 3.6
      vertex 9.39339 11.0204 3
      vertex 9.21028 10.8668 3
    endloop
  endfacet
  facet normal -0.870913 0.491438 0
    outer loop
      vertex 9.08975 10.6532 3
      vertex 9.21028 10.8668 3.6
      vertex 9.21028 10.8668 3
    endloop
  endfacet
  facet normal -0.870913 0.491438 0
    outer loop
      vertex 9.21028 10.8668 3.6
      vertex 9.08975 10.6532 3
      vertex 9.08975 10.6532 3.6
    endloop
  endfacet
  facet normal -0.988131 0.153612 0
    outer loop
      vertex 9.04958 10.3948 3
      vertex 9.08975 10.6532 3.6
      vertex 9.08975 10.6532 3
    endloop
  endfacet
  facet normal -0.988131 0.153612 0
    outer loop
      vertex 9.08975 10.6532 3.6
      vertex 9.04958 10.3948 3
      vertex 9.04958 10.3948 3.6
    endloop
  endfacet
  facet normal -0.983731 -0.179649 0
    outer loop
      vertex 9.11441 10.0398 3
      vertex 9.04958 10.3948 3.6
      vertex 9.04958 10.3948 3
    endloop
  endfacet
  facet normal -0.983731 -0.179649 0
    outer loop
      vertex 9.04958 10.3948 3.6
      vertex 9.11441 10.0398 3
      vertex 9.11441 10.0398 3.6
    endloop
  endfacet
  facet normal -0.804427 -0.594052 0
    outer loop
      vertex 9.30894 9.77638 3
      vertex 9.11441 10.0398 3.6
      vertex 9.11441 10.0398 3
    endloop
  endfacet
  facet normal -0.804427 -0.594052 0
    outer loop
      vertex 9.11441 10.0398 3.6
      vertex 9.30894 9.77638 3
      vertex 9.30894 9.77638 3.6
    endloop
  endfacet
  facet normal -0.466541 -0.884499 0
    outer loop
      vertex 9.30894 9.77638 3
      vertex 9.61844 9.61313 3.6
      vertex 9.30894 9.77638 3.6
    endloop
  endfacet
  facet normal -0.466541 -0.884499 -0
    outer loop
      vertex 9.61844 9.61313 3.6
      vertex 9.30894 9.77638 3
      vertex 9.61844 9.61313 3
    endloop
  endfacet
  facet normal -0.131709 -0.991288 0
    outer loop
      vertex 9.61844 9.61313 3
      vertex 10.0281 9.5587 3.6
      vertex 9.61844 9.61313 3.6
    endloop
  endfacet
  facet normal -0.131709 -0.991288 -0
    outer loop
      vertex 10.0281 9.5587 3.6
      vertex 9.61844 9.61313 3
      vertex 10.0281 9.5587 3
    endloop
  endfacet
  facet normal 0.13179 -0.991278 0
    outer loop
      vertex 10.0281 9.5587 3
      vertex 10.4451 9.61414 3.6
      vertex 10.0281 9.5587 3.6
    endloop
  endfacet
  facet normal 0.13179 -0.991278 0
    outer loop
      vertex 10.4451 9.61414 3.6
      vertex 10.0281 9.5587 3
      vertex 10.4451 9.61414 3
    endloop
  endfacet
  facet normal 0.499045 0.866576 -0
    outer loop
      vertex 9.79849 11.2775 3
      vertex 9.6304 11.3743 3.6
      vertex 9.79849 11.2775 3.6
    endloop
  endfacet
  facet normal 0.499045 0.866576 0
    outer loop
      vertex 9.6304 11.3743 3.6
      vertex 9.79849 11.2775 3
      vertex 9.6304 11.3743 3
    endloop
  endfacet
  facet normal 0.834827 0.550512 0
    outer loop
      vertex 9.6304 11.3743 3.6
      vertex 9.52588 11.5328 3
      vertex 9.52588 11.5328 3.6
    endloop
  endfacet
  facet normal 0.834827 0.550512 0
    outer loop
      vertex 9.52588 11.5328 3
      vertex 9.6304 11.3743 3.6
      vertex 9.6304 11.3743 3
    endloop
  endfacet
  facet normal 0.987344 0.158594 0
    outer loop
      vertex 9.52588 11.5328 3.6
      vertex 9.49104 11.7497 3
      vertex 9.49104 11.7497 3.6
    endloop
  endfacet
  facet normal 0.987344 0.158594 0
    outer loop
      vertex 9.49104 11.7497 3
      vertex 9.52588 11.5328 3.6
      vertex 9.52588 11.5328 3
    endloop
  endfacet
  facet normal 0.987518 -0.157509 0
    outer loop
      vertex 9.49104 11.7497 3.6
      vertex 9.52487 11.9618 3
      vertex 9.52487 11.9618 3.6
    endloop
  endfacet
  facet normal 0.987518 -0.157509 0
    outer loop
      vertex 9.52487 11.9618 3
      vertex 9.49104 11.7497 3.6
      vertex 9.49104 11.7497 3
    endloop
  endfacet
  facet normal 0.831781 -0.555104 0
    outer loop
      vertex 9.52487 11.9618 3.6
      vertex 9.62631 12.1138 3
      vertex 9.62631 12.1138 3.6
    endloop
  endfacet
  facet normal 0.831781 -0.555104 0
    outer loop
      vertex 9.62631 12.1138 3
      vertex 9.52487 11.9618 3.6
      vertex 9.52487 11.9618 3
    endloop
  endfacet
  facet normal 0.482955 -0.875645 0
    outer loop
      vertex 9.62631 12.1138 3
      vertex 9.79239 12.2054 3.6
      vertex 9.62631 12.1138 3.6
    endloop
  endfacet
  facet normal 0.482955 -0.875645 0
    outer loop
      vertex 9.79239 12.2054 3.6
      vertex 9.62631 12.1138 3
      vertex 9.79239 12.2054 3
    endloop
  endfacet
  facet normal 0.132814 -0.991141 0
    outer loop
      vertex 9.79239 12.2054 3
      vertex 10.02 12.2359 3.6
      vertex 9.79239 12.2054 3.6
    endloop
  endfacet
  facet normal 0.132814 -0.991141 0
    outer loop
      vertex 10.02 12.2359 3.6
      vertex 9.79239 12.2054 3
      vertex 10.02 12.2359 3
    endloop
  endfacet
  facet normal -0.290838 -0.956772 0
    outer loop
      vertex 10.02 12.2359 3
      vertex 10.4197 12.1144 3.6
      vertex 10.02 12.2359 3.6
    endloop
  endfacet
  facet normal -0.290838 -0.956772 -0
    outer loop
      vertex 10.4197 12.1144 3.6
      vertex 10.02 12.2359 3
      vertex 10.4197 12.1144 3
    endloop
  endfacet
  facet normal -0.939228 -0.343293 0
    outer loop
      vertex 10.553 11.7497 3
      vertex 10.4197 12.1144 3.6
      vertex 10.4197 12.1144 3
    endloop
  endfacet
  facet normal -0.939228 -0.343293 0
    outer loop
      vertex 10.4197 12.1144 3.6
      vertex 10.553 11.7497 3
      vertex 10.553 11.7497 3.6
    endloop
  endfacet
  facet normal -0.989275 0.146065 0
    outer loop
      vertex 10.5191 11.5201 3
      vertex 10.553 11.7497 3.6
      vertex 10.553 11.7497 3
    endloop
  endfacet
  facet normal -0.989275 0.146065 0
    outer loop
      vertex 10.553 11.7497 3.6
      vertex 10.5191 11.5201 3
      vertex 10.5191 11.5201 3.6
    endloop
  endfacet
  facet normal -0.838284 0.545234 0
    outer loop
      vertex 10.4177 11.3642 3
      vertex 10.5191 11.5201 3.6
      vertex 10.5191 11.5201 3
    endloop
  endfacet
  facet normal -0.838284 0.545234 0
    outer loop
      vertex 10.5191 11.5201 3.6
      vertex 10.4177 11.3642 3
      vertex 10.4177 11.3642 3.6
    endloop
  endfacet
  facet normal -0.473531 0.880777 0
    outer loop
      vertex 10.4177 11.3642 3
      vertex 10.2516 11.2749 3.6
      vertex 10.4177 11.3642 3.6
    endloop
  endfacet
  facet normal -0.473531 0.880777 0
    outer loop
      vertex 10.2516 11.2749 3.6
      vertex 10.4177 11.3642 3
      vertex 10.2516 11.2749 3
    endloop
  endfacet
  facet normal -0.129395 0.991593 0
    outer loop
      vertex 10.2516 11.2749 3
      vertex 10.024 11.2452 3.6
      vertex 10.2516 11.2749 3.6
    endloop
  endfacet
  facet normal -0.129395 0.991593 0
    outer loop
      vertex 10.024 11.2452 3.6
      vertex 10.2516 11.2749 3
      vertex 10.024 11.2452 3
    endloop
  endfacet
  facet normal 0.141784 0.989898 -0
    outer loop
      vertex 10.024 11.2452 3
      vertex 9.79849 11.2775 3.6
      vertex 10.024 11.2452 3.6
    endloop
  endfacet
  facet normal 0.141784 0.989898 0
    outer loop
      vertex 9.79849 11.2775 3.6
      vertex 10.024 11.2452 3
      vertex 9.79849 11.2775 3
    endloop
  endfacet
  facet normal 0.94671 0.322088 0
    outer loop
      vertex 9.57901 9.98132 3.6
      vertex 9.42796 10.4253 3
      vertex 9.42796 10.4253 3.6
    endloop
  endfacet
  facet normal 0.94671 0.322088 0
    outer loop
      vertex 9.42796 10.4253 3
      vertex 9.57901 9.98132 3.6
      vertex 9.57901 9.98132 3
    endloop
  endfacet
  facet normal 0.985457 -0.169927 0
    outer loop
      vertex 9.42796 10.4253 3.6
      vertex 9.46712 10.6524 3
      vertex 9.46712 10.6524 3.6
    endloop
  endfacet
  facet normal 0.985457 -0.169927 0
    outer loop
      vertex 9.46712 10.6524 3
      vertex 9.42796 10.4253 3.6
      vertex 9.42796 10.4253 3
    endloop
  endfacet
  facet normal 0.826762 -0.562552 0
    outer loop
      vertex 9.46712 10.6524 3.6
      vertex 9.58463 10.8251 3
      vertex 9.58463 10.8251 3.6
    endloop
  endfacet
  facet normal 0.826762 -0.562552 0
    outer loop
      vertex 9.58463 10.8251 3
      vertex 9.46712 10.6524 3.6
      vertex 9.46712 10.6524 3
    endloop
  endfacet
  facet normal 0.503607 -0.863933 0
    outer loop
      vertex 9.58463 10.8251 3
      vertex 9.77179 10.9342 3.6
      vertex 9.58463 10.8251 3.6
    endloop
  endfacet
  facet normal 0.503607 -0.863933 0
    outer loop
      vertex 9.77179 10.9342 3.6
      vertex 9.58463 10.8251 3
      vertex 9.77179 10.9342 3
    endloop
  endfacet
  facet normal 0.145098 -0.989417 0
    outer loop
      vertex 9.77179 10.9342 3
      vertex 10.02 10.9706 3.6
      vertex 9.77179 10.9342 3.6
    endloop
  endfacet
  facet normal 0.145098 -0.989417 0
    outer loop
      vertex 10.02 10.9706 3.6
      vertex 9.77179 10.9342 3
      vertex 10.02 10.9706 3
    endloop
  endfacet
  facet normal -0.131934 -0.991258 0
    outer loop
      vertex 10.02 10.9706 3
      vertex 10.2747 10.9367 3.6
      vertex 10.02 10.9706 3.6
    endloop
  endfacet
  facet normal -0.131934 -0.991258 -0
    outer loop
      vertex 10.2747 10.9367 3.6
      vertex 10.02 10.9706 3
      vertex 10.2747 10.9367 3
    endloop
  endfacet
  facet normal -0.469291 -0.883044 0
    outer loop
      vertex 10.2747 10.9367 3
      vertex 10.4655 10.8353 3.6
      vertex 10.2747 10.9367 3.6
    endloop
  endfacet
  facet normal -0.469291 -0.883044 -0
    outer loop
      vertex 10.4655 10.8353 3.6
      vertex 10.2747 10.9367 3
      vertex 10.4655 10.8353 3
    endloop
  endfacet
  facet normal -0.816187 -0.577788 0
    outer loop
      vertex 10.5845 10.6672 3
      vertex 10.4655 10.8353 3.6
      vertex 10.4655 10.8353 3
    endloop
  endfacet
  facet normal -0.816187 -0.577788 0
    outer loop
      vertex 10.4655 10.8353 3.6
      vertex 10.5845 10.6672 3
      vertex 10.5845 10.6672 3.6
    endloop
  endfacet
  facet normal -0.985876 -0.167477 0
    outer loop
      vertex 10.6242 10.4335 3
      vertex 10.5845 10.6672 3.6
      vertex 10.5845 10.6672 3
    endloop
  endfacet
  facet normal -0.985876 -0.167477 0
    outer loop
      vertex 10.5845 10.6672 3.6
      vertex 10.6242 10.4335 3
      vertex 10.6242 10.4335 3.6
    endloop
  endfacet
  facet normal -0.990948 0.134248 0
    outer loop
      vertex 10.5875 10.1626 3
      vertex 10.6242 10.4335 3.6
      vertex 10.6242 10.4335 3
    endloop
  endfacet
  facet normal -0.990948 0.134248 0
    outer loop
      vertex 10.6242 10.4335 3.6
      vertex 10.5875 10.1626 3
      vertex 10.5875 10.1626 3.6
    endloop
  endfacet
  facet normal -0.860968 0.508659 0
    outer loop
      vertex 10.4777 9.97675 3
      vertex 10.5875 10.1626 3.6
      vertex 10.5875 10.1626 3
    endloop
  endfacet
  facet normal -0.860968 0.508659 0
    outer loop
      vertex 10.5875 10.1626 3.6
      vertex 10.4777 9.97675 3
      vertex 10.4777 9.97675 3.6
    endloop
  endfacet
  facet normal -0.50344 0.86403 0
    outer loop
      vertex 10.4777 9.97675 3
      vertex 10.2931 9.86919 3.6
      vertex 10.4777 9.97675 3.6
    endloop
  endfacet
  facet normal -0.50344 0.86403 0
    outer loop
      vertex 10.2931 9.86919 3.6
      vertex 10.4777 9.97675 3
      vertex 10.2931 9.86919 3
    endloop
  endfacet
  facet normal -0.136167 0.990686 0
    outer loop
      vertex 10.2931 9.86919 3
      vertex 10.0322 9.83333 3.6
      vertex 10.2931 9.86919 3.6
    endloop
  endfacet
  facet normal -0.136167 0.990686 0
    outer loop
      vertex 10.0322 9.83333 3.6
      vertex 10.2931 9.86919 3
      vertex 10.0322 9.83333 3
    endloop
  endfacet
  facet normal 0.31042 0.9506 -0
    outer loop
      vertex 10.0322 9.83333 3
      vertex 9.57901 9.98132 3.6
      vertex 10.0322 9.83333 3.6
    endloop
  endfacet
  facet normal 0.31042 0.9506 0
    outer loop
      vertex 9.57901 9.98132 3.6
      vertex 10.0322 9.83333 3
      vertex 9.57901 9.98132 3
    endloop
  endfacet
  facet normal 0.671092 -0.741374 0
    outer loop
      vertex 12.7191 9.65331 3
      vertex 13.0326 9.93709 3.6
      vertex 12.7191 9.65331 3.6
    endloop
  endfacet
  facet normal 0.671092 -0.741374 0
    outer loop
      vertex 13.0326 9.93709 3.6
      vertex 12.7191 9.65331 3
      vertex 13.0326 9.93709 3
    endloop
  endfacet
  facet normal 0.925292 -0.379256 0
    outer loop
      vertex 13.0326 9.93709 3.6
      vertex 13.2225 10.4004 3
      vertex 13.2225 10.4004 3.6
    endloop
  endfacet
  facet normal 0.925292 -0.379256 0
    outer loop
      vertex 13.2225 10.4004 3
      vertex 13.0326 9.93709 3.6
      vertex 13.0326 9.93709 3
    endloop
  endfacet
  facet normal 0.995025 -0.0996282 0
    outer loop
      vertex 13.2225 10.4004 3.6
      vertex 13.2859 11.0336 3
      vertex 13.2859 11.0336 3.6
    endloop
  endfacet
  facet normal 0.995025 -0.0996282 0
    outer loop
      vertex 13.2859 11.0336 3
      vertex 13.2225 10.4004 3.6
      vertex 13.2225 10.4004 3
    endloop
  endfacet
  facet normal 0.995602 0.0936872 0
    outer loop
      vertex 13.2859 11.0336 3.6
      vertex 13.2256 11.6744 3
      vertex 13.2256 11.6744 3.6
    endloop
  endfacet
  facet normal 0.995602 0.0936872 0
    outer loop
      vertex 13.2256 11.6744 3
      vertex 13.2859 11.0336 3.6
      vertex 13.2859 11.0336 3
    endloop
  endfacet
  facet normal 0.931177 0.364567 0
    outer loop
      vertex 13.2256 11.6744 3.6
      vertex 13.0448 12.1362 3
      vertex 13.0448 12.1362 3.6
    endloop
  endfacet
  facet normal 0.931177 0.364567 0
    outer loop
      vertex 13.0448 12.1362 3
      vertex 13.2256 11.6744 3.6
      vertex 13.2256 11.6744 3
    endloop
  endfacet
  facet normal 0.672469 0.740125 -0
    outer loop
      vertex 13.0448 12.1362 3
      vertex 12.7374 12.4155 3.6
      vertex 13.0448 12.1362 3.6
    endloop
  endfacet
  facet normal 0.672469 0.740125 0
    outer loop
      vertex 12.7374 12.4155 3.6
      vertex 13.0448 12.1362 3
      vertex 12.7374 12.4155 3
    endloop
  endfacet
  facet normal 0.206705 0.978403 -0
    outer loop
      vertex 12.7374 12.4155 3
      vertex 12.2972 12.5085 3.6
      vertex 12.7374 12.4155 3.6
    endloop
  endfacet
  facet normal 0.206705 0.978403 0
    outer loop
      vertex 12.2972 12.5085 3.6
      vertex 12.7374 12.4155 3
      vertex 12.2972 12.5085 3
    endloop
  endfacet
  facet normal -0.199917 0.979813 0
    outer loop
      vertex 12.2972 12.5085 3
      vertex 11.8463 12.4165 3.6
      vertex 12.2972 12.5085 3.6
    endloop
  endfacet
  facet normal -0.199917 0.979813 0
    outer loop
      vertex 11.8463 12.4165 3.6
      vertex 12.2972 12.5085 3
      vertex 11.8463 12.4165 3
    endloop
  endfacet
  facet normal -0.664035 0.747701 0
    outer loop
      vertex 11.8463 12.4165 3
      vertex 11.5353 12.1403 3.6
      vertex 11.8463 12.4165 3.6
    endloop
  endfacet
  facet normal -0.664035 0.747701 0
    outer loop
      vertex 11.5353 12.1403 3.6
      vertex 11.8463 12.4165 3
      vertex 11.5353 12.1403 3
    endloop
  endfacet
  facet normal -0.930909 0.365252 0
    outer loop
      vertex 11.3545 11.6795 3
      vertex 11.5353 12.1403 3.6
      vertex 11.5353 12.1403 3
    endloop
  endfacet
  facet normal -0.930909 0.365252 0
    outer loop
      vertex 11.5353 12.1403 3.6
      vertex 11.3545 11.6795 3
      vertex 11.3545 11.6795 3.6
    endloop
  endfacet
  facet normal -0.99567 0.0929539 0
    outer loop
      vertex 11.2942 11.0336 3
      vertex 11.3545 11.6795 3.6
      vertex 11.3545 11.6795 3
    endloop
  endfacet
  facet normal -0.99567 0.0929539 0
    outer loop
      vertex 11.3545 11.6795 3.6
      vertex 11.2942 11.0336 3
      vertex 11.2942 11.0336 3.6
    endloop
  endfacet
  facet normal -0.995262 -0.0972248 0
    outer loop
      vertex 11.3563 10.3979 3
      vertex 11.2942 11.0336 3.6
      vertex 11.2942 11.0336 3
    endloop
  endfacet
  facet normal -0.995262 -0.0972248 0
    outer loop
      vertex 11.2942 11.0336 3.6
      vertex 11.3563 10.3979 3
      vertex 11.3563 10.3979 3.6
    endloop
  endfacet
  facet normal -0.927809 -0.373056 0
    outer loop
      vertex 11.5424 9.93506 3
      vertex 11.3563 10.3979 3.6
      vertex 11.3563 10.3979 3
    endloop
  endfacet
  facet normal -0.927809 -0.373056 0
    outer loop
      vertex 11.3563 10.3979 3.6
      vertex 11.5424 9.93506 3
      vertex 11.5424 9.93506 3.6
    endloop
  endfacet
  facet normal -0.6735 -0.739187 0
    outer loop
      vertex 11.5424 9.93506 3
      vertex 11.8522 9.65279 3.6
      vertex 11.5424 9.93506 3.6
    endloop
  endfacet
  facet normal -0.6735 -0.739187 -0
    outer loop
      vertex 11.8522 9.65279 3.6
      vertex 11.5424 9.93506 3
      vertex 11.8522 9.65279 3
    endloop
  endfacet
  facet normal -0.212436 -0.977175 0
    outer loop
      vertex 11.8522 9.65279 3
      vertex 12.285 9.5587 3.6
      vertex 11.8522 9.65279 3.6
    endloop
  endfacet
  facet normal -0.212436 -0.977175 -0
    outer loop
      vertex 12.285 9.5587 3.6
      vertex 11.8522 9.65279 3
      vertex 12.285 9.5587 3
    endloop
  endfacet
  facet normal 0.212946 -0.977064 0
    outer loop
      vertex 12.285 9.5587 3
      vertex 12.7191 9.65331 3.6
      vertex 12.285 9.5587 3.6
    endloop
  endfacet
  facet normal 0.212946 -0.977064 0
    outer loop
      vertex 12.7191 9.65331 3.6
      vertex 12.285 9.5587 3
      vertex 12.7191 9.65331 3
    endloop
  endfacet
  facet normal 0.738694 0.674041 0
    outer loop
      vertex 12.0075 9.92844 3.6
      vertex 11.814 10.1405 3
      vertex 11.814 10.1405 3.6
    endloop
  endfacet
  facet normal 0.738694 0.674041 0
    outer loop
      vertex 11.814 10.1405 3
      vertex 12.0075 9.92844 3.6
      vertex 12.0075 9.92844 3
    endloop
  endfacet
  facet normal 0.955864 0.29381 0
    outer loop
      vertex 11.814 10.1405 3.6
      vertex 11.7019 10.5052 3
      vertex 11.7019 10.5052 3.6
    endloop
  endfacet
  facet normal 0.955864 0.29381 0
    outer loop
      vertex 11.7019 10.5052 3
      vertex 11.814 10.1405 3.6
      vertex 11.814 10.1405 3
    endloop
  endfacet
  facet normal 0.997504 0.0706031 0
    outer loop
      vertex 11.7019 10.5052 3.6
      vertex 11.6645 11.0336 3
      vertex 11.6645 11.0336 3.6
    endloop
  endfacet
  facet normal 0.997504 0.0706031 0
    outer loop
      vertex 11.6645 11.0336 3
      vertex 11.7019 10.5052 3.6
      vertex 11.7019 10.5052 3
    endloop
  endfacet
  facet normal 0.997674 -0.0681618 0
    outer loop
      vertex 11.6645 11.0336 3.6
      vertex 11.7014 11.5737 3
      vertex 11.7014 11.5737 3.6
    endloop
  endfacet
  facet normal 0.997674 -0.0681618 0
    outer loop
      vertex 11.7014 11.5737 3
      vertex 11.6645 11.0336 3.6
      vertex 11.6645 11.0336 3
    endloop
  endfacet
  facet normal 0.956607 -0.291382 0
    outer loop
      vertex 11.7014 11.5737 3.6
      vertex 11.812 11.9368 3
      vertex 11.812 11.9368 3.6
    endloop
  endfacet
  facet normal 0.956607 -0.291382 0
    outer loop
      vertex 11.812 11.9368 3
      vertex 11.7014 11.5737 3.6
      vertex 11.7014 11.5737 3
    endloop
  endfacet
  facet normal 0.726231 -0.687451 0
    outer loop
      vertex 11.812 11.9368 3.6
      vertex 12.007 12.1428 3
      vertex 12.007 12.1428 3.6
    endloop
  endfacet
  facet normal 0.726231 -0.687451 0
    outer loop
      vertex 12.007 12.1428 3
      vertex 11.812 11.9368 3.6
      vertex 11.812 11.9368 3
    endloop
  endfacet
  facet normal 0.230366 -0.973104 0
    outer loop
      vertex 12.007 12.1428 3
      vertex 12.2972 12.2115 3.6
      vertex 12.007 12.1428 3.6
    endloop
  endfacet
  facet normal 0.230366 -0.973104 0
    outer loop
      vertex 12.2972 12.2115 3.6
      vertex 12.007 12.1428 3
      vertex 12.2972 12.2115 3
    endloop
  endfacet
  facet normal -0.239143 -0.970984 0
    outer loop
      vertex 12.2972 12.2115 3
      vertex 12.5802 12.1418 3.6
      vertex 12.2972 12.2115 3.6
    endloop
  endfacet
  facet normal -0.239143 -0.970984 -0
    outer loop
      vertex 12.5802 12.1418 3.6
      vertex 12.2972 12.2115 3
      vertex 12.5802 12.1418 3
    endloop
  endfacet
  facet normal -0.73994 -0.672673 0
    outer loop
      vertex 12.7702 11.9328 3
      vertex 12.5802 12.1418 3.6
      vertex 12.5802 12.1418 3
    endloop
  endfacet
  facet normal -0.73994 -0.672673 0
    outer loop
      vertex 12.5802 12.1418 3.6
      vertex 12.7702 11.9328 3
      vertex 12.7702 11.9328 3.6
    endloop
  endfacet
  facet normal -0.959092 -0.283093 0
    outer loop
      vertex 12.8777 11.5686 3
      vertex 12.7702 11.9328 3.6
      vertex 12.7702 11.9328 3
    endloop
  endfacet
  facet normal -0.959092 -0.283093 0
    outer loop
      vertex 12.7702 11.9328 3.6
      vertex 12.8777 11.5686 3
      vertex 12.8777 11.5686 3.6
    endloop
  endfacet
  facet normal -0.997756 -0.0669522 0
    outer loop
      vertex 12.9136 11.0336 3
      vertex 12.8777 11.5686 3.6
      vertex 12.8777 11.5686 3
    endloop
  endfacet
  facet normal -0.997756 -0.0669522 0
    outer loop
      vertex 12.8777 11.5686 3.6
      vertex 12.9136 11.0336 3
      vertex 12.9136 11.0336 3.6
    endloop
  endfacet
  facet normal -0.997404 0.0720092 0
    outer loop
      vertex 12.876 10.5128 3
      vertex 12.9136 11.0336 3.6
      vertex 12.9136 11.0336 3
    endloop
  endfacet
  facet normal -0.997404 0.0720092 0
    outer loop
      vertex 12.9136 11.0336 3.6
      vertex 12.876 10.5128 3
      vertex 12.876 10.5128 3.6
    endloop
  endfacet
  facet normal -0.955615 0.294618 0
    outer loop
      vertex 12.7631 10.1466 3
      vertex 12.876 10.5128 3.6
      vertex 12.876 10.5128 3
    endloop
  endfacet
  facet normal -0.955615 0.294618 0
    outer loop
      vertex 12.876 10.5128 3.6
      vertex 12.7631 10.1466 3
      vertex 12.7631 10.1466 3.6
    endloop
  endfacet
  facet normal -0.745302 0.666726 0
    outer loop
      vertex 12.5693 9.92996 3
      vertex 12.7631 10.1466 3.6
      vertex 12.7631 10.1466 3
    endloop
  endfacet
  facet normal -0.745302 0.666726 0
    outer loop
      vertex 12.7631 10.1466 3.6
      vertex 12.5693 9.92996 3
      vertex 12.5693 9.92996 3.6
    endloop
  endfacet
  facet normal -0.249504 0.968374 0
    outer loop
      vertex 12.5693 9.92996 3
      vertex 12.289 9.85774 3.6
      vertex 12.5693 9.92996 3.6
    endloop
  endfacet
  facet normal -0.249504 0.968374 0
    outer loop
      vertex 12.289 9.85774 3.6
      vertex 12.5693 9.92996 3
      vertex 12.289 9.85774 3
    endloop
  endfacet
  facet normal 0.243589 0.969878 -0
    outer loop
      vertex 12.289 9.85774 3
      vertex 12.0075 9.92844 3.6
      vertex 12.289 9.85774 3.6
    endloop
  endfacet
  facet normal 0.243589 0.969878 0
    outer loop
      vertex 12.0075 9.92844 3.6
      vertex 12.289 9.85774 3
      vertex 12.0075 9.92844 3
    endloop
  endfacet
  facet normal 0 1 -0
    outer loop
      vertex 8.71925 9.91063 3
      vertex 8.02148 9.91063 3.6
      vertex 8.71925 9.91063 3.6
    endloop
  endfacet
  facet normal 0 1 0
    outer loop
      vertex 8.02148 9.91063 3.6
      vertex 8.71925 9.91063 3
      vertex 8.02148 9.91063 3
    endloop
  endfacet
  facet normal 1 -0 0
    outer loop
      vertex 8.02148 9.91063 3.6
      vertex 8.02148 12.4658 3
      vertex 8.02148 12.4658 3.6
    endloop
  endfacet
  facet normal 1 0 0
    outer loop
      vertex 8.02148 12.4658 3
      vertex 8.02148 9.91063 3.6
      vertex 8.02148 9.91063 3
    endloop
  endfacet
  facet normal 0 1 -0
    outer loop
      vertex 8.02148 12.4658 3
      vertex 7.68378 12.4658 3.6
      vertex 8.02148 12.4658 3.6
    endloop
  endfacet
  facet normal 0 1 0
    outer loop
      vertex 7.68378 12.4658 3.6
      vertex 8.02148 12.4658 3
      vertex 7.68378 12.4658 3
    endloop
  endfacet
  facet normal -0.56665 0.823959 0
    outer loop
      vertex 7.68378 12.4658 3
      vertex 7.00632 11.9999 3.6
      vertex 7.68378 12.4658 3.6
    endloop
  endfacet
  facet normal -0.56665 0.823959 0
    outer loop
      vertex 7.00632 11.9999 3.6
      vertex 7.68378 12.4658 3
      vertex 7.00632 11.9999 3
    endloop
  endfacet
  facet normal -1 0 0
    outer loop
      vertex 7.00632 11.6541 3
      vertex 7.00632 11.9999 3.6
      vertex 7.00632 11.9999 3
    endloop
  endfacet
  facet normal -1 -0 0
    outer loop
      vertex 7.00632 11.9999 3.6
      vertex 7.00632 11.6541 3
      vertex 7.00632 11.6541 3.6
    endloop
  endfacet
  facet normal 0.581006 -0.813899 0
    outer loop
      vertex 7.00632 11.6541 3
      vertex 7.65323 12.1159 3.6
      vertex 7.00632 11.6541 3.6
    endloop
  endfacet
  facet normal 0.581006 -0.813899 0
    outer loop
      vertex 7.65323 12.1159 3.6
      vertex 7.00632 11.6541 3
      vertex 7.65323 12.1159 3
    endloop
  endfacet
  facet normal -1 0 0
    outer loop
      vertex 7.65323 9.91063 3
      vertex 7.65323 12.1159 3.6
      vertex 7.65323 12.1159 3
    endloop
  endfacet
  facet normal -1 -0 0
    outer loop
      vertex 7.65323 12.1159 3.6
      vertex 7.65323 9.91063 3
      vertex 7.65323 9.91063 3.6
    endloop
  endfacet
  facet normal 0 1 -0
    outer loop
      vertex 7.65323 9.91063 3
      vertex 6.92291 9.91063 3.6
      vertex 7.65323 9.91063 3.6
    endloop
  endfacet
  facet normal 0 1 0
    outer loop
      vertex 6.92291 9.91063 3.6
      vertex 7.65323 9.91063 3
      vertex 6.92291 9.91063 3
    endloop
  endfacet
  facet normal -1 0 0
    outer loop
      vertex 6.92291 9.59938 3
      vertex 6.92291 9.91063 3.6
      vertex 6.92291 9.91063 3
    endloop
  endfacet
  facet normal -1 -0 0
    outer loop
      vertex 6.92291 9.91063 3.6
      vertex 6.92291 9.59938 3
      vertex 6.92291 9.59938 3.6
    endloop
  endfacet
  facet normal 0 -1 0
    outer loop
      vertex 6.92291 9.59938 3
      vertex 8.71925 9.59938 3.6
      vertex 6.92291 9.59938 3.6
    endloop
  endfacet
  facet normal 0 -1 -0
    outer loop
      vertex 8.71925 9.59938 3.6
      vertex 6.92291 9.59938 3
      vertex 8.71925 9.59938 3
    endloop
  endfacet
  facet normal 1 -0 0
    outer loop
      vertex 8.71925 9.59938 3.6
      vertex 8.71925 9.91063 3
      vertex 8.71925 9.91063 3.6
    endloop
  endfacet
  facet normal 1 0 0
    outer loop
      vertex 8.71925 9.91063 3
      vertex 8.71925 9.59938 3.6
      vertex 8.71925 9.59938 3
    endloop
  endfacet
  facet normal -0 0 1
    outer loop
      vertex 20.5896 11.4445 3.6
      vertex 20.9883 11.0906 3.6
      vertex 20.9268 11.7115 3.6
    endloop
  endfacet
  facet normal -0 0 1
    outer loop
      vertex 20.5499 11.7566 3.6
      vertex 20.9268 11.7115 3.6
      vertex 20.7422 12.1545 3.6
    endloop
  endfacet
  facet normal 0 0 1
    outer loop
      vertex 20.9883 11.0906 3.6
      vertex 20.5896 11.4445 3.6
      vertex 20.57 11.2849 3.6
    endloop
  endfacet
  facet normal -0 0 1
    outer loop
      vertex 20.5769 10.5022 3.6
      vertex 20.9209 10.4375 3.6
      vertex 20.6262 10.9828 3.6
    endloop
  endfacet
  facet normal 0 0 1
    outer loop
      vertex 20.9883 11.0906 3.6
      vertex 20.6262 10.9828 3.6
      vertex 20.9209 10.4375 3.6
    endloop
  endfacet
  facet normal 0 0 1
    outer loop
      vertex 20.9268 11.7115 3.6
      vertex 20.5499 11.7566 3.6
      vertex 20.5896 11.4445 3.6
    endloop
  endfacet
  facet normal 0 0 1
    outer loop
      vertex 20.4309 12.0009 3.6
      vertex 20.7422 12.1545 3.6
      vertex 20.438 12.42 3.6
    endloop
  endfacet
  facet normal 0 0 1
    outer loop
      vertex 20.7422 12.1545 3.6
      vertex 20.4309 12.0009 3.6
      vertex 20.5499 11.7566 3.6
    endloop
  endfacet
  facet normal 0 0 1
    outer loop
      vertex 20.438 12.42 3.6
      vertex 20.2453 12.1589 3.6
      vertex 20.4309 12.0009 3.6
    endloop
  endfacet
  facet normal 0 0 1
    outer loop
      vertex 20.0179 12.5085 3.6
      vertex 20.2453 12.1589 3.6
      vertex 20.438 12.42 3.6
    endloop
  endfacet
  facet normal 0 0 1
    outer loop
      vertex 20.0179 12.5085 3.6
      vertex 20.0057 12.2115 3.6
      vertex 20.2453 12.1589 3.6
    endloop
  endfacet
  facet normal 0 0 1
    outer loop
      vertex 20.0179 12.5085 3.6
      vertex 19.7692 12.1665 3.6
      vertex 20.0057 12.2115 3.6
    endloop
  endfacet
  facet normal -0 0 1
    outer loop
      vertex 19.6177 12.4442 3.6
      vertex 19.7692 12.1665 3.6
      vertex 20.0179 12.5085 3.6
    endloop
  endfacet
  facet normal 0 0 1
    outer loop
      vertex 19.6177 12.4442 3.6
      vertex 19.5887 12.0314 3.6
      vertex 19.7692 12.1665 3.6
    endloop
  endfacet
  facet normal -0 0 1
    outer loop
      vertex 19.3161 12.2512 3.6
      vertex 19.5887 12.0314 3.6
      vertex 19.6177 12.4442 3.6
    endloop
  endfacet
  facet normal -0 0 1
    outer loop
      vertex 19.1269 11.9458 3.6
      vertex 19.4743 11.8196 3.6
      vertex 19.3161 12.2512 3.6
    endloop
  endfacet
  facet normal 0 0 1
    outer loop
      vertex 19.5887 12.0314 3.6
      vertex 19.3161 12.2512 3.6
      vertex 19.4743 11.8196 3.6
    endloop
  endfacet
  facet normal 0 0 1
    outer loop
      vertex 20.4452 10.1466 3.6
      vertex 20.9209 10.4375 3.6
      vertex 20.5769 10.5022 3.6
    endloop
  endfacet
  facet normal 0 0 1
    outer loop
      vertex 20.9209 10.4375 3.6
      vertex 20.4452 10.1466 3.6
      vertex 20.7188 9.9554 3.6
    endloop
  endfacet
  facet normal 0 0 1
    outer loop
      vertex 20.2366 9.92693 3.6
      vertex 20.7188 9.9554 3.6
      vertex 20.4452 10.1466 3.6
    endloop
  endfacet
  facet normal 0 0 1
    outer loop
      vertex 20.7188 9.9554 3.6
      vertex 20.2366 9.92693 3.6
      vertex 20.392 9.65788 3.6
    endloop
  endfacet
  facet normal 0 0 1
    outer loop
      vertex 19.9508 9.5587 3.6
      vertex 20.2366 9.92693 3.6
      vertex 19.9569 9.8537 3.6
    endloop
  endfacet
  facet normal 0 0 1
    outer loop
      vertex 20.2366 9.92693 3.6
      vertex 19.9508 9.5587 3.6
      vertex 20.392 9.65788 3.6
    endloop
  endfacet
  facet normal 0 0 1
    outer loop
      vertex 19.6484 9.59406 3.6
      vertex 19.9569 9.8537 3.6
      vertex 19.6487 9.94321 3.6
    endloop
  endfacet
  facet normal 0 0 1
    outer loop
      vertex 19.9569 9.8537 3.6
      vertex 19.6484 9.59406 3.6
      vertex 19.9508 9.5587 3.6
    endloop
  endfacet
  facet normal 0 0 1
    outer loop
      vertex 19.239 9.88496 3.6
      vertex 19.6487 9.94321 3.6
      vertex 19.4727 10.2117 3.6
    endloop
  endfacet
  facet normal 0 0 1
    outer loop
      vertex 19.6487 9.94321 3.6
      vertex 19.4127 9.70009 3.6
      vertex 19.6484 9.59406 3.6
    endloop
  endfacet
  facet normal 0 0 1
    outer loop
      vertex 19.6487 9.94321 3.6
      vertex 19.239 9.88496 3.6
      vertex 19.4127 9.70009 3.6
    endloop
  endfacet
  facet normal 0 -0 1
    outer loop
      vertex 19.239 9.88496 3.6
      vertex 19.4727 10.2117 3.6
      vertex 19.1228 10.1568 3.6
    endloop
  endfacet
  facet normal 0 0 1
    outer loop
      vertex 20.9883 11.0906 3.6
      vertex 20.57 11.2849 3.6
      vertex 20.6262 10.9828 3.6
    endloop
  endfacet
  facet normal -0 0 1
    outer loop
      vertex 20.5112 11.1435 3.6
      vertex 20.6262 10.9828 3.6
      vertex 20.57 11.2849 3.6
    endloop
  endfacet
  facet normal -0 0 1
    outer loop
      vertex 20.4184 11.0262 3.6
      vertex 20.6262 10.9828 3.6
      vertex 20.5112 11.1435 3.6
    endloop
  endfacet
  facet normal 0 0 1
    outer loop
      vertex 20.6262 10.9828 3.6
      vertex 20.4184 11.0262 3.6
      vertex 20.5159 10.8177 3.6
    endloop
  endfacet
  facet normal -0 0 1
    outer loop
      vertex 20.2966 10.939 3.6
      vertex 20.5159 10.8177 3.6
      vertex 20.4184 11.0262 3.6
    endloop
  endfacet
  facet normal 0 0 1
    outer loop
      vertex 20.5159 10.8177 3.6
      vertex 20.2966 10.939 3.6
      vertex 20.3475 10.6888 3.6
    endloop
  endfacet
  facet normal -0 0 1
    outer loop
      vertex 20.1547 10.8848 3.6
      vertex 20.3475 10.6888 3.6
      vertex 20.2966 10.939 3.6
    endloop
  endfacet
  facet normal 0 0 1
    outer loop
      vertex 20.1547 10.8848 3.6
      vertex 20.1405 10.6056 3.6
      vertex 20.3475 10.6888 3.6
    endloop
  endfacet
  facet normal -0 0 1
    outer loop
      vertex 20.0017 10.8668 3.6
      vertex 20.1405 10.6056 3.6
      vertex 20.1547 10.8848 3.6
    endloop
  endfacet
  facet normal 0 0 1
    outer loop
      vertex 20.0017 10.8668 3.6
      vertex 19.9142 10.5779 3.6
      vertex 20.1405 10.6056 3.6
    endloop
  endfacet
  facet normal 0 0 1
    outer loop
      vertex 19.7682 10.9123 3.6
      vertex 19.9142 10.5779 3.6
      vertex 20.0017 10.8668 3.6
    endloop
  endfacet
  facet normal 0 0 1
    outer loop
      vertex 19.5663 10.644 3.6
      vertex 19.7682 10.9123 3.6
      vertex 19.5887 11.0488 3.6
    endloop
  endfacet
  facet normal 0 0 1
    outer loop
      vertex 19.7682 10.9123 3.6
      vertex 19.5663 10.644 3.6
      vertex 19.9142 10.5779 3.6
    endloop
  endfacet
  facet normal 0 0 1
    outer loop
      vertex 19.2957 10.8424 3.6
      vertex 19.5887 11.0488 3.6
      vertex 19.4743 11.2637 3.6
    endloop
  endfacet
  facet normal 0 0 1
    outer loop
      vertex 19.0638 11.5442 3.6
      vertex 19.4743 11.8196 3.6
      vertex 19.1269 11.9458 3.6
    endloop
  endfacet
  facet normal 0 0 1
    outer loop
      vertex 19.4743 11.8196 3.6
      vertex 19.0638 11.5442 3.6
      vertex 19.4361 11.5442 3.6
    endloop
  endfacet
  facet normal 0 -0 1
    outer loop
      vertex 19.1218 11.1501 3.6
      vertex 19.4743 11.2637 3.6
      vertex 19.0638 11.5442 3.6
    endloop
  endfacet
  facet normal 0 0 1
    outer loop
      vertex 19.4361 11.5442 3.6
      vertex 19.0638 11.5442 3.6
      vertex 19.4743 11.2637 3.6
    endloop
  endfacet
  facet normal 0 -0 1
    outer loop
      vertex 19.2957 10.8424 3.6
      vertex 19.4743 11.2637 3.6
      vertex 19.1218 11.1501 3.6
    endloop
  endfacet
  facet normal 0 0 1
    outer loop
      vertex 19.5887 11.0488 3.6
      vertex 19.2957 10.8424 3.6
      vertex 19.5663 10.644 3.6
    endloop
  endfacet
  facet normal -0 0 1
    outer loop
      vertex 22.8777 11.5686 3.6
      vertex 23.2859 11.0336 3.6
      vertex 23.2256 11.6744 3.6
    endloop
  endfacet
  facet normal -0 0 1
    outer loop
      vertex 22.7702 11.9328 3.6
      vertex 23.2256 11.6744 3.6
      vertex 23.0448 12.1362 3.6
    endloop
  endfacet
  facet normal 0 0 1
    outer loop
      vertex 22.876 10.5128 3.6
      vertex 23.2859 11.0336 3.6
      vertex 22.9136 11.0336 3.6
    endloop
  endfacet
  facet normal 0 0 1
    outer loop
      vertex 23.2859 11.0336 3.6
      vertex 22.876 10.5128 3.6
      vertex 23.2225 10.4004 3.6
    endloop
  endfacet
  facet normal 0 0 1
    outer loop
      vertex 23.2859 11.0336 3.6
      vertex 22.8777 11.5686 3.6
      vertex 22.9136 11.0336 3.6
    endloop
  endfacet
  facet normal 0 0 1
    outer loop
      vertex 23.2256 11.6744 3.6
      vertex 22.7702 11.9328 3.6
      vertex 22.8777 11.5686 3.6
    endloop
  endfacet
  facet normal -0 0 1
    outer loop
      vertex 22.5802 12.1418 3.6
      vertex 23.0448 12.1362 3.6
      vertex 22.7374 12.4155 3.6
    endloop
  endfacet
  facet normal 0 0 1
    outer loop
      vertex 23.0448 12.1362 3.6
      vertex 22.5802 12.1418 3.6
      vertex 22.7702 11.9328 3.6
    endloop
  endfacet
  facet normal 0 0 1
    outer loop
      vertex 22.2972 12.5085 3.6
      vertex 22.5802 12.1418 3.6
      vertex 22.7374 12.4155 3.6
    endloop
  endfacet
  facet normal 0 0 1
    outer loop
      vertex 22.2972 12.5085 3.6
      vertex 22.2972 12.2115 3.6
      vertex 22.5802 12.1418 3.6
    endloop
  endfacet
  facet normal 0 0 1
    outer loop
      vertex 22.2972 12.5085 3.6
      vertex 22.007 12.1428 3.6
      vertex 22.2972 12.2115 3.6
    endloop
  endfacet
  facet normal -0 0 1
    outer loop
      vertex 21.8463 12.4165 3.6
      vertex 22.007 12.1428 3.6
      vertex 22.2972 12.5085 3.6
    endloop
  endfacet
  facet normal 0 0 1
    outer loop
      vertex 21.5353 12.1403 3.6
      vertex 22.007 12.1428 3.6
      vertex 21.8463 12.4165 3.6
    endloop
  endfacet
  facet normal 0 0 1
    outer loop
      vertex 22.007 12.1428 3.6
      vertex 21.5353 12.1403 3.6
      vertex 21.812 11.9368 3.6
    endloop
  endfacet
  facet normal 0 0 1
    outer loop
      vertex 21.2942 11.0336 3.6
      vertex 21.6645 11.0336 3.6
      vertex 21.7014 11.5737 3.6
    endloop
  endfacet
  facet normal 0 0 1
    outer loop
      vertex 21.3545 11.6795 3.6
      vertex 21.812 11.9368 3.6
      vertex 21.5353 12.1403 3.6
    endloop
  endfacet
  facet normal 0 0 1
    outer loop
      vertex 21.812 11.9368 3.6
      vertex 21.3545 11.6795 3.6
      vertex 21.7014 11.5737 3.6
    endloop
  endfacet
  facet normal 0 0 1
    outer loop
      vertex 21.6645 11.0336 3.6
      vertex 21.2942 11.0336 3.6
      vertex 21.3563 10.3979 3.6
    endloop
  endfacet
  facet normal 0 0 1
    outer loop
      vertex 21.7014 11.5737 3.6
      vertex 21.3545 11.6795 3.6
      vertex 21.2942 11.0336 3.6
    endloop
  endfacet
  facet normal 0 0 1
    outer loop
      vertex 21.6645 11.0336 3.6
      vertex 21.3563 10.3979 3.6
      vertex 21.5424 9.93506 3.6
    endloop
  endfacet
  facet normal 0 0 1
    outer loop
      vertex 22.7631 10.1466 3.6
      vertex 23.2225 10.4004 3.6
      vertex 22.876 10.5128 3.6
    endloop
  endfacet
  facet normal 0 0 1
    outer loop
      vertex 23.2225 10.4004 3.6
      vertex 22.7631 10.1466 3.6
      vertex 23.0326 9.93709 3.6
    endloop
  endfacet
  facet normal 0 0 1
    outer loop
      vertex 22.5693 9.92996 3.6
      vertex 23.0326 9.93709 3.6
      vertex 22.7631 10.1466 3.6
    endloop
  endfacet
  facet normal 0 0 1
    outer loop
      vertex 23.0326 9.93709 3.6
      vertex 22.5693 9.92996 3.6
      vertex 22.7191 9.65331 3.6
    endloop
  endfacet
  facet normal 0 0 1
    outer loop
      vertex 22.285 9.5587 3.6
      vertex 22.5693 9.92996 3.6
      vertex 22.289 9.85774 3.6
    endloop
  endfacet
  facet normal 0 0 1
    outer loop
      vertex 22.5693 9.92996 3.6
      vertex 22.285 9.5587 3.6
      vertex 22.7191 9.65331 3.6
    endloop
  endfacet
  facet normal 0 0 1
    outer loop
      vertex 22.0075 9.92844 3.6
      vertex 22.285 9.5587 3.6
      vertex 22.289 9.85774 3.6
    endloop
  endfacet
  facet normal 0 0 1
    outer loop
      vertex 22.0075 9.92844 3.6
      vertex 21.8522 9.65279 3.6
      vertex 22.285 9.5587 3.6
    endloop
  endfacet
  facet normal -0 0 1
    outer loop
      vertex 21.5424 9.93506 3.6
      vertex 22.0075 9.92844 3.6
      vertex 21.814 10.1405 3.6
    endloop
  endfacet
  facet normal 0 0 1
    outer loop
      vertex 21.5424 9.93506 3.6
      vertex 21.814 10.1405 3.6
      vertex 21.7019 10.5052 3.6
    endloop
  endfacet
  facet normal 0 0 1
    outer loop
      vertex 22.0075 9.92844 3.6
      vertex 21.5424 9.93506 3.6
      vertex 21.8522 9.65279 3.6
    endloop
  endfacet
  facet normal 0 0 1
    outer loop
      vertex 21.5424 9.93506 3.6
      vertex 21.7019 10.5052 3.6
      vertex 21.6645 11.0336 3.6
    endloop
  endfacet
  facet normal 0 0 1
    outer loop
      vertex 17.6532 12.1159 3.6
      vertex 18.0215 12.4658 3.6
      vertex 17.6838 12.4658 3.6
    endloop
  endfacet
  facet normal -0 0 1
    outer loop
      vertex 18.0215 9.91063 3.6
      vertex 18.7193 9.59938 3.6
      vertex 18.7193 9.91063 3.6
    endloop
  endfacet
  facet normal 0 0 1
    outer loop
      vertex 18.0215 12.4658 3.6
      vertex 17.6532 12.1159 3.6
      vertex 18.0215 9.91063 3.6
    endloop
  endfacet
  facet normal 0 0 1
    outer loop
      vertex 17.6532 9.91063 3.6
      vertex 18.0215 9.91063 3.6
      vertex 17.6532 12.1159 3.6
    endloop
  endfacet
  facet normal -0 0 1
    outer loop
      vertex 17.6532 9.91063 3.6
      vertex 18.7193 9.59938 3.6
      vertex 18.0215 9.91063 3.6
    endloop
  endfacet
  facet normal 0 0 1
    outer loop
      vertex 16.9229 9.59938 3.6
      vertex 17.6532 9.91063 3.6
      vertex 16.9229 9.91063 3.6
    endloop
  endfacet
  facet normal 0 0 1
    outer loop
      vertex 17.6532 9.91063 3.6
      vertex 16.9229 9.59938 3.6
      vertex 18.7193 9.59938 3.6
    endloop
  endfacet
  facet normal 0 0 1
    outer loop
      vertex 17.0063 11.9999 3.6
      vertex 17.6532 12.1159 3.6
      vertex 17.6838 12.4658 3.6
    endloop
  endfacet
  facet normal 0 0 1
    outer loop
      vertex 17.6532 12.1159 3.6
      vertex 17.0063 11.9999 3.6
      vertex 17.0063 11.6541 3.6
    endloop
  endfacet
  facet normal 0.673204 -0.739457 0
    outer loop
      vertex 20.392 9.65788 3
      vertex 20.7188 9.9554 3.6
      vertex 20.392 9.65788 3.6
    endloop
  endfacet
  facet normal 0.673204 -0.739457 0
    outer loop
      vertex 20.7188 9.9554 3.6
      vertex 20.392 9.65788 3
      vertex 20.7188 9.9554 3
    endloop
  endfacet
  facet normal 0.922243 -0.386611 0
    outer loop
      vertex 20.7188 9.9554 3.6
      vertex 20.9209 10.4375 3
      vertex 20.9209 10.4375 3.6
    endloop
  endfacet
  facet normal 0.922243 -0.386611 0
    outer loop
      vertex 20.9209 10.4375 3
      vertex 20.7188 9.9554 3.6
      vertex 20.7188 9.9554 3
    endloop
  endfacet
  facet normal 0.994717 -0.102655 0
    outer loop
      vertex 20.9209 10.4375 3.6
      vertex 20.9883 11.0906 3
      vertex 20.9883 11.0906 3.6
    endloop
  endfacet
  facet normal 0.994717 -0.102655 0
    outer loop
      vertex 20.9883 11.0906 3
      vertex 20.9209 10.4375 3.6
      vertex 20.9209 10.4375 3
    endloop
  endfacet
  facet normal 0.99513 0.0985674 0
    outer loop
      vertex 20.9883 11.0906 3.6
      vertex 20.9268 11.7115 3
      vertex 20.9268 11.7115 3.6
    endloop
  endfacet
  facet normal 0.99513 0.0985674 0
    outer loop
      vertex 20.9268 11.7115 3
      vertex 20.9883 11.0906 3.6
      vertex 20.9883 11.0906 3
    endloop
  endfacet
  facet normal 0.923065 0.384645 0
    outer loop
      vertex 20.9268 11.7115 3.6
      vertex 20.7422 12.1545 3
      vertex 20.7422 12.1545 3.6
    endloop
  endfacet
  facet normal 0.923065 0.384645 0
    outer loop
      vertex 20.7422 12.1545 3
      vertex 20.9268 11.7115 3.6
      vertex 20.9268 11.7115 3
    endloop
  endfacet
  facet normal 0.657557 0.753405 -0
    outer loop
      vertex 20.7422 12.1545 3
      vertex 20.438 12.42 3.6
      vertex 20.7422 12.1545 3.6
    endloop
  endfacet
  facet normal 0.657557 0.753405 0
    outer loop
      vertex 20.438 12.42 3.6
      vertex 20.7422 12.1545 3
      vertex 20.438 12.42 3
    endloop
  endfacet
  facet normal 0.20614 0.978523 -0
    outer loop
      vertex 20.438 12.42 3
      vertex 20.0179 12.5085 3.6
      vertex 20.438 12.42 3.6
    endloop
  endfacet
  facet normal 0.20614 0.978523 0
    outer loop
      vertex 20.0179 12.5085 3.6
      vertex 20.438 12.42 3
      vertex 20.0179 12.5085 3
    endloop
  endfacet
  facet normal -0.158635 0.987337 0
    outer loop
      vertex 20.0179 12.5085 3
      vertex 19.6177 12.4442 3.6
      vertex 20.0179 12.5085 3.6
    endloop
  endfacet
  facet normal -0.158635 0.987337 0
    outer loop
      vertex 19.6177 12.4442 3.6
      vertex 20.0179 12.5085 3
      vertex 19.6177 12.4442 3
    endloop
  endfacet
  facet normal -0.539006 0.842302 0
    outer loop
      vertex 19.6177 12.4442 3
      vertex 19.3161 12.2512 3.6
      vertex 19.6177 12.4442 3.6
    endloop
  endfacet
  facet normal -0.539006 0.842302 0
    outer loop
      vertex 19.3161 12.2512 3.6
      vertex 19.6177 12.4442 3
      vertex 19.3161 12.2512 3
    endloop
  endfacet
  facet normal -0.850087 0.526642 0
    outer loop
      vertex 19.1269 11.9458 3
      vertex 19.3161 12.2512 3.6
      vertex 19.3161 12.2512 3
    endloop
  endfacet
  facet normal -0.850087 0.526642 0
    outer loop
      vertex 19.3161 12.2512 3.6
      vertex 19.1269 11.9458 3
      vertex 19.1269 11.9458 3.6
    endloop
  endfacet
  facet normal -0.98788 0.155217 0
    outer loop
      vertex 19.0638 11.5442 3
      vertex 19.1269 11.9458 3.6
      vertex 19.1269 11.9458 3
    endloop
  endfacet
  facet normal -0.98788 0.155217 0
    outer loop
      vertex 19.1269 11.9458 3.6
      vertex 19.0638 11.5442 3
      vertex 19.0638 11.5442 3.6
    endloop
  endfacet
  facet normal -0.989343 -0.145602 0
    outer loop
      vertex 19.1218 11.1501 3
      vertex 19.0638 11.5442 3.6
      vertex 19.0638 11.5442 3
    endloop
  endfacet
  facet normal -0.989343 -0.145602 0
    outer loop
      vertex 19.0638 11.5442 3.6
      vertex 19.1218 11.1501 3
      vertex 19.1218 11.1501 3.6
    endloop
  endfacet
  facet normal -0.870584 -0.49202 0
    outer loop
      vertex 19.2957 10.8424 3
      vertex 19.1218 11.1501 3.6
      vertex 19.1218 11.1501 3
    endloop
  endfacet
  facet normal -0.870584 -0.49202 0
    outer loop
      vertex 19.1218 11.1501 3.6
      vertex 19.2957 10.8424 3
      vertex 19.2957 10.8424 3.6
    endloop
  endfacet
  facet normal -0.591286 -0.806462 0
    outer loop
      vertex 19.2957 10.8424 3
      vertex 19.5663 10.644 3.6
      vertex 19.2957 10.8424 3.6
    endloop
  endfacet
  facet normal -0.591286 -0.806462 -0
    outer loop
      vertex 19.5663 10.644 3.6
      vertex 19.2957 10.8424 3
      vertex 19.5663 10.644 3
    endloop
  endfacet
  facet normal -0.186658 -0.982425 0
    outer loop
      vertex 19.5663 10.644 3
      vertex 19.9142 10.5779 3.6
      vertex 19.5663 10.644 3.6
    endloop
  endfacet
  facet normal -0.186658 -0.982425 -0
    outer loop
      vertex 19.9142 10.5779 3.6
      vertex 19.5663 10.644 3
      vertex 19.9142 10.5779 3
    endloop
  endfacet
  facet normal 0.121497 -0.992592 0
    outer loop
      vertex 19.9142 10.5779 3
      vertex 20.1405 10.6056 3.6
      vertex 19.9142 10.5779 3.6
    endloop
  endfacet
  facet normal 0.121497 -0.992592 0
    outer loop
      vertex 20.1405 10.6056 3.6
      vertex 19.9142 10.5779 3
      vertex 20.1405 10.6056 3
    endloop
  endfacet
  facet normal 0.372936 -0.927857 0
    outer loop
      vertex 20.1405 10.6056 3
      vertex 20.3475 10.6888 3.6
      vertex 20.1405 10.6056 3.6
    endloop
  endfacet
  facet normal 0.372936 -0.927857 0
    outer loop
      vertex 20.3475 10.6888 3.6
      vertex 20.1405 10.6056 3
      vertex 20.3475 10.6888 3
    endloop
  endfacet
  facet normal 0.607818 -0.794077 0
    outer loop
      vertex 20.3475 10.6888 3
      vertex 20.5159 10.8177 3.6
      vertex 20.3475 10.6888 3.6
    endloop
  endfacet
  facet normal 0.607818 -0.794077 0
    outer loop
      vertex 20.5159 10.8177 3.6
      vertex 20.3475 10.6888 3
      vertex 20.5159 10.8177 3
    endloop
  endfacet
  facet normal 0.831508 -0.555514 0
    outer loop
      vertex 20.5159 10.8177 3.6
      vertex 20.6262 10.9828 3
      vertex 20.6262 10.9828 3.6
    endloop
  endfacet
  facet normal 0.831508 -0.555514 0
    outer loop
      vertex 20.6262 10.9828 3
      vertex 20.5159 10.8177 3.6
      vertex 20.5159 10.8177 3
    endloop
  endfacet
  facet normal -0.99478 0.102045 0
    outer loop
      vertex 20.5769 10.5022 3
      vertex 20.6262 10.9828 3.6
      vertex 20.6262 10.9828 3
    endloop
  endfacet
  facet normal -0.99478 0.102045 0
    outer loop
      vertex 20.6262 10.9828 3.6
      vertex 20.5769 10.5022 3
      vertex 20.5769 10.5022 3.6
    endloop
  endfacet
  facet normal -0.937752 0.347306 0
    outer loop
      vertex 20.4452 10.1466 3
      vertex 20.5769 10.5022 3.6
      vertex 20.5769 10.5022 3
    endloop
  endfacet
  facet normal -0.937752 0.347306 0
    outer loop
      vertex 20.5769 10.5022 3.6
      vertex 20.4452 10.1466 3
      vertex 20.4452 10.1466 3.6
    endloop
  endfacet
  facet normal -0.725142 0.688599 0
    outer loop
      vertex 20.2366 9.92693 3
      vertex 20.4452 10.1466 3.6
      vertex 20.4452 10.1466 3
    endloop
  endfacet
  facet normal -0.725142 0.688599 0
    outer loop
      vertex 20.4452 10.1466 3.6
      vertex 20.2366 9.92693 3
      vertex 20.2366 9.92693 3.6
    endloop
  endfacet
  facet normal -0.253279 0.967393 0
    outer loop
      vertex 20.2366 9.92693 3
      vertex 19.9569 9.8537 3.6
      vertex 20.2366 9.92693 3.6
    endloop
  endfacet
  facet normal -0.253279 0.967393 0
    outer loop
      vertex 19.9569 9.8537 3.6
      vertex 20.2366 9.92693 3
      vertex 19.9569 9.8537 3
    endloop
  endfacet
  facet normal 0.278904 0.960319 -0
    outer loop
      vertex 19.9569 9.8537 3
      vertex 19.6487 9.94321 3.6
      vertex 19.9569 9.8537 3.6
    endloop
  endfacet
  facet normal 0.278904 0.960319 0
    outer loop
      vertex 19.6487 9.94321 3.6
      vertex 19.9569 9.8537 3
      vertex 19.6487 9.94321 3
    endloop
  endfacet
  facet normal 0.836329 0.548228 0
    outer loop
      vertex 19.6487 9.94321 3.6
      vertex 19.4727 10.2117 3
      vertex 19.4727 10.2117 3.6
    endloop
  endfacet
  facet normal 0.836329 0.548228 0
    outer loop
      vertex 19.4727 10.2117 3
      vertex 19.6487 9.94321 3.6
      vertex 19.6487 9.94321 3
    endloop
  endfacet
  facet normal -0.155006 0.987914 0
    outer loop
      vertex 19.4727 10.2117 3
      vertex 19.1228 10.1568 3.6
      vertex 19.4727 10.2117 3.6
    endloop
  endfacet
  facet normal -0.155006 0.987914 0
    outer loop
      vertex 19.1228 10.1568 3.6
      vertex 19.4727 10.2117 3
      vertex 19.1228 10.1568 3
    endloop
  endfacet
  facet normal -0.919516 -0.393054 0
    outer loop
      vertex 19.239 9.88496 3
      vertex 19.1228 10.1568 3.6
      vertex 19.1228 10.1568 3
    endloop
  endfacet
  facet normal -0.919516 -0.393054 0
    outer loop
      vertex 19.1228 10.1568 3.6
      vertex 19.239 9.88496 3
      vertex 19.239 9.88496 3.6
    endloop
  endfacet
  facet normal -0.728781 -0.684747 0
    outer loop
      vertex 19.4127 9.70009 3
      vertex 19.239 9.88496 3.6
      vertex 19.239 9.88496 3
    endloop
  endfacet
  facet normal -0.728781 -0.684747 0
    outer loop
      vertex 19.239 9.88496 3.6
      vertex 19.4127 9.70009 3
      vertex 19.4127 9.70009 3.6
    endloop
  endfacet
  facet normal -0.410252 -0.911972 0
    outer loop
      vertex 19.4127 9.70009 3
      vertex 19.6484 9.59406 3.6
      vertex 19.4127 9.70009 3.6
    endloop
  endfacet
  facet normal -0.410252 -0.911972 -0
    outer loop
      vertex 19.6484 9.59406 3.6
      vertex 19.4127 9.70009 3
      vertex 19.6484 9.59406 3
    endloop
  endfacet
  facet normal -0.11614 -0.993233 0
    outer loop
      vertex 19.6484 9.59406 3
      vertex 19.9508 9.5587 3.6
      vertex 19.6484 9.59406 3.6
    endloop
  endfacet
  facet normal -0.11614 -0.993233 -0
    outer loop
      vertex 19.9508 9.5587 3.6
      vertex 19.6484 9.59406 3
      vertex 19.9508 9.5587 3
    endloop
  endfacet
  facet normal 0.219323 -0.975652 0
    outer loop
      vertex 19.9508 9.5587 3
      vertex 20.392 9.65788 3.6
      vertex 19.9508 9.5587 3.6
    endloop
  endfacet
  facet normal 0.219323 -0.975652 0
    outer loop
      vertex 20.392 9.65788 3.6
      vertex 19.9508 9.5587 3
      vertex 20.392 9.65788 3
    endloop
  endfacet
  facet normal 0.605308 0.795991 -0
    outer loop
      vertex 19.7682 10.9123 3
      vertex 19.5887 11.0488 3.6
      vertex 19.7682 10.9123 3.6
    endloop
  endfacet
  facet normal 0.605308 0.795991 0
    outer loop
      vertex 19.5887 11.0488 3.6
      vertex 19.7682 10.9123 3
      vertex 19.5887 11.0488 3
    endloop
  endfacet
  facet normal 0.882717 0.469906 0
    outer loop
      vertex 19.5887 11.0488 3.6
      vertex 19.4743 11.2637 3
      vertex 19.4743 11.2637 3.6
    endloop
  endfacet
  facet normal 0.882717 0.469906 0
    outer loop
      vertex 19.4743 11.2637 3
      vertex 19.5887 11.0488 3.6
      vertex 19.5887 11.0488 3
    endloop
  endfacet
  facet normal 0.990854 0.13494 0
    outer loop
      vertex 19.4743 11.2637 3.6
      vertex 19.4361 11.5442 3
      vertex 19.4361 11.5442 3.6
    endloop
  endfacet
  facet normal 0.990854 0.13494 0
    outer loop
      vertex 19.4361 11.5442 3
      vertex 19.4743 11.2637 3.6
      vertex 19.4743 11.2637 3
    endloop
  endfacet
  facet normal 0.990517 -0.137392 0
    outer loop
      vertex 19.4361 11.5442 3.6
      vertex 19.4743 11.8196 3
      vertex 19.4743 11.8196 3.6
    endloop
  endfacet
  facet normal 0.990517 -0.137392 0
    outer loop
      vertex 19.4743 11.8196 3
      vertex 19.4361 11.5442 3.6
      vertex 19.4361 11.5442 3
    endloop
  endfacet
  facet normal 0.879857 -0.475239 0
    outer loop
      vertex 19.4743 11.8196 3.6
      vertex 19.5887 12.0314 3
      vertex 19.5887 12.0314 3.6
    endloop
  endfacet
  facet normal 0.879857 -0.475239 0
    outer loop
      vertex 19.5887 12.0314 3
      vertex 19.4743 11.8196 3.6
      vertex 19.4743 11.8196 3
    endloop
  endfacet
  facet normal 0.599219 -0.800585 0
    outer loop
      vertex 19.5887 12.0314 3
      vertex 19.7692 12.1665 3.6
      vertex 19.5887 12.0314 3.6
    endloop
  endfacet
  facet normal 0.599219 -0.800585 0
    outer loop
      vertex 19.7692 12.1665 3.6
      vertex 19.5887 12.0314 3
      vertex 19.7692 12.1665 3
    endloop
  endfacet
  facet normal 0.186921 -0.982375 0
    outer loop
      vertex 19.7692 12.1665 3
      vertex 20.0057 12.2115 3.6
      vertex 19.7692 12.1665 3.6
    endloop
  endfacet
  facet normal 0.186921 -0.982375 0
    outer loop
      vertex 20.0057 12.2115 3.6
      vertex 19.7692 12.1665 3
      vertex 20.0057 12.2115 3
    endloop
  endfacet
  facet normal -0.214426 -0.97674 0
    outer loop
      vertex 20.0057 12.2115 3
      vertex 20.2453 12.1589 3.6
      vertex 20.0057 12.2115 3.6
    endloop
  endfacet
  facet normal -0.214426 -0.97674 -0
    outer loop
      vertex 20.2453 12.1589 3.6
      vertex 20.0057 12.2115 3
      vertex 20.2453 12.1589 3
    endloop
  endfacet
  facet normal -0.64822 -0.761453 0
    outer loop
      vertex 20.2453 12.1589 3
      vertex 20.4309 12.0009 3.6
      vertex 20.2453 12.1589 3.6
    endloop
  endfacet
  facet normal -0.64822 -0.761453 -0
    outer loop
      vertex 20.4309 12.0009 3.6
      vertex 20.2453 12.1589 3
      vertex 20.4309 12.0009 3
    endloop
  endfacet
  facet normal -0.899016 -0.437916 0
    outer loop
      vertex 20.5499 11.7566 3
      vertex 20.4309 12.0009 3.6
      vertex 20.4309 12.0009 3
    endloop
  endfacet
  facet normal -0.899016 -0.437916 0
    outer loop
      vertex 20.4309 12.0009 3.6
      vertex 20.5499 11.7566 3
      vertex 20.5499 11.7566 3.6
    endloop
  endfacet
  facet normal -0.992007 -0.126186 0
    outer loop
      vertex 20.5896 11.4445 3
      vertex 20.5499 11.7566 3.6
      vertex 20.5499 11.7566 3
    endloop
  endfacet
  facet normal -0.992007 -0.126186 0
    outer loop
      vertex 20.5499 11.7566 3.6
      vertex 20.5896 11.4445 3
      vertex 20.5896 11.4445 3.6
    endloop
  endfacet
  facet normal -0.992543 0.121891 0
    outer loop
      vertex 20.57 11.2849 3
      vertex 20.5896 11.4445 3.6
      vertex 20.5896 11.4445 3
    endloop
  endfacet
  facet normal -0.992543 0.121891 0
    outer loop
      vertex 20.5896 11.4445 3.6
      vertex 20.57 11.2849 3
      vertex 20.57 11.2849 3.6
    endloop
  endfacet
  facet normal -0.923347 0.383966 0
    outer loop
      vertex 20.5112 11.1435 3
      vertex 20.57 11.2849 3.6
      vertex 20.57 11.2849 3
    endloop
  endfacet
  facet normal -0.923347 0.383966 0
    outer loop
      vertex 20.57 11.2849 3.6
      vertex 20.5112 11.1435 3
      vertex 20.5112 11.1435 3.6
    endloop
  endfacet
  facet normal -0.784249 0.620446 0
    outer loop
      vertex 20.4184 11.0262 3
      vertex 20.5112 11.1435 3.6
      vertex 20.5112 11.1435 3
    endloop
  endfacet
  facet normal -0.784249 0.620446 0
    outer loop
      vertex 20.5112 11.1435 3.6
      vertex 20.4184 11.0262 3
      vertex 20.4184 11.0262 3.6
    endloop
  endfacet
  facet normal -0.582122 0.813102 0
    outer loop
      vertex 20.4184 11.0262 3
      vertex 20.2966 10.939 3.6
      vertex 20.4184 11.0262 3.6
    endloop
  endfacet
  facet normal -0.582122 0.813102 0
    outer loop
      vertex 20.2966 10.939 3.6
      vertex 20.4184 11.0262 3
      vertex 20.2966 10.939 3
    endloop
  endfacet
  facet normal -0.356816 0.934175 0
    outer loop
      vertex 20.2966 10.939 3
      vertex 20.1547 10.8848 3.6
      vertex 20.2966 10.939 3.6
    endloop
  endfacet
  facet normal -0.356816 0.934175 0
    outer loop
      vertex 20.1547 10.8848 3.6
      vertex 20.2966 10.939 3
      vertex 20.1547 10.8848 3
    endloop
  endfacet
  facet normal -0.116841 0.993151 0
    outer loop
      vertex 20.1547 10.8848 3
      vertex 20.0017 10.8668 3.6
      vertex 20.1547 10.8848 3.6
    endloop
  endfacet
  facet normal -0.116841 0.993151 0
    outer loop
      vertex 20.0017 10.8668 3.6
      vertex 20.1547 10.8848 3
      vertex 20.0017 10.8668 3
    endloop
  endfacet
  facet normal 0.191263 0.981539 -0
    outer loop
      vertex 20.0017 10.8668 3
      vertex 19.7682 10.9123 3.6
      vertex 20.0017 10.8668 3.6
    endloop
  endfacet
  facet normal 0.191263 0.981539 0
    outer loop
      vertex 19.7682 10.9123 3.6
      vertex 20.0017 10.8668 3
      vertex 19.7682 10.9123 3
    endloop
  endfacet
  facet normal 0.671092 -0.741374 0
    outer loop
      vertex 22.7191 9.65331 3
      vertex 23.0326 9.93709 3.6
      vertex 22.7191 9.65331 3.6
    endloop
  endfacet
  facet normal 0.671092 -0.741374 0
    outer loop
      vertex 23.0326 9.93709 3.6
      vertex 22.7191 9.65331 3
      vertex 23.0326 9.93709 3
    endloop
  endfacet
  facet normal 0.925292 -0.379256 0
    outer loop
      vertex 23.0326 9.93709 3.6
      vertex 23.2225 10.4004 3
      vertex 23.2225 10.4004 3.6
    endloop
  endfacet
  facet normal 0.925292 -0.379256 0
    outer loop
      vertex 23.2225 10.4004 3
      vertex 23.0326 9.93709 3.6
      vertex 23.0326 9.93709 3
    endloop
  endfacet
  facet normal 0.995025 -0.0996282 0
    outer loop
      vertex 23.2225 10.4004 3.6
      vertex 23.2859 11.0336 3
      vertex 23.2859 11.0336 3.6
    endloop
  endfacet
  facet normal 0.995025 -0.0996282 0
    outer loop
      vertex 23.2859 11.0336 3
      vertex 23.2225 10.4004 3.6
      vertex 23.2225 10.4004 3
    endloop
  endfacet
  facet normal 0.995602 0.0936872 0
    outer loop
      vertex 23.2859 11.0336 3.6
      vertex 23.2256 11.6744 3
      vertex 23.2256 11.6744 3.6
    endloop
  endfacet
  facet normal 0.995602 0.0936872 0
    outer loop
      vertex 23.2256 11.6744 3
      vertex 23.2859 11.0336 3.6
      vertex 23.2859 11.0336 3
    endloop
  endfacet
  facet normal 0.931177 0.364567 0
    outer loop
      vertex 23.2256 11.6744 3.6
      vertex 23.0448 12.1362 3
      vertex 23.0448 12.1362 3.6
    endloop
  endfacet
  facet normal 0.931177 0.364567 0
    outer loop
      vertex 23.0448 12.1362 3
      vertex 23.2256 11.6744 3.6
      vertex 23.2256 11.6744 3
    endloop
  endfacet
  facet normal 0.672469 0.740125 -0
    outer loop
      vertex 23.0448 12.1362 3
      vertex 22.7374 12.4155 3.6
      vertex 23.0448 12.1362 3.6
    endloop
  endfacet
  facet normal 0.672469 0.740125 0
    outer loop
      vertex 22.7374 12.4155 3.6
      vertex 23.0448 12.1362 3
      vertex 22.7374 12.4155 3
    endloop
  endfacet
  facet normal 0.206705 0.978403 -0
    outer loop
      vertex 22.7374 12.4155 3
      vertex 22.2972 12.5085 3.6
      vertex 22.7374 12.4155 3.6
    endloop
  endfacet
  facet normal 0.206705 0.978403 0
    outer loop
      vertex 22.2972 12.5085 3.6
      vertex 22.7374 12.4155 3
      vertex 22.2972 12.5085 3
    endloop
  endfacet
  facet normal -0.199917 0.979813 0
    outer loop
      vertex 22.2972 12.5085 3
      vertex 21.8463 12.4165 3.6
      vertex 22.2972 12.5085 3.6
    endloop
  endfacet
  facet normal -0.199917 0.979813 0
    outer loop
      vertex 21.8463 12.4165 3.6
      vertex 22.2972 12.5085 3
      vertex 21.8463 12.4165 3
    endloop
  endfacet
  facet normal -0.664035 0.747701 0
    outer loop
      vertex 21.8463 12.4165 3
      vertex 21.5353 12.1403 3.6
      vertex 21.8463 12.4165 3.6
    endloop
  endfacet
  facet normal -0.664035 0.747701 0
    outer loop
      vertex 21.5353 12.1403 3.6
      vertex 21.8463 12.4165 3
      vertex 21.5353 12.1403 3
    endloop
  endfacet
  facet normal -0.930909 0.365252 0
    outer loop
      vertex 21.3545 11.6795 3
      vertex 21.5353 12.1403 3.6
      vertex 21.5353 12.1403 3
    endloop
  endfacet
  facet normal -0.930909 0.365252 0
    outer loop
      vertex 21.5353 12.1403 3.6
      vertex 21.3545 11.6795 3
      vertex 21.3545 11.6795 3.6
    endloop
  endfacet
  facet normal -0.99567 0.0929539 0
    outer loop
      vertex 21.2942 11.0336 3
      vertex 21.3545 11.6795 3.6
      vertex 21.3545 11.6795 3
    endloop
  endfacet
  facet normal -0.99567 0.0929539 0
    outer loop
      vertex 21.3545 11.6795 3.6
      vertex 21.2942 11.0336 3
      vertex 21.2942 11.0336 3.6
    endloop
  endfacet
  facet normal -0.995262 -0.0972248 0
    outer loop
      vertex 21.3563 10.3979 3
      vertex 21.2942 11.0336 3.6
      vertex 21.2942 11.0336 3
    endloop
  endfacet
  facet normal -0.995262 -0.0972248 0
    outer loop
      vertex 21.2942 11.0336 3.6
      vertex 21.3563 10.3979 3
      vertex 21.3563 10.3979 3.6
    endloop
  endfacet
  facet normal -0.927809 -0.373056 0
    outer loop
      vertex 21.5424 9.93506 3
      vertex 21.3563 10.3979 3.6
      vertex 21.3563 10.3979 3
    endloop
  endfacet
  facet normal -0.927809 -0.373056 0
    outer loop
      vertex 21.3563 10.3979 3.6
      vertex 21.5424 9.93506 3
      vertex 21.5424 9.93506 3.6
    endloop
  endfacet
  facet normal -0.6735 -0.739187 0
    outer loop
      vertex 21.5424 9.93506 3
      vertex 21.8522 9.65279 3.6
      vertex 21.5424 9.93506 3.6
    endloop
  endfacet
  facet normal -0.6735 -0.739187 -0
    outer loop
      vertex 21.8522 9.65279 3.6
      vertex 21.5424 9.93506 3
      vertex 21.8522 9.65279 3
    endloop
  endfacet
  facet normal -0.212436 -0.977175 0
    outer loop
      vertex 21.8522 9.65279 3
      vertex 22.285 9.5587 3.6
      vertex 21.8522 9.65279 3.6
    endloop
  endfacet
  facet normal -0.212436 -0.977175 -0
    outer loop
      vertex 22.285 9.5587 3.6
      vertex 21.8522 9.65279 3
      vertex 22.285 9.5587 3
    endloop
  endfacet
  facet normal 0.212946 -0.977064 0
    outer loop
      vertex 22.285 9.5587 3
      vertex 22.7191 9.65331 3.6
      vertex 22.285 9.5587 3.6
    endloop
  endfacet
  facet normal 0.212946 -0.977064 0
    outer loop
      vertex 22.7191 9.65331 3.6
      vertex 22.285 9.5587 3
      vertex 22.7191 9.65331 3
    endloop
  endfacet
  facet normal 0.738694 0.674041 0
    outer loop
      vertex 22.0075 9.92844 3.6
      vertex 21.814 10.1405 3
      vertex 21.814 10.1405 3.6
    endloop
  endfacet
  facet normal 0.738694 0.674041 0
    outer loop
      vertex 21.814 10.1405 3
      vertex 22.0075 9.92844 3.6
      vertex 22.0075 9.92844 3
    endloop
  endfacet
  facet normal 0.955864 0.29381 0
    outer loop
      vertex 21.814 10.1405 3.6
      vertex 21.7019 10.5052 3
      vertex 21.7019 10.5052 3.6
    endloop
  endfacet
  facet normal 0.955864 0.29381 0
    outer loop
      vertex 21.7019 10.5052 3
      vertex 21.814 10.1405 3.6
      vertex 21.814 10.1405 3
    endloop
  endfacet
  facet normal 0.997504 0.0706031 0
    outer loop
      vertex 21.7019 10.5052 3.6
      vertex 21.6645 11.0336 3
      vertex 21.6645 11.0336 3.6
    endloop
  endfacet
  facet normal 0.997504 0.0706031 0
    outer loop
      vertex 21.6645 11.0336 3
      vertex 21.7019 10.5052 3.6
      vertex 21.7019 10.5052 3
    endloop
  endfacet
  facet normal 0.997674 -0.0681618 0
    outer loop
      vertex 21.6645 11.0336 3.6
      vertex 21.7014 11.5737 3
      vertex 21.7014 11.5737 3.6
    endloop
  endfacet
  facet normal 0.997674 -0.0681618 0
    outer loop
      vertex 21.7014 11.5737 3
      vertex 21.6645 11.0336 3.6
      vertex 21.6645 11.0336 3
    endloop
  endfacet
  facet normal 0.956607 -0.291382 0
    outer loop
      vertex 21.7014 11.5737 3.6
      vertex 21.812 11.9368 3
      vertex 21.812 11.9368 3.6
    endloop
  endfacet
  facet normal 0.956607 -0.291382 0
    outer loop
      vertex 21.812 11.9368 3
      vertex 21.7014 11.5737 3.6
      vertex 21.7014 11.5737 3
    endloop
  endfacet
  facet normal 0.726231 -0.687451 0
    outer loop
      vertex 21.812 11.9368 3.6
      vertex 22.007 12.1428 3
      vertex 22.007 12.1428 3.6
    endloop
  endfacet
  facet normal 0.726231 -0.687451 0
    outer loop
      vertex 22.007 12.1428 3
      vertex 21.812 11.9368 3.6
      vertex 21.812 11.9368 3
    endloop
  endfacet
  facet normal 0.230366 -0.973104 0
    outer loop
      vertex 22.007 12.1428 3
      vertex 22.2972 12.2115 3.6
      vertex 22.007 12.1428 3.6
    endloop
  endfacet
  facet normal 0.230366 -0.973104 0
    outer loop
      vertex 22.2972 12.2115 3.6
      vertex 22.007 12.1428 3
      vertex 22.2972 12.2115 3
    endloop
  endfacet
  facet normal -0.239143 -0.970984 0
    outer loop
      vertex 22.2972 12.2115 3
      vertex 22.5802 12.1418 3.6
      vertex 22.2972 12.2115 3.6
    endloop
  endfacet
  facet normal -0.239143 -0.970984 -0
    outer loop
      vertex 22.5802 12.1418 3.6
      vertex 22.2972 12.2115 3
      vertex 22.5802 12.1418 3
    endloop
  endfacet
  facet normal -0.73994 -0.672673 0
    outer loop
      vertex 22.7702 11.9328 3
      vertex 22.5802 12.1418 3.6
      vertex 22.5802 12.1418 3
    endloop
  endfacet
  facet normal -0.73994 -0.672673 0
    outer loop
      vertex 22.5802 12.1418 3.6
      vertex 22.7702 11.9328 3
      vertex 22.7702 11.9328 3.6
    endloop
  endfacet
  facet normal -0.959092 -0.283093 0
    outer loop
      vertex 22.8777 11.5686 3
      vertex 22.7702 11.9328 3.6
      vertex 22.7702 11.9328 3
    endloop
  endfacet
  facet normal -0.959092 -0.283093 0
    outer loop
      vertex 22.7702 11.9328 3.6
      vertex 22.8777 11.5686 3
      vertex 22.8777 11.5686 3.6
    endloop
  endfacet
  facet normal -0.997756 -0.0669522 0
    outer loop
      vertex 22.9136 11.0336 3
      vertex 22.8777 11.5686 3.6
      vertex 22.8777 11.5686 3
    endloop
  endfacet
  facet normal -0.997756 -0.0669522 0
    outer loop
      vertex 22.8777 11.5686 3.6
      vertex 22.9136 11.0336 3
      vertex 22.9136 11.0336 3.6
    endloop
  endfacet
  facet normal -0.997404 0.0720092 0
    outer loop
      vertex 22.876 10.5128 3
      vertex 22.9136 11.0336 3.6
      vertex 22.9136 11.0336 3
    endloop
  endfacet
  facet normal -0.997404 0.0720092 0
    outer loop
      vertex 22.9136 11.0336 3.6
      vertex 22.876 10.5128 3
      vertex 22.876 10.5128 3.6
    endloop
  endfacet
  facet normal -0.955615 0.294618 0
    outer loop
      vertex 22.7631 10.1466 3
      vertex 22.876 10.5128 3.6
      vertex 22.876 10.5128 3
    endloop
  endfacet
  facet normal -0.955615 0.294618 0
    outer loop
      vertex 22.876 10.5128 3.6
      vertex 22.7631 10.1466 3
      vertex 22.7631 10.1466 3.6
    endloop
  endfacet
  facet normal -0.745302 0.666726 0
    outer loop
      vertex 22.5693 9.92996 3
      vertex 22.7631 10.1466 3.6
      vertex 22.7631 10.1466 3
    endloop
  endfacet
  facet normal -0.745302 0.666726 0
    outer loop
      vertex 22.7631 10.1466 3.6
      vertex 22.5693 9.92996 3
      vertex 22.5693 9.92996 3.6
    endloop
  endfacet
  facet normal -0.249504 0.968374 0
    outer loop
      vertex 22.5693 9.92996 3
      vertex 22.289 9.85774 3.6
      vertex 22.5693 9.92996 3.6
    endloop
  endfacet
  facet normal -0.249504 0.968374 0
    outer loop
      vertex 22.289 9.85774 3.6
      vertex 22.5693 9.92996 3
      vertex 22.289 9.85774 3
    endloop
  endfacet
  facet normal 0.243589 0.969878 -0
    outer loop
      vertex 22.289 9.85774 3
      vertex 22.0075 9.92844 3.6
      vertex 22.289 9.85774 3.6
    endloop
  endfacet
  facet normal 0.243589 0.969878 0
    outer loop
      vertex 22.0075 9.92844 3.6
      vertex 22.289 9.85774 3
      vertex 22.0075 9.92844 3
    endloop
  endfacet
  facet normal 0 1 -0
    outer loop
      vertex 18.7193 9.91063 3
      vertex 18.0215 9.91063 3.6
      vertex 18.7193 9.91063 3.6
    endloop
  endfacet
  facet normal 0 1 0
    outer loop
      vertex 18.0215 9.91063 3.6
      vertex 18.7193 9.91063 3
      vertex 18.0215 9.91063 3
    endloop
  endfacet
  facet normal 1 -0 0
    outer loop
      vertex 18.0215 9.91063 3.6
      vertex 18.0215 12.4658 3
      vertex 18.0215 12.4658 3.6
    endloop
  endfacet
  facet normal 1 0 0
    outer loop
      vertex 18.0215 12.4658 3
      vertex 18.0215 9.91063 3.6
      vertex 18.0215 9.91063 3
    endloop
  endfacet
  facet normal 0 1 -0
    outer loop
      vertex 18.0215 12.4658 3
      vertex 17.6838 12.4658 3.6
      vertex 18.0215 12.4658 3.6
    endloop
  endfacet
  facet normal 0 1 0
    outer loop
      vertex 17.6838 12.4658 3.6
      vertex 18.0215 12.4658 3
      vertex 17.6838 12.4658 3
    endloop
  endfacet
  facet normal -0.566627 0.823974 0
    outer loop
      vertex 17.6838 12.4658 3
      vertex 17.0063 11.9999 3.6
      vertex 17.6838 12.4658 3.6
    endloop
  endfacet
  facet normal -0.566627 0.823974 0
    outer loop
      vertex 17.0063 11.9999 3.6
      vertex 17.6838 12.4658 3
      vertex 17.0063 11.9999 3
    endloop
  endfacet
  facet normal -1 0 0
    outer loop
      vertex 17.0063 11.6541 3
      vertex 17.0063 11.9999 3.6
      vertex 17.0063 11.9999 3
    endloop
  endfacet
  facet normal -1 -0 0
    outer loop
      vertex 17.0063 11.9999 3.6
      vertex 17.0063 11.6541 3
      vertex 17.0063 11.6541 3.6
    endloop
  endfacet
  facet normal 0.581012 -0.813895 0
    outer loop
      vertex 17.0063 11.6541 3
      vertex 17.6532 12.1159 3.6
      vertex 17.0063 11.6541 3.6
    endloop
  endfacet
  facet normal 0.581012 -0.813895 0
    outer loop
      vertex 17.6532 12.1159 3.6
      vertex 17.0063 11.6541 3
      vertex 17.6532 12.1159 3
    endloop
  endfacet
  facet normal -1 0 0
    outer loop
      vertex 17.6532 9.91063 3
      vertex 17.6532 12.1159 3.6
      vertex 17.6532 12.1159 3
    endloop
  endfacet
  facet normal -1 -0 0
    outer loop
      vertex 17.6532 12.1159 3.6
      vertex 17.6532 9.91063 3
      vertex 17.6532 9.91063 3.6
    endloop
  endfacet
  facet normal 0 1 -0
    outer loop
      vertex 17.6532 9.91063 3
      vertex 16.9229 9.91063 3.6
      vertex 17.6532 9.91063 3.6
    endloop
  endfacet
  facet normal 0 1 0
    outer loop
      vertex 16.9229 9.91063 3.6
      vertex 17.6532 9.91063 3
      vertex 16.9229 9.91063 3
    endloop
  endfacet
  facet normal -1 0 0
    outer loop
      vertex 16.9229 9.59938 3
      vertex 16.9229 9.91063 3.6
      vertex 16.9229 9.91063 3
    endloop
  endfacet
  facet normal -1 -0 0
    outer loop
      vertex 16.9229 9.91063 3.6
      vertex 16.9229 9.59938 3
      vertex 16.9229 9.59938 3.6
    endloop
  endfacet
  facet normal 0 -1 0
    outer loop
      vertex 16.9229 9.59938 3
      vertex 18.7193 9.59938 3.6
      vertex 16.9229 9.59938 3.6
    endloop
  endfacet
  facet normal 0 -1 -0
    outer loop
      vertex 18.7193 9.59938 3.6
      vertex 16.9229 9.59938 3
      vertex 18.7193 9.59938 3
    endloop
  endfacet
  facet normal 1 -0 0
    outer loop
      vertex 18.7193 9.59938 3.6
      vertex 18.7193 9.91063 3
      vertex 18.7193 9.91063 3.6
    endloop
  endfacet
  facet normal 1 0 0
    outer loop
      vertex 18.7193 9.91063 3
      vertex 18.7193 9.59938 3.6
      vertex 18.7193 9.59938 3
    endloop
  endfacet
  facet normal -0 0 1
    outer loop
      vertex -23.3852 -24.4314 3.6
      vertex -22.9771 -24.9664 3.6
      vertex -23.0374 -24.3256 3.6
    endloop
  endfacet
  facet normal -0 0 1
    outer loop
      vertex -23.4928 -24.0672 3.6
      vertex -23.0374 -24.3256 3.6
      vertex -23.2182 -23.8638 3.6
    endloop
  endfacet
  facet normal 0 0 1
    outer loop
      vertex -23.387 -25.4872 3.6
      vertex -22.9771 -24.9664 3.6
      vertex -23.3494 -24.9664 3.6
    endloop
  endfacet
  facet normal 0 0 1
    outer loop
      vertex -22.9771 -24.9664 3.6
      vertex -23.387 -25.4872 3.6
      vertex -23.0404 -25.5996 3.6
    endloop
  endfacet
  facet normal 0 0 1
    outer loop
      vertex -22.9771 -24.9664 3.6
      vertex -23.3852 -24.4314 3.6
      vertex -23.3494 -24.9664 3.6
    endloop
  endfacet
  facet normal 0 0 1
    outer loop
      vertex -23.0374 -24.3256 3.6
      vertex -23.4928 -24.0672 3.6
      vertex -23.3852 -24.4314 3.6
    endloop
  endfacet
  facet normal -0 0 1
    outer loop
      vertex -23.6828 -23.8582 3.6
      vertex -23.2182 -23.8638 3.6
      vertex -23.5256 -23.5845 3.6
    endloop
  endfacet
  facet normal 0 0 1
    outer loop
      vertex -23.2182 -23.8638 3.6
      vertex -23.6828 -23.8582 3.6
      vertex -23.4928 -24.0672 3.6
    endloop
  endfacet
  facet normal 0 0 1
    outer loop
      vertex -23.9658 -23.4915 3.6
      vertex -23.6828 -23.8582 3.6
      vertex -23.5256 -23.5845 3.6
    endloop
  endfacet
  facet normal 0 0 1
    outer loop
      vertex -23.9658 -23.4915 3.6
      vertex -23.9658 -23.7885 3.6
      vertex -23.6828 -23.8582 3.6
    endloop
  endfacet
  facet normal 0 0 1
    outer loop
      vertex -23.9658 -23.4915 3.6
      vertex -24.2559 -23.8572 3.6
      vertex -23.9658 -23.7885 3.6
    endloop
  endfacet
  facet normal -0 0 1
    outer loop
      vertex -24.4166 -23.5835 3.6
      vertex -24.2559 -23.8572 3.6
      vertex -23.9658 -23.4915 3.6
    endloop
  endfacet
  facet normal 0 0 1
    outer loop
      vertex -24.7276 -23.8597 3.6
      vertex -24.2559 -23.8572 3.6
      vertex -24.4166 -23.5835 3.6
    endloop
  endfacet
  facet normal 0 0 1
    outer loop
      vertex -24.2559 -23.8572 3.6
      vertex -24.7276 -23.8597 3.6
      vertex -24.451 -24.0632 3.6
    endloop
  endfacet
  facet normal 0 0 1
    outer loop
      vertex -24.9687 -24.9664 3.6
      vertex -24.5985 -24.9664 3.6
      vertex -24.5616 -24.4263 3.6
    endloop
  endfacet
  facet normal 0 0 1
    outer loop
      vertex -24.9085 -24.3205 3.6
      vertex -24.451 -24.0632 3.6
      vertex -24.7276 -23.8597 3.6
    endloop
  endfacet
  facet normal 0 0 1
    outer loop
      vertex -24.451 -24.0632 3.6
      vertex -24.9085 -24.3205 3.6
      vertex -24.5616 -24.4263 3.6
    endloop
  endfacet
  facet normal 0 0 1
    outer loop
      vertex -24.5985 -24.9664 3.6
      vertex -24.9687 -24.9664 3.6
      vertex -24.9067 -25.6021 3.6
    endloop
  endfacet
  facet normal 0 0 1
    outer loop
      vertex -24.5616 -24.4263 3.6
      vertex -24.9085 -24.3205 3.6
      vertex -24.9687 -24.9664 3.6
    endloop
  endfacet
  facet normal 0 0 1
    outer loop
      vertex -24.5985 -24.9664 3.6
      vertex -24.9067 -25.6021 3.6
      vertex -24.7205 -26.0649 3.6
    endloop
  endfacet
  facet normal 0 0 1
    outer loop
      vertex -23.4999 -25.8534 3.6
      vertex -23.0404 -25.5996 3.6
      vertex -23.387 -25.4872 3.6
    endloop
  endfacet
  facet normal 0 0 1
    outer loop
      vertex -23.0404 -25.5996 3.6
      vertex -23.4999 -25.8534 3.6
      vertex -23.2304 -26.0629 3.6
    endloop
  endfacet
  facet normal 0 0 1
    outer loop
      vertex -23.6937 -26.07 3.6
      vertex -23.2304 -26.0629 3.6
      vertex -23.4999 -25.8534 3.6
    endloop
  endfacet
  facet normal 0 0 1
    outer loop
      vertex -23.2304 -26.0629 3.6
      vertex -23.6937 -26.07 3.6
      vertex -23.5439 -26.3467 3.6
    endloop
  endfacet
  facet normal 0 0 1
    outer loop
      vertex -23.978 -26.4413 3.6
      vertex -23.6937 -26.07 3.6
      vertex -23.974 -26.1423 3.6
    endloop
  endfacet
  facet normal 0 0 1
    outer loop
      vertex -23.6937 -26.07 3.6
      vertex -23.978 -26.4413 3.6
      vertex -23.5439 -26.3467 3.6
    endloop
  endfacet
  facet normal 0 0 1
    outer loop
      vertex -24.2554 -26.0716 3.6
      vertex -23.978 -26.4413 3.6
      vertex -23.974 -26.1423 3.6
    endloop
  endfacet
  facet normal 0 0 1
    outer loop
      vertex -24.2554 -26.0716 3.6
      vertex -24.4108 -26.3472 3.6
      vertex -23.978 -26.4413 3.6
    endloop
  endfacet
  facet normal -0 0 1
    outer loop
      vertex -24.7205 -26.0649 3.6
      vertex -24.2554 -26.0716 3.6
      vertex -24.4489 -25.8595 3.6
    endloop
  endfacet
  facet normal 0 0 1
    outer loop
      vertex -24.7205 -26.0649 3.6
      vertex -24.4489 -25.8595 3.6
      vertex -24.5611 -25.4948 3.6
    endloop
  endfacet
  facet normal 0 0 1
    outer loop
      vertex -24.2554 -26.0716 3.6
      vertex -24.7205 -26.0649 3.6
      vertex -24.4108 -26.3472 3.6
    endloop
  endfacet
  facet normal 0 0 1
    outer loop
      vertex -24.7205 -26.0649 3.6
      vertex -24.5611 -25.4948 3.6
      vertex -24.5985 -24.9664 3.6
    endloop
  endfacet
  facet normal 0.671118 -0.741351 0
    outer loop
      vertex -23.5439 -26.3467 3
      vertex -23.2304 -26.0629 3.6
      vertex -23.5439 -26.3467 3.6
    endloop
  endfacet
  facet normal 0.671118 -0.741351 0
    outer loop
      vertex -23.2304 -26.0629 3.6
      vertex -23.5439 -26.3467 3
      vertex -23.2304 -26.0629 3
    endloop
  endfacet
  facet normal 0.925219 -0.379434 0
    outer loop
      vertex -23.2304 -26.0629 3.6
      vertex -23.0404 -25.5996 3
      vertex -23.0404 -25.5996 3.6
    endloop
  endfacet
  facet normal 0.925219 -0.379434 0
    outer loop
      vertex -23.0404 -25.5996 3
      vertex -23.2304 -26.0629 3.6
      vertex -23.2304 -26.0629 3
    endloop
  endfacet
  facet normal 0.99504 -0.0994726 0
    outer loop
      vertex -23.0404 -25.5996 3.6
      vertex -22.9771 -24.9664 3
      vertex -22.9771 -24.9664 3.6
    endloop
  endfacet
  facet normal 0.99504 -0.0994726 0
    outer loop
      vertex -22.9771 -24.9664 3
      vertex -23.0404 -25.5996 3.6
      vertex -23.0404 -25.5996 3
    endloop
  endfacet
  facet normal 0.995602 0.0936872 0
    outer loop
      vertex -22.9771 -24.9664 3.6
      vertex -23.0374 -24.3256 3
      vertex -23.0374 -24.3256 3.6
    endloop
  endfacet
  facet normal 0.995602 0.0936872 0
    outer loop
      vertex -23.0374 -24.3256 3
      vertex -22.9771 -24.9664 3.6
      vertex -22.9771 -24.9664 3
    endloop
  endfacet
  facet normal 0.931177 0.364567 0
    outer loop
      vertex -23.0374 -24.3256 3.6
      vertex -23.2182 -23.8638 3
      vertex -23.2182 -23.8638 3.6
    endloop
  endfacet
  facet normal 0.931177 0.364567 0
    outer loop
      vertex -23.2182 -23.8638 3
      vertex -23.0374 -24.3256 3.6
      vertex -23.0374 -24.3256 3
    endloop
  endfacet
  facet normal 0.672469 0.740125 -0
    outer loop
      vertex -23.2182 -23.8638 3
      vertex -23.5256 -23.5845 3.6
      vertex -23.2182 -23.8638 3.6
    endloop
  endfacet
  facet normal 0.672469 0.740125 0
    outer loop
      vertex -23.5256 -23.5845 3.6
      vertex -23.2182 -23.8638 3
      vertex -23.5256 -23.5845 3
    endloop
  endfacet
  facet normal 0.206705 0.978403 -0
    outer loop
      vertex -23.5256 -23.5845 3
      vertex -23.9658 -23.4915 3.6
      vertex -23.5256 -23.5845 3.6
    endloop
  endfacet
  facet normal 0.206705 0.978403 0
    outer loop
      vertex -23.9658 -23.4915 3.6
      vertex -23.5256 -23.5845 3
      vertex -23.9658 -23.4915 3
    endloop
  endfacet
  facet normal -0.19996 0.979804 0
    outer loop
      vertex -23.9658 -23.4915 3
      vertex -24.4166 -23.5835 3.6
      vertex -23.9658 -23.4915 3.6
    endloop
  endfacet
  facet normal -0.19996 0.979804 0
    outer loop
      vertex -24.4166 -23.5835 3.6
      vertex -23.9658 -23.4915 3
      vertex -24.4166 -23.5835 3
    endloop
  endfacet
  facet normal -0.664035 0.747701 0
    outer loop
      vertex -24.4166 -23.5835 3
      vertex -24.7276 -23.8597 3.6
      vertex -24.4166 -23.5835 3.6
    endloop
  endfacet
  facet normal -0.664035 0.747701 0
    outer loop
      vertex -24.7276 -23.8597 3.6
      vertex -24.4166 -23.5835 3
      vertex -24.7276 -23.8597 3
    endloop
  endfacet
  facet normal -0.93084 0.365427 0
    outer loop
      vertex -24.9085 -24.3205 3
      vertex -24.7276 -23.8597 3.6
      vertex -24.7276 -23.8597 3
    endloop
  endfacet
  facet normal -0.93084 0.365427 0
    outer loop
      vertex -24.7276 -23.8597 3.6
      vertex -24.9085 -24.3205 3
      vertex -24.9085 -24.3205 3.6
    endloop
  endfacet
  facet normal -0.995685 0.0928011 0
    outer loop
      vertex -24.9687 -24.9664 3
      vertex -24.9085 -24.3205 3.6
      vertex -24.9085 -24.3205 3
    endloop
  endfacet
  facet normal -0.995685 0.0928011 0
    outer loop
      vertex -24.9085 -24.3205 3.6
      vertex -24.9687 -24.9664 3
      vertex -24.9687 -24.9664 3.6
    endloop
  endfacet
  facet normal -0.995278 -0.0970697 0
    outer loop
      vertex -24.9067 -25.6021 3
      vertex -24.9687 -24.9664 3.6
      vertex -24.9687 -24.9664 3
    endloop
  endfacet
  facet normal -0.995278 -0.0970697 0
    outer loop
      vertex -24.9687 -24.9664 3.6
      vertex -24.9067 -25.6021 3
      vertex -24.9067 -25.6021 3.6
    endloop
  endfacet
  facet normal -0.927728 -0.373256 0
    outer loop
      vertex -24.7205 -26.0649 3
      vertex -24.9067 -25.6021 3.6
      vertex -24.9067 -25.6021 3
    endloop
  endfacet
  facet normal -0.927728 -0.373256 0
    outer loop
      vertex -24.9067 -25.6021 3.6
      vertex -24.7205 -26.0649 3
      vertex -24.7205 -26.0649 3.6
    endloop
  endfacet
  facet normal -0.673658 -0.739043 0
    outer loop
      vertex -24.7205 -26.0649 3
      vertex -24.4108 -26.3472 3.6
      vertex -24.7205 -26.0649 3.6
    endloop
  endfacet
  facet normal -0.673658 -0.739043 -0
    outer loop
      vertex -24.4108 -26.3472 3.6
      vertex -24.7205 -26.0649 3
      vertex -24.4108 -26.3472 3
    endloop
  endfacet
  facet normal -0.212458 -0.97717 0
    outer loop
      vertex -24.4108 -26.3472 3
      vertex -23.978 -26.4413 3.6
      vertex -24.4108 -26.3472 3.6
    endloop
  endfacet
  facet normal -0.212458 -0.97717 -0
    outer loop
      vertex -23.978 -26.4413 3.6
      vertex -24.4108 -26.3472 3
      vertex -23.978 -26.4413 3
    endloop
  endfacet
  facet normal 0.212925 -0.977069 0
    outer loop
      vertex -23.978 -26.4413 3
      vertex -23.5439 -26.3467 3.6
      vertex -23.978 -26.4413 3.6
    endloop
  endfacet
  facet normal 0.212925 -0.977069 0
    outer loop
      vertex -23.5439 -26.3467 3.6
      vertex -23.978 -26.4413 3
      vertex -23.5439 -26.3467 3
    endloop
  endfacet
  facet normal 0.738757 0.673972 0
    outer loop
      vertex -24.2554 -26.0716 3.6
      vertex -24.4489 -25.8595 3
      vertex -24.4489 -25.8595 3.6
    endloop
  endfacet
  facet normal 0.738757 0.673972 0
    outer loop
      vertex -24.4489 -25.8595 3
      vertex -24.2554 -26.0716 3.6
      vertex -24.2554 -26.0716 3
    endloop
  endfacet
  facet normal 0.95579 0.294049 0
    outer loop
      vertex -24.4489 -25.8595 3.6
      vertex -24.5611 -25.4948 3
      vertex -24.5611 -25.4948 3.6
    endloop
  endfacet
  facet normal 0.95579 0.294049 0
    outer loop
      vertex -24.5611 -25.4948 3
      vertex -24.4489 -25.8595 3.6
      vertex -24.4489 -25.8595 3
    endloop
  endfacet
  facet normal 0.997504 0.0706031 0
    outer loop
      vertex -24.5611 -25.4948 3.6
      vertex -24.5985 -24.9664 3
      vertex -24.5985 -24.9664 3.6
    endloop
  endfacet
  facet normal 0.997504 0.0706031 0
    outer loop
      vertex -24.5985 -24.9664 3
      vertex -24.5611 -25.4948 3.6
      vertex -24.5611 -25.4948 3
    endloop
  endfacet
  facet normal 0.997674 -0.0681618 0
    outer loop
      vertex -24.5985 -24.9664 3.6
      vertex -24.5616 -24.4263 3
      vertex -24.5616 -24.4263 3.6
    endloop
  endfacet
  facet normal 0.997674 -0.0681618 0
    outer loop
      vertex -24.5616 -24.4263 3
      vertex -24.5985 -24.9664 3.6
      vertex -24.5985 -24.9664 3
    endloop
  endfacet
  facet normal 0.956607 -0.291382 0
    outer loop
      vertex -24.5616 -24.4263 3.6
      vertex -24.451 -24.0632 3
      vertex -24.451 -24.0632 3.6
    endloop
  endfacet
  facet normal 0.956607 -0.291382 0
    outer loop
      vertex -24.451 -24.0632 3
      vertex -24.5616 -24.4263 3.6
      vertex -24.5616 -24.4263 3
    endloop
  endfacet
  facet normal 0.726055 -0.687637 0
    outer loop
      vertex -24.451 -24.0632 3.6
      vertex -24.2559 -23.8572 3
      vertex -24.2559 -23.8572 3.6
    endloop
  endfacet
  facet normal 0.726055 -0.687637 0
    outer loop
      vertex -24.2559 -23.8572 3
      vertex -24.451 -24.0632 3.6
      vertex -24.451 -24.0632 3
    endloop
  endfacet
  facet normal 0.230441 -0.973086 0
    outer loop
      vertex -24.2559 -23.8572 3
      vertex -23.9658 -23.7885 3.6
      vertex -24.2559 -23.8572 3.6
    endloop
  endfacet
  facet normal 0.230441 -0.973086 0
    outer loop
      vertex -23.9658 -23.7885 3.6
      vertex -24.2559 -23.8572 3
      vertex -23.9658 -23.7885 3
    endloop
  endfacet
  facet normal -0.239143 -0.970984 0
    outer loop
      vertex -23.9658 -23.7885 3
      vertex -23.6828 -23.8582 3.6
      vertex -23.9658 -23.7885 3.6
    endloop
  endfacet
  facet normal -0.239143 -0.970984 -0
    outer loop
      vertex -23.6828 -23.8582 3.6
      vertex -23.9658 -23.7885 3
      vertex -23.6828 -23.8582 3
    endloop
  endfacet
  facet normal -0.73994 -0.672673 0
    outer loop
      vertex -23.4928 -24.0672 3
      vertex -23.6828 -23.8582 3.6
      vertex -23.6828 -23.8582 3
    endloop
  endfacet
  facet normal -0.73994 -0.672673 0
    outer loop
      vertex -23.6828 -23.8582 3.6
      vertex -23.4928 -24.0672 3
      vertex -23.4928 -24.0672 3.6
    endloop
  endfacet
  facet normal -0.959021 -0.283335 0
    outer loop
      vertex -23.3852 -24.4314 3
      vertex -23.4928 -24.0672 3.6
      vertex -23.4928 -24.0672 3
    endloop
  endfacet
  facet normal -0.959021 -0.283335 0
    outer loop
      vertex -23.4928 -24.0672 3.6
      vertex -23.3852 -24.4314 3
      vertex -23.3852 -24.4314 3.6
    endloop
  endfacet
  facet normal -0.997769 -0.0667666 0
    outer loop
      vertex -23.3494 -24.9664 3
      vertex -23.3852 -24.4314 3.6
      vertex -23.3852 -24.4314 3
    endloop
  endfacet
  facet normal -0.997769 -0.0667666 0
    outer loop
      vertex -23.3852 -24.4314 3.6
      vertex -23.3494 -24.9664 3
      vertex -23.3494 -24.9664 3.6
    endloop
  endfacet
  facet normal -0.997404 0.0720092 0
    outer loop
      vertex -23.387 -25.4872 3
      vertex -23.3494 -24.9664 3.6
      vertex -23.3494 -24.9664 3
    endloop
  endfacet
  facet normal -0.997404 0.0720092 0
    outer loop
      vertex -23.3494 -24.9664 3.6
      vertex -23.387 -25.4872 3
      vertex -23.387 -25.4872 3.6
    endloop
  endfacet
  facet normal -0.955615 0.294618 0
    outer loop
      vertex -23.4999 -25.8534 3
      vertex -23.387 -25.4872 3.6
      vertex -23.387 -25.4872 3
    endloop
  endfacet
  facet normal -0.955615 0.294618 0
    outer loop
      vertex -23.387 -25.4872 3.6
      vertex -23.4999 -25.8534 3
      vertex -23.4999 -25.8534 3.6
    endloop
  endfacet
  facet normal -0.745241 0.666795 0
    outer loop
      vertex -23.6937 -26.07 3
      vertex -23.4999 -25.8534 3.6
      vertex -23.4999 -25.8534 3
    endloop
  endfacet
  facet normal -0.745241 0.666795 0
    outer loop
      vertex -23.4999 -25.8534 3.6
      vertex -23.6937 -26.07 3
      vertex -23.6937 -26.07 3.6
    endloop
  endfacet
  facet normal -0.249763 0.968307 0
    outer loop
      vertex -23.6937 -26.07 3
      vertex -23.974 -26.1423 3.6
      vertex -23.6937 -26.07 3.6
    endloop
  endfacet
  facet normal -0.249763 0.968307 0
    outer loop
      vertex -23.974 -26.1423 3.6
      vertex -23.6937 -26.07 3
      vertex -23.974 -26.1423 3
    endloop
  endfacet
  facet normal 0.243671 0.969858 -0
    outer loop
      vertex -23.974 -26.1423 3
      vertex -24.2554 -26.0716 3.6
      vertex -23.974 -26.1423 3.6
    endloop
  endfacet
  facet normal 0.243671 0.969858 0
    outer loop
      vertex -24.2554 -26.0716 3.6
      vertex -23.974 -26.1423 3
      vertex -24.2554 -26.0716 3
    endloop
  endfacet
  facet normal -0 0 1
    outer loop
      vertex -6.25374 -24.4314 3.6
      vertex -5.84561 -24.9664 3.6
      vertex -5.90588 -24.3256 3.6
    endloop
  endfacet
  facet normal -0 0 1
    outer loop
      vertex -6.36131 -24.0672 3.6
      vertex -5.90588 -24.3256 3.6
      vertex -6.0867 -23.8638 3.6
    endloop
  endfacet
  facet normal 0 0 1
    outer loop
      vertex -6.25552 -25.4872 3.6
      vertex -5.84561 -24.9664 3.6
      vertex -6.21788 -24.9664 3.6
    endloop
  endfacet
  facet normal 0 0 1
    outer loop
      vertex -5.84561 -24.9664 3.6
      vertex -6.25552 -25.4872 3.6
      vertex -5.90894 -25.5996 3.6
    endloop
  endfacet
  facet normal 0 0 1
    outer loop
      vertex -5.84561 -24.9664 3.6
      vertex -6.25374 -24.4314 3.6
      vertex -6.21788 -24.9664 3.6
    endloop
  endfacet
  facet normal 0 0 1
    outer loop
      vertex -5.90588 -24.3256 3.6
      vertex -6.36131 -24.0672 3.6
      vertex -6.25374 -24.4314 3.6
    endloop
  endfacet
  facet normal -0 0 1
    outer loop
      vertex -6.55128 -23.8582 3.6
      vertex -6.0867 -23.8638 3.6
      vertex -6.39412 -23.5845 3.6
    endloop
  endfacet
  facet normal 0 0 1
    outer loop
      vertex -6.0867 -23.8638 3.6
      vertex -6.55128 -23.8582 3.6
      vertex -6.36131 -24.0672 3.6
    endloop
  endfacet
  facet normal 0 0 1
    outer loop
      vertex -6.8343 -23.4915 3.6
      vertex -6.55128 -23.8582 3.6
      vertex -6.39412 -23.5845 3.6
    endloop
  endfacet
  facet normal 0 0 1
    outer loop
      vertex -6.8343 -23.4915 3.6
      vertex -6.8343 -23.7885 3.6
      vertex -6.55128 -23.8582 3.6
    endloop
  endfacet
  facet normal 0 0 1
    outer loop
      vertex -6.8343 -23.4915 3.6
      vertex -7.12445 -23.8572 3.6
      vertex -6.8343 -23.7885 3.6
    endloop
  endfacet
  facet normal -0 0 1
    outer loop
      vertex -7.28517 -23.5835 3.6
      vertex -7.12445 -23.8572 3.6
      vertex -6.8343 -23.4915 3.6
    endloop
  endfacet
  facet normal 0 0 1
    outer loop
      vertex -7.59618 -23.8597 3.6
      vertex -7.12445 -23.8572 3.6
      vertex -7.28517 -23.5835 3.6
    endloop
  endfacet
  facet normal 0 0 1
    outer loop
      vertex -7.12445 -23.8572 3.6
      vertex -7.59618 -23.8597 3.6
      vertex -7.31952 -24.0632 3.6
    endloop
  endfacet
  facet normal 0 0 1
    outer loop
      vertex -7.83727 -24.9664 3.6
      vertex -7.467 -24.9664 3.6
      vertex -7.43013 -24.4263 3.6
    endloop
  endfacet
  facet normal 0 0 1
    outer loop
      vertex -7.77699 -24.3205 3.6
      vertex -7.31952 -24.0632 3.6
      vertex -7.59618 -23.8597 3.6
    endloop
  endfacet
  facet normal 0 0 1
    outer loop
      vertex -7.31952 -24.0632 3.6
      vertex -7.77699 -24.3205 3.6
      vertex -7.43013 -24.4263 3.6
    endloop
  endfacet
  facet normal 0 0 1
    outer loop
      vertex -7.467 -24.9664 3.6
      vertex -7.83727 -24.9664 3.6
      vertex -7.77521 -25.6021 3.6
    endloop
  endfacet
  facet normal 0 0 1
    outer loop
      vertex -7.43013 -24.4263 3.6
      vertex -7.77699 -24.3205 3.6
      vertex -7.83727 -24.9664 3.6
    endloop
  endfacet
  facet normal 0 0 1
    outer loop
      vertex -7.467 -24.9664 3.6
      vertex -7.77521 -25.6021 3.6
      vertex -7.58907 -26.0649 3.6
    endloop
  endfacet
  facet normal 0 0 1
    outer loop
      vertex -6.36842 -25.8534 3.6
      vertex -5.90894 -25.5996 3.6
      vertex -6.25552 -25.4872 3.6
    endloop
  endfacet
  facet normal 0 0 1
    outer loop
      vertex -5.90894 -25.5996 3.6
      vertex -6.36842 -25.8534 3.6
      vertex -6.09891 -26.0629 3.6
    endloop
  endfacet
  facet normal 0 0 1
    outer loop
      vertex -6.56221 -26.07 3.6
      vertex -6.09891 -26.0629 3.6
      vertex -6.36842 -25.8534 3.6
    endloop
  endfacet
  facet normal 0 0 1
    outer loop
      vertex -6.09891 -26.0629 3.6
      vertex -6.56221 -26.07 3.6
      vertex -6.41245 -26.3467 3.6
    endloop
  endfacet
  facet normal 0 0 1
    outer loop
      vertex -6.84651 -26.4413 3.6
      vertex -6.56221 -26.07 3.6
      vertex -6.84245 -26.1423 3.6
    endloop
  endfacet
  facet normal 0 0 1
    outer loop
      vertex -6.56221 -26.07 3.6
      vertex -6.84651 -26.4413 3.6
      vertex -6.41245 -26.3467 3.6
    endloop
  endfacet
  facet normal 0 0 1
    outer loop
      vertex -7.12396 -26.0716 3.6
      vertex -6.84651 -26.4413 3.6
      vertex -6.84245 -26.1423 3.6
    endloop
  endfacet
  facet normal 0 0 1
    outer loop
      vertex -7.12396 -26.0716 3.6
      vertex -7.27933 -26.3472 3.6
      vertex -6.84651 -26.4413 3.6
    endloop
  endfacet
  facet normal -0 0 1
    outer loop
      vertex -7.58907 -26.0649 3.6
      vertex -7.12396 -26.0716 3.6
      vertex -7.31747 -25.8595 3.6
    endloop
  endfacet
  facet normal 0 0 1
    outer loop
      vertex -7.58907 -26.0649 3.6
      vertex -7.31747 -25.8595 3.6
      vertex -7.42961 -25.4948 3.6
    endloop
  endfacet
  facet normal 0 0 1
    outer loop
      vertex -7.12396 -26.0716 3.6
      vertex -7.58907 -26.0649 3.6
      vertex -7.27933 -26.3472 3.6
    endloop
  endfacet
  facet normal 0 0 1
    outer loop
      vertex -7.58907 -26.0649 3.6
      vertex -7.42961 -25.4948 3.6
      vertex -7.467 -24.9664 3.6
    endloop
  endfacet
  facet normal 0 0 1
    outer loop
      vertex -8.2876 -23.5342 3.6
      vertex -9.5835 -23.8454 3.6
      vertex -8.2876 -23.8454 3.6
    endloop
  endfacet
  facet normal -0 0 1
    outer loop
      vertex -9.91713 -23.5342 3.6
      vertex -9.5835 -23.8454 3.6
      vertex -8.2876 -23.5342 3.6
    endloop
  endfacet
  facet normal 0 0 1
    outer loop
      vertex -9.91713 -23.5342 3.6
      vertex -9.63843 -24.7548 3.6
      vertex -9.5835 -23.8454 3.6
    endloop
  endfacet
  facet normal 0 0 1
    outer loop
      vertex -10.0127 -25.0762 3.6
      vertex -9.63843 -24.7548 3.6
      vertex -9.91713 -23.5342 3.6
    endloop
  endfacet
  facet normal 0 0 1
    outer loop
      vertex -9.63843 -24.7548 3.6
      vertex -10.0127 -25.0762 3.6
      vertex -9.65469 -25.0762 3.6
    endloop
  endfacet
  facet normal -0 0 1
    outer loop
      vertex -8.54315 -25.2303 3.6
      vertex -8.12076 -25.4668 3.6
      vertex -8.18358 -25.1057 3.6
    endloop
  endfacet
  facet normal 0 0 1
    outer loop
      vertex -8.54315 -25.2303 3.6
      vertex -8.18358 -25.1057 3.6
      vertex -8.37201 -24.8199 3.6
    endloop
  endfacet
  facet normal 0 0 1
    outer loop
      vertex -8.12076 -25.4668 3.6
      vertex -8.50119 -25.475 3.6
      vertex -8.18816 -25.8722 3.6
    endloop
  endfacet
  facet normal -0 0 1
    outer loop
      vertex -8.54289 -25.7529 3.6
      vertex -8.18816 -25.8722 3.6
      vertex -8.50119 -25.475 3.6
    endloop
  endfacet
  facet normal 0 0 1
    outer loop
      vertex -8.12076 -25.4668 3.6
      vertex -8.54315 -25.2303 3.6
      vertex -8.50119 -25.475 3.6
    endloop
  endfacet
  facet normal 0 0 1
    outer loop
      vertex -8.66904 -25.0376 3.6
      vertex -8.37201 -24.8199 3.6
      vertex -8.66623 -24.6338 3.6
    endloop
  endfacet
  facet normal 0 0 1
    outer loop
      vertex -8.37201 -24.8199 3.6
      vertex -8.66904 -25.0376 3.6
      vertex -8.54315 -25.2303 3.6
    endloop
  endfacet
  facet normal 0 0 1
    outer loop
      vertex -8.66623 -24.6338 3.6
      vertex -8.8661 -24.9125 3.6
      vertex -8.66904 -25.0376 3.6
    endloop
  endfacet
  facet normal 0 0 1
    outer loop
      vertex -9.04642 -24.5717 3.6
      vertex -8.8661 -24.9125 3.6
      vertex -8.66623 -24.6338 3.6
    endloop
  endfacet
  facet normal 0 0 1
    outer loop
      vertex -9.04642 -24.5717 3.6
      vertex -9.12167 -24.8708 3.6
      vertex -8.8661 -24.9125 3.6
    endloop
  endfacet
  facet normal -0 0 1
    outer loop
      vertex -9.3714 -24.6175 3.6
      vertex -9.12167 -24.8708 3.6
      vertex -9.04642 -24.5717 3.6
    endloop
  endfacet
  facet normal 0 0 1
    outer loop
      vertex -9.12167 -24.8708 3.6
      vertex -9.3714 -24.6175 3.6
      vertex -9.26511 -24.8825 3.6
    endloop
  endfacet
  facet normal 0 0 1
    outer loop
      vertex -9.3714 -24.6175 3.6
      vertex -9.39838 -24.9176 3.6
      vertex -9.26511 -24.8825 3.6
    endloop
  endfacet
  facet normal -0 0 1
    outer loop
      vertex -9.63843 -24.7548 3.6
      vertex -9.39838 -24.9176 3.6
      vertex -9.3714 -24.6175 3.6
    endloop
  endfacet
  facet normal 0 0 1
    outer loop
      vertex -9.39838 -24.9176 3.6
      vertex -9.63843 -24.7548 3.6
      vertex -9.52654 -24.9806 3.6
    endloop
  endfacet
  facet normal 0 0 1
    outer loop
      vertex -9.52654 -24.9806 3.6
      vertex -9.63843 -24.7548 3.6
      vertex -9.65469 -25.0762 3.6
    endloop
  endfacet
  facet normal 0 0 1
    outer loop
      vertex -8.18816 -25.8722 3.6
      vertex -8.54289 -25.7529 3.6
      vertex -8.39034 -26.1809 3.6
    endloop
  endfacet
  facet normal -0 0 1
    outer loop
      vertex -8.66801 -25.9643 3.6
      vertex -8.39034 -26.1809 3.6
      vertex -8.54289 -25.7529 3.6
    endloop
  endfacet
  facet normal 0 0 1
    outer loop
      vertex -8.66801 -25.9643 3.6
      vertex -8.71202 -26.3762 3.6
      vertex -8.39034 -26.1809 3.6
    endloop
  endfacet
  facet normal -0 0 1
    outer loop
      vertex -8.86688 -26.0978 3.6
      vertex -8.71202 -26.3762 3.6
      vertex -8.66801 -25.9643 3.6
    endloop
  endfacet
  facet normal 0 0 1
    outer loop
      vertex -9.13797 -26.4413 3.6
      vertex -8.86688 -26.0978 3.6
      vertex -9.12981 -26.1423 3.6
    endloop
  endfacet
  facet normal 0 0 1
    outer loop
      vertex -8.86688 -26.0978 3.6
      vertex -9.13797 -26.4413 3.6
      vertex -8.71202 -26.3762 3.6
    endloop
  endfacet
  facet normal 0 0 1
    outer loop
      vertex -9.12981 -26.1423 3.6
      vertex -9.50009 -26.3976 3.6
      vertex -9.13797 -26.4413 3.6
    endloop
  endfacet
  facet normal 0 0 1
    outer loop
      vertex -9.51889 -26.036 3.6
      vertex -9.50009 -26.3976 3.6
      vertex -9.12981 -26.1423 3.6
    endloop
  endfacet
  facet normal 0 0 1
    outer loop
      vertex -9.98578 -26.0522 3.6
      vertex -9.51889 -26.036 3.6
      vertex -9.72588 -25.7171 3.6
    endloop
  endfacet
  facet normal 0 0 1
    outer loop
      vertex -9.51889 -26.036 3.6
      vertex -9.7849 -26.2663 3.6
      vertex -9.50009 -26.3976 3.6
    endloop
  endfacet
  facet normal 0 0 1
    outer loop
      vertex -9.51889 -26.036 3.6
      vertex -9.98578 -26.0522 3.6
      vertex -9.7849 -26.2663 3.6
    endloop
  endfacet
  facet normal 0 -0 1
    outer loop
      vertex -9.98578 -26.0522 3.6
      vertex -9.72588 -25.7171 3.6
      vertex -10.0961 -25.7598 3.6
    endloop
  endfacet
  facet normal 0.671071 -0.741393 0
    outer loop
      vertex -6.41245 -26.3467 3
      vertex -6.09891 -26.0629 3.6
      vertex -6.41245 -26.3467 3.6
    endloop
  endfacet
  facet normal 0.671071 -0.741393 0
    outer loop
      vertex -6.09891 -26.0629 3.6
      vertex -6.41245 -26.3467 3
      vertex -6.09891 -26.0629 3
    endloop
  endfacet
  facet normal 0.92524 -0.379382 0
    outer loop
      vertex -6.09891 -26.0629 3.6
      vertex -5.90894 -25.5996 3
      vertex -5.90894 -25.5996 3.6
    endloop
  endfacet
  facet normal 0.92524 -0.379382 0
    outer loop
      vertex -5.90894 -25.5996 3
      vertex -6.09891 -26.0629 3.6
      vertex -6.09891 -26.0629 3
    endloop
  endfacet
  facet normal 0.995036 -0.0995193 0
    outer loop
      vertex -5.90894 -25.5996 3.6
      vertex -5.84561 -24.9664 3
      vertex -5.84561 -24.9664 3.6
    endloop
  endfacet
  facet normal 0.995036 -0.0995193 0
    outer loop
      vertex -5.84561 -24.9664 3
      vertex -5.90894 -25.5996 3.6
      vertex -5.90894 -25.5996 3
    endloop
  endfacet
  facet normal 0.995606 0.093641 0
    outer loop
      vertex -5.84561 -24.9664 3.6
      vertex -5.90588 -24.3256 3
      vertex -5.90588 -24.3256 3.6
    endloop
  endfacet
  facet normal 0.995606 0.093641 0
    outer loop
      vertex -5.90588 -24.3256 3
      vertex -5.84561 -24.9664 3.6
      vertex -5.84561 -24.9664 3
    endloop
  endfacet
  facet normal 0.931164 0.364602 0
    outer loop
      vertex -5.90588 -24.3256 3.6
      vertex -6.0867 -23.8638 3
      vertex -6.0867 -23.8638 3.6
    endloop
  endfacet
  facet normal 0.931164 0.364602 0
    outer loop
      vertex -6.0867 -23.8638 3
      vertex -5.90588 -24.3256 3.6
      vertex -5.90588 -24.3256 3
    endloop
  endfacet
  facet normal 0.672445 0.740147 -0
    outer loop
      vertex -6.0867 -23.8638 3
      vertex -6.39412 -23.5845 3.6
      vertex -6.0867 -23.8638 3.6
    endloop
  endfacet
  facet normal 0.672445 0.740147 0
    outer loop
      vertex -6.39412 -23.5845 3.6
      vertex -6.0867 -23.8638 3
      vertex -6.39412 -23.5845 3
    endloop
  endfacet
  facet normal 0.206714 0.978401 -0
    outer loop
      vertex -6.39412 -23.5845 3
      vertex -6.8343 -23.4915 3.6
      vertex -6.39412 -23.5845 3.6
    endloop
  endfacet
  facet normal 0.206714 0.978401 0
    outer loop
      vertex -6.8343 -23.4915 3.6
      vertex -6.39412 -23.5845 3
      vertex -6.8343 -23.4915 3
    endloop
  endfacet
  facet normal -0.19993 0.97981 0
    outer loop
      vertex -6.8343 -23.4915 3
      vertex -7.28517 -23.5835 3.6
      vertex -6.8343 -23.4915 3.6
    endloop
  endfacet
  facet normal -0.19993 0.97981 0
    outer loop
      vertex -7.28517 -23.5835 3.6
      vertex -6.8343 -23.4915 3
      vertex -7.28517 -23.5835 3
    endloop
  endfacet
  facet normal -0.664024 0.747712 0
    outer loop
      vertex -7.28517 -23.5835 3
      vertex -7.59618 -23.8597 3.6
      vertex -7.28517 -23.5835 3.6
    endloop
  endfacet
  facet normal -0.664024 0.747712 0
    outer loop
      vertex -7.59618 -23.8597 3.6
      vertex -7.28517 -23.5835 3
      vertex -7.59618 -23.8597 3
    endloop
  endfacet
  facet normal -0.930902 0.36527 0
    outer loop
      vertex -7.77699 -24.3205 3
      vertex -7.59618 -23.8597 3.6
      vertex -7.59618 -23.8597 3
    endloop
  endfacet
  facet normal -0.930902 0.36527 0
    outer loop
      vertex -7.59618 -23.8597 3.6
      vertex -7.77699 -24.3205 3
      vertex -7.77699 -24.3205 3.6
    endloop
  endfacet
  facet normal -0.995673 0.0929233 0
    outer loop
      vertex -7.83727 -24.9664 3
      vertex -7.77699 -24.3205 3.6
      vertex -7.77699 -24.3205 3
    endloop
  endfacet
  facet normal -0.995673 0.0929233 0
    outer loop
      vertex -7.77699 -24.3205 3.6
      vertex -7.83727 -24.9664 3
      vertex -7.83727 -24.9664 3.6
    endloop
  endfacet
  facet normal -0.995269 -0.0971628 0
    outer loop
      vertex -7.77521 -25.6021 3
      vertex -7.83727 -24.9664 3.6
      vertex -7.83727 -24.9664 3
    endloop
  endfacet
  facet normal -0.995269 -0.0971628 0
    outer loop
      vertex -7.83727 -24.9664 3.6
      vertex -7.77521 -25.6021 3
      vertex -7.77521 -25.6021 3.6
    endloop
  endfacet
  facet normal -0.92777 -0.373153 0
    outer loop
      vertex -7.58907 -26.0649 3
      vertex -7.77521 -25.6021 3.6
      vertex -7.77521 -25.6021 3
    endloop
  endfacet
  facet normal -0.92777 -0.373153 0
    outer loop
      vertex -7.77521 -25.6021 3.6
      vertex -7.58907 -26.0649 3
      vertex -7.58907 -26.0649 3.6
    endloop
  endfacet
  facet normal -0.673611 -0.739087 0
    outer loop
      vertex -7.58907 -26.0649 3
      vertex -7.27933 -26.3472 3.6
      vertex -7.58907 -26.0649 3.6
    endloop
  endfacet
  facet normal -0.673611 -0.739087 -0
    outer loop
      vertex -7.27933 -26.3472 3.6
      vertex -7.58907 -26.0649 3
      vertex -7.27933 -26.3472 3
    endloop
  endfacet
  facet normal -0.212448 -0.977172 0
    outer loop
      vertex -7.27933 -26.3472 3
      vertex -6.84651 -26.4413 3.6
      vertex -7.27933 -26.3472 3.6
    endloop
  endfacet
  facet normal -0.212448 -0.977172 -0
    outer loop
      vertex -6.84651 -26.4413 3.6
      vertex -7.27933 -26.3472 3
      vertex -6.84651 -26.4413 3
    endloop
  endfacet
  facet normal 0.212944 -0.977064 0
    outer loop
      vertex -6.84651 -26.4413 3
      vertex -6.41245 -26.3467 3.6
      vertex -6.84651 -26.4413 3.6
    endloop
  endfacet
  facet normal 0.212944 -0.977064 0
    outer loop
      vertex -6.41245 -26.3467 3.6
      vertex -6.84651 -26.4413 3
      vertex -6.41245 -26.3467 3
    endloop
  endfacet
  facet normal 0.73874 0.673991 0
    outer loop
      vertex -7.12396 -26.0716 3.6
      vertex -7.31747 -25.8595 3
      vertex -7.31747 -25.8595 3.6
    endloop
  endfacet
  facet normal 0.73874 0.673991 0
    outer loop
      vertex -7.31747 -25.8595 3
      vertex -7.12396 -26.0716 3.6
      vertex -7.12396 -26.0716 3
    endloop
  endfacet
  facet normal 0.955835 0.293905 0
    outer loop
      vertex -7.31747 -25.8595 3.6
      vertex -7.42961 -25.4948 3
      vertex -7.42961 -25.4948 3.6
    endloop
  endfacet
  facet normal 0.955835 0.293905 0
    outer loop
      vertex -7.42961 -25.4948 3
      vertex -7.31747 -25.8595 3.6
      vertex -7.31747 -25.8595 3
    endloop
  endfacet
  facet normal 0.997506 0.0705843 0
    outer loop
      vertex -7.42961 -25.4948 3.6
      vertex -7.467 -24.9664 3
      vertex -7.467 -24.9664 3.6
    endloop
  endfacet
  facet normal 0.997506 0.0705843 0
    outer loop
      vertex -7.467 -24.9664 3
      vertex -7.42961 -25.4948 3.6
      vertex -7.42961 -25.4948 3
    endloop
  endfacet
  facet normal 0.997678 -0.0681066 0
    outer loop
      vertex -7.467 -24.9664 3.6
      vertex -7.43013 -24.4263 3
      vertex -7.43013 -24.4263 3.6
    endloop
  endfacet
  facet normal 0.997678 -0.0681066 0
    outer loop
      vertex -7.43013 -24.4263 3
      vertex -7.467 -24.9664 3.6
      vertex -7.467 -24.9664 3
    endloop
  endfacet
  facet normal 0.9566 -0.291406 0
    outer loop
      vertex -7.43013 -24.4263 3.6
      vertex -7.31952 -24.0632 3
      vertex -7.31952 -24.0632 3.6
    endloop
  endfacet
  facet normal 0.9566 -0.291406 0
    outer loop
      vertex -7.31952 -24.0632 3
      vertex -7.43013 -24.4263 3.6
      vertex -7.43013 -24.4263 3
    endloop
  endfacet
  facet normal 0.726107 -0.687581 0
    outer loop
      vertex -7.31952 -24.0632 3.6
      vertex -7.12445 -23.8572 3
      vertex -7.12445 -23.8572 3.6
    endloop
  endfacet
  facet normal 0.726107 -0.687581 0
    outer loop
      vertex -7.12445 -23.8572 3
      vertex -7.31952 -24.0632 3.6
      vertex -7.31952 -24.0632 3
    endloop
  endfacet
  facet normal 0.230404 -0.973095 0
    outer loop
      vertex -7.12445 -23.8572 3
      vertex -6.8343 -23.7885 3.6
      vertex -7.12445 -23.8572 3.6
    endloop
  endfacet
  facet normal 0.230404 -0.973095 0
    outer loop
      vertex -6.8343 -23.7885 3.6
      vertex -7.12445 -23.8572 3
      vertex -6.8343 -23.7885 3
    endloop
  endfacet
  facet normal -0.239128 -0.970988 0
    outer loop
      vertex -6.8343 -23.7885 3
      vertex -6.55128 -23.8582 3.6
      vertex -6.8343 -23.7885 3.6
    endloop
  endfacet
  facet normal -0.239128 -0.970988 -0
    outer loop
      vertex -6.55128 -23.8582 3.6
      vertex -6.8343 -23.7885 3
      vertex -6.55128 -23.8582 3
    endloop
  endfacet
  facet normal -0.739993 -0.672615 0
    outer loop
      vertex -6.36131 -24.0672 3
      vertex -6.55128 -23.8582 3.6
      vertex -6.55128 -23.8582 3
    endloop
  endfacet
  facet normal -0.739993 -0.672615 0
    outer loop
      vertex -6.55128 -23.8582 3.6
      vertex -6.36131 -24.0672 3
      vertex -6.36131 -24.0672 3.6
    endloop
  endfacet
  facet normal -0.959042 -0.283262 0
    outer loop
      vertex -6.25374 -24.4314 3
      vertex -6.36131 -24.0672 3.6
      vertex -6.36131 -24.0672 3
    endloop
  endfacet
  facet normal -0.959042 -0.283262 0
    outer loop
      vertex -6.36131 -24.0672 3.6
      vertex -6.25374 -24.4314 3
      vertex -6.25374 -24.4314 3.6
    endloop
  endfacet
  facet normal -0.997761 -0.066878 0
    outer loop
      vertex -6.21788 -24.9664 3
      vertex -6.25374 -24.4314 3.6
      vertex -6.25374 -24.4314 3
    endloop
  endfacet
  facet normal -0.997761 -0.066878 0
    outer loop
      vertex -6.25374 -24.4314 3.6
      vertex -6.21788 -24.9664 3
      vertex -6.21788 -24.9664 3.6
    endloop
  endfacet
  facet normal -0.997398 0.0720854 0
    outer loop
      vertex -6.25552 -25.4872 3
      vertex -6.21788 -24.9664 3.6
      vertex -6.21788 -24.9664 3
    endloop
  endfacet
  facet normal -0.997398 0.0720854 0
    outer loop
      vertex -6.21788 -24.9664 3.6
      vertex -6.25552 -25.4872 3
      vertex -6.25552 -25.4872 3.6
    endloop
  endfacet
  facet normal -0.955615 0.294618 0
    outer loop
      vertex -6.36842 -25.8534 3
      vertex -6.25552 -25.4872 3.6
      vertex -6.25552 -25.4872 3
    endloop
  endfacet
  facet normal -0.955615 0.294618 0
    outer loop
      vertex -6.25552 -25.4872 3.6
      vertex -6.36842 -25.8534 3
      vertex -6.36842 -25.8534 3.6
    endloop
  endfacet
  facet normal -0.745258 0.666776 0
    outer loop
      vertex -6.56221 -26.07 3
      vertex -6.36842 -25.8534 3.6
      vertex -6.36842 -25.8534 3
    endloop
  endfacet
  facet normal -0.745258 0.666776 0
    outer loop
      vertex -6.36842 -25.8534 3.6
      vertex -6.56221 -26.07 3
      vertex -6.56221 -26.07 3.6
    endloop
  endfacet
  facet normal -0.249813 0.968294 0
    outer loop
      vertex -6.56221 -26.07 3
      vertex -6.84245 -26.1423 3.6
      vertex -6.56221 -26.07 3.6
    endloop
  endfacet
  facet normal -0.249813 0.968294 0
    outer loop
      vertex -6.84245 -26.1423 3.6
      vertex -6.56221 -26.07 3
      vertex -6.84245 -26.1423 3
    endloop
  endfacet
  facet normal 0.243581 0.969881 -0
    outer loop
      vertex -6.84245 -26.1423 3
      vertex -7.12396 -26.0716 3.6
      vertex -6.84245 -26.1423 3.6
    endloop
  endfacet
  facet normal 0.243581 0.969881 0
    outer loop
      vertex -7.12396 -26.0716 3.6
      vertex -6.84245 -26.1423 3
      vertex -7.12396 -26.0716 3
    endloop
  endfacet
  facet normal 0.518967 -0.854794 0
    outer loop
      vertex -8.71202 -26.3762 3
      vertex -8.39034 -26.1809 3.6
      vertex -8.71202 -26.3762 3.6
    endloop
  endfacet
  facet normal 0.518967 -0.854794 0
    outer loop
      vertex -8.39034 -26.1809 3.6
      vertex -8.71202 -26.3762 3
      vertex -8.39034 -26.1809 3
    endloop
  endfacet
  facet normal 0.83655 -0.54789 0
    outer loop
      vertex -8.39034 -26.1809 3.6
      vertex -8.18816 -25.8722 3
      vertex -8.18816 -25.8722 3.6
    endloop
  endfacet
  facet normal 0.83655 -0.54789 0
    outer loop
      vertex -8.18816 -25.8722 3
      vertex -8.39034 -26.1809 3.6
      vertex -8.39034 -26.1809 3
    endloop
  endfacet
  facet normal 0.98646 -0.164004 0
    outer loop
      vertex -8.18816 -25.8722 3.6
      vertex -8.12076 -25.4668 3
      vertex -8.12076 -25.4668 3.6
    endloop
  endfacet
  facet normal 0.98646 -0.164004 0
    outer loop
      vertex -8.12076 -25.4668 3
      vertex -8.18816 -25.8722 3.6
      vertex -8.18816 -25.8722 3
    endloop
  endfacet
  facet normal 0.985203 0.171394 0
    outer loop
      vertex -8.12076 -25.4668 3.6
      vertex -8.18358 -25.1057 3
      vertex -8.18358 -25.1057 3.6
    endloop
  endfacet
  facet normal 0.985203 0.171394 0
    outer loop
      vertex -8.18358 -25.1057 3
      vertex -8.12076 -25.4668 3.6
      vertex -8.12076 -25.4668 3
    endloop
  endfacet
  facet normal 0.834875 0.550439 0
    outer loop
      vertex -8.18358 -25.1057 3.6
      vertex -8.37201 -24.8199 3
      vertex -8.37201 -24.8199 3.6
    endloop
  endfacet
  facet normal 0.834875 0.550439 0
    outer loop
      vertex -8.37201 -24.8199 3
      vertex -8.18358 -25.1057 3.6
      vertex -8.18358 -25.1057 3
    endloop
  endfacet
  facet normal 0.534561 0.84513 -0
    outer loop
      vertex -8.37201 -24.8199 3
      vertex -8.66623 -24.6338 3.6
      vertex -8.37201 -24.8199 3.6
    endloop
  endfacet
  facet normal 0.534561 0.84513 0
    outer loop
      vertex -8.66623 -24.6338 3.6
      vertex -8.37201 -24.8199 3
      vertex -8.66623 -24.6338 3
    endloop
  endfacet
  facet normal 0.161203 0.986921 -0
    outer loop
      vertex -8.66623 -24.6338 3
      vertex -9.04642 -24.5717 3.6
      vertex -8.66623 -24.6338 3.6
    endloop
  endfacet
  facet normal 0.161203 0.986921 0
    outer loop
      vertex -9.04642 -24.5717 3.6
      vertex -8.66623 -24.6338 3
      vertex -9.04642 -24.5717 3
    endloop
  endfacet
  facet normal -0.139553 0.990215 0
    outer loop
      vertex -9.04642 -24.5717 3
      vertex -9.3714 -24.6175 3.6
      vertex -9.04642 -24.5717 3.6
    endloop
  endfacet
  facet normal -0.139553 0.990215 0
    outer loop
      vertex -9.3714 -24.6175 3.6
      vertex -9.04642 -24.5717 3
      vertex -9.3714 -24.6175 3
    endloop
  endfacet
  facet normal -0.45727 0.889328 0
    outer loop
      vertex -9.3714 -24.6175 3
      vertex -9.63843 -24.7548 3.6
      vertex -9.3714 -24.6175 3.6
    endloop
  endfacet
  facet normal -0.45727 0.889328 0
    outer loop
      vertex -9.63843 -24.7548 3.6
      vertex -9.3714 -24.6175 3
      vertex -9.63843 -24.7548 3
    endloop
  endfacet
  facet normal 0.998181 -0.0602926 0
    outer loop
      vertex -9.63843 -24.7548 3.6
      vertex -9.5835 -23.8454 3
      vertex -9.5835 -23.8454 3.6
    endloop
  endfacet
  facet normal 0.998181 -0.0602926 0
    outer loop
      vertex -9.5835 -23.8454 3
      vertex -9.63843 -24.7548 3.6
      vertex -9.63843 -24.7548 3
    endloop
  endfacet
  facet normal 0 -1 0
    outer loop
      vertex -9.5835 -23.8454 3
      vertex -8.2876 -23.8454 3.6
      vertex -9.5835 -23.8454 3.6
    endloop
  endfacet
  facet normal 0 -1 -0
    outer loop
      vertex -8.2876 -23.8454 3.6
      vertex -9.5835 -23.8454 3
      vertex -8.2876 -23.8454 3
    endloop
  endfacet
  facet normal 1 -0 0
    outer loop
      vertex -8.2876 -23.8454 3.6
      vertex -8.2876 -23.5342 3
      vertex -8.2876 -23.5342 3.6
    endloop
  endfacet
  facet normal 1 0 0
    outer loop
      vertex -8.2876 -23.5342 3
      vertex -8.2876 -23.8454 3.6
      vertex -8.2876 -23.8454 3
    endloop
  endfacet
  facet normal 0 1 -0
    outer loop
      vertex -8.2876 -23.5342 3
      vertex -9.91713 -23.5342 3.6
      vertex -8.2876 -23.5342 3.6
    endloop
  endfacet
  facet normal 0 1 0
    outer loop
      vertex -9.91713 -23.5342 3.6
      vertex -8.2876 -23.5342 3
      vertex -9.91713 -23.5342 3
    endloop
  endfacet
  facet normal -0.998085 0.0618593 0
    outer loop
      vertex -10.0127 -25.0762 3
      vertex -9.91713 -23.5342 3.6
      vertex -9.91713 -23.5342 3
    endloop
  endfacet
  facet normal -0.998085 0.0618593 0
    outer loop
      vertex -9.91713 -23.5342 3.6
      vertex -10.0127 -25.0762 3
      vertex -10.0127 -25.0762 3.6
    endloop
  endfacet
  facet normal 0 -1 0
    outer loop
      vertex -10.0127 -25.0762 3
      vertex -9.65469 -25.0762 3.6
      vertex -10.0127 -25.0762 3.6
    endloop
  endfacet
  facet normal 0 -1 -0
    outer loop
      vertex -9.65469 -25.0762 3.6
      vertex -10.0127 -25.0762 3
      vertex -9.65469 -25.0762 3
    endloop
  endfacet
  facet normal 0.597946 -0.801536 0
    outer loop
      vertex -9.65469 -25.0762 3
      vertex -9.52654 -24.9806 3.6
      vertex -9.65469 -25.0762 3.6
    endloop
  endfacet
  facet normal 0.597946 -0.801536 0
    outer loop
      vertex -9.52654 -24.9806 3.6
      vertex -9.65469 -25.0762 3
      vertex -9.52654 -24.9806 3
    endloop
  endfacet
  facet normal 0.441153 -0.897432 0
    outer loop
      vertex -9.52654 -24.9806 3
      vertex -9.39838 -24.9176 3.6
      vertex -9.52654 -24.9806 3.6
    endloop
  endfacet
  facet normal 0.441153 -0.897432 0
    outer loop
      vertex -9.39838 -24.9176 3.6
      vertex -9.52654 -24.9806 3
      vertex -9.39838 -24.9176 3
    endloop
  endfacet
  facet normal 0.25469 -0.967023 0
    outer loop
      vertex -9.39838 -24.9176 3
      vertex -9.26511 -24.8825 3.6
      vertex -9.39838 -24.9176 3.6
    endloop
  endfacet
  facet normal 0.25469 -0.967023 0
    outer loop
      vertex -9.26511 -24.8825 3.6
      vertex -9.39838 -24.9176 3
      vertex -9.26511 -24.8825 3
    endloop
  endfacet
  facet normal 0.0812972 -0.99669 0
    outer loop
      vertex -9.26511 -24.8825 3
      vertex -9.12167 -24.8708 3.6
      vertex -9.26511 -24.8825 3.6
    endloop
  endfacet
  facet normal 0.0812972 -0.99669 0
    outer loop
      vertex -9.12167 -24.8708 3.6
      vertex -9.26511 -24.8825 3
      vertex -9.12167 -24.8708 3
    endloop
  endfacet
  facet normal -0.161035 -0.986949 0
    outer loop
      vertex -9.12167 -24.8708 3
      vertex -8.8661 -24.9125 3.6
      vertex -9.12167 -24.8708 3.6
    endloop
  endfacet
  facet normal -0.161035 -0.986949 -0
    outer loop
      vertex -8.8661 -24.9125 3.6
      vertex -9.12167 -24.8708 3
      vertex -8.8661 -24.9125 3
    endloop
  endfacet
  facet normal -0.535955 -0.844247 0
    outer loop
      vertex -8.8661 -24.9125 3
      vertex -8.66904 -25.0376 3.6
      vertex -8.8661 -24.9125 3.6
    endloop
  endfacet
  facet normal -0.535955 -0.844247 -0
    outer loop
      vertex -8.66904 -25.0376 3.6
      vertex -8.8661 -24.9125 3
      vertex -8.66904 -25.0376 3
    endloop
  endfacet
  facet normal -0.837181 -0.546926 0
    outer loop
      vertex -8.54315 -25.2303 3
      vertex -8.66904 -25.0376 3.6
      vertex -8.66904 -25.0376 3
    endloop
  endfacet
  facet normal -0.837181 -0.546926 0
    outer loop
      vertex -8.66904 -25.0376 3.6
      vertex -8.54315 -25.2303 3
      vertex -8.54315 -25.2303 3.6
    endloop
  endfacet
  facet normal -0.985615 -0.169009 0
    outer loop
      vertex -8.50119 -25.475 3
      vertex -8.54315 -25.2303 3.6
      vertex -8.54315 -25.2303 3
    endloop
  endfacet
  facet normal -0.985615 -0.169009 0
    outer loop
      vertex -8.54315 -25.2303 3.6
      vertex -8.50119 -25.475 3
      vertex -8.50119 -25.475 3.6
    endloop
  endfacet
  facet normal -0.988929 0.148393 0
    outer loop
      vertex -8.54289 -25.7529 3
      vertex -8.50119 -25.475 3.6
      vertex -8.50119 -25.475 3
    endloop
  endfacet
  facet normal -0.988929 0.148393 0
    outer loop
      vertex -8.50119 -25.475 3.6
      vertex -8.54289 -25.7529 3
      vertex -8.54289 -25.7529 3.6
    endloop
  endfacet
  facet normal -0.860566 0.509338 0
    outer loop
      vertex -8.66801 -25.9643 3
      vertex -8.54289 -25.7529 3.6
      vertex -8.54289 -25.7529 3
    endloop
  endfacet
  facet normal -0.860566 0.509338 0
    outer loop
      vertex -8.54289 -25.7529 3.6
      vertex -8.66801 -25.9643 3
      vertex -8.66801 -25.9643 3.6
    endloop
  endfacet
  facet normal -0.557356 0.830273 0
    outer loop
      vertex -8.66801 -25.9643 3
      vertex -8.86688 -26.0978 3.6
      vertex -8.66801 -25.9643 3.6
    endloop
  endfacet
  facet normal -0.557356 0.830273 0
    outer loop
      vertex -8.86688 -26.0978 3.6
      vertex -8.66801 -25.9643 3
      vertex -8.86688 -26.0978 3
    endloop
  endfacet
  facet normal -0.166873 0.985978 0
    outer loop
      vertex -8.86688 -26.0978 3
      vertex -9.12981 -26.1423 3.6
      vertex -8.86688 -26.0978 3.6
    endloop
  endfacet
  facet normal -0.166873 0.985978 0
    outer loop
      vertex -9.12981 -26.1423 3.6
      vertex -8.86688 -26.0978 3
      vertex -9.12981 -26.1423 3
    endloop
  endfacet
  facet normal 0.26355 0.964646 -0
    outer loop
      vertex -9.12981 -26.1423 3
      vertex -9.51889 -26.036 3.6
      vertex -9.12981 -26.1423 3.6
    endloop
  endfacet
  facet normal 0.26355 0.964646 0
    outer loop
      vertex -9.51889 -26.036 3.6
      vertex -9.12981 -26.1423 3
      vertex -9.51889 -26.036 3
    endloop
  endfacet
  facet normal 0.838798 0.544443 0
    outer loop
      vertex -9.51889 -26.036 3.6
      vertex -9.72588 -25.7171 3
      vertex -9.72588 -25.7171 3.6
    endloop
  endfacet
  facet normal 0.838798 0.544443 0
    outer loop
      vertex -9.72588 -25.7171 3
      vertex -9.51889 -26.036 3.6
      vertex -9.51889 -26.036 3
    endloop
  endfacet
  facet normal -0.114577 0.993414 0
    outer loop
      vertex -9.72588 -25.7171 3
      vertex -10.0961 -25.7598 3.6
      vertex -9.72588 -25.7171 3.6
    endloop
  endfacet
  facet normal -0.114577 0.993414 0
    outer loop
      vertex -10.0961 -25.7598 3.6
      vertex -9.72588 -25.7171 3
      vertex -10.0961 -25.7598 3
    endloop
  endfacet
  facet normal -0.935622 -0.353002 0
    outer loop
      vertex -9.98578 -26.0522 3
      vertex -10.0961 -25.7598 3.6
      vertex -10.0961 -25.7598 3
    endloop
  endfacet
  facet normal -0.935622 -0.353002 0
    outer loop
      vertex -10.0961 -25.7598 3.6
      vertex -9.98578 -26.0522 3
      vertex -9.98578 -26.0522 3.6
    endloop
  endfacet
  facet normal -0.729263 -0.684233 0
    outer loop
      vertex -9.7849 -26.2663 3
      vertex -9.98578 -26.0522 3.6
      vertex -9.98578 -26.0522 3
    endloop
  endfacet
  facet normal -0.729263 -0.684233 0
    outer loop
      vertex -9.98578 -26.0522 3.6
      vertex -9.7849 -26.2663 3
      vertex -9.7849 -26.2663 3.6
    endloop
  endfacet
  facet normal -0.418662 -0.908142 0
    outer loop
      vertex -9.7849 -26.2663 3
      vertex -9.50009 -26.3976 3.6
      vertex -9.7849 -26.2663 3.6
    endloop
  endfacet
  facet normal -0.418662 -0.908142 -0
    outer loop
      vertex -9.50009 -26.3976 3.6
      vertex -9.7849 -26.2663 3
      vertex -9.50009 -26.3976 3
    endloop
  endfacet
  facet normal -0.119809 -0.992797 0
    outer loop
      vertex -9.50009 -26.3976 3
      vertex -9.13797 -26.4413 3.6
      vertex -9.50009 -26.3976 3.6
    endloop
  endfacet
  facet normal -0.119809 -0.992797 -0
    outer loop
      vertex -9.13797 -26.4413 3.6
      vertex -9.50009 -26.3976 3
      vertex -9.13797 -26.4413 3
    endloop
  endfacet
  facet normal 0.151081 -0.988521 0
    outer loop
      vertex -9.13797 -26.4413 3
      vertex -8.71202 -26.3762 3.6
      vertex -9.13797 -26.4413 3.6
    endloop
  endfacet
  facet normal 0.151081 -0.988521 0
    outer loop
      vertex -8.71202 -26.3762 3.6
      vertex -9.13797 -26.4413 3
      vertex -8.71202 -26.3762 3
    endloop
  endfacet
  facet normal -0 0 1
    outer loop
      vertex 8.61476 -24.4314 3.6
      vertex 9.02289 -24.9664 3.6
      vertex 8.96262 -24.3256 3.6
    endloop
  endfacet
  facet normal -0 0 1
    outer loop
      vertex 8.50719 -24.0672 3.6
      vertex 8.96262 -24.3256 3.6
      vertex 8.78181 -23.8638 3.6
    endloop
  endfacet
  facet normal 0 0 1
    outer loop
      vertex 8.61299 -25.4872 3.6
      vertex 9.02289 -24.9664 3.6
      vertex 8.65062 -24.9664 3.6
    endloop
  endfacet
  facet normal 0 0 1
    outer loop
      vertex 9.02289 -24.9664 3.6
      vertex 8.61299 -25.4872 3.6
      vertex 8.95956 -25.5996 3.6
    endloop
  endfacet
  facet normal 0 0 1
    outer loop
      vertex 9.02289 -24.9664 3.6
      vertex 8.61476 -24.4314 3.6
      vertex 8.65062 -24.9664 3.6
    endloop
  endfacet
  facet normal 0 0 1
    outer loop
      vertex 8.96262 -24.3256 3.6
      vertex 8.50719 -24.0672 3.6
      vertex 8.61476 -24.4314 3.6
    endloop
  endfacet
  facet normal -0 0 1
    outer loop
      vertex 8.31723 -23.8582 3.6
      vertex 8.78181 -23.8638 3.6
      vertex 8.47438 -23.5845 3.6
    endloop
  endfacet
  facet normal 0 0 1
    outer loop
      vertex 8.78181 -23.8638 3.6
      vertex 8.31723 -23.8582 3.6
      vertex 8.50719 -24.0672 3.6
    endloop
  endfacet
  facet normal 0 0 1
    outer loop
      vertex 8.03421 -23.4915 3.6
      vertex 8.31723 -23.8582 3.6
      vertex 8.47438 -23.5845 3.6
    endloop
  endfacet
  facet normal 0 0 1
    outer loop
      vertex 8.03421 -23.4915 3.6
      vertex 8.03421 -23.7885 3.6
      vertex 8.31723 -23.8582 3.6
    endloop
  endfacet
  facet normal 0 0 1
    outer loop
      vertex 8.03421 -23.4915 3.6
      vertex 7.74406 -23.8572 3.6
      vertex 8.03421 -23.7885 3.6
    endloop
  endfacet
  facet normal -0 0 1
    outer loop
      vertex 7.58336 -23.5835 3.6
      vertex 7.74406 -23.8572 3.6
      vertex 8.03421 -23.4915 3.6
    endloop
  endfacet
  facet normal 0 0 1
    outer loop
      vertex 7.27235 -23.8597 3.6
      vertex 7.74406 -23.8572 3.6
      vertex 7.58336 -23.5835 3.6
    endloop
  endfacet
  facet normal 0 0 1
    outer loop
      vertex 7.74406 -23.8572 3.6
      vertex 7.27235 -23.8597 3.6
      vertex 7.54901 -24.0632 3.6
    endloop
  endfacet
  facet normal 0 0 1
    outer loop
      vertex 7.03127 -24.9664 3.6
      vertex 7.40154 -24.9664 3.6
      vertex 7.4384 -24.4263 3.6
    endloop
  endfacet
  facet normal 0 0 1
    outer loop
      vertex 7.09154 -24.3205 3.6
      vertex 7.54901 -24.0632 3.6
      vertex 7.27235 -23.8597 3.6
    endloop
  endfacet
  facet normal 0 0 1
    outer loop
      vertex 7.54901 -24.0632 3.6
      vertex 7.09154 -24.3205 3.6
      vertex 7.4384 -24.4263 3.6
    endloop
  endfacet
  facet normal 0 0 1
    outer loop
      vertex 7.40154 -24.9664 3.6
      vertex 7.03127 -24.9664 3.6
      vertex 7.09332 -25.6021 3.6
    endloop
  endfacet
  facet normal 0 0 1
    outer loop
      vertex 7.4384 -24.4263 3.6
      vertex 7.09154 -24.3205 3.6
      vertex 7.03127 -24.9664 3.6
    endloop
  endfacet
  facet normal 0 0 1
    outer loop
      vertex 7.40154 -24.9664 3.6
      vertex 7.09332 -25.6021 3.6
      vertex 7.27946 -26.0649 3.6
    endloop
  endfacet
  facet normal 0 0 1
    outer loop
      vertex 8.50008 -25.8534 3.6
      vertex 8.95956 -25.5996 3.6
      vertex 8.61299 -25.4872 3.6
    endloop
  endfacet
  facet normal 0 0 1
    outer loop
      vertex 8.95956 -25.5996 3.6
      vertex 8.50008 -25.8534 3.6
      vertex 8.76961 -26.0629 3.6
    endloop
  endfacet
  facet normal 0 0 1
    outer loop
      vertex 8.3063 -26.07 3.6
      vertex 8.76961 -26.0629 3.6
      vertex 8.50008 -25.8534 3.6
    endloop
  endfacet
  facet normal 0 0 1
    outer loop
      vertex 8.76961 -26.0629 3.6
      vertex 8.3063 -26.07 3.6
      vertex 8.45607 -26.3467 3.6
    endloop
  endfacet
  facet normal 0 0 1
    outer loop
      vertex 8.022 -26.4413 3.6
      vertex 8.3063 -26.07 3.6
      vertex 8.02605 -26.1423 3.6
    endloop
  endfacet
  facet normal 0 0 1
    outer loop
      vertex 8.3063 -26.07 3.6
      vertex 8.022 -26.4413 3.6
      vertex 8.45607 -26.3467 3.6
    endloop
  endfacet
  facet normal 0 0 1
    outer loop
      vertex 7.74457 -26.0716 3.6
      vertex 8.022 -26.4413 3.6
      vertex 8.02605 -26.1423 3.6
    endloop
  endfacet
  facet normal 0 0 1
    outer loop
      vertex 7.74457 -26.0716 3.6
      vertex 7.58919 -26.3472 3.6
      vertex 8.022 -26.4413 3.6
    endloop
  endfacet
  facet normal -0 0 1
    outer loop
      vertex 7.27946 -26.0649 3.6
      vertex 7.74457 -26.0716 3.6
      vertex 7.55106 -25.8595 3.6
    endloop
  endfacet
  facet normal 0 0 1
    outer loop
      vertex 7.27946 -26.0649 3.6
      vertex 7.55106 -25.8595 3.6
      vertex 7.4389 -25.4948 3.6
    endloop
  endfacet
  facet normal 0 0 1
    outer loop
      vertex 7.74457 -26.0716 3.6
      vertex 7.27946 -26.0649 3.6
      vertex 7.58919 -26.3472 3.6
    endloop
  endfacet
  facet normal 0 0 1
    outer loop
      vertex 7.27946 -26.0649 3.6
      vertex 7.4389 -25.4948 3.6
      vertex 7.40154 -24.9664 3.6
    endloop
  endfacet
  facet normal -0 0 1
    outer loop
      vertex 10.8777 -24.4314 3.6
      vertex 11.2859 -24.9664 3.6
      vertex 11.2256 -24.3256 3.6
    endloop
  endfacet
  facet normal -0 0 1
    outer loop
      vertex 10.7702 -24.0672 3.6
      vertex 11.2256 -24.3256 3.6
      vertex 11.0448 -23.8638 3.6
    endloop
  endfacet
  facet normal 0 0 1
    outer loop
      vertex 10.876 -25.4872 3.6
      vertex 11.2859 -24.9664 3.6
      vertex 10.9136 -24.9664 3.6
    endloop
  endfacet
  facet normal 0 0 1
    outer loop
      vertex 11.2859 -24.9664 3.6
      vertex 10.876 -25.4872 3.6
      vertex 11.2225 -25.5996 3.6
    endloop
  endfacet
  facet normal 0 0 1
    outer loop
      vertex 11.2859 -24.9664 3.6
      vertex 10.8777 -24.4314 3.6
      vertex 10.9136 -24.9664 3.6
    endloop
  endfacet
  facet normal 0 0 1
    outer loop
      vertex 11.2256 -24.3256 3.6
      vertex 10.7702 -24.0672 3.6
      vertex 10.8777 -24.4314 3.6
    endloop
  endfacet
  facet normal -0 0 1
    outer loop
      vertex 10.5802 -23.8582 3.6
      vertex 11.0448 -23.8638 3.6
      vertex 10.7374 -23.5845 3.6
    endloop
  endfacet
  facet normal 0 0 1
    outer loop
      vertex 11.0448 -23.8638 3.6
      vertex 10.5802 -23.8582 3.6
      vertex 10.7702 -24.0672 3.6
    endloop
  endfacet
  facet normal 0 0 1
    outer loop
      vertex 10.2972 -23.4915 3.6
      vertex 10.5802 -23.8582 3.6
      vertex 10.7374 -23.5845 3.6
    endloop
  endfacet
  facet normal 0 0 1
    outer loop
      vertex 10.2972 -23.4915 3.6
      vertex 10.2972 -23.7885 3.6
      vertex 10.5802 -23.8582 3.6
    endloop
  endfacet
  facet normal 0 0 1
    outer loop
      vertex 10.2972 -23.4915 3.6
      vertex 10.007 -23.8572 3.6
      vertex 10.2972 -23.7885 3.6
    endloop
  endfacet
  facet normal -0 0 1
    outer loop
      vertex 9.84633 -23.5835 3.6
      vertex 10.007 -23.8572 3.6
      vertex 10.2972 -23.4915 3.6
    endloop
  endfacet
  facet normal 0 0 1
    outer loop
      vertex 9.53531 -23.8597 3.6
      vertex 10.007 -23.8572 3.6
      vertex 9.84633 -23.5835 3.6
    endloop
  endfacet
  facet normal 0 0 1
    outer loop
      vertex 10.007 -23.8572 3.6
      vertex 9.53531 -23.8597 3.6
      vertex 9.81197 -24.0632 3.6
    endloop
  endfacet
  facet normal 0 0 1
    outer loop
      vertex 9.29424 -24.9664 3.6
      vertex 9.66449 -24.9664 3.6
      vertex 9.70135 -24.4263 3.6
    endloop
  endfacet
  facet normal 0 0 1
    outer loop
      vertex 9.35451 -24.3205 3.6
      vertex 9.81197 -24.0632 3.6
      vertex 9.53531 -23.8597 3.6
    endloop
  endfacet
  facet normal 0 0 1
    outer loop
      vertex 9.81197 -24.0632 3.6
      vertex 9.35451 -24.3205 3.6
      vertex 9.70135 -24.4263 3.6
    endloop
  endfacet
  facet normal 0 0 1
    outer loop
      vertex 9.66449 -24.9664 3.6
      vertex 9.29424 -24.9664 3.6
      vertex 9.35628 -25.6021 3.6
    endloop
  endfacet
  facet normal 0 0 1
    outer loop
      vertex 9.70135 -24.4263 3.6
      vertex 9.35451 -24.3205 3.6
      vertex 9.29424 -24.9664 3.6
    endloop
  endfacet
  facet normal 0 0 1
    outer loop
      vertex 9.66449 -24.9664 3.6
      vertex 9.35628 -25.6021 3.6
      vertex 9.54242 -26.0649 3.6
    endloop
  endfacet
  facet normal 0 0 1
    outer loop
      vertex 10.7631 -25.8534 3.6
      vertex 11.2225 -25.5996 3.6
      vertex 10.876 -25.4872 3.6
    endloop
  endfacet
  facet normal 0 0 1
    outer loop
      vertex 11.2225 -25.5996 3.6
      vertex 10.7631 -25.8534 3.6
      vertex 11.0326 -26.0629 3.6
    endloop
  endfacet
  facet normal 0 0 1
    outer loop
      vertex 10.5693 -26.07 3.6
      vertex 11.0326 -26.0629 3.6
      vertex 10.7631 -25.8534 3.6
    endloop
  endfacet
  facet normal 0 0 1
    outer loop
      vertex 11.0326 -26.0629 3.6
      vertex 10.5693 -26.07 3.6
      vertex 10.7191 -26.3467 3.6
    endloop
  endfacet
  facet normal 0 0 1
    outer loop
      vertex 10.285 -26.4413 3.6
      vertex 10.5693 -26.07 3.6
      vertex 10.289 -26.1423 3.6
    endloop
  endfacet
  facet normal 0 0 1
    outer loop
      vertex 10.5693 -26.07 3.6
      vertex 10.285 -26.4413 3.6
      vertex 10.7191 -26.3467 3.6
    endloop
  endfacet
  facet normal 0 0 1
    outer loop
      vertex 10.0075 -26.0716 3.6
      vertex 10.285 -26.4413 3.6
      vertex 10.289 -26.1423 3.6
    endloop
  endfacet
  facet normal 0 0 1
    outer loop
      vertex 10.0075 -26.0716 3.6
      vertex 9.85216 -26.3472 3.6
      vertex 10.285 -26.4413 3.6
    endloop
  endfacet
  facet normal -0 0 1
    outer loop
      vertex 9.54242 -26.0649 3.6
      vertex 10.0075 -26.0716 3.6
      vertex 9.81401 -25.8595 3.6
    endloop
  endfacet
  facet normal 0 0 1
    outer loop
      vertex 9.54242 -26.0649 3.6
      vertex 9.81401 -25.8595 3.6
      vertex 9.70187 -25.4948 3.6
    endloop
  endfacet
  facet normal 0 0 1
    outer loop
      vertex 10.0075 -26.0716 3.6
      vertex 9.54242 -26.0649 3.6
      vertex 9.85216 -26.3472 3.6
    endloop
  endfacet
  facet normal 0 0 1
    outer loop
      vertex 9.54242 -26.0649 3.6
      vertex 9.70187 -25.4948 3.6
      vertex 9.66449 -24.9664 3.6
    endloop
  endfacet
  facet normal 0 0 1
    outer loop
      vertex 5.65323 -23.8841 3.6
      vertex 6.02148 -23.5342 3.6
      vertex 5.68378 -23.5342 3.6
    endloop
  endfacet
  facet normal -0 0 1
    outer loop
      vertex 6.02148 -26.0894 3.6
      vertex 6.71925 -26.4006 3.6
      vertex 6.71925 -26.0894 3.6
    endloop
  endfacet
  facet normal 0 0 1
    outer loop
      vertex 6.02148 -23.5342 3.6
      vertex 5.65323 -23.8841 3.6
      vertex 6.02148 -26.0894 3.6
    endloop
  endfacet
  facet normal 0 0 1
    outer loop
      vertex 5.65323 -26.0894 3.6
      vertex 6.02148 -26.0894 3.6
      vertex 5.65323 -23.8841 3.6
    endloop
  endfacet
  facet normal -0 0 1
    outer loop
      vertex 5.65323 -26.0894 3.6
      vertex 6.71925 -26.4006 3.6
      vertex 6.02148 -26.0894 3.6
    endloop
  endfacet
  facet normal 0 0 1
    outer loop
      vertex 4.92291 -26.4006 3.6
      vertex 5.65323 -26.0894 3.6
      vertex 4.92291 -26.0894 3.6
    endloop
  endfacet
  facet normal 0 0 1
    outer loop
      vertex 5.65323 -26.0894 3.6
      vertex 4.92291 -26.4006 3.6
      vertex 6.71925 -26.4006 3.6
    endloop
  endfacet
  facet normal 0 0 1
    outer loop
      vertex 5.00632 -24.0001 3.6
      vertex 5.65323 -23.8841 3.6
      vertex 5.68378 -23.5342 3.6
    endloop
  endfacet
  facet normal 0 0 1
    outer loop
      vertex 5.65323 -23.8841 3.6
      vertex 5.00632 -24.0001 3.6
      vertex 5.00632 -24.3459 3.6
    endloop
  endfacet
  facet normal 0.671071 -0.741393 0
    outer loop
      vertex 8.45607 -26.3467 3
      vertex 8.76961 -26.0629 3.6
      vertex 8.45607 -26.3467 3.6
    endloop
  endfacet
  facet normal 0.671071 -0.741393 0
    outer loop
      vertex 8.76961 -26.0629 3.6
      vertex 8.45607 -26.3467 3
      vertex 8.76961 -26.0629 3
    endloop
  endfacet
  facet normal 0.925254 -0.379348 0
    outer loop
      vertex 8.76961 -26.0629 3.6
      vertex 8.95956 -25.5996 3
      vertex 8.95956 -25.5996 3.6
    endloop
  endfacet
  facet normal 0.925254 -0.379348 0
    outer loop
      vertex 8.95956 -25.5996 3
      vertex 8.76961 -26.0629 3.6
      vertex 8.76961 -26.0629 3
    endloop
  endfacet
  facet normal 0.995036 -0.0995193 0
    outer loop
      vertex 8.95956 -25.5996 3.6
      vertex 9.02289 -24.9664 3
      vertex 9.02289 -24.9664 3.6
    endloop
  endfacet
  facet normal 0.995036 -0.0995193 0
    outer loop
      vertex 9.02289 -24.9664 3
      vertex 8.95956 -25.5996 3.6
      vertex 8.95956 -25.5996 3
    endloop
  endfacet
  facet normal 0.995606 0.093641 0
    outer loop
      vertex 9.02289 -24.9664 3.6
      vertex 8.96262 -24.3256 3
      vertex 8.96262 -24.3256 3.6
    endloop
  endfacet
  facet normal 0.995606 0.093641 0
    outer loop
      vertex 8.96262 -24.3256 3
      vertex 9.02289 -24.9664 3.6
      vertex 9.02289 -24.9664 3
    endloop
  endfacet
  facet normal 0.93117 0.364584 0
    outer loop
      vertex 8.96262 -24.3256 3.6
      vertex 8.78181 -23.8638 3
      vertex 8.78181 -23.8638 3.6
    endloop
  endfacet
  facet normal 0.93117 0.364584 0
    outer loop
      vertex 8.78181 -23.8638 3
      vertex 8.96262 -24.3256 3.6
      vertex 8.96262 -24.3256 3
    endloop
  endfacet
  facet normal 0.672433 0.740158 -0
    outer loop
      vertex 8.78181 -23.8638 3
      vertex 8.47438 -23.5845 3.6
      vertex 8.78181 -23.8638 3.6
    endloop
  endfacet
  facet normal 0.672433 0.740158 0
    outer loop
      vertex 8.47438 -23.5845 3.6
      vertex 8.78181 -23.8638 3
      vertex 8.47438 -23.5845 3
    endloop
  endfacet
  facet normal 0.206718 0.9784 -0
    outer loop
      vertex 8.47438 -23.5845 3
      vertex 8.03421 -23.4915 3.6
      vertex 8.47438 -23.5845 3.6
    endloop
  endfacet
  facet normal 0.206718 0.9784 0
    outer loop
      vertex 8.03421 -23.4915 3.6
      vertex 8.47438 -23.5845 3
      vertex 8.03421 -23.4915 3
    endloop
  endfacet
  facet normal -0.199939 0.979808 0
    outer loop
      vertex 8.03421 -23.4915 3
      vertex 7.58336 -23.5835 3.6
      vertex 8.03421 -23.4915 3.6
    endloop
  endfacet
  facet normal -0.199939 0.979808 0
    outer loop
      vertex 7.58336 -23.5835 3.6
      vertex 8.03421 -23.4915 3
      vertex 7.58336 -23.5835 3
    endloop
  endfacet
  facet normal -0.664024 0.747712 0
    outer loop
      vertex 7.58336 -23.5835 3
      vertex 7.27235 -23.8597 3.6
      vertex 7.58336 -23.5835 3.6
    endloop
  endfacet
  facet normal -0.664024 0.747712 0
    outer loop
      vertex 7.27235 -23.8597 3.6
      vertex 7.58336 -23.5835 3
      vertex 7.27235 -23.8597 3
    endloop
  endfacet
  facet normal -0.930902 0.36527 0
    outer loop
      vertex 7.09154 -24.3205 3
      vertex 7.27235 -23.8597 3.6
      vertex 7.27235 -23.8597 3
    endloop
  endfacet
  facet normal -0.930902 0.36527 0
    outer loop
      vertex 7.27235 -23.8597 3.6
      vertex 7.09154 -24.3205 3
      vertex 7.09154 -24.3205 3.6
    endloop
  endfacet
  facet normal -0.995675 0.0929081 0
    outer loop
      vertex 7.03127 -24.9664 3
      vertex 7.09154 -24.3205 3.6
      vertex 7.09154 -24.3205 3
    endloop
  endfacet
  facet normal -0.995675 0.0929081 0
    outer loop
      vertex 7.09154 -24.3205 3.6
      vertex 7.03127 -24.9664 3
      vertex 7.03127 -24.9664 3.6
    endloop
  endfacet
  facet normal -0.99527 -0.0971472 0
    outer loop
      vertex 7.09332 -25.6021 3
      vertex 7.03127 -24.9664 3.6
      vertex 7.03127 -24.9664 3
    endloop
  endfacet
  facet normal -0.99527 -0.0971472 0
    outer loop
      vertex 7.03127 -24.9664 3.6
      vertex 7.09332 -25.6021 3
      vertex 7.09332 -25.6021 3.6
    endloop
  endfacet
  facet normal -0.92777 -0.373153 0
    outer loop
      vertex 7.27946 -26.0649 3
      vertex 7.09332 -25.6021 3.6
      vertex 7.09332 -25.6021 3
    endloop
  endfacet
  facet normal -0.92777 -0.373153 0
    outer loop
      vertex 7.09332 -25.6021 3.6
      vertex 7.27946 -26.0649 3
      vertex 7.27946 -26.0649 3.6
    endloop
  endfacet
  facet normal -0.673622 -0.739076 0
    outer loop
      vertex 7.27946 -26.0649 3
      vertex 7.58919 -26.3472 3.6
      vertex 7.27946 -26.0649 3.6
    endloop
  endfacet
  facet normal -0.673622 -0.739076 -0
    outer loop
      vertex 7.58919 -26.3472 3.6
      vertex 7.27946 -26.0649 3
      vertex 7.58919 -26.3472 3
    endloop
  endfacet
  facet normal -0.212453 -0.977171 0
    outer loop
      vertex 7.58919 -26.3472 3
      vertex 8.022 -26.4413 3.6
      vertex 7.58919 -26.3472 3.6
    endloop
  endfacet
  facet normal -0.212453 -0.977171 -0
    outer loop
      vertex 8.022 -26.4413 3.6
      vertex 7.58919 -26.3472 3
      vertex 8.022 -26.4413 3
    endloop
  endfacet
  facet normal 0.212939 -0.977066 0
    outer loop
      vertex 8.022 -26.4413 3
      vertex 8.45607 -26.3467 3.6
      vertex 8.022 -26.4413 3.6
    endloop
  endfacet
  facet normal 0.212939 -0.977066 0
    outer loop
      vertex 8.45607 -26.3467 3.6
      vertex 8.022 -26.4413 3
      vertex 8.45607 -26.3467 3
    endloop
  endfacet
  facet normal 0.73874 0.673991 0
    outer loop
      vertex 7.74457 -26.0716 3.6
      vertex 7.55106 -25.8595 3
      vertex 7.55106 -25.8595 3.6
    endloop
  endfacet
  facet normal 0.73874 0.673991 0
    outer loop
      vertex 7.55106 -25.8595 3
      vertex 7.74457 -26.0716 3.6
      vertex 7.74457 -26.0716 3
    endloop
  endfacet
  facet normal 0.95582 0.293953 0
    outer loop
      vertex 7.55106 -25.8595 3.6
      vertex 7.4389 -25.4948 3
      vertex 7.4389 -25.4948 3.6
    endloop
  endfacet
  facet normal 0.95582 0.293953 0
    outer loop
      vertex 7.4389 -25.4948 3
      vertex 7.55106 -25.8595 3.6
      vertex 7.55106 -25.8595 3
    endloop
  endfacet
  facet normal 0.99751 0.0705279 0
    outer loop
      vertex 7.4389 -25.4948 3.6
      vertex 7.40154 -24.9664 3
      vertex 7.40154 -24.9664 3.6
    endloop
  endfacet
  facet normal 0.99751 0.0705279 0
    outer loop
      vertex 7.40154 -24.9664 3
      vertex 7.4389 -25.4948 3.6
      vertex 7.4389 -25.4948 3
    endloop
  endfacet
  facet normal 0.997679 -0.0680882 0
    outer loop
      vertex 7.40154 -24.9664 3.6
      vertex 7.4384 -24.4263 3
      vertex 7.4384 -24.4263 3.6
    endloop
  endfacet
  facet normal 0.997679 -0.0680882 0
    outer loop
      vertex 7.4384 -24.4263 3
      vertex 7.40154 -24.9664 3.6
      vertex 7.40154 -24.9664 3
    endloop
  endfacet
  facet normal 0.9566 -0.291406 0
    outer loop
      vertex 7.4384 -24.4263 3.6
      vertex 7.54901 -24.0632 3
      vertex 7.54901 -24.0632 3.6
    endloop
  endfacet
  facet normal 0.9566 -0.291406 0
    outer loop
      vertex 7.54901 -24.0632 3
      vertex 7.4384 -24.4263 3.6
      vertex 7.4384 -24.4263 3
    endloop
  endfacet
  facet normal 0.726143 -0.687544 0
    outer loop
      vertex 7.54901 -24.0632 3.6
      vertex 7.74406 -23.8572 3
      vertex 7.74406 -23.8572 3.6
    endloop
  endfacet
  facet normal 0.726143 -0.687544 0
    outer loop
      vertex 7.74406 -23.8572 3
      vertex 7.54901 -24.0632 3.6
      vertex 7.54901 -24.0632 3
    endloop
  endfacet
  facet normal 0.230404 -0.973095 0
    outer loop
      vertex 7.74406 -23.8572 3
      vertex 8.03421 -23.7885 3.6
      vertex 7.74406 -23.8572 3.6
    endloop
  endfacet
  facet normal 0.230404 -0.973095 0
    outer loop
      vertex 8.03421 -23.7885 3.6
      vertex 7.74406 -23.8572 3
      vertex 8.03421 -23.7885 3
    endloop
  endfacet
  facet normal -0.239128 -0.970988 0
    outer loop
      vertex 8.03421 -23.7885 3
      vertex 8.31723 -23.8582 3.6
      vertex 8.03421 -23.7885 3.6
    endloop
  endfacet
  facet normal -0.239128 -0.970988 -0
    outer loop
      vertex 8.31723 -23.8582 3.6
      vertex 8.03421 -23.7885 3
      vertex 8.31723 -23.8582 3
    endloop
  endfacet
  facet normal -0.740011 -0.672595 0
    outer loop
      vertex 8.50719 -24.0672 3
      vertex 8.31723 -23.8582 3.6
      vertex 8.31723 -23.8582 3
    endloop
  endfacet
  facet normal -0.740011 -0.672595 0
    outer loop
      vertex 8.31723 -23.8582 3.6
      vertex 8.50719 -24.0672 3
      vertex 8.50719 -24.0672 3.6
    endloop
  endfacet
  facet normal -0.959042 -0.283262 0
    outer loop
      vertex 8.61476 -24.4314 3
      vertex 8.50719 -24.0672 3.6
      vertex 8.50719 -24.0672 3
    endloop
  endfacet
  facet normal -0.959042 -0.283262 0
    outer loop
      vertex 8.50719 -24.0672 3.6
      vertex 8.61476 -24.4314 3
      vertex 8.61476 -24.4314 3.6
    endloop
  endfacet
  facet normal -0.997761 -0.066878 0
    outer loop
      vertex 8.65062 -24.9664 3
      vertex 8.61476 -24.4314 3.6
      vertex 8.61476 -24.4314 3
    endloop
  endfacet
  facet normal -0.997761 -0.066878 0
    outer loop
      vertex 8.61476 -24.4314 3.6
      vertex 8.65062 -24.9664 3
      vertex 8.65062 -24.9664 3.6
    endloop
  endfacet
  facet normal -0.9974 0.0720664 0
    outer loop
      vertex 8.61299 -25.4872 3
      vertex 8.65062 -24.9664 3.6
      vertex 8.65062 -24.9664 3
    endloop
  endfacet
  facet normal -0.9974 0.0720664 0
    outer loop
      vertex 8.65062 -24.9664 3.6
      vertex 8.61299 -25.4872 3
      vertex 8.61299 -25.4872 3.6
    endloop
  endfacet
  facet normal -0.955608 0.294641 0
    outer loop
      vertex 8.50008 -25.8534 3
      vertex 8.61299 -25.4872 3.6
      vertex 8.61299 -25.4872 3
    endloop
  endfacet
  facet normal -0.955608 0.294641 0
    outer loop
      vertex 8.61299 -25.4872 3.6
      vertex 8.50008 -25.8534 3
      vertex 8.50008 -25.8534 3.6
    endloop
  endfacet
  facet normal -0.745276 0.666757 0
    outer loop
      vertex 8.3063 -26.07 3
      vertex 8.50008 -25.8534 3.6
      vertex 8.50008 -25.8534 3
    endloop
  endfacet
  facet normal -0.745276 0.666757 0
    outer loop
      vertex 8.50008 -25.8534 3.6
      vertex 8.3063 -26.07 3
      vertex 8.3063 -26.07 3.6
    endloop
  endfacet
  facet normal -0.249805 0.968296 0
    outer loop
      vertex 8.3063 -26.07 3
      vertex 8.02605 -26.1423 3.6
      vertex 8.3063 -26.07 3.6
    endloop
  endfacet
  facet normal -0.249805 0.968296 0
    outer loop
      vertex 8.02605 -26.1423 3.6
      vertex 8.3063 -26.07 3
      vertex 8.02605 -26.1423 3
    endloop
  endfacet
  facet normal 0.243606 0.969874 -0
    outer loop
      vertex 8.02605 -26.1423 3
      vertex 7.74457 -26.0716 3.6
      vertex 8.02605 -26.1423 3.6
    endloop
  endfacet
  facet normal 0.243606 0.969874 0
    outer loop
      vertex 7.74457 -26.0716 3.6
      vertex 8.02605 -26.1423 3
      vertex 7.74457 -26.0716 3
    endloop
  endfacet
  facet normal 0.671118 -0.741351 0
    outer loop
      vertex 10.7191 -26.3467 3
      vertex 11.0326 -26.0629 3.6
      vertex 10.7191 -26.3467 3.6
    endloop
  endfacet
  facet normal 0.671118 -0.741351 0
    outer loop
      vertex 11.0326 -26.0629 3.6
      vertex 10.7191 -26.3467 3
      vertex 11.0326 -26.0629 3
    endloop
  endfacet
  facet normal 0.925289 -0.379263 0
    outer loop
      vertex 11.0326 -26.0629 3.6
      vertex 11.2225 -25.5996 3
      vertex 11.2225 -25.5996 3.6
    endloop
  endfacet
  facet normal 0.925289 -0.379263 0
    outer loop
      vertex 11.2225 -25.5996 3
      vertex 11.0326 -26.0629 3.6
      vertex 11.0326 -26.0629 3
    endloop
  endfacet
  facet normal 0.995025 -0.0996282 0
    outer loop
      vertex 11.2225 -25.5996 3.6
      vertex 11.2859 -24.9664 3
      vertex 11.2859 -24.9664 3.6
    endloop
  endfacet
  facet normal 0.995025 -0.0996282 0
    outer loop
      vertex 11.2859 -24.9664 3
      vertex 11.2225 -25.5996 3.6
      vertex 11.2225 -25.5996 3
    endloop
  endfacet
  facet normal 0.995602 0.0936872 0
    outer loop
      vertex 11.2859 -24.9664 3.6
      vertex 11.2256 -24.3256 3
      vertex 11.2256 -24.3256 3.6
    endloop
  endfacet
  facet normal 0.995602 0.0936872 0
    outer loop
      vertex 11.2256 -24.3256 3
      vertex 11.2859 -24.9664 3.6
      vertex 11.2859 -24.9664 3
    endloop
  endfacet
  facet normal 0.931177 0.364567 0
    outer loop
      vertex 11.2256 -24.3256 3.6
      vertex 11.0448 -23.8638 3
      vertex 11.0448 -23.8638 3.6
    endloop
  endfacet
  facet normal 0.931177 0.364567 0
    outer loop
      vertex 11.0448 -23.8638 3
      vertex 11.2256 -24.3256 3.6
      vertex 11.2256 -24.3256 3
    endloop
  endfacet
  facet normal 0.672469 0.740125 -0
    outer loop
      vertex 11.0448 -23.8638 3
      vertex 10.7374 -23.5845 3.6
      vertex 11.0448 -23.8638 3.6
    endloop
  endfacet
  facet normal 0.672469 0.740125 0
    outer loop
      vertex 10.7374 -23.5845 3.6
      vertex 11.0448 -23.8638 3
      vertex 10.7374 -23.5845 3
    endloop
  endfacet
  facet normal 0.206705 0.978403 -0
    outer loop
      vertex 10.7374 -23.5845 3
      vertex 10.2972 -23.4915 3.6
      vertex 10.7374 -23.5845 3.6
    endloop
  endfacet
  facet normal 0.206705 0.978403 0
    outer loop
      vertex 10.2972 -23.4915 3.6
      vertex 10.7374 -23.5845 3
      vertex 10.2972 -23.4915 3
    endloop
  endfacet
  facet normal -0.19993 0.97981 0
    outer loop
      vertex 10.2972 -23.4915 3
      vertex 9.84633 -23.5835 3.6
      vertex 10.2972 -23.4915 3.6
    endloop
  endfacet
  facet normal -0.19993 0.97981 0
    outer loop
      vertex 9.84633 -23.5835 3.6
      vertex 10.2972 -23.4915 3
      vertex 9.84633 -23.5835 3
    endloop
  endfacet
  facet normal -0.664012 0.747722 0
    outer loop
      vertex 9.84633 -23.5835 3
      vertex 9.53531 -23.8597 3.6
      vertex 9.84633 -23.5835 3.6
    endloop
  endfacet
  facet normal -0.664012 0.747722 0
    outer loop
      vertex 9.53531 -23.8597 3.6
      vertex 9.84633 -23.5835 3
      vertex 9.53531 -23.8597 3
    endloop
  endfacet
  facet normal -0.930909 0.365252 0
    outer loop
      vertex 9.35451 -24.3205 3
      vertex 9.53531 -23.8597 3.6
      vertex 9.53531 -23.8597 3
    endloop
  endfacet
  facet normal -0.930909 0.365252 0
    outer loop
      vertex 9.53531 -23.8597 3.6
      vertex 9.35451 -24.3205 3
      vertex 9.35451 -24.3205 3.6
    endloop
  endfacet
  facet normal -0.995675 0.0929081 0
    outer loop
      vertex 9.29424 -24.9664 3
      vertex 9.35451 -24.3205 3.6
      vertex 9.35451 -24.3205 3
    endloop
  endfacet
  facet normal -0.995675 0.0929081 0
    outer loop
      vertex 9.35451 -24.3205 3.6
      vertex 9.29424 -24.9664 3
      vertex 9.29424 -24.9664 3.6
    endloop
  endfacet
  facet normal -0.995272 -0.0971317 0
    outer loop
      vertex 9.35628 -25.6021 3
      vertex 9.29424 -24.9664 3.6
      vertex 9.29424 -24.9664 3
    endloop
  endfacet
  facet normal -0.995272 -0.0971317 0
    outer loop
      vertex 9.29424 -24.9664 3.6
      vertex 9.35628 -25.6021 3
      vertex 9.35628 -25.6021 3.6
    endloop
  endfacet
  facet normal -0.92777 -0.373153 0
    outer loop
      vertex 9.54242 -26.0649 3
      vertex 9.35628 -25.6021 3.6
      vertex 9.35628 -25.6021 3
    endloop
  endfacet
  facet normal -0.92777 -0.373153 0
    outer loop
      vertex 9.35628 -25.6021 3.6
      vertex 9.54242 -26.0649 3
      vertex 9.54242 -26.0649 3.6
    endloop
  endfacet
  facet normal -0.673611 -0.739087 0
    outer loop
      vertex 9.54242 -26.0649 3
      vertex 9.85216 -26.3472 3.6
      vertex 9.54242 -26.0649 3.6
    endloop
  endfacet
  facet normal -0.673611 -0.739087 -0
    outer loop
      vertex 9.85216 -26.3472 3.6
      vertex 9.54242 -26.0649 3
      vertex 9.85216 -26.3472 3
    endloop
  endfacet
  facet normal -0.212439 -0.977174 0
    outer loop
      vertex 9.85216 -26.3472 3
      vertex 10.285 -26.4413 3.6
      vertex 9.85216 -26.3472 3.6
    endloop
  endfacet
  facet normal -0.212439 -0.977174 -0
    outer loop
      vertex 10.285 -26.4413 3.6
      vertex 9.85216 -26.3472 3
      vertex 10.285 -26.4413 3
    endloop
  endfacet
  facet normal 0.212925 -0.977069 0
    outer loop
      vertex 10.285 -26.4413 3
      vertex 10.7191 -26.3467 3.6
      vertex 10.285 -26.4413 3.6
    endloop
  endfacet
  facet normal 0.212925 -0.977069 0
    outer loop
      vertex 10.7191 -26.3467 3.6
      vertex 10.285 -26.4413 3
      vertex 10.7191 -26.3467 3
    endloop
  endfacet
  facet normal 0.738774 0.673953 0
    outer loop
      vertex 10.0075 -26.0716 3.6
      vertex 9.81401 -25.8595 3
      vertex 9.81401 -25.8595 3.6
    endloop
  endfacet
  facet normal 0.738774 0.673953 0
    outer loop
      vertex 9.81401 -25.8595 3
      vertex 10.0075 -26.0716 3.6
      vertex 10.0075 -26.0716 3
    endloop
  endfacet
  facet normal 0.955835 0.293905 0
    outer loop
      vertex 9.81401 -25.8595 3.6
      vertex 9.70187 -25.4948 3
      vertex 9.70187 -25.4948 3.6
    endloop
  endfacet
  facet normal 0.955835 0.293905 0
    outer loop
      vertex 9.70187 -25.4948 3
      vertex 9.81401 -25.8595 3.6
      vertex 9.81401 -25.8595 3
    endloop
  endfacet
  facet normal 0.997507 0.0705655 0
    outer loop
      vertex 9.70187 -25.4948 3.6
      vertex 9.66449 -24.9664 3
      vertex 9.66449 -24.9664 3.6
    endloop
  endfacet
  facet normal 0.997507 0.0705655 0
    outer loop
      vertex 9.66449 -24.9664 3
      vertex 9.70187 -25.4948 3.6
      vertex 9.70187 -25.4948 3
    endloop
  endfacet
  facet normal 0.997679 -0.0680882 0
    outer loop
      vertex 9.66449 -24.9664 3.6
      vertex 9.70135 -24.4263 3
      vertex 9.70135 -24.4263 3.6
    endloop
  endfacet
  facet normal 0.997679 -0.0680882 0
    outer loop
      vertex 9.70135 -24.4263 3
      vertex 9.66449 -24.9664 3.6
      vertex 9.66449 -24.9664 3
    endloop
  endfacet
  facet normal 0.956592 -0.29143 0
    outer loop
      vertex 9.70135 -24.4263 3.6
      vertex 9.81197 -24.0632 3
      vertex 9.81197 -24.0632 3.6
    endloop
  endfacet
  facet normal 0.956592 -0.29143 0
    outer loop
      vertex 9.81197 -24.0632 3
      vertex 9.70135 -24.4263 3.6
      vertex 9.70135 -24.4263 3
    endloop
  endfacet
  facet normal 0.726178 -0.687507 0
    outer loop
      vertex 9.81197 -24.0632 3.6
      vertex 10.007 -23.8572 3
      vertex 10.007 -23.8572 3.6
    endloop
  endfacet
  facet normal 0.726178 -0.687507 0
    outer loop
      vertex 10.007 -23.8572 3
      vertex 9.81197 -24.0632 3.6
      vertex 9.81197 -24.0632 3
    endloop
  endfacet
  facet normal 0.230366 -0.973104 0
    outer loop
      vertex 10.007 -23.8572 3
      vertex 10.2972 -23.7885 3.6
      vertex 10.007 -23.8572 3.6
    endloop
  endfacet
  facet normal 0.230366 -0.973104 0
    outer loop
      vertex 10.2972 -23.7885 3.6
      vertex 10.007 -23.8572 3
      vertex 10.2972 -23.7885 3
    endloop
  endfacet
  facet normal -0.239143 -0.970984 0
    outer loop
      vertex 10.2972 -23.7885 3
      vertex 10.5802 -23.8582 3.6
      vertex 10.2972 -23.7885 3.6
    endloop
  endfacet
  facet normal -0.239143 -0.970984 -0
    outer loop
      vertex 10.5802 -23.8582 3.6
      vertex 10.2972 -23.7885 3
      vertex 10.5802 -23.8582 3
    endloop
  endfacet
  facet normal -0.73994 -0.672673 0
    outer loop
      vertex 10.7702 -24.0672 3
      vertex 10.5802 -23.8582 3.6
      vertex 10.5802 -23.8582 3
    endloop
  endfacet
  facet normal -0.73994 -0.672673 0
    outer loop
      vertex 10.5802 -23.8582 3.6
      vertex 10.7702 -24.0672 3
      vertex 10.7702 -24.0672 3.6
    endloop
  endfacet
  facet normal -0.959092 -0.283093 0
    outer loop
      vertex 10.8777 -24.4314 3
      vertex 10.7702 -24.0672 3.6
      vertex 10.7702 -24.0672 3
    endloop
  endfacet
  facet normal -0.959092 -0.283093 0
    outer loop
      vertex 10.7702 -24.0672 3.6
      vertex 10.8777 -24.4314 3
      vertex 10.8777 -24.4314 3.6
    endloop
  endfacet
  facet normal -0.997756 -0.0669522 0
    outer loop
      vertex 10.9136 -24.9664 3
      vertex 10.8777 -24.4314 3.6
      vertex 10.8777 -24.4314 3
    endloop
  endfacet
  facet normal -0.997756 -0.0669522 0
    outer loop
      vertex 10.8777 -24.4314 3.6
      vertex 10.9136 -24.9664 3
      vertex 10.9136 -24.9664 3.6
    endloop
  endfacet
  facet normal -0.997404 0.0720092 0
    outer loop
      vertex 10.876 -25.4872 3
      vertex 10.9136 -24.9664 3.6
      vertex 10.9136 -24.9664 3
    endloop
  endfacet
  facet normal -0.997404 0.0720092 0
    outer loop
      vertex 10.9136 -24.9664 3.6
      vertex 10.876 -25.4872 3
      vertex 10.876 -25.4872 3.6
    endloop
  endfacet
  facet normal -0.955615 0.294618 0
    outer loop
      vertex 10.7631 -25.8534 3
      vertex 10.876 -25.4872 3.6
      vertex 10.876 -25.4872 3
    endloop
  endfacet
  facet normal -0.955615 0.294618 0
    outer loop
      vertex 10.876 -25.4872 3.6
      vertex 10.7631 -25.8534 3
      vertex 10.7631 -25.8534 3.6
    endloop
  endfacet
  facet normal -0.745241 0.666795 0
    outer loop
      vertex 10.5693 -26.07 3
      vertex 10.7631 -25.8534 3.6
      vertex 10.7631 -25.8534 3
    endloop
  endfacet
  facet normal -0.745241 0.666795 0
    outer loop
      vertex 10.7631 -25.8534 3.6
      vertex 10.5693 -26.07 3
      vertex 10.5693 -26.07 3.6
    endloop
  endfacet
  facet normal -0.249763 0.968307 0
    outer loop
      vertex 10.5693 -26.07 3
      vertex 10.289 -26.1423 3.6
      vertex 10.5693 -26.07 3.6
    endloop
  endfacet
  facet normal -0.249763 0.968307 0
    outer loop
      vertex 10.289 -26.1423 3.6
      vertex 10.5693 -26.07 3
      vertex 10.289 -26.1423 3
    endloop
  endfacet
  facet normal 0.243589 0.969878 -0
    outer loop
      vertex 10.289 -26.1423 3
      vertex 10.0075 -26.0716 3.6
      vertex 10.289 -26.1423 3.6
    endloop
  endfacet
  facet normal 0.243589 0.969878 0
    outer loop
      vertex 10.0075 -26.0716 3.6
      vertex 10.289 -26.1423 3
      vertex 10.0075 -26.0716 3
    endloop
  endfacet
  facet normal 0 1 -0
    outer loop
      vertex 6.71925 -26.0894 3
      vertex 6.02148 -26.0894 3.6
      vertex 6.71925 -26.0894 3.6
    endloop
  endfacet
  facet normal 0 1 0
    outer loop
      vertex 6.02148 -26.0894 3.6
      vertex 6.71925 -26.0894 3
      vertex 6.02148 -26.0894 3
    endloop
  endfacet
  facet normal 1 -0 0
    outer loop
      vertex 6.02148 -26.0894 3.6
      vertex 6.02148 -23.5342 3
      vertex 6.02148 -23.5342 3.6
    endloop
  endfacet
  facet normal 1 0 0
    outer loop
      vertex 6.02148 -23.5342 3
      vertex 6.02148 -26.0894 3.6
      vertex 6.02148 -26.0894 3
    endloop
  endfacet
  facet normal 0 1 -0
    outer loop
      vertex 6.02148 -23.5342 3
      vertex 5.68378 -23.5342 3.6
      vertex 6.02148 -23.5342 3.6
    endloop
  endfacet
  facet normal 0 1 0
    outer loop
      vertex 5.68378 -23.5342 3.6
      vertex 6.02148 -23.5342 3
      vertex 5.68378 -23.5342 3
    endloop
  endfacet
  facet normal -0.56665 0.823959 0
    outer loop
      vertex 5.68378 -23.5342 3
      vertex 5.00632 -24.0001 3.6
      vertex 5.68378 -23.5342 3.6
    endloop
  endfacet
  facet normal -0.56665 0.823959 0
    outer loop
      vertex 5.00632 -24.0001 3.6
      vertex 5.68378 -23.5342 3
      vertex 5.00632 -24.0001 3
    endloop
  endfacet
  facet normal -1 0 0
    outer loop
      vertex 5.00632 -24.3459 3
      vertex 5.00632 -24.0001 3.6
      vertex 5.00632 -24.0001 3
    endloop
  endfacet
  facet normal -1 -0 0
    outer loop
      vertex 5.00632 -24.0001 3.6
      vertex 5.00632 -24.3459 3
      vertex 5.00632 -24.3459 3.6
    endloop
  endfacet
  facet normal 0.581006 -0.813899 0
    outer loop
      vertex 5.00632 -24.3459 3
      vertex 5.65323 -23.8841 3.6
      vertex 5.00632 -24.3459 3.6
    endloop
  endfacet
  facet normal 0.581006 -0.813899 0
    outer loop
      vertex 5.65323 -23.8841 3.6
      vertex 5.00632 -24.3459 3
      vertex 5.65323 -23.8841 3
    endloop
  endfacet
  facet normal -1 0 0
    outer loop
      vertex 5.65323 -26.0894 3
      vertex 5.65323 -23.8841 3.6
      vertex 5.65323 -23.8841 3
    endloop
  endfacet
  facet normal -1 -0 0
    outer loop
      vertex 5.65323 -23.8841 3.6
      vertex 5.65323 -26.0894 3
      vertex 5.65323 -26.0894 3.6
    endloop
  endfacet
  facet normal 0 1 -0
    outer loop
      vertex 5.65323 -26.0894 3
      vertex 4.92291 -26.0894 3.6
      vertex 5.65323 -26.0894 3.6
    endloop
  endfacet
  facet normal 0 1 0
    outer loop
      vertex 4.92291 -26.0894 3.6
      vertex 5.65323 -26.0894 3
      vertex 4.92291 -26.0894 3
    endloop
  endfacet
  facet normal -1 0 0
    outer loop
      vertex 4.92291 -26.4006 3
      vertex 4.92291 -26.0894 3.6
      vertex 4.92291 -26.0894 3
    endloop
  endfacet
  facet normal -1 -0 0
    outer loop
      vertex 4.92291 -26.0894 3.6
      vertex 4.92291 -26.4006 3
      vertex 4.92291 -26.4006 3.6
    endloop
  endfacet
  facet normal 0 -1 0
    outer loop
      vertex 4.92291 -26.4006 3
      vertex 6.71925 -26.4006 3.6
      vertex 4.92291 -26.4006 3.6
    endloop
  endfacet
  facet normal 0 -1 -0
    outer loop
      vertex 6.71925 -26.4006 3.6
      vertex 4.92291 -26.4006 3
      vertex 6.71925 -26.4006 3
    endloop
  endfacet
  facet normal 1 -0 0
    outer loop
      vertex 6.71925 -26.4006 3.6
      vertex 6.71925 -26.0894 3
      vertex 6.71925 -26.0894 3.6
    endloop
  endfacet
  facet normal 1 0 0
    outer loop
      vertex 6.71925 -26.0894 3
      vertex 6.71925 -26.4006 3.6
      vertex 6.71925 -26.4006 3
    endloop
  endfacet
  facet normal -0 0 1
    outer loop
      vertex 26.8777 -24.4314 3.6
      vertex 27.2859 -24.9664 3.6
      vertex 27.2256 -24.3256 3.6
    endloop
  endfacet
  facet normal -0 0 1
    outer loop
      vertex 26.7702 -24.0672 3.6
      vertex 27.2256 -24.3256 3.6
      vertex 27.0448 -23.8638 3.6
    endloop
  endfacet
  facet normal 0 0 1
    outer loop
      vertex 26.876 -25.4872 3.6
      vertex 27.2859 -24.9664 3.6
      vertex 26.9136 -24.9664 3.6
    endloop
  endfacet
  facet normal 0 0 1
    outer loop
      vertex 27.2859 -24.9664 3.6
      vertex 26.876 -25.4872 3.6
      vertex 27.2225 -25.5996 3.6
    endloop
  endfacet
  facet normal 0 0 1
    outer loop
      vertex 27.2859 -24.9664 3.6
      vertex 26.8777 -24.4314 3.6
      vertex 26.9136 -24.9664 3.6
    endloop
  endfacet
  facet normal 0 0 1
    outer loop
      vertex 27.2256 -24.3256 3.6
      vertex 26.7702 -24.0672 3.6
      vertex 26.8777 -24.4314 3.6
    endloop
  endfacet
  facet normal -0 0 1
    outer loop
      vertex 26.5802 -23.8582 3.6
      vertex 27.0448 -23.8638 3.6
      vertex 26.7374 -23.5845 3.6
    endloop
  endfacet
  facet normal 0 0 1
    outer loop
      vertex 27.0448 -23.8638 3.6
      vertex 26.5802 -23.8582 3.6
      vertex 26.7702 -24.0672 3.6
    endloop
  endfacet
  facet normal 0 0 1
    outer loop
      vertex 26.2972 -23.4915 3.6
      vertex 26.5802 -23.8582 3.6
      vertex 26.7374 -23.5845 3.6
    endloop
  endfacet
  facet normal 0 0 1
    outer loop
      vertex 26.2972 -23.4915 3.6
      vertex 26.2972 -23.7885 3.6
      vertex 26.5802 -23.8582 3.6
    endloop
  endfacet
  facet normal 0 0 1
    outer loop
      vertex 26.2972 -23.4915 3.6
      vertex 26.007 -23.8572 3.6
      vertex 26.2972 -23.7885 3.6
    endloop
  endfacet
  facet normal -0 0 1
    outer loop
      vertex 25.8463 -23.5835 3.6
      vertex 26.007 -23.8572 3.6
      vertex 26.2972 -23.4915 3.6
    endloop
  endfacet
  facet normal 0 0 1
    outer loop
      vertex 25.5353 -23.8597 3.6
      vertex 26.007 -23.8572 3.6
      vertex 25.8463 -23.5835 3.6
    endloop
  endfacet
  facet normal 0 0 1
    outer loop
      vertex 26.007 -23.8572 3.6
      vertex 25.5353 -23.8597 3.6
      vertex 25.812 -24.0632 3.6
    endloop
  endfacet
  facet normal 0 0 1
    outer loop
      vertex 25.2942 -24.9664 3.6
      vertex 25.6645 -24.9664 3.6
      vertex 25.7014 -24.4263 3.6
    endloop
  endfacet
  facet normal 0 0 1
    outer loop
      vertex 25.3545 -24.3205 3.6
      vertex 25.812 -24.0632 3.6
      vertex 25.5353 -23.8597 3.6
    endloop
  endfacet
  facet normal 0 0 1
    outer loop
      vertex 25.812 -24.0632 3.6
      vertex 25.3545 -24.3205 3.6
      vertex 25.7014 -24.4263 3.6
    endloop
  endfacet
  facet normal 0 0 1
    outer loop
      vertex 25.6645 -24.9664 3.6
      vertex 25.2942 -24.9664 3.6
      vertex 25.3563 -25.6021 3.6
    endloop
  endfacet
  facet normal 0 0 1
    outer loop
      vertex 25.7014 -24.4263 3.6
      vertex 25.3545 -24.3205 3.6
      vertex 25.2942 -24.9664 3.6
    endloop
  endfacet
  facet normal 0 0 1
    outer loop
      vertex 25.6645 -24.9664 3.6
      vertex 25.3563 -25.6021 3.6
      vertex 25.5424 -26.0649 3.6
    endloop
  endfacet
  facet normal 0 0 1
    outer loop
      vertex 26.7631 -25.8534 3.6
      vertex 27.2225 -25.5996 3.6
      vertex 26.876 -25.4872 3.6
    endloop
  endfacet
  facet normal 0 0 1
    outer loop
      vertex 27.2225 -25.5996 3.6
      vertex 26.7631 -25.8534 3.6
      vertex 27.0326 -26.0629 3.6
    endloop
  endfacet
  facet normal 0 0 1
    outer loop
      vertex 26.5693 -26.07 3.6
      vertex 27.0326 -26.0629 3.6
      vertex 26.7631 -25.8534 3.6
    endloop
  endfacet
  facet normal 0 0 1
    outer loop
      vertex 27.0326 -26.0629 3.6
      vertex 26.5693 -26.07 3.6
      vertex 26.7191 -26.3467 3.6
    endloop
  endfacet
  facet normal 0 0 1
    outer loop
      vertex 26.285 -26.4413 3.6
      vertex 26.5693 -26.07 3.6
      vertex 26.289 -26.1423 3.6
    endloop
  endfacet
  facet normal 0 0 1
    outer loop
      vertex 26.5693 -26.07 3.6
      vertex 26.285 -26.4413 3.6
      vertex 26.7191 -26.3467 3.6
    endloop
  endfacet
  facet normal 0 0 1
    outer loop
      vertex 26.0075 -26.0716 3.6
      vertex 26.285 -26.4413 3.6
      vertex 26.289 -26.1423 3.6
    endloop
  endfacet
  facet normal 0 0 1
    outer loop
      vertex 26.0075 -26.0716 3.6
      vertex 25.8522 -26.3472 3.6
      vertex 26.285 -26.4413 3.6
    endloop
  endfacet
  facet normal -0 0 1
    outer loop
      vertex 25.5424 -26.0649 3.6
      vertex 26.0075 -26.0716 3.6
      vertex 25.814 -25.8595 3.6
    endloop
  endfacet
  facet normal 0 0 1
    outer loop
      vertex 25.5424 -26.0649 3.6
      vertex 25.814 -25.8595 3.6
      vertex 25.7019 -25.4948 3.6
    endloop
  endfacet
  facet normal 0 0 1
    outer loop
      vertex 26.0075 -26.0716 3.6
      vertex 25.5424 -26.0649 3.6
      vertex 25.8522 -26.3472 3.6
    endloop
  endfacet
  facet normal 0 0 1
    outer loop
      vertex 25.5424 -26.0649 3.6
      vertex 25.7019 -25.4948 3.6
      vertex 25.6645 -24.9664 3.6
    endloop
  endfacet
  facet normal 0 0 1
    outer loop
      vertex 21.6532 -23.8841 3.6
      vertex 22.0215 -23.5342 3.6
      vertex 21.6838 -23.5342 3.6
    endloop
  endfacet
  facet normal -0 0 1
    outer loop
      vertex 22.0215 -26.0894 3.6
      vertex 22.7193 -26.4006 3.6
      vertex 22.7193 -26.0894 3.6
    endloop
  endfacet
  facet normal 0 0 1
    outer loop
      vertex 22.0215 -23.5342 3.6
      vertex 21.6532 -23.8841 3.6
      vertex 22.0215 -26.0894 3.6
    endloop
  endfacet
  facet normal 0 0 1
    outer loop
      vertex 21.6532 -26.0894 3.6
      vertex 22.0215 -26.0894 3.6
      vertex 21.6532 -23.8841 3.6
    endloop
  endfacet
  facet normal -0 0 1
    outer loop
      vertex 21.6532 -26.0894 3.6
      vertex 22.7193 -26.4006 3.6
      vertex 22.0215 -26.0894 3.6
    endloop
  endfacet
  facet normal 0 0 1
    outer loop
      vertex 20.9229 -26.4006 3.6
      vertex 21.6532 -26.0894 3.6
      vertex 20.9229 -26.0894 3.6
    endloop
  endfacet
  facet normal 0 0 1
    outer loop
      vertex 21.6532 -26.0894 3.6
      vertex 20.9229 -26.4006 3.6
      vertex 22.7193 -26.4006 3.6
    endloop
  endfacet
  facet normal 0 0 1
    outer loop
      vertex 21.0063 -24.0001 3.6
      vertex 21.6532 -23.8841 3.6
      vertex 21.6838 -23.5342 3.6
    endloop
  endfacet
  facet normal 0 0 1
    outer loop
      vertex 21.6532 -23.8841 3.6
      vertex 21.0063 -24.0001 3.6
      vertex 21.0063 -24.3459 3.6
    endloop
  endfacet
  facet normal 0 0 1
    outer loop
      vertex 24.8439 -23.5342 3.6
      vertex 23.548 -23.8454 3.6
      vertex 24.8439 -23.8454 3.6
    endloop
  endfacet
  facet normal -0 0 1
    outer loop
      vertex 23.2144 -23.5342 3.6
      vertex 23.548 -23.8454 3.6
      vertex 24.8439 -23.5342 3.6
    endloop
  endfacet
  facet normal 0 0 1
    outer loop
      vertex 23.2144 -23.5342 3.6
      vertex 23.4931 -24.7548 3.6
      vertex 23.548 -23.8454 3.6
    endloop
  endfacet
  facet normal 0 0 1
    outer loop
      vertex 23.1187 -25.0762 3.6
      vertex 23.4931 -24.7548 3.6
      vertex 23.2144 -23.5342 3.6
    endloop
  endfacet
  facet normal 0 0 1
    outer loop
      vertex 23.4931 -24.7548 3.6
      vertex 23.1187 -25.0762 3.6
      vertex 23.4768 -25.0762 3.6
    endloop
  endfacet
  facet normal -0 0 1
    outer loop
      vertex 24.5883 -25.2303 3.6
      vertex 25.0107 -25.4668 3.6
      vertex 24.9479 -25.1057 3.6
    endloop
  endfacet
  facet normal 0 0 1
    outer loop
      vertex 24.5883 -25.2303 3.6
      vertex 24.9479 -25.1057 3.6
      vertex 24.7595 -24.8199 3.6
    endloop
  endfacet
  facet normal 0 0 1
    outer loop
      vertex 25.0107 -25.4668 3.6
      vertex 24.6303 -25.475 3.6
      vertex 24.9433 -25.8722 3.6
    endloop
  endfacet
  facet normal -0 0 1
    outer loop
      vertex 24.5886 -25.7529 3.6
      vertex 24.9433 -25.8722 3.6
      vertex 24.6303 -25.475 3.6
    endloop
  endfacet
  facet normal 0 0 1
    outer loop
      vertex 25.0107 -25.4668 3.6
      vertex 24.5883 -25.2303 3.6
      vertex 24.6303 -25.475 3.6
    endloop
  endfacet
  facet normal 0 0 1
    outer loop
      vertex 24.4624 -25.0376 3.6
      vertex 24.7595 -24.8199 3.6
      vertex 24.4652 -24.6338 3.6
    endloop
  endfacet
  facet normal 0 0 1
    outer loop
      vertex 24.7595 -24.8199 3.6
      vertex 24.4624 -25.0376 3.6
      vertex 24.5883 -25.2303 3.6
    endloop
  endfacet
  facet normal 0 0 1
    outer loop
      vertex 24.4652 -24.6338 3.6
      vertex 24.2654 -24.9125 3.6
      vertex 24.4624 -25.0376 3.6
    endloop
  endfacet
  facet normal 0 0 1
    outer loop
      vertex 24.0851 -24.5717 3.6
      vertex 24.2654 -24.9125 3.6
      vertex 24.4652 -24.6338 3.6
    endloop
  endfacet
  facet normal 0 0 1
    outer loop
      vertex 24.0851 -24.5717 3.6
      vertex 24.0098 -24.8708 3.6
      vertex 24.2654 -24.9125 3.6
    endloop
  endfacet
  facet normal -0 0 1
    outer loop
      vertex 23.7601 -24.6175 3.6
      vertex 24.0098 -24.8708 3.6
      vertex 24.0851 -24.5717 3.6
    endloop
  endfacet
  facet normal 0 0 1
    outer loop
      vertex 24.0098 -24.8708 3.6
      vertex 23.7601 -24.6175 3.6
      vertex 23.8664 -24.8825 3.6
    endloop
  endfacet
  facet normal 0 0 1
    outer loop
      vertex 23.7601 -24.6175 3.6
      vertex 23.7331 -24.9176 3.6
      vertex 23.8664 -24.8825 3.6
    endloop
  endfacet
  facet normal -0 0 1
    outer loop
      vertex 23.4931 -24.7548 3.6
      vertex 23.7331 -24.9176 3.6
      vertex 23.7601 -24.6175 3.6
    endloop
  endfacet
  facet normal 0 0 1
    outer loop
      vertex 23.7331 -24.9176 3.6
      vertex 23.4931 -24.7548 3.6
      vertex 23.605 -24.9806 3.6
    endloop
  endfacet
  facet normal 0 0 1
    outer loop
      vertex 23.605 -24.9806 3.6
      vertex 23.4931 -24.7548 3.6
      vertex 23.4768 -25.0762 3.6
    endloop
  endfacet
  facet normal 0 0 1
    outer loop
      vertex 24.9433 -25.8722 3.6
      vertex 24.5886 -25.7529 3.6
      vertex 24.7411 -26.1809 3.6
    endloop
  endfacet
  facet normal -0 0 1
    outer loop
      vertex 24.4635 -25.9643 3.6
      vertex 24.7411 -26.1809 3.6
      vertex 24.5886 -25.7529 3.6
    endloop
  endfacet
  facet normal 0 0 1
    outer loop
      vertex 24.4635 -25.9643 3.6
      vertex 24.4194 -26.3762 3.6
      vertex 24.7411 -26.1809 3.6
    endloop
  endfacet
  facet normal -0 0 1
    outer loop
      vertex 24.2646 -26.0978 3.6
      vertex 24.4194 -26.3762 3.6
      vertex 24.4635 -25.9643 3.6
    endloop
  endfacet
  facet normal 0 0 1
    outer loop
      vertex 23.9935 -26.4413 3.6
      vertex 24.2646 -26.0978 3.6
      vertex 24.0017 -26.1423 3.6
    endloop
  endfacet
  facet normal 0 0 1
    outer loop
      vertex 24.2646 -26.0978 3.6
      vertex 23.9935 -26.4413 3.6
      vertex 24.4194 -26.3762 3.6
    endloop
  endfacet
  facet normal 0 0 1
    outer loop
      vertex 24.0017 -26.1423 3.6
      vertex 23.6314 -26.3976 3.6
      vertex 23.9935 -26.4413 3.6
    endloop
  endfacet
  facet normal 0 0 1
    outer loop
      vertex 23.6126 -26.036 3.6
      vertex 23.6314 -26.3976 3.6
      vertex 24.0017 -26.1423 3.6
    endloop
  endfacet
  facet normal 0 0 1
    outer loop
      vertex 23.1457 -26.0522 3.6
      vertex 23.6126 -26.036 3.6
      vertex 23.4056 -25.7171 3.6
    endloop
  endfacet
  facet normal 0 0 1
    outer loop
      vertex 23.6126 -26.036 3.6
      vertex 23.3466 -26.2663 3.6
      vertex 23.6314 -26.3976 3.6
    endloop
  endfacet
  facet normal 0 0 1
    outer loop
      vertex 23.6126 -26.036 3.6
      vertex 23.1457 -26.0522 3.6
      vertex 23.3466 -26.2663 3.6
    endloop
  endfacet
  facet normal 0 -0 1
    outer loop
      vertex 23.1457 -26.0522 3.6
      vertex 23.4056 -25.7171 3.6
      vertex 23.0354 -25.7598 3.6
    endloop
  endfacet
  facet normal 0.671118 -0.741351 0
    outer loop
      vertex 26.7191 -26.3467 3
      vertex 27.0326 -26.0629 3.6
      vertex 26.7191 -26.3467 3.6
    endloop
  endfacet
  facet normal 0.671118 -0.741351 0
    outer loop
      vertex 27.0326 -26.0629 3.6
      vertex 26.7191 -26.3467 3
      vertex 27.0326 -26.0629 3
    endloop
  endfacet
  facet normal 0.925289 -0.379263 0
    outer loop
      vertex 27.0326 -26.0629 3.6
      vertex 27.2225 -25.5996 3
      vertex 27.2225 -25.5996 3.6
    endloop
  endfacet
  facet normal 0.925289 -0.379263 0
    outer loop
      vertex 27.2225 -25.5996 3
      vertex 27.0326 -26.0629 3.6
      vertex 27.0326 -26.0629 3
    endloop
  endfacet
  facet normal 0.995025 -0.0996282 0
    outer loop
      vertex 27.2225 -25.5996 3.6
      vertex 27.2859 -24.9664 3
      vertex 27.2859 -24.9664 3.6
    endloop
  endfacet
  facet normal 0.995025 -0.0996282 0
    outer loop
      vertex 27.2859 -24.9664 3
      vertex 27.2225 -25.5996 3.6
      vertex 27.2225 -25.5996 3
    endloop
  endfacet
  facet normal 0.995602 0.0936872 0
    outer loop
      vertex 27.2859 -24.9664 3.6
      vertex 27.2256 -24.3256 3
      vertex 27.2256 -24.3256 3.6
    endloop
  endfacet
  facet normal 0.995602 0.0936872 0
    outer loop
      vertex 27.2256 -24.3256 3
      vertex 27.2859 -24.9664 3.6
      vertex 27.2859 -24.9664 3
    endloop
  endfacet
  facet normal 0.931177 0.364567 0
    outer loop
      vertex 27.2256 -24.3256 3.6
      vertex 27.0448 -23.8638 3
      vertex 27.0448 -23.8638 3.6
    endloop
  endfacet
  facet normal 0.931177 0.364567 0
    outer loop
      vertex 27.0448 -23.8638 3
      vertex 27.2256 -24.3256 3.6
      vertex 27.2256 -24.3256 3
    endloop
  endfacet
  facet normal 0.672469 0.740125 -0
    outer loop
      vertex 27.0448 -23.8638 3
      vertex 26.7374 -23.5845 3.6
      vertex 27.0448 -23.8638 3.6
    endloop
  endfacet
  facet normal 0.672469 0.740125 0
    outer loop
      vertex 26.7374 -23.5845 3.6
      vertex 27.0448 -23.8638 3
      vertex 26.7374 -23.5845 3
    endloop
  endfacet
  facet normal 0.206705 0.978403 -0
    outer loop
      vertex 26.7374 -23.5845 3
      vertex 26.2972 -23.4915 3.6
      vertex 26.7374 -23.5845 3.6
    endloop
  endfacet
  facet normal 0.206705 0.978403 0
    outer loop
      vertex 26.2972 -23.4915 3.6
      vertex 26.7374 -23.5845 3
      vertex 26.2972 -23.4915 3
    endloop
  endfacet
  facet normal -0.199917 0.979813 0
    outer loop
      vertex 26.2972 -23.4915 3
      vertex 25.8463 -23.5835 3.6
      vertex 26.2972 -23.4915 3.6
    endloop
  endfacet
  facet normal -0.199917 0.979813 0
    outer loop
      vertex 25.8463 -23.5835 3.6
      vertex 26.2972 -23.4915 3
      vertex 25.8463 -23.5835 3
    endloop
  endfacet
  facet normal -0.664035 0.747701 0
    outer loop
      vertex 25.8463 -23.5835 3
      vertex 25.5353 -23.8597 3.6
      vertex 25.8463 -23.5835 3.6
    endloop
  endfacet
  facet normal -0.664035 0.747701 0
    outer loop
      vertex 25.5353 -23.8597 3.6
      vertex 25.8463 -23.5835 3
      vertex 25.5353 -23.8597 3
    endloop
  endfacet
  facet normal -0.930909 0.365252 0
    outer loop
      vertex 25.3545 -24.3205 3
      vertex 25.5353 -23.8597 3.6
      vertex 25.5353 -23.8597 3
    endloop
  endfacet
  facet normal -0.930909 0.365252 0
    outer loop
      vertex 25.5353 -23.8597 3.6
      vertex 25.3545 -24.3205 3
      vertex 25.3545 -24.3205 3.6
    endloop
  endfacet
  facet normal -0.99567 0.0929539 0
    outer loop
      vertex 25.2942 -24.9664 3
      vertex 25.3545 -24.3205 3.6
      vertex 25.3545 -24.3205 3
    endloop
  endfacet
  facet normal -0.99567 0.0929539 0
    outer loop
      vertex 25.3545 -24.3205 3.6
      vertex 25.2942 -24.9664 3
      vertex 25.2942 -24.9664 3.6
    endloop
  endfacet
  facet normal -0.995262 -0.0972248 0
    outer loop
      vertex 25.3563 -25.6021 3
      vertex 25.2942 -24.9664 3.6
      vertex 25.2942 -24.9664 3
    endloop
  endfacet
  facet normal -0.995262 -0.0972248 0
    outer loop
      vertex 25.2942 -24.9664 3.6
      vertex 25.3563 -25.6021 3
      vertex 25.3563 -25.6021 3.6
    endloop
  endfacet
  facet normal -0.927798 -0.373084 0
    outer loop
      vertex 25.5424 -26.0649 3
      vertex 25.3563 -25.6021 3.6
      vertex 25.3563 -25.6021 3
    endloop
  endfacet
  facet normal -0.927798 -0.373084 0
    outer loop
      vertex 25.3563 -25.6021 3.6
      vertex 25.5424 -26.0649 3
      vertex 25.5424 -26.0649 3.6
    endloop
  endfacet
  facet normal -0.673539 -0.739151 0
    outer loop
      vertex 25.5424 -26.0649 3
      vertex 25.8522 -26.3472 3.6
      vertex 25.5424 -26.0649 3.6
    endloop
  endfacet
  facet normal -0.673539 -0.739151 -0
    outer loop
      vertex 25.8522 -26.3472 3.6
      vertex 25.5424 -26.0649 3
      vertex 25.8522 -26.3472 3
    endloop
  endfacet
  facet normal -0.212458 -0.97717 0
    outer loop
      vertex 25.8522 -26.3472 3
      vertex 26.285 -26.4413 3.6
      vertex 25.8522 -26.3472 3.6
    endloop
  endfacet
  facet normal -0.212458 -0.97717 -0
    outer loop
      vertex 26.285 -26.4413 3.6
      vertex 25.8522 -26.3472 3
      vertex 26.285 -26.4413 3
    endloop
  endfacet
  facet normal 0.212925 -0.977069 0
    outer loop
      vertex 26.285 -26.4413 3
      vertex 26.7191 -26.3467 3.6
      vertex 26.285 -26.4413 3.6
    endloop
  endfacet
  facet normal 0.212925 -0.977069 0
    outer loop
      vertex 26.7191 -26.3467 3.6
      vertex 26.285 -26.4413 3
      vertex 26.7191 -26.3467 3
    endloop
  endfacet
  facet normal 0.738757 0.673972 0
    outer loop
      vertex 26.0075 -26.0716 3.6
      vertex 25.814 -25.8595 3
      vertex 25.814 -25.8595 3.6
    endloop
  endfacet
  facet normal 0.738757 0.673972 0
    outer loop
      vertex 25.814 -25.8595 3
      vertex 26.0075 -26.0716 3.6
      vertex 26.0075 -26.0716 3
    endloop
  endfacet
  facet normal 0.955864 0.29381 0
    outer loop
      vertex 25.814 -25.8595 3.6
      vertex 25.7019 -25.4948 3
      vertex 25.7019 -25.4948 3.6
    endloop
  endfacet
  facet normal 0.955864 0.29381 0
    outer loop
      vertex 25.7019 -25.4948 3
      vertex 25.814 -25.8595 3.6
      vertex 25.814 -25.8595 3
    endloop
  endfacet
  facet normal 0.997504 0.0706031 0
    outer loop
      vertex 25.7019 -25.4948 3.6
      vertex 25.6645 -24.9664 3
      vertex 25.6645 -24.9664 3.6
    endloop
  endfacet
  facet normal 0.997504 0.0706031 0
    outer loop
      vertex 25.6645 -24.9664 3
      vertex 25.7019 -25.4948 3.6
      vertex 25.7019 -25.4948 3
    endloop
  endfacet
  facet normal 0.997674 -0.0681618 0
    outer loop
      vertex 25.6645 -24.9664 3.6
      vertex 25.7014 -24.4263 3
      vertex 25.7014 -24.4263 3.6
    endloop
  endfacet
  facet normal 0.997674 -0.0681618 0
    outer loop
      vertex 25.7014 -24.4263 3
      vertex 25.6645 -24.9664 3.6
      vertex 25.6645 -24.9664 3
    endloop
  endfacet
  facet normal 0.956607 -0.291382 0
    outer loop
      vertex 25.7014 -24.4263 3.6
      vertex 25.812 -24.0632 3
      vertex 25.812 -24.0632 3.6
    endloop
  endfacet
  facet normal 0.956607 -0.291382 0
    outer loop
      vertex 25.812 -24.0632 3
      vertex 25.7014 -24.4263 3.6
      vertex 25.7014 -24.4263 3
    endloop
  endfacet
  facet normal 0.726231 -0.687451 0
    outer loop
      vertex 25.812 -24.0632 3.6
      vertex 26.007 -23.8572 3
      vertex 26.007 -23.8572 3.6
    endloop
  endfacet
  facet normal 0.726231 -0.687451 0
    outer loop
      vertex 26.007 -23.8572 3
      vertex 25.812 -24.0632 3.6
      vertex 25.812 -24.0632 3
    endloop
  endfacet
  facet normal 0.230366 -0.973104 0
    outer loop
      vertex 26.007 -23.8572 3
      vertex 26.2972 -23.7885 3.6
      vertex 26.007 -23.8572 3.6
    endloop
  endfacet
  facet normal 0.230366 -0.973104 0
    outer loop
      vertex 26.2972 -23.7885 3.6
      vertex 26.007 -23.8572 3
      vertex 26.2972 -23.7885 3
    endloop
  endfacet
  facet normal -0.239143 -0.970984 0
    outer loop
      vertex 26.2972 -23.7885 3
      vertex 26.5802 -23.8582 3.6
      vertex 26.2972 -23.7885 3.6
    endloop
  endfacet
  facet normal -0.239143 -0.970984 -0
    outer loop
      vertex 26.5802 -23.8582 3.6
      vertex 26.2972 -23.7885 3
      vertex 26.5802 -23.8582 3
    endloop
  endfacet
  facet normal -0.73994 -0.672673 0
    outer loop
      vertex 26.7702 -24.0672 3
      vertex 26.5802 -23.8582 3.6
      vertex 26.5802 -23.8582 3
    endloop
  endfacet
  facet normal -0.73994 -0.672673 0
    outer loop
      vertex 26.5802 -23.8582 3.6
      vertex 26.7702 -24.0672 3
      vertex 26.7702 -24.0672 3.6
    endloop
  endfacet
  facet normal -0.959092 -0.283093 0
    outer loop
      vertex 26.8777 -24.4314 3
      vertex 26.7702 -24.0672 3.6
      vertex 26.7702 -24.0672 3
    endloop
  endfacet
  facet normal -0.959092 -0.283093 0
    outer loop
      vertex 26.7702 -24.0672 3.6
      vertex 26.8777 -24.4314 3
      vertex 26.8777 -24.4314 3.6
    endloop
  endfacet
  facet normal -0.997756 -0.0669522 0
    outer loop
      vertex 26.9136 -24.9664 3
      vertex 26.8777 -24.4314 3.6
      vertex 26.8777 -24.4314 3
    endloop
  endfacet
  facet normal -0.997756 -0.0669522 0
    outer loop
      vertex 26.8777 -24.4314 3.6
      vertex 26.9136 -24.9664 3
      vertex 26.9136 -24.9664 3.6
    endloop
  endfacet
  facet normal -0.997404 0.0720092 0
    outer loop
      vertex 26.876 -25.4872 3
      vertex 26.9136 -24.9664 3.6
      vertex 26.9136 -24.9664 3
    endloop
  endfacet
  facet normal -0.997404 0.0720092 0
    outer loop
      vertex 26.9136 -24.9664 3.6
      vertex 26.876 -25.4872 3
      vertex 26.876 -25.4872 3.6
    endloop
  endfacet
  facet normal -0.955615 0.294618 0
    outer loop
      vertex 26.7631 -25.8534 3
      vertex 26.876 -25.4872 3.6
      vertex 26.876 -25.4872 3
    endloop
  endfacet
  facet normal -0.955615 0.294618 0
    outer loop
      vertex 26.876 -25.4872 3.6
      vertex 26.7631 -25.8534 3
      vertex 26.7631 -25.8534 3.6
    endloop
  endfacet
  facet normal -0.745241 0.666795 0
    outer loop
      vertex 26.5693 -26.07 3
      vertex 26.7631 -25.8534 3.6
      vertex 26.7631 -25.8534 3
    endloop
  endfacet
  facet normal -0.745241 0.666795 0
    outer loop
      vertex 26.7631 -25.8534 3.6
      vertex 26.5693 -26.07 3
      vertex 26.5693 -26.07 3.6
    endloop
  endfacet
  facet normal -0.249763 0.968307 0
    outer loop
      vertex 26.5693 -26.07 3
      vertex 26.289 -26.1423 3.6
      vertex 26.5693 -26.07 3.6
    endloop
  endfacet
  facet normal -0.249763 0.968307 0
    outer loop
      vertex 26.289 -26.1423 3.6
      vertex 26.5693 -26.07 3
      vertex 26.289 -26.1423 3
    endloop
  endfacet
  facet normal 0.243589 0.969878 -0
    outer loop
      vertex 26.289 -26.1423 3
      vertex 26.0075 -26.0716 3.6
      vertex 26.289 -26.1423 3.6
    endloop
  endfacet
  facet normal 0.243589 0.969878 0
    outer loop
      vertex 26.0075 -26.0716 3.6
      vertex 26.289 -26.1423 3
      vertex 26.0075 -26.0716 3
    endloop
  endfacet
  facet normal 0 1 -0
    outer loop
      vertex 22.7193 -26.0894 3
      vertex 22.0215 -26.0894 3.6
      vertex 22.7193 -26.0894 3.6
    endloop
  endfacet
  facet normal 0 1 0
    outer loop
      vertex 22.0215 -26.0894 3.6
      vertex 22.7193 -26.0894 3
      vertex 22.0215 -26.0894 3
    endloop
  endfacet
  facet normal 1 -0 0
    outer loop
      vertex 22.0215 -26.0894 3.6
      vertex 22.0215 -23.5342 3
      vertex 22.0215 -23.5342 3.6
    endloop
  endfacet
  facet normal 1 0 0
    outer loop
      vertex 22.0215 -23.5342 3
      vertex 22.0215 -26.0894 3.6
      vertex 22.0215 -26.0894 3
    endloop
  endfacet
  facet normal 0 1 -0
    outer loop
      vertex 22.0215 -23.5342 3
      vertex 21.6838 -23.5342 3.6
      vertex 22.0215 -23.5342 3.6
    endloop
  endfacet
  facet normal 0 1 0
    outer loop
      vertex 21.6838 -23.5342 3.6
      vertex 22.0215 -23.5342 3
      vertex 21.6838 -23.5342 3
    endloop
  endfacet
  facet normal -0.566627 0.823974 0
    outer loop
      vertex 21.6838 -23.5342 3
      vertex 21.0063 -24.0001 3.6
      vertex 21.6838 -23.5342 3.6
    endloop
  endfacet
  facet normal -0.566627 0.823974 0
    outer loop
      vertex 21.0063 -24.0001 3.6
      vertex 21.6838 -23.5342 3
      vertex 21.0063 -24.0001 3
    endloop
  endfacet
  facet normal -1 0 0
    outer loop
      vertex 21.0063 -24.3459 3
      vertex 21.0063 -24.0001 3.6
      vertex 21.0063 -24.0001 3
    endloop
  endfacet
  facet normal -1 -0 0
    outer loop
      vertex 21.0063 -24.0001 3.6
      vertex 21.0063 -24.3459 3
      vertex 21.0063 -24.3459 3.6
    endloop
  endfacet
  facet normal 0.581012 -0.813895 0
    outer loop
      vertex 21.0063 -24.3459 3
      vertex 21.6532 -23.8841 3.6
      vertex 21.0063 -24.3459 3.6
    endloop
  endfacet
  facet normal 0.581012 -0.813895 0
    outer loop
      vertex 21.6532 -23.8841 3.6
      vertex 21.0063 -24.3459 3
      vertex 21.6532 -23.8841 3
    endloop
  endfacet
  facet normal -1 0 0
    outer loop
      vertex 21.6532 -26.0894 3
      vertex 21.6532 -23.8841 3.6
      vertex 21.6532 -23.8841 3
    endloop
  endfacet
  facet normal -1 -0 0
    outer loop
      vertex 21.6532 -23.8841 3.6
      vertex 21.6532 -26.0894 3
      vertex 21.6532 -26.0894 3.6
    endloop
  endfacet
  facet normal 0 1 -0
    outer loop
      vertex 21.6532 -26.0894 3
      vertex 20.9229 -26.0894 3.6
      vertex 21.6532 -26.0894 3.6
    endloop
  endfacet
  facet normal 0 1 0
    outer loop
      vertex 20.9229 -26.0894 3.6
      vertex 21.6532 -26.0894 3
      vertex 20.9229 -26.0894 3
    endloop
  endfacet
  facet normal -1 0 0
    outer loop
      vertex 20.9229 -26.4006 3
      vertex 20.9229 -26.0894 3.6
      vertex 20.9229 -26.0894 3
    endloop
  endfacet
  facet normal -1 -0 0
    outer loop
      vertex 20.9229 -26.0894 3.6
      vertex 20.9229 -26.4006 3
      vertex 20.9229 -26.4006 3.6
    endloop
  endfacet
  facet normal 0 -1 0
    outer loop
      vertex 20.9229 -26.4006 3
      vertex 22.7193 -26.4006 3.6
      vertex 20.9229 -26.4006 3.6
    endloop
  endfacet
  facet normal 0 -1 -0
    outer loop
      vertex 22.7193 -26.4006 3.6
      vertex 20.9229 -26.4006 3
      vertex 22.7193 -26.4006 3
    endloop
  endfacet
  facet normal 1 -0 0
    outer loop
      vertex 22.7193 -26.4006 3.6
      vertex 22.7193 -26.0894 3
      vertex 22.7193 -26.0894 3.6
    endloop
  endfacet
  facet normal 1 0 0
    outer loop
      vertex 22.7193 -26.0894 3
      vertex 22.7193 -26.4006 3.6
      vertex 22.7193 -26.4006 3
    endloop
  endfacet
  facet normal 0.518943 -0.854809 0
    outer loop
      vertex 24.4194 -26.3762 3
      vertex 24.7411 -26.1809 3.6
      vertex 24.4194 -26.3762 3.6
    endloop
  endfacet
  facet normal 0.518943 -0.854809 0
    outer loop
      vertex 24.7411 -26.1809 3.6
      vertex 24.4194 -26.3762 3
      vertex 24.7411 -26.1809 3
    endloop
  endfacet
  facet normal 0.836525 -0.547928 0
    outer loop
      vertex 24.7411 -26.1809 3.6
      vertex 24.9433 -25.8722 3
      vertex 24.9433 -25.8722 3.6
    endloop
  endfacet
  facet normal 0.836525 -0.547928 0
    outer loop
      vertex 24.9433 -25.8722 3
      vertex 24.7411 -26.1809 3.6
      vertex 24.7411 -26.1809 3
    endloop
  endfacet
  facet normal 0.98646 -0.164004 0
    outer loop
      vertex 24.9433 -25.8722 3.6
      vertex 25.0107 -25.4668 3
      vertex 25.0107 -25.4668 3.6
    endloop
  endfacet
  facet normal 0.98646 -0.164004 0
    outer loop
      vertex 25.0107 -25.4668 3
      vertex 24.9433 -25.8722 3.6
      vertex 24.9433 -25.8722 3
    endloop
  endfacet
  facet normal 0.985212 0.171341 0
    outer loop
      vertex 25.0107 -25.4668 3.6
      vertex 24.9479 -25.1057 3
      vertex 24.9479 -25.1057 3.6
    endloop
  endfacet
  facet normal 0.985212 0.171341 0
    outer loop
      vertex 24.9479 -25.1057 3
      vertex 25.0107 -25.4668 3.6
      vertex 25.0107 -25.4668 3
    endloop
  endfacet
  facet normal 0.834915 0.550378 0
    outer loop
      vertex 24.9479 -25.1057 3.6
      vertex 24.7595 -24.8199 3
      vertex 24.7595 -24.8199 3.6
    endloop
  endfacet
  facet normal 0.834915 0.550378 0
    outer loop
      vertex 24.7595 -24.8199 3
      vertex 24.9479 -25.1057 3.6
      vertex 24.9479 -25.1057 3
    endloop
  endfacet
  facet normal 0.534458 0.845195 -0
    outer loop
      vertex 24.7595 -24.8199 3
      vertex 24.4652 -24.6338 3.6
      vertex 24.7595 -24.8199 3.6
    endloop
  endfacet
  facet normal 0.534458 0.845195 0
    outer loop
      vertex 24.4652 -24.6338 3.6
      vertex 24.7595 -24.8199 3
      vertex 24.4652 -24.6338 3
    endloop
  endfacet
  facet normal 0.16124 0.986915 -0
    outer loop
      vertex 24.4652 -24.6338 3
      vertex 24.0851 -24.5717 3.6
      vertex 24.4652 -24.6338 3.6
    endloop
  endfacet
  facet normal 0.16124 0.986915 0
    outer loop
      vertex 24.0851 -24.5717 3.6
      vertex 24.4652 -24.6338 3
      vertex 24.0851 -24.5717 3
    endloop
  endfacet
  facet normal -0.139544 0.990216 0
    outer loop
      vertex 24.0851 -24.5717 3
      vertex 23.7601 -24.6175 3.6
      vertex 24.0851 -24.5717 3.6
    endloop
  endfacet
  facet normal -0.139544 0.990216 0
    outer loop
      vertex 23.7601 -24.6175 3.6
      vertex 24.0851 -24.5717 3
      vertex 23.7601 -24.6175 3
    endloop
  endfacet
  facet normal -0.45731 0.889307 0
    outer loop
      vertex 23.7601 -24.6175 3
      vertex 23.4931 -24.7548 3.6
      vertex 23.7601 -24.6175 3.6
    endloop
  endfacet
  facet normal -0.45731 0.889307 0
    outer loop
      vertex 23.4931 -24.7548 3.6
      vertex 23.7601 -24.6175 3
      vertex 23.4931 -24.7548 3
    endloop
  endfacet
  facet normal 0.998183 -0.0602598 0
    outer loop
      vertex 23.4931 -24.7548 3.6
      vertex 23.548 -23.8454 3
      vertex 23.548 -23.8454 3.6
    endloop
  endfacet
  facet normal 0.998183 -0.0602598 0
    outer loop
      vertex 23.548 -23.8454 3
      vertex 23.4931 -24.7548 3.6
      vertex 23.4931 -24.7548 3
    endloop
  endfacet
  facet normal 0 -1 0
    outer loop
      vertex 23.548 -23.8454 3
      vertex 24.8439 -23.8454 3.6
      vertex 23.548 -23.8454 3.6
    endloop
  endfacet
  facet normal 0 -1 -0
    outer loop
      vertex 24.8439 -23.8454 3.6
      vertex 23.548 -23.8454 3
      vertex 24.8439 -23.8454 3
    endloop
  endfacet
  facet normal 1 -0 0
    outer loop
      vertex 24.8439 -23.8454 3.6
      vertex 24.8439 -23.5342 3
      vertex 24.8439 -23.5342 3.6
    endloop
  endfacet
  facet normal 1 0 0
    outer loop
      vertex 24.8439 -23.5342 3
      vertex 24.8439 -23.8454 3.6
      vertex 24.8439 -23.8454 3
    endloop
  endfacet
  facet normal 0 1 -0
    outer loop
      vertex 24.8439 -23.5342 3
      vertex 23.2144 -23.5342 3.6
      vertex 24.8439 -23.5342 3.6
    endloop
  endfacet
  facet normal 0 1 0
    outer loop
      vertex 23.2144 -23.5342 3.6
      vertex 24.8439 -23.5342 3
      vertex 23.2144 -23.5342 3
    endloop
  endfacet
  facet normal -0.99808 0.0619431 0
    outer loop
      vertex 23.1187 -25.0762 3
      vertex 23.2144 -23.5342 3.6
      vertex 23.2144 -23.5342 3
    endloop
  endfacet
  facet normal -0.99808 0.0619431 0
    outer loop
      vertex 23.2144 -23.5342 3.6
      vertex 23.1187 -25.0762 3
      vertex 23.1187 -25.0762 3.6
    endloop
  endfacet
  facet normal 0 -1 0
    outer loop
      vertex 23.1187 -25.0762 3
      vertex 23.4768 -25.0762 3.6
      vertex 23.1187 -25.0762 3.6
    endloop
  endfacet
  facet normal 0 -1 -0
    outer loop
      vertex 23.4768 -25.0762 3.6
      vertex 23.1187 -25.0762 3
      vertex 23.4768 -25.0762 3
    endloop
  endfacet
  facet normal 0.597797 -0.801648 0
    outer loop
      vertex 23.4768 -25.0762 3
      vertex 23.605 -24.9806 3.6
      vertex 23.4768 -25.0762 3.6
    endloop
  endfacet
  facet normal 0.597797 -0.801648 0
    outer loop
      vertex 23.605 -24.9806 3.6
      vertex 23.4768 -25.0762 3
      vertex 23.605 -24.9806 3
    endloop
  endfacet
  facet normal 0.44132 -0.89735 0
    outer loop
      vertex 23.605 -24.9806 3
      vertex 23.7331 -24.9176 3.6
      vertex 23.605 -24.9806 3.6
    endloop
  endfacet
  facet normal 0.44132 -0.89735 0
    outer loop
      vertex 23.7331 -24.9176 3.6
      vertex 23.605 -24.9806 3
      vertex 23.7331 -24.9176 3
    endloop
  endfacet
  facet normal 0.254636 -0.967037 0
    outer loop
      vertex 23.7331 -24.9176 3
      vertex 23.8664 -24.8825 3.6
      vertex 23.7331 -24.9176 3.6
    endloop
  endfacet
  facet normal 0.254636 -0.967037 0
    outer loop
      vertex 23.8664 -24.8825 3.6
      vertex 23.7331 -24.9176 3
      vertex 23.8664 -24.8825 3
    endloop
  endfacet
  facet normal 0.0813197 -0.996688 0
    outer loop
      vertex 23.8664 -24.8825 3
      vertex 24.0098 -24.8708 3.6
      vertex 23.8664 -24.8825 3.6
    endloop
  endfacet
  facet normal 0.0813197 -0.996688 0
    outer loop
      vertex 24.0098 -24.8708 3.6
      vertex 23.8664 -24.8825 3
      vertex 24.0098 -24.8708 3
    endloop
  endfacet
  facet normal -0.161017 -0.986952 0
    outer loop
      vertex 24.0098 -24.8708 3
      vertex 24.2654 -24.9125 3.6
      vertex 24.0098 -24.8708 3.6
    endloop
  endfacet
  facet normal -0.161017 -0.986952 -0
    outer loop
      vertex 24.2654 -24.9125 3.6
      vertex 24.0098 -24.8708 3
      vertex 24.2654 -24.9125 3
    endloop
  endfacet
  facet normal -0.536071 -0.844173 0
    outer loop
      vertex 24.2654 -24.9125 3
      vertex 24.4624 -25.0376 3.6
      vertex 24.2654 -24.9125 3.6
    endloop
  endfacet
  facet normal -0.536071 -0.844173 -0
    outer loop
      vertex 24.4624 -25.0376 3.6
      vertex 24.2654 -24.9125 3
      vertex 24.4624 -25.0376 3
    endloop
  endfacet
  facet normal -0.837161 -0.546957 0
    outer loop
      vertex 24.5883 -25.2303 3
      vertex 24.4624 -25.0376 3.6
      vertex 24.4624 -25.0376 3
    endloop
  endfacet
  facet normal -0.837161 -0.546957 0
    outer loop
      vertex 24.4624 -25.0376 3.6
      vertex 24.5883 -25.2303 3
      vertex 24.5883 -25.2303 3.6
    endloop
  endfacet
  facet normal -0.985588 -0.169165 0
    outer loop
      vertex 24.6303 -25.475 3
      vertex 24.5883 -25.2303 3.6
      vertex 24.5883 -25.2303 3
    endloop
  endfacet
  facet normal -0.985588 -0.169165 0
    outer loop
      vertex 24.5883 -25.2303 3.6
      vertex 24.6303 -25.475 3
      vertex 24.6303 -25.475 3.6
    endloop
  endfacet
  facet normal -0.988929 0.148393 0
    outer loop
      vertex 24.5886 -25.7529 3
      vertex 24.6303 -25.475 3.6
      vertex 24.6303 -25.475 3
    endloop
  endfacet
  facet normal -0.988929 0.148393 0
    outer loop
      vertex 24.6303 -25.475 3.6
      vertex 24.5886 -25.7529 3
      vertex 24.5886 -25.7529 3.6
    endloop
  endfacet
  facet normal -0.860602 0.509278 0
    outer loop
      vertex 24.4635 -25.9643 3
      vertex 24.5886 -25.7529 3.6
      vertex 24.5886 -25.7529 3
    endloop
  endfacet
  facet normal -0.860602 0.509278 0
    outer loop
      vertex 24.5886 -25.7529 3.6
      vertex 24.4635 -25.9643 3
      vertex 24.4635 -25.9643 3.6
    endloop
  endfacet
  facet normal -0.557299 0.830312 0
    outer loop
      vertex 24.4635 -25.9643 3
      vertex 24.2646 -26.0978 3.6
      vertex 24.4635 -25.9643 3.6
    endloop
  endfacet
  facet normal -0.557299 0.830312 0
    outer loop
      vertex 24.2646 -26.0978 3.6
      vertex 24.4635 -25.9643 3
      vertex 24.2646 -26.0978 3
    endloop
  endfacet
  facet normal -0.166892 0.985975 0
    outer loop
      vertex 24.2646 -26.0978 3
      vertex 24.0017 -26.1423 3.6
      vertex 24.2646 -26.0978 3.6
    endloop
  endfacet
  facet normal -0.166892 0.985975 0
    outer loop
      vertex 24.0017 -26.1423 3.6
      vertex 24.2646 -26.0978 3
      vertex 24.0017 -26.1423 3
    endloop
  endfacet
  facet normal 0.263537 0.964649 -0
    outer loop
      vertex 24.0017 -26.1423 3
      vertex 23.6126 -26.036 3.6
      vertex 24.0017 -26.1423 3.6
    endloop
  endfacet
  facet normal 0.263537 0.964649 0
    outer loop
      vertex 23.6126 -26.036 3.6
      vertex 24.0017 -26.1423 3
      vertex 23.6126 -26.036 3
    endloop
  endfacet
  facet normal 0.838786 0.544461 0
    outer loop
      vertex 23.6126 -26.036 3.6
      vertex 23.4056 -25.7171 3
      vertex 23.4056 -25.7171 3.6
    endloop
  endfacet
  facet normal 0.838786 0.544461 0
    outer loop
      vertex 23.4056 -25.7171 3
      vertex 23.6126 -26.036 3.6
      vertex 23.6126 -26.036 3
    endloop
  endfacet
  facet normal -0.114583 0.993414 0
    outer loop
      vertex 23.4056 -25.7171 3
      vertex 23.0354 -25.7598 3.6
      vertex 23.4056 -25.7171 3.6
    endloop
  endfacet
  facet normal -0.114583 0.993414 0
    outer loop
      vertex 23.0354 -25.7598 3.6
      vertex 23.4056 -25.7171 3
      vertex 23.0354 -25.7598 3
    endloop
  endfacet
  facet normal -0.935644 -0.352946 0
    outer loop
      vertex 23.1457 -26.0522 3
      vertex 23.0354 -25.7598 3.6
      vertex 23.0354 -25.7598 3
    endloop
  endfacet
  facet normal -0.935644 -0.352946 0
    outer loop
      vertex 23.0354 -25.7598 3.6
      vertex 23.1457 -26.0522 3
      vertex 23.1457 -26.0522 3.6
    endloop
  endfacet
  facet normal -0.729229 -0.68427 0
    outer loop
      vertex 23.3466 -26.2663 3
      vertex 23.1457 -26.0522 3.6
      vertex 23.1457 -26.0522 3
    endloop
  endfacet
  facet normal -0.729229 -0.68427 0
    outer loop
      vertex 23.1457 -26.0522 3.6
      vertex 23.3466 -26.2663 3
      vertex 23.3466 -26.2663 3.6
    endloop
  endfacet
  facet normal -0.418674 -0.908137 0
    outer loop
      vertex 23.3466 -26.2663 3
      vertex 23.6314 -26.3976 3.6
      vertex 23.3466 -26.2663 3.6
    endloop
  endfacet
  facet normal -0.418674 -0.908137 -0
    outer loop
      vertex 23.6314 -26.3976 3.6
      vertex 23.3466 -26.2663 3
      vertex 23.6314 -26.3976 3
    endloop
  endfacet
  facet normal -0.119816 -0.992796 0
    outer loop
      vertex 23.6314 -26.3976 3
      vertex 23.9935 -26.4413 3.6
      vertex 23.6314 -26.3976 3.6
    endloop
  endfacet
  facet normal -0.119816 -0.992796 -0
    outer loop
      vertex 23.9935 -26.4413 3.6
      vertex 23.6314 -26.3976 3
      vertex 23.9935 -26.4413 3
    endloop
  endfacet
  facet normal 0.151098 -0.988519 0
    outer loop
      vertex 23.9935 -26.4413 3
      vertex 24.4194 -26.3762 3.6
      vertex 23.9935 -26.4413 3.6
    endloop
  endfacet
  facet normal 0.151098 -0.988519 0
    outer loop
      vertex 24.4194 -26.3762 3.6
      vertex 23.9935 -26.4413 3
      vertex 24.4194 -26.3762 3
    endloop
  endfacet
  facet normal -0.290451 0.95689 0
    outer loop
      vertex -30.5853 28.9424 0
      vertex -31.148 28.7716 3
      vertex -30.5853 28.9424 3
    endloop
  endfacet
  facet normal -0.290451 0.95689 0
    outer loop
      vertex -31.148 28.7716 3
      vertex -30.5853 28.9424 0
      vertex -31.148 28.7716 0
    endloop
  endfacet
  facet normal 0.634413 0.772994 -0
    outer loop
      vertex 32.1213 28.1213 0
      vertex 31.6667 28.4944 3
      vertex 32.1213 28.1213 3
    endloop
  endfacet
  facet normal 0.634413 0.772994 0
    outer loop
      vertex 31.6667 28.4944 3
      vertex 32.1213 28.1213 0
      vertex 31.6667 28.4944 0
    endloop
  endfacet
  facet normal 0 1 -0
    outer loop
      vertex 30 29 0
      vertex -30 29 3
      vertex 30 29 3
    endloop
  endfacet
  facet normal 0 1 0
    outer loop
      vertex -30 29 3
      vertex 30 29 0
      vertex -30 29 0
    endloop
  endfacet
  facet normal -1 0 0
    outer loop
      vertex -33 -26 0
      vertex -33 26 3
      vertex -33 26 0
    endloop
  endfacet
  facet normal -1 -0 0
    outer loop
      vertex -33 26 3
      vertex -33 -26 0
      vertex -33 -26 3
    endloop
  endfacet
  facet normal 0.772994 0.634413 0
    outer loop
      vertex 32.4944 27.6667 3
      vertex 32.1213 28.1213 0
      vertex 32.1213 28.1213 3
    endloop
  endfacet
  facet normal 0.772994 0.634413 0
    outer loop
      vertex 32.1213 28.1213 0
      vertex 32.4944 27.6667 3
      vertex 32.4944 27.6667 0
    endloop
  endfacet
  facet normal -0.471329 0.881957 0
    outer loop
      vertex -31.148 28.7716 0
      vertex -31.6667 28.4944 3
      vertex -31.148 28.7716 3
    endloop
  endfacet
  facet normal -0.471329 0.881957 0
    outer loop
      vertex -31.6667 28.4944 3
      vertex -31.148 28.7716 0
      vertex -31.6667 28.4944 0
    endloop
  endfacet
  facet normal 0.772994 -0.634413 0
    outer loop
      vertex 32.1213 -28.1213 3
      vertex 32.4944 -27.6667 0
      vertex 32.4944 -27.6667 3
    endloop
  endfacet
  facet normal 0.772994 -0.634413 0
    outer loop
      vertex 32.4944 -27.6667 0
      vertex 32.1213 -28.1213 3
      vertex 32.1213 -28.1213 0
    endloop
  endfacet
  facet normal 0 0 -1
    outer loop
      vertex 30 -29 0
      vertex 33 -26 0
      vertex 32.9424 -26.5853 0
    endloop
  endfacet
  facet normal 0 0 -1
    outer loop
      vertex 33 -26 0
      vertex 31.76 -11.625 0
      vertex 33 26 0
    endloop
  endfacet
  facet normal 0 0 -1
    outer loop
      vertex 30 -29 0
      vertex 32.9424 -26.5853 0
      vertex 32.7716 -27.148 0
    endloop
  endfacet
  facet normal 0 0 -1
    outer loop
      vertex 16.24 -11.625 0
      vertex 33 26 0
      vertex 31.76 -11.625 0
    endloop
  endfacet
  facet normal 0 0 -1
    outer loop
      vertex 30 -29 0
      vertex 32.7716 -27.148 0
      vertex 32.4944 -27.6667 0
    endloop
  endfacet
  facet normal 0 -0 -1
    outer loop
      vertex 30 29 0
      vertex 33 26 0
      vertex 16.24 -11.625 0
    endloop
  endfacet
  facet normal 0 0 -1
    outer loop
      vertex 30 -29 0
      vertex 32.4944 -27.6667 0
      vertex 32.1213 -28.1213 0
    endloop
  endfacet
  facet normal 0 0 -1
    outer loop
      vertex 33 26 0
      vertex 30 29 0
      vertex 32.9424 26.5853 0
    endloop
  endfacet
  facet normal 0 0 -1
    outer loop
      vertex 33 -26 0
      vertex 31.76 -20.375 0
      vertex 31.76 -11.625 0
    endloop
  endfacet
  facet normal 0 0 -1
    outer loop
      vertex 30 -29 0
      vertex 32.1213 -28.1213 0
      vertex 31.6667 -28.4944 0
    endloop
  endfacet
  facet normal 0 0 -1
    outer loop
      vertex 30 -29 0
      vertex 31.6667 -28.4944 0
      vertex 31.148 -28.7716 0
    endloop
  endfacet
  facet normal 0 0 -1
    outer loop
      vertex 30 -29 0
      vertex 31.148 -28.7716 0
      vertex 30.5853 -28.9424 0
    endloop
  endfacet
  facet normal -0 0 -1
    outer loop
      vertex 33 -26 0
      vertex 30 -29 0
      vertex 31.76 -20.375 0
    endloop
  endfacet
  facet normal 0 0 -1
    outer loop
      vertex 30 -29 0
      vertex 16.24 -20.375 0
      vertex 31.76 -20.375 0
    endloop
  endfacet
  facet normal 0 0 -1
    outer loop
      vertex 16.24 -20.375 0
      vertex 15.26 -19.875 0
      vertex 16.24 -11.625 0
    endloop
  endfacet
  facet normal 0 0 -1
    outer loop
      vertex 0.74 -19.875 0
      vertex 16.24 -20.375 0
      vertex 30 -29 0
    endloop
  endfacet
  facet normal 0 0 -1
    outer loop
      vertex 16.24 -20.375 0
      vertex 0.74 -19.875 0
      vertex 15.26 -19.875 0
    endloop
  endfacet
  facet normal 0 0 -1
    outer loop
      vertex 0.74 -19.875 0
      vertex -1.24 -19.375 0
      vertex 0.74 -12.125 0
    endloop
  endfacet
  facet normal 0 0 -1
    outer loop
      vertex -30 -29 0
      vertex 0.74 -19.875 0
      vertex 30 -29 0
    endloop
  endfacet
  facet normal -0 0 -1
    outer loop
      vertex 0.74 -19.875 0
      vertex -30 -29 0
      vertex -1.24 -19.375 0
    endloop
  endfacet
  facet normal 0 0 -1
    outer loop
      vertex -14.76 -19.375 0
      vertex -17.74 -18.875 0
      vertex -14.76 -12.625 0
    endloop
  endfacet
  facet normal -0 0 -1
    outer loop
      vertex -1.24 -19.375 0
      vertex -30 -29 0
      vertex -14.76 -19.375 0
    endloop
  endfacet
  facet normal -0 0 -1
    outer loop
      vertex -14.76 -19.375 0
      vertex -30 -29 0
      vertex -17.74 -18.875 0
    endloop
  endfacet
  facet normal 0 0 -1
    outer loop
      vertex -30 -29 0
      vertex -30.26 -18.875 0
      vertex -17.74 -18.875 0
    endloop
  endfacet
  facet normal 0 0 -1
    outer loop
      vertex -30 -29 0
      vertex -33 -26 0
      vertex -30.26 -18.875 0
    endloop
  endfacet
  facet normal 0 0 -1
    outer loop
      vertex -33 -26 0
      vertex -30 -29 0
      vertex -30.5853 -28.9424 0
    endloop
  endfacet
  facet normal 0 0 -1
    outer loop
      vertex 32.9424 26.5853 0
      vertex 30 29 0
      vertex 32.7716 27.148 0
    endloop
  endfacet
  facet normal 0 0 -1
    outer loop
      vertex 32.7716 27.148 0
      vertex 30 29 0
      vertex 32.4944 27.6667 0
    endloop
  endfacet
  facet normal 0 0 -1
    outer loop
      vertex 32.1213 28.1213 0
      vertex 30 29 0
      vertex 31.6667 28.4944 0
    endloop
  endfacet
  facet normal 0 0 -1
    outer loop
      vertex 31.6667 28.4944 0
      vertex 30 29 0
      vertex 31.148 28.7716 0
    endloop
  endfacet
  facet normal 0 0 -1
    outer loop
      vertex 31.148 28.7716 0
      vertex 30 29 0
      vertex 30.5853 28.9424 0
    endloop
  endfacet
  facet normal 0 0 -1
    outer loop
      vertex 32.4944 27.6667 0
      vertex 30 29 0
      vertex 32.1213 28.1213 0
    endloop
  endfacet
  facet normal 0 0 -1
    outer loop
      vertex 15.26 -12.125 0
      vertex 16.24 -11.625 0
      vertex 15.26 -19.875 0
    endloop
  endfacet
  facet normal 0 0 -1
    outer loop
      vertex 0.74 -12.125 0
      vertex 16.24 -11.625 0
      vertex 15.26 -12.125 0
    endloop
  endfacet
  facet normal -0 0 -1
    outer loop
      vertex 16.24 -11.625 0
      vertex 0.74 -12.125 0
      vertex 30 29 0
    endloop
  endfacet
  facet normal 0 0 -1
    outer loop
      vertex -1.24 -12.625 0
      vertex 0.74 -12.125 0
      vertex -1.24 -19.375 0
    endloop
  endfacet
  facet normal 0 0 -1
    outer loop
      vertex -30 29 0
      vertex 0.74 -12.125 0
      vertex -1.24 -12.625 0
    endloop
  endfacet
  facet normal 0 0 -1
    outer loop
      vertex -30 29 0
      vertex -1.24 -12.625 0
      vertex -14.76 -12.625 0
    endloop
  endfacet
  facet normal 0 0 -1
    outer loop
      vertex -17.74 -13.125 0
      vertex -14.76 -12.625 0
      vertex -17.74 -18.875 0
    endloop
  endfacet
  facet normal 0 0 -1
    outer loop
      vertex -33 26 0
      vertex -14.76 -12.625 0
      vertex -17.74 -13.125 0
    endloop
  endfacet
  facet normal 0 0 -1
    outer loop
      vertex 0.74 -12.125 0
      vertex -30 29 0
      vertex 30 29 0
    endloop
  endfacet
  facet normal 0 0 -1
    outer loop
      vertex -33 26 0
      vertex -17.74 -13.125 0
      vertex -30.26 -13.125 0
    endloop
  endfacet
  facet normal -0 0 -1
    outer loop
      vertex -30.26 -18.875 0
      vertex -33 -26 0
      vertex -30.26 -13.125 0
    endloop
  endfacet
  facet normal 0 0 -1
    outer loop
      vertex -33 26 0
      vertex -30.26 -13.125 0
      vertex -33 -26 0
    endloop
  endfacet
  facet normal 0 0 -1
    outer loop
      vertex -33 -26 0
      vertex -30.5853 -28.9424 0
      vertex -31.148 -28.7716 0
    endloop
  endfacet
  facet normal 0 0 -1
    outer loop
      vertex -14.76 -12.625 0
      vertex -33 26 0
      vertex -30 29 0
    endloop
  endfacet
  facet normal 0 0 -1
    outer loop
      vertex -33 -26 0
      vertex -31.148 -28.7716 0
      vertex -31.6667 -28.4944 0
    endloop
  endfacet
  facet normal 0 0 -1
    outer loop
      vertex -30 29 0
      vertex -33 26 0
      vertex -30.5853 28.9424 0
    endloop
  endfacet
  facet normal 0 0 -1
    outer loop
      vertex -33 -26 0
      vertex -31.6667 -28.4944 0
      vertex -32.1213 -28.1213 0
    endloop
  endfacet
  facet normal 0 0 -1
    outer loop
      vertex -30.5853 28.9424 0
      vertex -33 26 0
      vertex -31.148 28.7716 0
    endloop
  endfacet
  facet normal 0 0 -1
    outer loop
      vertex -33 -26 0
      vertex -32.1213 -28.1213 0
      vertex -32.4944 -27.6667 0
    endloop
  endfacet
  facet normal 0 0 -1
    outer loop
      vertex -31.148 28.7716 0
      vertex -33 26 0
      vertex -31.6667 28.4944 0
    endloop
  endfacet
  facet normal 0 0 -1
    outer loop
      vertex -33 -26 0
      vertex -32.4944 -27.6667 0
      vertex -32.7716 -27.148 0
    endloop
  endfacet
  facet normal 0 0 -1
    outer loop
      vertex -31.6667 28.4944 0
      vertex -33 26 0
      vertex -32.1213 28.1213 0
    endloop
  endfacet
  facet normal 0 0 -1
    outer loop
      vertex -33 -26 0
      vertex -32.7716 -27.148 0
      vertex -32.9424 -26.5853 0
    endloop
  endfacet
  facet normal 0 0 -1
    outer loop
      vertex -32.1213 28.1213 0
      vertex -33 26 0
      vertex -32.4944 27.6667 0
    endloop
  endfacet
  facet normal 0 0 -1
    outer loop
      vertex -32.4944 27.6667 0
      vertex -33 26 0
      vertex -32.7716 27.148 0
    endloop
  endfacet
  facet normal 0 0 -1
    outer loop
      vertex -32.7716 27.148 0
      vertex -33 26 0
      vertex -32.9424 26.5853 0
    endloop
  endfacet
  facet normal 0.290451 0.95689 -0
    outer loop
      vertex 31.148 28.7716 0
      vertex 30.5853 28.9424 3
      vertex 31.148 28.7716 3
    endloop
  endfacet
  facet normal 0.290451 0.95689 0
    outer loop
      vertex 30.5853 28.9424 3
      vertex 31.148 28.7716 0
      vertex 30.5853 28.9424 0
    endloop
  endfacet
  facet normal 0.995193 0.097938 0
    outer loop
      vertex 33 26 3
      vertex 32.9424 26.5853 0
      vertex 32.9424 26.5853 3
    endloop
  endfacet
  facet normal 0.995193 0.097938 0
    outer loop
      vertex 32.9424 26.5853 0
      vertex 33 26 3
      vertex 33 26 0
    endloop
  endfacet
  facet normal 0.634413 -0.772994 0
    outer loop
      vertex 31.6667 -28.4944 0
      vertex 32.1213 -28.1213 3
      vertex 31.6667 -28.4944 3
    endloop
  endfacet
  facet normal 0.634413 -0.772994 0
    outer loop
      vertex 32.1213 -28.1213 3
      vertex 31.6667 -28.4944 0
      vertex 32.1213 -28.1213 0
    endloop
  endfacet
  facet normal -0.471329 -0.881957 0
    outer loop
      vertex -31.6667 -28.4944 0
      vertex -31.148 -28.7716 3
      vertex -31.6667 -28.4944 3
    endloop
  endfacet
  facet normal -0.471329 -0.881957 -0
    outer loop
      vertex -31.148 -28.7716 3
      vertex -31.6667 -28.4944 0
      vertex -31.148 -28.7716 0
    endloop
  endfacet
  facet normal 0.471329 -0.881957 0
    outer loop
      vertex 31.148 -28.7716 0
      vertex 31.6667 -28.4944 3
      vertex 31.148 -28.7716 3
    endloop
  endfacet
  facet normal 0.471329 -0.881957 0
    outer loop
      vertex 31.6667 -28.4944 3
      vertex 31.148 -28.7716 0
      vertex 31.6667 -28.4944 0
    endloop
  endfacet
  facet normal -0.634413 0.772994 0
    outer loop
      vertex -31.6667 28.4944 0
      vertex -32.1213 28.1213 3
      vertex -31.6667 28.4944 3
    endloop
  endfacet
  facet normal -0.634413 0.772994 0
    outer loop
      vertex -32.1213 28.1213 3
      vertex -31.6667 28.4944 0
      vertex -32.1213 28.1213 0
    endloop
  endfacet
  facet normal 0.471329 0.881957 -0
    outer loop
      vertex 31.6667 28.4944 0
      vertex 31.148 28.7716 3
      vertex 31.6667 28.4944 3
    endloop
  endfacet
  facet normal 0.471329 0.881957 0
    outer loop
      vertex 31.148 28.7716 3
      vertex 31.6667 28.4944 0
      vertex 31.148 28.7716 0
    endloop
  endfacet
  facet normal -0.097938 0.995193 0
    outer loop
      vertex -30 29 0
      vertex -30.5853 28.9424 3
      vertex -30 29 3
    endloop
  endfacet
  facet normal -0.097938 0.995193 0
    outer loop
      vertex -30.5853 28.9424 3
      vertex -30 29 0
      vertex -30.5853 28.9424 0
    endloop
  endfacet
  facet normal 1 -0 0
    outer loop
      vertex 33 -26 3
      vertex 33 26 0
      vertex 33 26 3
    endloop
  endfacet
  facet normal 1 0 0
    outer loop
      vertex 33 26 0
      vertex 33 -26 3
      vertex 33 -26 0
    endloop
  endfacet
  facet normal -0.772994 0.634413 0
    outer loop
      vertex -32.4944 27.6667 0
      vertex -32.1213 28.1213 3
      vertex -32.1213 28.1213 0
    endloop
  endfacet
  facet normal -0.772994 0.634413 0
    outer loop
      vertex -32.1213 28.1213 3
      vertex -32.4944 27.6667 0
      vertex -32.4944 27.6667 3
    endloop
  endfacet
  facet normal 0.995193 -0.097938 0
    outer loop
      vertex 32.9424 -26.5853 3
      vertex 33 -26 0
      vertex 33 -26 3
    endloop
  endfacet
  facet normal 0.995193 -0.097938 0
    outer loop
      vertex 33 -26 0
      vertex 32.9424 -26.5853 3
      vertex 32.9424 -26.5853 0
    endloop
  endfacet
  facet normal -0.95689 0.290451 0
    outer loop
      vertex -32.9424 26.5853 0
      vertex -32.7716 27.148 3
      vertex -32.7716 27.148 0
    endloop
  endfacet
  facet normal -0.95689 0.290451 0
    outer loop
      vertex -32.7716 27.148 3
      vertex -32.9424 26.5853 0
      vertex -32.9424 26.5853 3
    endloop
  endfacet
  facet normal 0.097938 -0.995193 0
    outer loop
      vertex 30 -29 0
      vertex 30.5853 -28.9424 3
      vertex 30 -29 3
    endloop
  endfacet
  facet normal 0.097938 -0.995193 0
    outer loop
      vertex 30.5853 -28.9424 3
      vertex 30 -29 0
      vertex 30.5853 -28.9424 0
    endloop
  endfacet
  facet normal -0.772994 -0.634413 0
    outer loop
      vertex -32.1213 -28.1213 0
      vertex -32.4944 -27.6667 3
      vertex -32.4944 -27.6667 0
    endloop
  endfacet
  facet normal -0.772994 -0.634413 0
    outer loop
      vertex -32.4944 -27.6667 3
      vertex -32.1213 -28.1213 0
      vertex -32.1213 -28.1213 3
    endloop
  endfacet
  facet normal 0 -1 0
    outer loop
      vertex -30 -29 0
      vertex 30 -29 3
      vertex -30 -29 3
    endloop
  endfacet
  facet normal 0 -1 -0
    outer loop
      vertex 30 -29 3
      vertex -30 -29 0
      vertex 30 -29 0
    endloop
  endfacet
  facet normal -0.95689 -0.290451 0
    outer loop
      vertex -32.7716 -27.148 0
      vertex -32.9424 -26.5853 3
      vertex -32.9424 -26.5853 0
    endloop
  endfacet
  facet normal -0.95689 -0.290451 0
    outer loop
      vertex -32.9424 -26.5853 3
      vertex -32.7716 -27.148 0
      vertex -32.7716 -27.148 3
    endloop
  endfacet
  facet normal -0.995193 -0.097938 0
    outer loop
      vertex -32.9424 -26.5853 0
      vertex -33 -26 3
      vertex -33 -26 0
    endloop
  endfacet
  facet normal -0.995193 -0.097938 0
    outer loop
      vertex -33 -26 3
      vertex -32.9424 -26.5853 0
      vertex -32.9424 -26.5853 3
    endloop
  endfacet
  facet normal 0.097938 0.995193 -0
    outer loop
      vertex 30.5853 28.9424 0
      vertex 30 29 3
      vertex 30.5853 28.9424 3
    endloop
  endfacet
  facet normal 0.097938 0.995193 0
    outer loop
      vertex 30 29 3
      vertex 30.5853 28.9424 0
      vertex 30 29 0
    endloop
  endfacet
  facet normal 0.95689 0.290451 0
    outer loop
      vertex 32.9424 26.5853 3
      vertex 32.7716 27.148 0
      vertex 32.7716 27.148 3
    endloop
  endfacet
  facet normal 0.95689 0.290451 0
    outer loop
      vertex 32.7716 27.148 0
      vertex 32.9424 26.5853 3
      vertex 32.9424 26.5853 0
    endloop
  endfacet
  facet normal -0.995193 0.097938 0
    outer loop
      vertex -33 26 0
      vertex -32.9424 26.5853 3
      vertex -32.9424 26.5853 0
    endloop
  endfacet
  facet normal -0.995193 0.097938 0
    outer loop
      vertex -32.9424 26.5853 3
      vertex -33 26 0
      vertex -33 26 3
    endloop
  endfacet
  facet normal -0.881957 0.471329 0
    outer loop
      vertex -32.7716 27.148 0
      vertex -32.4944 27.6667 3
      vertex -32.4944 27.6667 0
    endloop
  endfacet
  facet normal -0.881957 0.471329 0
    outer loop
      vertex -32.4944 27.6667 3
      vertex -32.7716 27.148 0
      vertex -32.7716 27.148 3
    endloop
  endfacet
  facet normal 0.881957 0.471329 0
    outer loop
      vertex 32.7716 27.148 3
      vertex 32.4944 27.6667 0
      vertex 32.4944 27.6667 3
    endloop
  endfacet
  facet normal 0.881957 0.471329 0
    outer loop
      vertex 32.4944 27.6667 0
      vertex 32.7716 27.148 3
      vertex 32.7716 27.148 0
    endloop
  endfacet
  facet normal -0.881957 -0.471329 0
    outer loop
      vertex -32.4944 -27.6667 0
      vertex -32.7716 -27.148 3
      vertex -32.7716 -27.148 0
    endloop
  endfacet
  facet normal -0.881957 -0.471329 0
    outer loop
      vertex -32.7716 -27.148 3
      vertex -32.4944 -27.6667 0
      vertex -32.4944 -27.6667 3
    endloop
  endfacet
  facet normal 0.290451 -0.95689 0
    outer loop
      vertex 30.5853 -28.9424 0
      vertex 31.148 -28.7716 3
      vertex 30.5853 -28.9424 3
    endloop
  endfacet
  facet normal 0.290451 -0.95689 0
    outer loop
      vertex 31.148 -28.7716 3
      vertex 30.5853 -28.9424 0
      vertex 31.148 -28.7716 0
    endloop
  endfacet
  facet normal -0.097938 -0.995193 0
    outer loop
      vertex -30.5853 -28.9424 0
      vertex -30 -29 3
      vertex -30.5853 -28.9424 3
    endloop
  endfacet
  facet normal -0.097938 -0.995193 -0
    outer loop
      vertex -30 -29 3
      vertex -30.5853 -28.9424 0
      vertex -30 -29 0
    endloop
  endfacet
  facet normal -0.634413 -0.772994 0
    outer loop
      vertex -32.1213 -28.1213 0
      vertex -31.6667 -28.4944 3
      vertex -32.1213 -28.1213 3
    endloop
  endfacet
  facet normal -0.634413 -0.772994 -0
    outer loop
      vertex -31.6667 -28.4944 3
      vertex -32.1213 -28.1213 0
      vertex -31.6667 -28.4944 0
    endloop
  endfacet
  facet normal 0.95689 -0.290451 0
    outer loop
      vertex 32.7716 -27.148 3
      vertex 32.9424 -26.5853 0
      vertex 32.9424 -26.5853 3
    endloop
  endfacet
  facet normal 0.95689 -0.290451 0
    outer loop
      vertex 32.9424 -26.5853 0
      vertex 32.7716 -27.148 3
      vertex 32.7716 -27.148 0
    endloop
  endfacet
  facet normal -0.290451 -0.95689 0
    outer loop
      vertex -31.148 -28.7716 0
      vertex -30.5853 -28.9424 3
      vertex -31.148 -28.7716 3
    endloop
  endfacet
  facet normal -0.290451 -0.95689 -0
    outer loop
      vertex -30.5853 -28.9424 3
      vertex -31.148 -28.7716 0
      vertex -30.5853 -28.9424 0
    endloop
  endfacet
  facet normal 0.881957 -0.471329 0
    outer loop
      vertex 32.4944 -27.6667 3
      vertex 32.7716 -27.148 0
      vertex 32.7716 -27.148 3
    endloop
  endfacet
  facet normal 0.881957 -0.471329 0
    outer loop
      vertex 32.7716 -27.148 0
      vertex 32.4944 -27.6667 3
      vertex 32.4944 -27.6667 0
    endloop
  endfacet
  facet normal 1 -0 0
    outer loop
      vertex 25 -4 11
      vertex 25 8 3
      vertex 25 8 11
    endloop
  endfacet
  facet normal 1 0 0
    outer loop
      vertex 25 8 3
      vertex 25 -4 11
      vertex 25 -4 3
    endloop
  endfacet
  facet normal 0 0 1
    outer loop
      vertex 25 8 11
      vertex 20.95 2 11
      vertex 25 -4 11
    endloop
  endfacet
  facet normal 0 0 1
    outer loop
      vertex 25 8 11
      vertex 20.9317 2.18534 11
      vertex 20.95 2 11
    endloop
  endfacet
  facet normal 0 0 1
    outer loop
      vertex 25 8 11
      vertex 20.8777 2.36355 11
      vertex 20.9317 2.18534 11
    endloop
  endfacet
  facet normal 0 0 1
    outer loop
      vertex 25 8 11
      vertex 20.7899 2.52779 11
      vertex 20.8777 2.36355 11
    endloop
  endfacet
  facet normal 0 0 1
    outer loop
      vertex 25 8 11
      vertex 20.6718 2.67175 11
      vertex 20.7899 2.52779 11
    endloop
  endfacet
  facet normal 0 0 1
    outer loop
      vertex 25 8 11
      vertex 20.5278 2.7899 11
      vertex 20.6718 2.67175 11
    endloop
  endfacet
  facet normal 0 0 1
    outer loop
      vertex 25 8 11
      vertex 20.3635 2.87769 11
      vertex 20.5278 2.7899 11
    endloop
  endfacet
  facet normal 0 0 1
    outer loop
      vertex 25 8 11
      vertex 20.1853 2.93175 11
      vertex 20.3635 2.87769 11
    endloop
  endfacet
  facet normal 0 0 1
    outer loop
      vertex 25 8 11
      vertex 20 2.95 11
      vertex 20.1853 2.93175 11
    endloop
  endfacet
  facet normal 0 0 1
    outer loop
      vertex 25 8 11
      vertex 19.8147 2.93175 11
      vertex 20 2.95 11
    endloop
  endfacet
  facet normal 0 0 1
    outer loop
      vertex 25 8 11
      vertex 19.6364 2.87769 11
      vertex 19.8147 2.93175 11
    endloop
  endfacet
  facet normal 0 0 1
    outer loop
      vertex 10.3444 2.83149 11
      vertex 19.6364 2.87769 11
      vertex 25 8 11
    endloop
  endfacet
  facet normal 0 0 1
    outer loop
      vertex 19.6364 2.87769 11
      vertex 10.3444 2.83149 11
      vertex 19.4722 2.7899 11
    endloop
  endfacet
  facet normal 0 0 1
    outer loop
      vertex 19.0683 2.18534 11
      vertex 10.9 2 11
      vertex 19.05 2 11
    endloop
  endfacet
  facet normal 0 0 1
    outer loop
      vertex 10.8827 2.17558 11
      vertex 19.0683 2.18534 11
      vertex 19.1223 2.36355 11
    endloop
  endfacet
  facet normal 0 0 1
    outer loop
      vertex 10.8315 2.34441 11
      vertex 19.1223 2.36355 11
      vertex 19.2101 2.52779 11
    endloop
  endfacet
  facet normal 0 0 1
    outer loop
      vertex 10.7483 2.50001 11
      vertex 19.2101 2.52779 11
      vertex 19.3282 2.67175 11
    endloop
  endfacet
  facet normal 0 -0 1
    outer loop
      vertex 10.5 2.74832 11
      vertex 19.4722 2.7899 11
      vertex 10.3444 2.83149 11
    endloop
  endfacet
  facet normal 0 0 1
    outer loop
      vertex 19.0683 2.18534 11
      vertex 10.8827 2.17558 11
      vertex 10.9 2 11
    endloop
  endfacet
  facet normal 0 0 1
    outer loop
      vertex 19.1223 2.36355 11
      vertex 10.8315 2.34441 11
      vertex 10.8827 2.17558 11
    endloop
  endfacet
  facet normal 0 0 1
    outer loop
      vertex 19.2101 2.52779 11
      vertex 10.7483 2.50001 11
      vertex 10.8315 2.34441 11
    endloop
  endfacet
  facet normal 0 0 1
    outer loop
      vertex 19.3282 2.67175 11
      vertex 10.6364 2.6364 11
      vertex 10.7483 2.50001 11
    endloop
  endfacet
  facet normal 0 0 1
    outer loop
      vertex 19.3282 2.67175 11
      vertex 10.5 2.74832 11
      vertex 10.6364 2.6364 11
    endloop
  endfacet
  facet normal 0 0 1
    outer loop
      vertex 19.4722 2.7899 11
      vertex 10.5 2.74832 11
      vertex 19.3282 2.67175 11
    endloop
  endfacet
  facet normal 0 0 1
    outer loop
      vertex 25 8 11
      vertex 10.1756 2.88271 11
      vertex 10.3444 2.83149 11
    endloop
  endfacet
  facet normal 0 0 1
    outer loop
      vertex 25 8 11
      vertex 10 2.9 11
      vertex 10.1756 2.88271 11
    endloop
  endfacet
  facet normal 0 0 1
    outer loop
      vertex 25 8 11
      vertex 9.82442 2.88271 11
      vertex 10 2.9 11
    endloop
  endfacet
  facet normal 0 0 1
    outer loop
      vertex 0.165826 2.83367 11
      vertex 9.82442 2.88271 11
      vertex 25 8 11
    endloop
  endfacet
  facet normal 0 0 1
    outer loop
      vertex 9.11729 2.17558 11
      vertex 0.849999 2 11
      vertex 9.1 2 11
    endloop
  endfacet
  facet normal 0 0 1
    outer loop
      vertex 0.833667 2.16583 11
      vertex 9.11729 2.17558 11
      vertex 9.16851 2.34441 11
    endloop
  endfacet
  facet normal 0 0 1
    outer loop
      vertex 0.785297 2.32528 11
      vertex 9.16851 2.34441 11
      vertex 9.25168 2.50001 11
    endloop
  endfacet
  facet normal 0 0 1
    outer loop
      vertex 0.706749 2.47223 11
      vertex 9.25168 2.50001 11
      vertex 9.3636 2.6364 11
    endloop
  endfacet
  facet normal 0 0 1
    outer loop
      vertex 0.60104 2.60104 11
      vertex 9.3636 2.6364 11
      vertex 9.49999 2.74832 11
    endloop
  endfacet
  facet normal 0 0 1
    outer loop
      vertex 0.472234 2.70675 11
      vertex 9.49999 2.74832 11
      vertex 9.65558 2.83149 11
    endloop
  endfacet
  facet normal 0 0 1
    outer loop
      vertex 9.82442 2.88271 11
      vertex 0.165826 2.83367 11
      vertex 9.65558 2.83149 11
    endloop
  endfacet
  facet normal 0 0 1
    outer loop
      vertex 9.11729 2.17558 11
      vertex 0.833667 2.16583 11
      vertex 0.849999 2 11
    endloop
  endfacet
  facet normal 0 0 1
    outer loop
      vertex 9.16851 2.34441 11
      vertex 0.785297 2.32528 11
      vertex 0.833667 2.16583 11
    endloop
  endfacet
  facet normal 0 0 1
    outer loop
      vertex 9.25168 2.50001 11
      vertex 0.706749 2.47223 11
      vertex 0.785297 2.32528 11
    endloop
  endfacet
  facet normal 0 0 1
    outer loop
      vertex 9.3636 2.6364 11
      vertex 0.60104 2.60104 11
      vertex 0.706749 2.47223 11
    endloop
  endfacet
  facet normal 0 0 1
    outer loop
      vertex 9.49999 2.74832 11
      vertex 0.472234 2.70675 11
      vertex 0.60104 2.60104 11
    endloop
  endfacet
  facet normal 0 0 1
    outer loop
      vertex 9.65558 2.83149 11
      vertex 0.32528 2.7853 11
      vertex 0.472234 2.70675 11
    endloop
  endfacet
  facet normal 0 0 1
    outer loop
      vertex 9.65558 2.83149 11
      vertex 0.165826 2.83367 11
      vertex 0.32528 2.7853 11
    endloop
  endfacet
  facet normal 0 0 1
    outer loop
      vertex 25 8 11
      vertex 0 2.85 11
      vertex 0.165826 2.83367 11
    endloop
  endfacet
  facet normal -0 0 1
    outer loop
      vertex -25 8 11
      vertex 0 2.85 11
      vertex 25 8 11
    endloop
  endfacet
  facet normal 0 0 1
    outer loop
      vertex -0.833667 2.16583 11
      vertex -9.2 2 11
      vertex -0.849999 2 11
    endloop
  endfacet
  facet normal 0 0 1
    outer loop
      vertex -9.21537 2.15607 11
      vertex -0.833667 2.16583 11
      vertex -0.785297 2.32528 11
    endloop
  endfacet
  facet normal 0 0 1
    outer loop
      vertex -9.2609 2.30615 11
      vertex -0.785297 2.32528 11
      vertex -0.706749 2.47223 11
    endloop
  endfacet
  facet normal 0 0 1
    outer loop
      vertex -9.33482 2.44446 11
      vertex -0.706749 2.47223 11
      vertex -0.60104 2.60104 11
    endloop
  endfacet
  facet normal 0 0 1
    outer loop
      vertex -9.43431 2.56569 11
      vertex -0.60104 2.60104 11
      vertex -0.472234 2.70675 11
    endloop
  endfacet
  facet normal 0 0 1
    outer loop
      vertex -9.55554 2.66518 11
      vertex -0.472234 2.70675 11
      vertex -0.32528 2.7853 11
    endloop
  endfacet
  facet normal 0 0 1
    outer loop
      vertex -9.69385 2.7391 11
      vertex -0.32528 2.7853 11
      vertex -0.165826 2.83367 11
    endloop
  endfacet
  facet normal 0 0 1
    outer loop
      vertex 0 2.85 11
      vertex -25 8 11
      vertex -0.165826 2.83367 11
    endloop
  endfacet
  facet normal 0 0 1
    outer loop
      vertex -0.833667 2.16583 11
      vertex -9.21537 2.15607 11
      vertex -9.2 2 11
    endloop
  endfacet
  facet normal 0 0 1
    outer loop
      vertex -0.785297 2.32528 11
      vertex -9.2609 2.30615 11
      vertex -9.21537 2.15607 11
    endloop
  endfacet
  facet normal 0 0 1
    outer loop
      vertex -0.706749 2.47223 11
      vertex -9.33482 2.44446 11
      vertex -9.2609 2.30615 11
    endloop
  endfacet
  facet normal 0 0 1
    outer loop
      vertex -0.60104 2.60104 11
      vertex -9.43431 2.56569 11
      vertex -9.33482 2.44446 11
    endloop
  endfacet
  facet normal 0 0 1
    outer loop
      vertex -0.472234 2.70675 11
      vertex -9.55554 2.66518 11
      vertex -9.43431 2.56569 11
    endloop
  endfacet
  facet normal 0 0 1
    outer loop
      vertex -0.32528 2.7853 11
      vertex -9.69385 2.7391 11
      vertex -9.55554 2.66518 11
    endloop
  endfacet
  facet normal 0 0 1
    outer loop
      vertex -0.165826 2.83367 11
      vertex -9.84393 2.78463 11
      vertex -9.69385 2.7391 11
    endloop
  endfacet
  facet normal 0 0 1
    outer loop
      vertex -0.165826 2.83367 11
      vertex -25 8 11
      vertex -9.84393 2.78463 11
    endloop
  endfacet
  facet normal 0 0 1
    outer loop
      vertex -9.84393 2.78463 11
      vertex -25 8 11
      vertex -10 2.8 11
    endloop
  endfacet
  facet normal 0 0 1
    outer loop
      vertex -10.7846 2.15607 11
      vertex -19.25 2 11
      vertex -10.8 2 11
    endloop
  endfacet
  facet normal 0 0 1
    outer loop
      vertex -19.2644 2.14632 11
      vertex -10.7846 2.15607 11
      vertex -10.7391 2.30615 11
    endloop
  endfacet
  facet normal 0 0 1
    outer loop
      vertex -19.3071 2.28701 11
      vertex -10.7391 2.30615 11
      vertex -10.6652 2.44446 11
    endloop
  endfacet
  facet normal 0 0 1
    outer loop
      vertex -19.3764 2.41668 11
      vertex -10.6652 2.44446 11
      vertex -10.5657 2.56569 11
    endloop
  endfacet
  facet normal 0 0 1
    outer loop
      vertex -19.4697 2.53033 11
      vertex -10.5657 2.56569 11
      vertex -10.4445 2.66518 11
    endloop
  endfacet
  facet normal 0 0 1
    outer loop
      vertex -19.5833 2.6236 11
      vertex -10.4445 2.66518 11
      vertex -10.3061 2.7391 11
    endloop
  endfacet
  facet normal 0 0 1
    outer loop
      vertex -25 8 11
      vertex -10.3061 2.7391 11
      vertex -10.1561 2.78463 11
    endloop
  endfacet
  facet normal 0 0 1
    outer loop
      vertex -10 2.8 11
      vertex -25 8 11
      vertex -10.1561 2.78463 11
    endloop
  endfacet
  facet normal 0 0 1
    outer loop
      vertex -10.7846 2.15607 11
      vertex -19.2644 2.14632 11
      vertex -19.25 2 11
    endloop
  endfacet
  facet normal 0 0 1
    outer loop
      vertex -10.7391 2.30615 11
      vertex -19.3071 2.28701 11
      vertex -19.2644 2.14632 11
    endloop
  endfacet
  facet normal 0 0 1
    outer loop
      vertex -10.6652 2.44446 11
      vertex -19.3764 2.41668 11
      vertex -19.3071 2.28701 11
    endloop
  endfacet
  facet normal 0 0 1
    outer loop
      vertex -10.5657 2.56569 11
      vertex -19.4697 2.53033 11
      vertex -19.3764 2.41668 11
    endloop
  endfacet
  facet normal 0 0 1
    outer loop
      vertex -10.4445 2.66518 11
      vertex -19.5833 2.6236 11
      vertex -19.4697 2.53033 11
    endloop
  endfacet
  facet normal 0 0 1
    outer loop
      vertex -10.3061 2.7391 11
      vertex -25 8 11
      vertex -19.713 2.69291 11
    endloop
  endfacet
  facet normal 0 0 1
    outer loop
      vertex -10.3061 2.7391 11
      vertex -19.713 2.69291 11
      vertex -19.5833 2.6236 11
    endloop
  endfacet
  facet normal 0 0 1
    outer loop
      vertex -19.713 2.69291 11
      vertex -25 8 11
      vertex -19.8537 2.73559 11
    endloop
  endfacet
  facet normal 0 0 1
    outer loop
      vertex -19.8537 2.73559 11
      vertex -25 8 11
      vertex -20 2.75 11
    endloop
  endfacet
  facet normal 0 0 1
    outer loop
      vertex -20.7356 2.14632 11
      vertex -25 8 11
      vertex -20.75 2 11
    endloop
  endfacet
  facet normal 0 0 1
    outer loop
      vertex -20.6929 2.28701 11
      vertex -25 8 11
      vertex -20.7356 2.14632 11
    endloop
  endfacet
  facet normal 0 0 1
    outer loop
      vertex -20.6236 2.41668 11
      vertex -25 8 11
      vertex -20.6929 2.28701 11
    endloop
  endfacet
  facet normal 0 0 1
    outer loop
      vertex -20.5303 2.53033 11
      vertex -25 8 11
      vertex -20.6236 2.41668 11
    endloop
  endfacet
  facet normal 0 0 1
    outer loop
      vertex -20.4167 2.6236 11
      vertex -25 8 11
      vertex -20.5303 2.53033 11
    endloop
  endfacet
  facet normal 0 0 1
    outer loop
      vertex -20.287 2.69291 11
      vertex -25 8 11
      vertex -20.4167 2.6236 11
    endloop
  endfacet
  facet normal 0 0 1
    outer loop
      vertex -20.1463 2.73559 11
      vertex -25 8 11
      vertex -20.287 2.69291 11
    endloop
  endfacet
  facet normal 0 0 1
    outer loop
      vertex -20 2.75 11
      vertex -25 8 11
      vertex -20.1463 2.73559 11
    endloop
  endfacet
  facet normal -0 0 1
    outer loop
      vertex 20.9317 1.81466 11
      vertex 25 -4 11
      vertex 20.95 2 11
    endloop
  endfacet
  facet normal -0 0 1
    outer loop
      vertex 20.8777 1.63645 11
      vertex 25 -4 11
      vertex 20.9317 1.81466 11
    endloop
  endfacet
  facet normal -0 0 1
    outer loop
      vertex 20.7899 1.47221 11
      vertex 25 -4 11
      vertex 20.8777 1.63645 11
    endloop
  endfacet
  facet normal -0 0 1
    outer loop
      vertex 20.6718 1.32825 11
      vertex 25 -4 11
      vertex 20.7899 1.47221 11
    endloop
  endfacet
  facet normal -0 0 1
    outer loop
      vertex 20.5278 1.2101 11
      vertex 25 -4 11
      vertex 20.6718 1.32825 11
    endloop
  endfacet
  facet normal -0 0 1
    outer loop
      vertex 20.3635 1.12231 11
      vertex 25 -4 11
      vertex 20.5278 1.2101 11
    endloop
  endfacet
  facet normal -0 0 1
    outer loop
      vertex 20.1853 1.06825 11
      vertex 25 -4 11
      vertex 20.3635 1.12231 11
    endloop
  endfacet
  facet normal -0 0 1
    outer loop
      vertex 20 1.05 11
      vertex 25 -4 11
      vertex 20.1853 1.06825 11
    endloop
  endfacet
  facet normal 0 0 1
    outer loop
      vertex 19.8147 1.06825 11
      vertex 25 -4 11
      vertex 20 1.05 11
    endloop
  endfacet
  facet normal 0 0 1
    outer loop
      vertex 19.6364 1.12231 11
      vertex 25 -4 11
      vertex 19.8147 1.06825 11
    endloop
  endfacet
  facet normal -0 0 1
    outer loop
      vertex 10.3444 1.16851 11
      vertex 19.6364 1.12231 11
      vertex 19.4722 1.2101 11
    endloop
  endfacet
  facet normal -0 0 1
    outer loop
      vertex 10.5 1.25168 11
      vertex 19.4722 1.2101 11
      vertex 19.3282 1.32825 11
    endloop
  endfacet
  facet normal -0 0 1
    outer loop
      vertex 10.9 2 11
      vertex 19.0683 1.81466 11
      vertex 19.05 2 11
    endloop
  endfacet
  facet normal -0 0 1
    outer loop
      vertex 10.8827 1.82442 11
      vertex 19.0683 1.81466 11
      vertex 10.9 2 11
    endloop
  endfacet
  facet normal 0 0 1
    outer loop
      vertex 19.0683 1.81466 11
      vertex 10.8827 1.82442 11
      vertex 19.1223 1.63645 11
    endloop
  endfacet
  facet normal -0 0 1
    outer loop
      vertex 10.8315 1.65558 11
      vertex 19.1223 1.63645 11
      vertex 10.8827 1.82442 11
    endloop
  endfacet
  facet normal 0 0 1
    outer loop
      vertex 19.1223 1.63645 11
      vertex 10.8315 1.65558 11
      vertex 19.2101 1.47221 11
    endloop
  endfacet
  facet normal -0 0 1
    outer loop
      vertex 10.7483 1.49999 11
      vertex 19.2101 1.47221 11
      vertex 10.8315 1.65558 11
    endloop
  endfacet
  facet normal 0 0 1
    outer loop
      vertex 19.2101 1.47221 11
      vertex 10.7483 1.49999 11
      vertex 19.3282 1.32825 11
    endloop
  endfacet
  facet normal -0 0 1
    outer loop
      vertex 10.6364 1.3636 11
      vertex 19.3282 1.32825 11
      vertex 10.7483 1.49999 11
    endloop
  endfacet
  facet normal 0 0 1
    outer loop
      vertex 10.5 1.25168 11
      vertex 19.3282 1.32825 11
      vertex 10.6364 1.3636 11
    endloop
  endfacet
  facet normal 0 0 1
    outer loop
      vertex 19.4722 1.2101 11
      vertex 10.5 1.25168 11
      vertex 10.3444 1.16851 11
    endloop
  endfacet
  facet normal 0 0 1
    outer loop
      vertex 19.6364 1.12231 11
      vertex 10.3444 1.16851 11
      vertex 25 -4 11
    endloop
  endfacet
  facet normal -0 0 1
    outer loop
      vertex 10.1756 1.11729 11
      vertex 25 -4 11
      vertex 10.3444 1.16851 11
    endloop
  endfacet
  facet normal -0 0 1
    outer loop
      vertex 10 1.1 11
      vertex 25 -4 11
      vertex 10.1756 1.11729 11
    endloop
  endfacet
  facet normal 0 0 1
    outer loop
      vertex 9.82442 1.11729 11
      vertex 25 -4 11
      vertex 10 1.1 11
    endloop
  endfacet
  facet normal -0 0 1
    outer loop
      vertex 0.165826 1.16633 11
      vertex 9.82442 1.11729 11
      vertex 9.65558 1.16851 11
    endloop
  endfacet
  facet normal -0 0 1
    outer loop
      vertex 0.849999 2 11
      vertex 9.11729 1.82442 11
      vertex 9.1 2 11
    endloop
  endfacet
  facet normal -0 0 1
    outer loop
      vertex 0.833667 1.83417 11
      vertex 9.11729 1.82442 11
      vertex 0.849999 2 11
    endloop
  endfacet
  facet normal 0 0 1
    outer loop
      vertex 9.11729 1.82442 11
      vertex 0.833667 1.83417 11
      vertex 9.16851 1.65558 11
    endloop
  endfacet
  facet normal -0 0 1
    outer loop
      vertex 0.785297 1.67472 11
      vertex 9.16851 1.65558 11
      vertex 0.833667 1.83417 11
    endloop
  endfacet
  facet normal 0 0 1
    outer loop
      vertex 9.16851 1.65558 11
      vertex 0.785297 1.67472 11
      vertex 9.25168 1.49999 11
    endloop
  endfacet
  facet normal -0 0 1
    outer loop
      vertex 0.706749 1.52777 11
      vertex 9.25168 1.49999 11
      vertex 0.785297 1.67472 11
    endloop
  endfacet
  facet normal 0 0 1
    outer loop
      vertex 9.25168 1.49999 11
      vertex 0.706749 1.52777 11
      vertex 9.3636 1.3636 11
    endloop
  endfacet
  facet normal -0 0 1
    outer loop
      vertex 0.60104 1.39896 11
      vertex 9.3636 1.3636 11
      vertex 0.706749 1.52777 11
    endloop
  endfacet
  facet normal 0 0 1
    outer loop
      vertex 9.3636 1.3636 11
      vertex 0.60104 1.39896 11
      vertex 9.49999 1.25168 11
    endloop
  endfacet
  facet normal -0 0 1
    outer loop
      vertex 0.472234 1.29325 11
      vertex 9.49999 1.25168 11
      vertex 0.60104 1.39896 11
    endloop
  endfacet
  facet normal 0 0 1
    outer loop
      vertex 9.49999 1.25168 11
      vertex 0.472234 1.29325 11
      vertex 9.65558 1.16851 11
    endloop
  endfacet
  facet normal -0 0 1
    outer loop
      vertex 0.32528 1.2147 11
      vertex 9.65558 1.16851 11
      vertex 0.472234 1.29325 11
    endloop
  endfacet
  facet normal 0 0 1
    outer loop
      vertex 0.165826 1.16633 11
      vertex 9.65558 1.16851 11
      vertex 0.32528 1.2147 11
    endloop
  endfacet
  facet normal 0 0 1
    outer loop
      vertex 9.82442 1.11729 11
      vertex 0.165826 1.16633 11
      vertex 25 -4 11
    endloop
  endfacet
  facet normal -0 0 1
    outer loop
      vertex 0 1.15 11
      vertex 25 -4 11
      vertex 0.165826 1.16633 11
    endloop
  endfacet
  facet normal 0 0 1
    outer loop
      vertex -25 -4 11
      vertex 0 1.15 11
      vertex -0.165826 1.16633 11
    endloop
  endfacet
  facet normal -0 0 1
    outer loop
      vertex -9.2 2 11
      vertex -0.833667 1.83417 11
      vertex -0.849999 2 11
    endloop
  endfacet
  facet normal -0 0 1
    outer loop
      vertex -9.21537 1.84393 11
      vertex -0.833667 1.83417 11
      vertex -9.2 2 11
    endloop
  endfacet
  facet normal 0 0 1
    outer loop
      vertex -0.833667 1.83417 11
      vertex -9.21537 1.84393 11
      vertex -0.785297 1.67472 11
    endloop
  endfacet
  facet normal -0 0 1
    outer loop
      vertex -9.2609 1.69385 11
      vertex -0.785297 1.67472 11
      vertex -9.21537 1.84393 11
    endloop
  endfacet
  facet normal 0 0 1
    outer loop
      vertex -0.785297 1.67472 11
      vertex -9.2609 1.69385 11
      vertex -0.706749 1.52777 11
    endloop
  endfacet
  facet normal -0 0 1
    outer loop
      vertex -9.33482 1.55554 11
      vertex -0.706749 1.52777 11
      vertex -9.2609 1.69385 11
    endloop
  endfacet
  facet normal 0 0 1
    outer loop
      vertex -0.706749 1.52777 11
      vertex -9.33482 1.55554 11
      vertex -0.60104 1.39896 11
    endloop
  endfacet
  facet normal -0 0 1
    outer loop
      vertex -9.43431 1.43431 11
      vertex -0.60104 1.39896 11
      vertex -9.33482 1.55554 11
    endloop
  endfacet
  facet normal 0 0 1
    outer loop
      vertex -0.60104 1.39896 11
      vertex -9.43431 1.43431 11
      vertex -0.472234 1.29325 11
    endloop
  endfacet
  facet normal -0 0 1
    outer loop
      vertex -9.55554 1.33482 11
      vertex -0.472234 1.29325 11
      vertex -9.43431 1.43431 11
    endloop
  endfacet
  facet normal 0 0 1
    outer loop
      vertex -0.472234 1.29325 11
      vertex -9.55554 1.33482 11
      vertex -0.32528 1.2147 11
    endloop
  endfacet
  facet normal -0 0 1
    outer loop
      vertex -9.69385 1.2609 11
      vertex -0.32528 1.2147 11
      vertex -9.55554 1.33482 11
    endloop
  endfacet
  facet normal 0 0 1
    outer loop
      vertex -0.32528 1.2147 11
      vertex -9.69385 1.2609 11
      vertex -0.165826 1.16633 11
    endloop
  endfacet
  facet normal -0 0 1
    outer loop
      vertex -9.84393 1.21537 11
      vertex -0.165826 1.16633 11
      vertex -9.69385 1.2609 11
    endloop
  endfacet
  facet normal 0 0 1
    outer loop
      vertex -25 -4 11
      vertex -0.165826 1.16633 11
      vertex -9.84393 1.21537 11
    endloop
  endfacet
  facet normal 0 0 1
    outer loop
      vertex -25 -4 11
      vertex -9.84393 1.21537 11
      vertex -10 1.2 11
    endloop
  endfacet
  facet normal 0 0 1
    outer loop
      vertex -25 -4 11
      vertex -10 1.2 11
      vertex -10.1561 1.21537 11
    endloop
  endfacet
  facet normal -0 0 1
    outer loop
      vertex -19.25 2 11
      vertex -10.7846 1.84393 11
      vertex -10.8 2 11
    endloop
  endfacet
  facet normal -0 0 1
    outer loop
      vertex -19.2644 1.85368 11
      vertex -10.7846 1.84393 11
      vertex -19.25 2 11
    endloop
  endfacet
  facet normal 0 0 1
    outer loop
      vertex -10.7846 1.84393 11
      vertex -19.2644 1.85368 11
      vertex -10.7391 1.69385 11
    endloop
  endfacet
  facet normal -0 0 1
    outer loop
      vertex -19.3071 1.71299 11
      vertex -10.7391 1.69385 11
      vertex -19.2644 1.85368 11
    endloop
  endfacet
  facet normal 0 0 1
    outer loop
      vertex -10.7391 1.69385 11
      vertex -19.3071 1.71299 11
      vertex -10.6652 1.55554 11
    endloop
  endfacet
  facet normal -0 0 1
    outer loop
      vertex -19.3764 1.58332 11
      vertex -10.6652 1.55554 11
      vertex -19.3071 1.71299 11
    endloop
  endfacet
  facet normal 0 0 1
    outer loop
      vertex -10.6652 1.55554 11
      vertex -19.3764 1.58332 11
      vertex -10.5657 1.43431 11
    endloop
  endfacet
  facet normal -0 0 1
    outer loop
      vertex -19.4697 1.46967 11
      vertex -10.5657 1.43431 11
      vertex -19.3764 1.58332 11
    endloop
  endfacet
  facet normal 0 0 1
    outer loop
      vertex -10.5657 1.43431 11
      vertex -19.4697 1.46967 11
      vertex -10.4445 1.33482 11
    endloop
  endfacet
  facet normal -0 0 1
    outer loop
      vertex -19.5833 1.3764 11
      vertex -10.4445 1.33482 11
      vertex -19.4697 1.46967 11
    endloop
  endfacet
  facet normal 0 0 1
    outer loop
      vertex -10.4445 1.33482 11
      vertex -19.5833 1.3764 11
      vertex -10.3061 1.2609 11
    endloop
  endfacet
  facet normal -0 0 1
    outer loop
      vertex -19.713 1.30709 11
      vertex -10.3061 1.2609 11
      vertex -19.5833 1.3764 11
    endloop
  endfacet
  facet normal 0 0 1
    outer loop
      vertex -25 -4 11
      vertex -10.3061 1.2609 11
      vertex -19.713 1.30709 11
    endloop
  endfacet
  facet normal 0 0 1
    outer loop
      vertex -10.3061 1.2609 11
      vertex -25 -4 11
      vertex -10.1561 1.21537 11
    endloop
  endfacet
  facet normal 0 0 1
    outer loop
      vertex -25 -4 11
      vertex -19.713 1.30709 11
      vertex -19.8537 1.26441 11
    endloop
  endfacet
  facet normal 0 0 1
    outer loop
      vertex -25 -4 11
      vertex -19.8537 1.26441 11
      vertex -20 1.25 11
    endloop
  endfacet
  facet normal 0 0 1
    outer loop
      vertex -25 -4 11
      vertex -20 1.25 11
      vertex -20.1463 1.26441 11
    endloop
  endfacet
  facet normal 0 0 1
    outer loop
      vertex -25 -4 11
      vertex -20.75 2 11
      vertex -25 8 11
    endloop
  endfacet
  facet normal 0 0 1
    outer loop
      vertex -20.75 2 11
      vertex -25 -4 11
      vertex -20.7356 1.85368 11
    endloop
  endfacet
  facet normal 0 0 1
    outer loop
      vertex -20.7356 1.85368 11
      vertex -25 -4 11
      vertex -20.6929 1.71299 11
    endloop
  endfacet
  facet normal 0 0 1
    outer loop
      vertex 0 1.15 11
      vertex -25 -4 11
      vertex 25 -4 11
    endloop
  endfacet
  facet normal 0 0 1
    outer loop
      vertex -20.287 1.30709 11
      vertex -25 -4 11
      vertex -20.1463 1.26441 11
    endloop
  endfacet
  facet normal 0 0 1
    outer loop
      vertex -20.4167 1.3764 11
      vertex -25 -4 11
      vertex -20.287 1.30709 11
    endloop
  endfacet
  facet normal 0 0 1
    outer loop
      vertex -20.5303 1.46967 11
      vertex -25 -4 11
      vertex -20.4167 1.3764 11
    endloop
  endfacet
  facet normal 0 0 1
    outer loop
      vertex -20.6236 1.58332 11
      vertex -25 -4 11
      vertex -20.5303 1.46967 11
    endloop
  endfacet
  facet normal 0 0 1
    outer loop
      vertex -20.6929 1.71299 11
      vertex -25 -4 11
      vertex -20.6236 1.58332 11
    endloop
  endfacet
  facet normal -1 0 0
    outer loop
      vertex -25 -4 3
      vertex -25 8 11
      vertex -25 8 3
    endloop
  endfacet
  facet normal -1 -0 0
    outer loop
      vertex -25 8 11
      vertex -25 -4 3
      vertex -25 -4 11
    endloop
  endfacet
  facet normal 0 1 -0
    outer loop
      vertex 25 8 3
      vertex -25 8 11
      vertex 25 8 11
    endloop
  endfacet
  facet normal 0 1 0
    outer loop
      vertex -25 8 11
      vertex 25 8 3
      vertex -25 8 3
    endloop
  endfacet
  facet normal 0 -1 0
    outer loop
      vertex -25 -4 3
      vertex 25 -4 11
      vertex -25 -4 11
    endloop
  endfacet
  facet normal 0 -1 -0
    outer loop
      vertex 25 -4 11
      vertex -25 -4 3
      vertex 25 -4 3
    endloop
  endfacet
  facet normal -0.772774 0.634681 0
    outer loop
      vertex -19.4697 18.4697 7
      vertex -19.3764 18.5833 13
      vertex -19.3764 18.5833 7
    endloop
  endfacet
  facet normal -0.772774 0.634681 0
    outer loop
      vertex -19.3764 18.5833 13
      vertex -19.4697 18.4697 7
      vertex -19.4697 18.4697 13
    endloop
  endfacet
  facet normal -0.471259 0.881995 0
    outer loop
      vertex -19.5833 18.3764 7
      vertex -19.713 18.3071 13
      vertex -19.5833 18.3764 13
    endloop
  endfacet
  facet normal -0.471259 0.881995 0
    outer loop
      vertex -19.713 18.3071 13
      vertex -19.5833 18.3764 7
      vertex -19.713 18.3071 7
    endloop
  endfacet
  facet normal 0.0979545 0.995191 -0
    outer loop
      vertex -20 18.25 7
      vertex -20.1463 18.2644 13
      vertex -20 18.25 13
    endloop
  endfacet
  facet normal 0.0979545 0.995191 0
    outer loop
      vertex -20.1463 18.2644 13
      vertex -20 18.25 7
      vertex -20.1463 18.2644 7
    endloop
  endfacet
  facet normal 0.995191 0.0979545 0
    outer loop
      vertex -20.7356 18.8537 13
      vertex -20.75 19 7
      vertex -20.75 19 13
    endloop
  endfacet
  facet normal 0.995191 0.0979545 0
    outer loop
      vertex -20.75 19 7
      vertex -20.7356 18.8537 13
      vertex -20.7356 18.8537 7
    endloop
  endfacet
  facet normal -0.995191 0.0979545 0
    outer loop
      vertex -19.2644 18.8537 7
      vertex -19.25 19 13
      vertex -19.25 19 7
    endloop
  endfacet
  facet normal -0.995191 0.0979545 0
    outer loop
      vertex -19.25 19 13
      vertex -19.2644 18.8537 7
      vertex -19.2644 18.8537 13
    endloop
  endfacet
  facet normal -0.881995 0.471259 0
    outer loop
      vertex -19.3764 18.5833 7
      vertex -19.3071 18.713 13
      vertex -19.3071 18.713 7
    endloop
  endfacet
  facet normal -0.881995 0.471259 0
    outer loop
      vertex -19.3071 18.713 13
      vertex -19.3764 18.5833 7
      vertex -19.3764 18.5833 13
    endloop
  endfacet
  facet normal -0.881995 -0.471259 0
    outer loop
      vertex -19.3071 19.287 7
      vertex -19.3764 19.4167 13
      vertex -19.3764 19.4167 7
    endloop
  endfacet
  facet normal -0.881995 -0.471259 0
    outer loop
      vertex -19.3764 19.4167 13
      vertex -19.3071 19.287 7
      vertex -19.3071 19.287 13
    endloop
  endfacet
  facet normal 0.0979545 -0.995191 0
    outer loop
      vertex -20.1463 19.7356 7
      vertex -20 19.75 13
      vertex -20.1463 19.7356 13
    endloop
  endfacet
  facet normal 0.0979545 -0.995191 0
    outer loop
      vertex -20 19.75 13
      vertex -20.1463 19.7356 7
      vertex -20 19.75 7
    endloop
  endfacet
  facet normal -0.995191 -0.0979545 0
    outer loop
      vertex -19.25 19 7
      vertex -19.2644 19.1463 13
      vertex -19.2644 19.1463 7
    endloop
  endfacet
  facet normal -0.995191 -0.0979545 0
    outer loop
      vertex -19.2644 19.1463 13
      vertex -19.25 19 7
      vertex -19.25 19 13
    endloop
  endfacet
  facet normal 0.634681 0.772774 -0
    outer loop
      vertex -20.4167 18.3764 7
      vertex -20.5303 18.4697 13
      vertex -20.4167 18.3764 13
    endloop
  endfacet
  facet normal 0.634681 0.772774 0
    outer loop
      vertex -20.5303 18.4697 13
      vertex -20.4167 18.3764 7
      vertex -20.5303 18.4697 7
    endloop
  endfacet
  facet normal -0.956904 -0.290404 0
    outer loop
      vertex -19.2644 19.1463 7
      vertex -19.3071 19.287 13
      vertex -19.3071 19.287 7
    endloop
  endfacet
  facet normal -0.956904 -0.290404 0
    outer loop
      vertex -19.3071 19.287 13
      vertex -19.2644 19.1463 7
      vertex -19.2644 19.1463 13
    endloop
  endfacet
  facet normal -0.634681 0.772774 0
    outer loop
      vertex -19.4697 18.4697 7
      vertex -19.5833 18.3764 13
      vertex -19.4697 18.4697 13
    endloop
  endfacet
  facet normal -0.634681 0.772774 0
    outer loop
      vertex -19.5833 18.3764 13
      vertex -19.4697 18.4697 7
      vertex -19.5833 18.3764 7
    endloop
  endfacet
  facet normal 0.956904 -0.290404 0
    outer loop
      vertex -20.7356 19.1463 13
      vertex -20.6929 19.287 7
      vertex -20.6929 19.287 13
    endloop
  endfacet
  facet normal 0.956904 -0.290404 0
    outer loop
      vertex -20.6929 19.287 7
      vertex -20.7356 19.1463 13
      vertex -20.7356 19.1463 7
    endloop
  endfacet
  facet normal 0.290404 -0.956904 0
    outer loop
      vertex -20.287 19.6929 7
      vertex -20.1463 19.7356 13
      vertex -20.287 19.6929 13
    endloop
  endfacet
  facet normal 0.290404 -0.956904 0
    outer loop
      vertex -20.1463 19.7356 13
      vertex -20.287 19.6929 7
      vertex -20.1463 19.7356 7
    endloop
  endfacet
  facet normal -0.471259 -0.881995 0
    outer loop
      vertex -19.713 19.6929 7
      vertex -19.5833 19.6236 13
      vertex -19.713 19.6929 13
    endloop
  endfacet
  facet normal -0.471259 -0.881995 -0
    outer loop
      vertex -19.5833 19.6236 13
      vertex -19.713 19.6929 7
      vertex -19.5833 19.6236 7
    endloop
  endfacet
  facet normal 0.634681 -0.772774 0
    outer loop
      vertex -20.5303 19.5303 7
      vertex -20.4167 19.6236 13
      vertex -20.5303 19.5303 13
    endloop
  endfacet
  facet normal 0.634681 -0.772774 0
    outer loop
      vertex -20.4167 19.6236 13
      vertex -20.5303 19.5303 7
      vertex -20.4167 19.6236 7
    endloop
  endfacet
  facet normal -0.290404 0.956904 0
    outer loop
      vertex -19.713 18.3071 7
      vertex -19.8537 18.2644 13
      vertex -19.713 18.3071 13
    endloop
  endfacet
  facet normal -0.290404 0.956904 0
    outer loop
      vertex -19.8537 18.2644 13
      vertex -19.713 18.3071 7
      vertex -19.8537 18.2644 7
    endloop
  endfacet
  facet normal -0.0979545 -0.995191 0
    outer loop
      vertex -20 19.75 7
      vertex -19.8537 19.7356 13
      vertex -20 19.75 13
    endloop
  endfacet
  facet normal -0.0979545 -0.995191 -0
    outer loop
      vertex -19.8537 19.7356 13
      vertex -20 19.75 7
      vertex -19.8537 19.7356 7
    endloop
  endfacet
  facet normal -0.634681 -0.772774 0
    outer loop
      vertex -19.5833 19.6236 7
      vertex -19.4697 19.5303 13
      vertex -19.5833 19.6236 13
    endloop
  endfacet
  facet normal -0.634681 -0.772774 -0
    outer loop
      vertex -19.4697 19.5303 13
      vertex -19.5833 19.6236 7
      vertex -19.4697 19.5303 7
    endloop
  endfacet
  facet normal -0.956904 0.290404 0
    outer loop
      vertex -19.3071 18.713 7
      vertex -19.2644 18.8537 13
      vertex -19.2644 18.8537 7
    endloop
  endfacet
  facet normal -0.956904 0.290404 0
    outer loop
      vertex -19.2644 18.8537 13
      vertex -19.3071 18.713 7
      vertex -19.3071 18.713 13
    endloop
  endfacet
  facet normal 0.995191 -0.0979545 0
    outer loop
      vertex -20.75 19 13
      vertex -20.7356 19.1463 7
      vertex -20.7356 19.1463 13
    endloop
  endfacet
  facet normal 0.995191 -0.0979545 0
    outer loop
      vertex -20.7356 19.1463 7
      vertex -20.75 19 13
      vertex -20.75 19 7
    endloop
  endfacet
  facet normal -0.0979545 0.995191 0
    outer loop
      vertex -19.8537 18.2644 7
      vertex -20 18.25 13
      vertex -19.8537 18.2644 13
    endloop
  endfacet
  facet normal -0.0979545 0.995191 0
    outer loop
      vertex -20 18.25 13
      vertex -19.8537 18.2644 7
      vertex -20 18.25 7
    endloop
  endfacet
  facet normal 0.290404 0.956904 -0
    outer loop
      vertex -20.1463 18.2644 7
      vertex -20.287 18.3071 13
      vertex -20.1463 18.2644 13
    endloop
  endfacet
  facet normal 0.290404 0.956904 0
    outer loop
      vertex -20.287 18.3071 13
      vertex -20.1463 18.2644 7
      vertex -20.287 18.3071 7
    endloop
  endfacet
  facet normal -0.772774 -0.634681 0
    outer loop
      vertex -19.3764 19.4167 7
      vertex -19.4697 19.5303 13
      vertex -19.4697 19.5303 7
    endloop
  endfacet
  facet normal -0.772774 -0.634681 0
    outer loop
      vertex -19.4697 19.5303 13
      vertex -19.3764 19.4167 7
      vertex -19.3764 19.4167 13
    endloop
  endfacet
  facet normal -0.290404 -0.956904 0
    outer loop
      vertex -19.8537 19.7356 7
      vertex -19.713 19.6929 13
      vertex -19.8537 19.7356 13
    endloop
  endfacet
  facet normal -0.290404 -0.956904 -0
    outer loop
      vertex -19.713 19.6929 13
      vertex -19.8537 19.7356 7
      vertex -19.713 19.6929 7
    endloop
  endfacet
  facet normal 0.881995 -0.471259 0
    outer loop
      vertex -20.6929 19.287 13
      vertex -20.6236 19.4167 7
      vertex -20.6236 19.4167 13
    endloop
  endfacet
  facet normal 0.881995 -0.471259 0
    outer loop
      vertex -20.6236 19.4167 7
      vertex -20.6929 19.287 13
      vertex -20.6929 19.287 7
    endloop
  endfacet
  facet normal 0.471259 0.881995 -0
    outer loop
      vertex -20.287 18.3071 7
      vertex -20.4167 18.3764 13
      vertex -20.287 18.3071 13
    endloop
  endfacet
  facet normal 0.471259 0.881995 0
    outer loop
      vertex -20.4167 18.3764 13
      vertex -20.287 18.3071 7
      vertex -20.4167 18.3764 7
    endloop
  endfacet
  facet normal 0.471259 -0.881995 0
    outer loop
      vertex -20.4167 19.6236 7
      vertex -20.287 19.6929 13
      vertex -20.4167 19.6236 13
    endloop
  endfacet
  facet normal 0.471259 -0.881995 0
    outer loop
      vertex -20.287 19.6929 13
      vertex -20.4167 19.6236 7
      vertex -20.287 19.6929 7
    endloop
  endfacet
  facet normal 0.772774 -0.634681 0
    outer loop
      vertex -20.6236 19.4167 13
      vertex -20.5303 19.5303 7
      vertex -20.5303 19.5303 13
    endloop
  endfacet
  facet normal 0.772774 -0.634681 0
    outer loop
      vertex -20.5303 19.5303 7
      vertex -20.6236 19.4167 13
      vertex -20.6236 19.4167 7
    endloop
  endfacet
  facet normal 0.956904 0.290404 0
    outer loop
      vertex -20.6929 18.713 13
      vertex -20.7356 18.8537 7
      vertex -20.7356 18.8537 13
    endloop
  endfacet
  facet normal 0.956904 0.290404 0
    outer loop
      vertex -20.7356 18.8537 7
      vertex -20.6929 18.713 13
      vertex -20.6929 18.713 7
    endloop
  endfacet
  facet normal 0.881995 0.471259 0
    outer loop
      vertex -20.6236 18.5833 13
      vertex -20.6929 18.713 7
      vertex -20.6929 18.713 13
    endloop
  endfacet
  facet normal 0.881995 0.471259 0
    outer loop
      vertex -20.6929 18.713 7
      vertex -20.6236 18.5833 13
      vertex -20.6236 18.5833 7
    endloop
  endfacet
  facet normal 0.772774 0.634681 0
    outer loop
      vertex -20.5303 18.4697 13
      vertex -20.6236 18.5833 7
      vertex -20.6236 18.5833 13
    endloop
  endfacet
  facet normal 0.772774 0.634681 0
    outer loop
      vertex -20.6236 18.5833 7
      vertex -20.5303 18.4697 13
      vertex -20.5303 18.4697 7
    endloop
  endfacet
  facet normal 0 0 1
    outer loop
      vertex -19.2644 19.1463 7
      vertex -19.2644 18.8537 7
      vertex -19.25 19 7
    endloop
  endfacet
  facet normal 0 0 1
    outer loop
      vertex -19.3071 19.287 7
      vertex -19.2644 18.8537 7
      vertex -19.2644 19.1463 7
    endloop
  endfacet
  facet normal 0 0 1
    outer loop
      vertex -19.3071 19.287 7
      vertex -19.3071 18.713 7
      vertex -19.2644 18.8537 7
    endloop
  endfacet
  facet normal 0 0 1
    outer loop
      vertex -19.3764 19.4167 7
      vertex -19.3071 18.713 7
      vertex -19.3071 19.287 7
    endloop
  endfacet
  facet normal 0 0 1
    outer loop
      vertex -19.3764 19.4167 7
      vertex -19.3764 18.5833 7
      vertex -19.3071 18.713 7
    endloop
  endfacet
  facet normal 0 0 1
    outer loop
      vertex -19.4697 19.5303 7
      vertex -19.3764 18.5833 7
      vertex -19.3764 19.4167 7
    endloop
  endfacet
  facet normal 0 0 1
    outer loop
      vertex -19.4697 19.5303 7
      vertex -19.4697 18.4697 7
      vertex -19.3764 18.5833 7
    endloop
  endfacet
  facet normal 0 0 1
    outer loop
      vertex -19.5833 19.6236 7
      vertex -19.4697 18.4697 7
      vertex -19.4697 19.5303 7
    endloop
  endfacet
  facet normal 0 0 1
    outer loop
      vertex -19.5833 19.6236 7
      vertex -19.5833 18.3764 7
      vertex -19.4697 18.4697 7
    endloop
  endfacet
  facet normal 0 0 1
    outer loop
      vertex -19.713 19.6929 7
      vertex -19.5833 18.3764 7
      vertex -19.5833 19.6236 7
    endloop
  endfacet
  facet normal 0 0 1
    outer loop
      vertex -19.713 19.6929 7
      vertex -19.713 18.3071 7
      vertex -19.5833 18.3764 7
    endloop
  endfacet
  facet normal 0 0 1
    outer loop
      vertex -19.8537 19.7356 7
      vertex -19.713 18.3071 7
      vertex -19.713 19.6929 7
    endloop
  endfacet
  facet normal 0 0 1
    outer loop
      vertex -19.8537 19.7356 7
      vertex -19.8537 18.2644 7
      vertex -19.713 18.3071 7
    endloop
  endfacet
  facet normal 0 0 1
    outer loop
      vertex -20 19.75 7
      vertex -19.8537 18.2644 7
      vertex -19.8537 19.7356 7
    endloop
  endfacet
  facet normal 0 0 1
    outer loop
      vertex -20 19.75 7
      vertex -20 18.25 7
      vertex -19.8537 18.2644 7
    endloop
  endfacet
  facet normal -0 0 1
    outer loop
      vertex -20.1463 19.7356 7
      vertex -20 18.25 7
      vertex -20 19.75 7
    endloop
  endfacet
  facet normal 0 0 1
    outer loop
      vertex -20.1463 19.7356 7
      vertex -20.1463 18.2644 7
      vertex -20 18.25 7
    endloop
  endfacet
  facet normal -0 0 1
    outer loop
      vertex -20.287 19.6929 7
      vertex -20.1463 18.2644 7
      vertex -20.1463 19.7356 7
    endloop
  endfacet
  facet normal 0 0 1
    outer loop
      vertex -20.287 19.6929 7
      vertex -20.287 18.3071 7
      vertex -20.1463 18.2644 7
    endloop
  endfacet
  facet normal -0 0 1
    outer loop
      vertex -20.4167 19.6236 7
      vertex -20.287 18.3071 7
      vertex -20.287 19.6929 7
    endloop
  endfacet
  facet normal 0 0 1
    outer loop
      vertex -20.4167 19.6236 7
      vertex -20.4167 18.3764 7
      vertex -20.287 18.3071 7
    endloop
  endfacet
  facet normal -0 0 1
    outer loop
      vertex -20.5303 19.5303 7
      vertex -20.4167 18.3764 7
      vertex -20.4167 19.6236 7
    endloop
  endfacet
  facet normal 0 0 1
    outer loop
      vertex -20.5303 19.5303 7
      vertex -20.5303 18.4697 7
      vertex -20.4167 18.3764 7
    endloop
  endfacet
  facet normal -0 0 1
    outer loop
      vertex -20.6236 19.4167 7
      vertex -20.5303 18.4697 7
      vertex -20.5303 19.5303 7
    endloop
  endfacet
  facet normal 0 0 1
    outer loop
      vertex -20.6236 19.4167 7
      vertex -20.6236 18.5833 7
      vertex -20.5303 18.4697 7
    endloop
  endfacet
  facet normal -0 0 1
    outer loop
      vertex -20.6929 19.287 7
      vertex -20.6236 18.5833 7
      vertex -20.6236 19.4167 7
    endloop
  endfacet
  facet normal 0 0 1
    outer loop
      vertex -20.6929 19.287 7
      vertex -20.6929 18.713 7
      vertex -20.6236 18.5833 7
    endloop
  endfacet
  facet normal -0 0 1
    outer loop
      vertex -20.7356 19.1463 7
      vertex -20.6929 18.713 7
      vertex -20.6929 19.287 7
    endloop
  endfacet
  facet normal 0 0 1
    outer loop
      vertex -20.7356 19.1463 7
      vertex -20.7356 18.8537 7
      vertex -20.6929 18.713 7
    endloop
  endfacet
  facet normal 0 -0 1
    outer loop
      vertex -20.7356 18.8537 7
      vertex -20.7356 19.1463 7
      vertex -20.75 19 7
    endloop
  endfacet
  facet normal -0.471312 -0.881967 0
    outer loop
      vertex -19.713 2.69291 5
      vertex -19.5833 2.6236 11
      vertex -19.713 2.69291 11
    endloop
  endfacet
  facet normal -0.471312 -0.881967 -0
    outer loop
      vertex -19.5833 2.6236 11
      vertex -19.713 2.69291 5
      vertex -19.5833 2.6236 5
    endloop
  endfacet
  facet normal -0.956898 -0.290423 0
    outer loop
      vertex -19.2644 2.14632 5
      vertex -19.3071 2.28701 11
      vertex -19.3071 2.28701 5
    endloop
  endfacet
  facet normal -0.956898 -0.290423 0
    outer loop
      vertex -19.3071 2.28701 11
      vertex -19.2644 2.14632 5
      vertex -19.2644 2.14632 11
    endloop
  endfacet
  facet normal -0.995192 -0.0979413 0
    outer loop
      vertex -19.25 2 5
      vertex -19.2644 2.14632 11
      vertex -19.2644 2.14632 5
    endloop
  endfacet
  facet normal -0.995192 -0.0979413 0
    outer loop
      vertex -19.2644 2.14632 11
      vertex -19.25 2 5
      vertex -19.25 2 11
    endloop
  endfacet
  facet normal -0.88195 -0.471344 0
    outer loop
      vertex -19.3071 2.28701 5
      vertex -19.3764 2.41668 11
      vertex -19.3764 2.41668 5
    endloop
  endfacet
  facet normal -0.88195 -0.471344 0
    outer loop
      vertex -19.3764 2.41668 11
      vertex -19.3071 2.28701 5
      vertex -19.3071 2.28701 11
    endloop
  endfacet
  facet normal -0.956898 0.290423 0
    outer loop
      vertex -19.3071 1.71299 5
      vertex -19.2644 1.85368 11
      vertex -19.2644 1.85368 5
    endloop
  endfacet
  facet normal -0.956898 0.290423 0
    outer loop
      vertex -19.2644 1.85368 11
      vertex -19.3071 1.71299 5
      vertex -19.3071 1.71299 11
    endloop
  endfacet
  facet normal 0.772911 -0.634515 0
    outer loop
      vertex -20.6236 2.41668 11
      vertex -20.5303 2.53033 5
      vertex -20.5303 2.53033 11
    endloop
  endfacet
  facet normal 0.772911 -0.634515 0
    outer loop
      vertex -20.5303 2.53033 5
      vertex -20.6236 2.41668 11
      vertex -20.6236 2.41668 5
    endloop
  endfacet
  facet normal -0.290279 0.956942 0
    outer loop
      vertex -19.713 1.30709 5
      vertex -19.8537 1.26441 11
      vertex -19.713 1.30709 11
    endloop
  endfacet
  facet normal -0.290279 0.956942 0
    outer loop
      vertex -19.8537 1.26441 11
      vertex -19.713 1.30709 5
      vertex -19.8537 1.26441 5
    endloop
  endfacet
  facet normal -0.772911 -0.634515 0
    outer loop
      vertex -19.3764 2.41668 5
      vertex -19.4697 2.53033 11
      vertex -19.4697 2.53033 5
    endloop
  endfacet
  facet normal -0.772911 -0.634515 0
    outer loop
      vertex -19.4697 2.53033 11
      vertex -19.3764 2.41668 5
      vertex -19.3764 2.41668 11
    endloop
  endfacet
  facet normal 0.88195 -0.471344 0
    outer loop
      vertex -20.6929 2.28701 11
      vertex -20.6236 2.41668 5
      vertex -20.6236 2.41668 11
    endloop
  endfacet
  facet normal 0.88195 -0.471344 0
    outer loop
      vertex -20.6236 2.41668 5
      vertex -20.6929 2.28701 11
      vertex -20.6929 2.28701 5
    endloop
  endfacet
  facet normal 0.995192 -0.0979413 0
    outer loop
      vertex -20.75 2 11
      vertex -20.7356 2.14632 5
      vertex -20.7356 2.14632 11
    endloop
  endfacet
  facet normal 0.995192 -0.0979413 0
    outer loop
      vertex -20.7356 2.14632 5
      vertex -20.75 2 11
      vertex -20.75 2 5
    endloop
  endfacet
  facet normal -0.88195 0.471344 0
    outer loop
      vertex -19.3764 1.58332 5
      vertex -19.3071 1.71299 11
      vertex -19.3071 1.71299 5
    endloop
  endfacet
  facet normal -0.88195 0.471344 0
    outer loop
      vertex -19.3071 1.71299 11
      vertex -19.3764 1.58332 5
      vertex -19.3764 1.58332 11
    endloop
  endfacet
  facet normal 0.471312 -0.881967 0
    outer loop
      vertex -20.4167 2.6236 5
      vertex -20.287 2.69291 11
      vertex -20.4167 2.6236 11
    endloop
  endfacet
  facet normal 0.471312 -0.881967 0
    outer loop
      vertex -20.287 2.69291 11
      vertex -20.4167 2.6236 5
      vertex -20.287 2.69291 5
    endloop
  endfacet
  facet normal 0.471312 0.881967 -0
    outer loop
      vertex -20.287 1.30709 5
      vertex -20.4167 1.3764 11
      vertex -20.287 1.30709 11
    endloop
  endfacet
  facet normal 0.471312 0.881967 0
    outer loop
      vertex -20.4167 1.3764 11
      vertex -20.287 1.30709 5
      vertex -20.4167 1.3764 5
    endloop
  endfacet
  facet normal 0.995192 0.0979413 0
    outer loop
      vertex -20.7356 1.85368 11
      vertex -20.75 2 5
      vertex -20.75 2 11
    endloop
  endfacet
  facet normal 0.995192 0.0979413 0
    outer loop
      vertex -20.75 2 5
      vertex -20.7356 1.85368 11
      vertex -20.7356 1.85368 5
    endloop
  endfacet
  facet normal -0.772911 0.634515 0
    outer loop
      vertex -19.4697 1.46967 5
      vertex -19.3764 1.58332 11
      vertex -19.3764 1.58332 5
    endloop
  endfacet
  facet normal -0.772911 0.634515 0
    outer loop
      vertex -19.3764 1.58332 11
      vertex -19.4697 1.46967 5
      vertex -19.4697 1.46967 11
    endloop
  endfacet
  facet normal -0.995192 0.0979413 0
    outer loop
      vertex -19.2644 1.85368 5
      vertex -19.25 2 11
      vertex -19.25 2 5
    endloop
  endfacet
  facet normal -0.995192 0.0979413 0
    outer loop
      vertex -19.25 2 11
      vertex -19.2644 1.85368 5
      vertex -19.2644 1.85368 11
    endloop
  endfacet
  facet normal 0.63456 -0.772874 0
    outer loop
      vertex -20.5303 2.53033 5
      vertex -20.4167 2.6236 11
      vertex -20.5303 2.53033 11
    endloop
  endfacet
  facet normal 0.63456 -0.772874 0
    outer loop
      vertex -20.4167 2.6236 11
      vertex -20.5303 2.53033 5
      vertex -20.4167 2.6236 5
    endloop
  endfacet
  facet normal 0.290279 -0.956942 0
    outer loop
      vertex -20.287 2.69291 5
      vertex -20.1463 2.73559 11
      vertex -20.287 2.69291 11
    endloop
  endfacet
  facet normal 0.290279 -0.956942 0
    outer loop
      vertex -20.1463 2.73559 11
      vertex -20.287 2.69291 5
      vertex -20.1463 2.73559 5
    endloop
  endfacet
  facet normal -0.63456 0.772874 0
    outer loop
      vertex -19.4697 1.46967 5
      vertex -19.5833 1.3764 11
      vertex -19.4697 1.46967 11
    endloop
  endfacet
  facet normal -0.63456 0.772874 0
    outer loop
      vertex -19.5833 1.3764 11
      vertex -19.4697 1.46967 5
      vertex -19.5833 1.3764 5
    endloop
  endfacet
  facet normal 0.290279 0.956942 -0
    outer loop
      vertex -20.1463 1.26441 5
      vertex -20.287 1.30709 11
      vertex -20.1463 1.26441 11
    endloop
  endfacet
  facet normal 0.290279 0.956942 0
    outer loop
      vertex -20.287 1.30709 11
      vertex -20.1463 1.26441 5
      vertex -20.287 1.30709 5
    endloop
  endfacet
  facet normal -0.290279 -0.956942 0
    outer loop
      vertex -19.8537 2.73559 5
      vertex -19.713 2.69291 11
      vertex -19.8537 2.73559 11
    endloop
  endfacet
  facet normal -0.290279 -0.956942 -0
    outer loop
      vertex -19.713 2.69291 11
      vertex -19.8537 2.73559 5
      vertex -19.713 2.69291 5
    endloop
  endfacet
  facet normal -0.0980219 -0.995184 0
    outer loop
      vertex -20 2.75 5
      vertex -19.8537 2.73559 11
      vertex -20 2.75 11
    endloop
  endfacet
  facet normal -0.0980219 -0.995184 -0
    outer loop
      vertex -19.8537 2.73559 11
      vertex -20 2.75 5
      vertex -19.8537 2.73559 5
    endloop
  endfacet
  facet normal -0.471312 0.881967 0
    outer loop
      vertex -19.5833 1.3764 5
      vertex -19.713 1.30709 11
      vertex -19.5833 1.3764 11
    endloop
  endfacet
  facet normal -0.471312 0.881967 0
    outer loop
      vertex -19.713 1.30709 11
      vertex -19.5833 1.3764 5
      vertex -19.713 1.30709 5
    endloop
  endfacet
  facet normal 0.63456 0.772874 -0
    outer loop
      vertex -20.4167 1.3764 5
      vertex -20.5303 1.46967 11
      vertex -20.4167 1.3764 11
    endloop
  endfacet
  facet normal 0.63456 0.772874 0
    outer loop
      vertex -20.5303 1.46967 11
      vertex -20.4167 1.3764 5
      vertex -20.5303 1.46967 5
    endloop
  endfacet
  facet normal 0.956898 -0.290423 0
    outer loop
      vertex -20.7356 2.14632 11
      vertex -20.6929 2.28701 5
      vertex -20.6929 2.28701 11
    endloop
  endfacet
  facet normal 0.956898 -0.290423 0
    outer loop
      vertex -20.6929 2.28701 5
      vertex -20.7356 2.14632 11
      vertex -20.7356 2.14632 5
    endloop
  endfacet
  facet normal -0.63456 -0.772874 0
    outer loop
      vertex -19.5833 2.6236 5
      vertex -19.4697 2.53033 11
      vertex -19.5833 2.6236 11
    endloop
  endfacet
  facet normal -0.63456 -0.772874 -0
    outer loop
      vertex -19.4697 2.53033 11
      vertex -19.5833 2.6236 5
      vertex -19.4697 2.53033 5
    endloop
  endfacet
  facet normal 0.772911 0.634515 0
    outer loop
      vertex -20.5303 1.46967 11
      vertex -20.6236 1.58332 5
      vertex -20.6236 1.58332 11
    endloop
  endfacet
  facet normal 0.772911 0.634515 0
    outer loop
      vertex -20.6236 1.58332 5
      vertex -20.5303 1.46967 11
      vertex -20.5303 1.46967 5
    endloop
  endfacet
  facet normal 0.0980219 -0.995184 0
    outer loop
      vertex -20.1463 2.73559 5
      vertex -20 2.75 11
      vertex -20.1463 2.73559 11
    endloop
  endfacet
  facet normal 0.0980219 -0.995184 0
    outer loop
      vertex -20 2.75 11
      vertex -20.1463 2.73559 5
      vertex -20 2.75 5
    endloop
  endfacet
  facet normal -0.0980219 0.995184 0
    outer loop
      vertex -19.8537 1.26441 5
      vertex -20 1.25 11
      vertex -19.8537 1.26441 11
    endloop
  endfacet
  facet normal -0.0980219 0.995184 0
    outer loop
      vertex -20 1.25 11
      vertex -19.8537 1.26441 5
      vertex -20 1.25 5
    endloop
  endfacet
  facet normal 0.956898 0.290423 0
    outer loop
      vertex -20.6929 1.71299 11
      vertex -20.7356 1.85368 5
      vertex -20.7356 1.85368 11
    endloop
  endfacet
  facet normal 0.956898 0.290423 0
    outer loop
      vertex -20.7356 1.85368 5
      vertex -20.6929 1.71299 11
      vertex -20.6929 1.71299 5
    endloop
  endfacet
  facet normal 0.88195 0.471344 0
    outer loop
      vertex -20.6236 1.58332 11
      vertex -20.6929 1.71299 5
      vertex -20.6929 1.71299 11
    endloop
  endfacet
  facet normal 0.88195 0.471344 0
    outer loop
      vertex -20.6929 1.71299 5
      vertex -20.6236 1.58332 11
      vertex -20.6236 1.58332 5
    endloop
  endfacet
  facet normal 0.0980219 0.995184 -0
    outer loop
      vertex -20 1.25 5
      vertex -20.1463 1.26441 11
      vertex -20 1.25 11
    endloop
  endfacet
  facet normal 0.0980219 0.995184 0
    outer loop
      vertex -20.1463 1.26441 11
      vertex -20 1.25 5
      vertex -20.1463 1.26441 5
    endloop
  endfacet
  facet normal 0 0 1
    outer loop
      vertex -19.2644 2.14632 5
      vertex -19.2644 1.85368 5
      vertex -19.25 2 5
    endloop
  endfacet
  facet normal 0 0 1
    outer loop
      vertex -19.3071 2.28701 5
      vertex -19.2644 1.85368 5
      vertex -19.2644 2.14632 5
    endloop
  endfacet
  facet normal 0 0 1
    outer loop
      vertex -19.3071 2.28701 5
      vertex -19.3071 1.71299 5
      vertex -19.2644 1.85368 5
    endloop
  endfacet
  facet normal 0 0 1
    outer loop
      vertex -19.3764 2.41668 5
      vertex -19.3071 1.71299 5
      vertex -19.3071 2.28701 5
    endloop
  endfacet
  facet normal 0 0 1
    outer loop
      vertex -19.3764 2.41668 5
      vertex -19.3764 1.58332 5
      vertex -19.3071 1.71299 5
    endloop
  endfacet
  facet normal 0 0 1
    outer loop
      vertex -19.4697 2.53033 5
      vertex -19.3764 1.58332 5
      vertex -19.3764 2.41668 5
    endloop
  endfacet
  facet normal 0 0 1
    outer loop
      vertex -19.4697 2.53033 5
      vertex -19.4697 1.46967 5
      vertex -19.3764 1.58332 5
    endloop
  endfacet
  facet normal 0 0 1
    outer loop
      vertex -19.5833 2.6236 5
      vertex -19.4697 1.46967 5
      vertex -19.4697 2.53033 5
    endloop
  endfacet
  facet normal 0 0 1
    outer loop
      vertex -19.5833 2.6236 5
      vertex -19.5833 1.3764 5
      vertex -19.4697 1.46967 5
    endloop
  endfacet
  facet normal 0 0 1
    outer loop
      vertex -19.713 2.69291 5
      vertex -19.5833 1.3764 5
      vertex -19.5833 2.6236 5
    endloop
  endfacet
  facet normal 0 0 1
    outer loop
      vertex -19.713 2.69291 5
      vertex -19.713 1.30709 5
      vertex -19.5833 1.3764 5
    endloop
  endfacet
  facet normal 0 0 1
    outer loop
      vertex -19.8537 2.73559 5
      vertex -19.713 1.30709 5
      vertex -19.713 2.69291 5
    endloop
  endfacet
  facet normal 0 0 1
    outer loop
      vertex -19.8537 2.73559 5
      vertex -19.8537 1.26441 5
      vertex -19.713 1.30709 5
    endloop
  endfacet
  facet normal 0 0 1
    outer loop
      vertex -20 2.75 5
      vertex -19.8537 1.26441 5
      vertex -19.8537 2.73559 5
    endloop
  endfacet
  facet normal 0 0 1
    outer loop
      vertex -20 2.75 5
      vertex -20 1.25 5
      vertex -19.8537 1.26441 5
    endloop
  endfacet
  facet normal -0 0 1
    outer loop
      vertex -20.1463 2.73559 5
      vertex -20 1.25 5
      vertex -20 2.75 5
    endloop
  endfacet
  facet normal 0 0 1
    outer loop
      vertex -20.1463 2.73559 5
      vertex -20.1463 1.26441 5
      vertex -20 1.25 5
    endloop
  endfacet
  facet normal -0 0 1
    outer loop
      vertex -20.287 2.69291 5
      vertex -20.1463 1.26441 5
      vertex -20.1463 2.73559 5
    endloop
  endfacet
  facet normal 0 0 1
    outer loop
      vertex -20.287 2.69291 5
      vertex -20.287 1.30709 5
      vertex -20.1463 1.26441 5
    endloop
  endfacet
  facet normal -0 0 1
    outer loop
      vertex -20.4167 2.6236 5
      vertex -20.287 1.30709 5
      vertex -20.287 2.69291 5
    endloop
  endfacet
  facet normal 0 0 1
    outer loop
      vertex -20.4167 2.6236 5
      vertex -20.4167 1.3764 5
      vertex -20.287 1.30709 5
    endloop
  endfacet
  facet normal -0 0 1
    outer loop
      vertex -20.5303 2.53033 5
      vertex -20.4167 1.3764 5
      vertex -20.4167 2.6236 5
    endloop
  endfacet
  facet normal 0 0 1
    outer loop
      vertex -20.5303 2.53033 5
      vertex -20.5303 1.46967 5
      vertex -20.4167 1.3764 5
    endloop
  endfacet
  facet normal -0 0 1
    outer loop
      vertex -20.6236 2.41668 5
      vertex -20.5303 1.46967 5
      vertex -20.5303 2.53033 5
    endloop
  endfacet
  facet normal 0 0 1
    outer loop
      vertex -20.6236 2.41668 5
      vertex -20.6236 1.58332 5
      vertex -20.5303 1.46967 5
    endloop
  endfacet
  facet normal -0 0 1
    outer loop
      vertex -20.6929 2.28701 5
      vertex -20.6236 1.58332 5
      vertex -20.6236 2.41668 5
    endloop
  endfacet
  facet normal 0 0 1
    outer loop
      vertex -20.6929 2.28701 5
      vertex -20.6929 1.71299 5
      vertex -20.6236 1.58332 5
    endloop
  endfacet
  facet normal -0 0 1
    outer loop
      vertex -20.7356 2.14632 5
      vertex -20.6929 1.71299 5
      vertex -20.6929 2.28701 5
    endloop
  endfacet
  facet normal 0 0 1
    outer loop
      vertex -20.7356 2.14632 5
      vertex -20.7356 1.85368 5
      vertex -20.6929 1.71299 5
    endloop
  endfacet
  facet normal 0 -0 1
    outer loop
      vertex -20.7356 1.85368 5
      vertex -20.7356 2.14632 5
      vertex -20.75 2 5
    endloop
  endfacet
  facet normal -0.290131 0.956987 0
    outer loop
      vertex -9.69385 18.2609 7
      vertex -9.84393 18.2154 13
      vertex -9.69385 18.2609 13
    endloop
  endfacet
  facet normal -0.290131 0.956987 0
    outer loop
      vertex -9.84393 18.2154 13
      vertex -9.69385 18.2609 7
      vertex -9.84393 18.2154 7
    endloop
  endfacet
  facet normal -0.956891 -0.290448 0
    outer loop
      vertex -9.21537 19.1561 7
      vertex -9.2609 19.3061 13
      vertex -9.2609 19.3061 7
    endloop
  endfacet
  facet normal -0.956891 -0.290448 0
    outer loop
      vertex -9.2609 19.3061 13
      vertex -9.21537 19.1561 7
      vertex -9.21537 19.1561 13
    endloop
  endfacet
  facet normal -0.995188 -0.0979887 0
    outer loop
      vertex -9.2 19 7
      vertex -9.21537 19.1561 13
      vertex -9.21537 19.1561 7
    endloop
  endfacet
  facet normal -0.995188 -0.0979887 0
    outer loop
      vertex -9.21537 19.1561 13
      vertex -9.2 19 7
      vertex -9.2 19 13
    endloop
  endfacet
  facet normal -0.882071 -0.471117 0
    outer loop
      vertex -9.2609 19.3061 7
      vertex -9.33482 19.4445 13
      vertex -9.33482 19.4445 7
    endloop
  endfacet
  facet normal -0.882071 -0.471117 0
    outer loop
      vertex -9.33482 19.4445 13
      vertex -9.2609 19.3061 7
      vertex -9.2609 19.3061 13
    endloop
  endfacet
  facet normal -0.995188 0.0979887 0
    outer loop
      vertex -9.21537 18.8439 7
      vertex -9.2 19 13
      vertex -9.2 19 7
    endloop
  endfacet
  facet normal -0.995188 0.0979887 0
    outer loop
      vertex -9.2 19 13
      vertex -9.21537 18.8439 7
      vertex -9.21537 18.8439 13
    endloop
  endfacet
  facet normal 0.471018 0.882123 -0
    outer loop
      vertex -10.3061 18.2609 7
      vertex -10.4445 18.3348 13
      vertex -10.3061 18.2609 13
    endloop
  endfacet
  facet normal 0.471018 0.882123 0
    outer loop
      vertex -10.4445 18.3348 13
      vertex -10.3061 18.2609 7
      vertex -10.4445 18.3348 7
    endloop
  endfacet
  facet normal -0.634428 -0.772982 0
    outer loop
      vertex -9.55554 19.6652 7
      vertex -9.43431 19.5657 13
      vertex -9.55554 19.6652 13
    endloop
  endfacet
  facet normal -0.634428 -0.772982 -0
    outer loop
      vertex -9.43431 19.5657 13
      vertex -9.55554 19.6652 7
      vertex -9.43431 19.5657 7
    endloop
  endfacet
  facet normal 0.0981781 -0.995169 0
    outer loop
      vertex -10.1561 19.7846 7
      vertex -10 19.8 13
      vertex -10.1561 19.7846 13
    endloop
  endfacet
  facet normal 0.0981781 -0.995169 0
    outer loop
      vertex -10 19.8 13
      vertex -10.1561 19.7846 7
      vertex -10 19.8 7
    endloop
  endfacet
  facet normal 0.882123 0.471018 0
    outer loop
      vertex -10.6652 18.5555 13
      vertex -10.7391 18.6939 7
      vertex -10.7391 18.6939 13
    endloop
  endfacet
  facet normal 0.882123 0.471018 0
    outer loop
      vertex -10.7391 18.6939 7
      vertex -10.6652 18.5555 13
      vertex -10.6652 18.5555 7
    endloop
  endfacet
  facet normal 0 0 1
    outer loop
      vertex -9.21537 19.1561 7
      vertex -9.21537 18.8439 7
      vertex -9.2 19 7
    endloop
  endfacet
  facet normal 0 0 1
    outer loop
      vertex -9.2609 19.3061 7
      vertex -9.21537 18.8439 7
      vertex -9.21537 19.1561 7
    endloop
  endfacet
  facet normal 0 0 1
    outer loop
      vertex -9.2609 19.3061 7
      vertex -9.2609 18.6939 7
      vertex -9.21537 18.8439 7
    endloop
  endfacet
  facet normal 0 0 1
    outer loop
      vertex -9.33482 19.4445 7
      vertex -9.2609 18.6939 7
      vertex -9.2609 19.3061 7
    endloop
  endfacet
  facet normal 0 0 1
    outer loop
      vertex -9.33482 19.4445 7
      vertex -9.33482 18.5555 7
      vertex -9.2609 18.6939 7
    endloop
  endfacet
  facet normal 0 0 1
    outer loop
      vertex -9.43431 19.5657 7
      vertex -9.33482 18.5555 7
      vertex -9.33482 19.4445 7
    endloop
  endfacet
  facet normal 0 0 1
    outer loop
      vertex -9.43431 19.5657 7
      vertex -9.43431 18.4343 7
      vertex -9.33482 18.5555 7
    endloop
  endfacet
  facet normal 0 0 1
    outer loop
      vertex -9.55554 19.6652 7
      vertex -9.43431 18.4343 7
      vertex -9.43431 19.5657 7
    endloop
  endfacet
  facet normal 0 0 1
    outer loop
      vertex -9.55554 19.6652 7
      vertex -9.55554 18.3348 7
      vertex -9.43431 18.4343 7
    endloop
  endfacet
  facet normal 0 0 1
    outer loop
      vertex -9.69385 19.7391 7
      vertex -9.55554 18.3348 7
      vertex -9.55554 19.6652 7
    endloop
  endfacet
  facet normal 0 0 1
    outer loop
      vertex -9.69385 19.7391 7
      vertex -9.69385 18.2609 7
      vertex -9.55554 18.3348 7
    endloop
  endfacet
  facet normal 0 0 1
    outer loop
      vertex -9.84393 19.7846 7
      vertex -9.69385 18.2609 7
      vertex -9.69385 19.7391 7
    endloop
  endfacet
  facet normal 0 0 1
    outer loop
      vertex -9.84393 19.7846 7
      vertex -9.84393 18.2154 7
      vertex -9.69385 18.2609 7
    endloop
  endfacet
  facet normal 0 0 1
    outer loop
      vertex -10 19.8 7
      vertex -9.84393 18.2154 7
      vertex -9.84393 19.7846 7
    endloop
  endfacet
  facet normal 0 0 1
    outer loop
      vertex -10 19.8 7
      vertex -10 18.2 7
      vertex -9.84393 18.2154 7
    endloop
  endfacet
  facet normal -0 0 1
    outer loop
      vertex -10.1561 19.7846 7
      vertex -10 18.2 7
      vertex -10 19.8 7
    endloop
  endfacet
  facet normal 0 0 1
    outer loop
      vertex -10.1561 19.7846 7
      vertex -10.1561 18.2154 7
      vertex -10 18.2 7
    endloop
  endfacet
  facet normal -0 0 1
    outer loop
      vertex -10.3061 19.7391 7
      vertex -10.1561 18.2154 7
      vertex -10.1561 19.7846 7
    endloop
  endfacet
  facet normal 0 0 1
    outer loop
      vertex -10.3061 19.7391 7
      vertex -10.3061 18.2609 7
      vertex -10.1561 18.2154 7
    endloop
  endfacet
  facet normal -0 0 1
    outer loop
      vertex -10.4445 19.6652 7
      vertex -10.3061 18.2609 7
      vertex -10.3061 19.7391 7
    endloop
  endfacet
  facet normal 0 0 1
    outer loop
      vertex -10.4445 19.6652 7
      vertex -10.4445 18.3348 7
      vertex -10.3061 18.2609 7
    endloop
  endfacet
  facet normal -0 0 1
    outer loop
      vertex -10.5657 19.5657 7
      vertex -10.4445 18.3348 7
      vertex -10.4445 19.6652 7
    endloop
  endfacet
  facet normal 0 0 1
    outer loop
      vertex -10.5657 19.5657 7
      vertex -10.5657 18.4343 7
      vertex -10.4445 18.3348 7
    endloop
  endfacet
  facet normal -0 0 1
    outer loop
      vertex -10.6652 19.4445 7
      vertex -10.5657 18.4343 7
      vertex -10.5657 19.5657 7
    endloop
  endfacet
  facet normal 0 0 1
    outer loop
      vertex -10.6652 19.4445 7
      vertex -10.6652 18.5555 7
      vertex -10.5657 18.4343 7
    endloop
  endfacet
  facet normal -0 0 1
    outer loop
      vertex -10.7391 19.3061 7
      vertex -10.6652 18.5555 7
      vertex -10.6652 19.4445 7
    endloop
  endfacet
  facet normal 0 0 1
    outer loop
      vertex -10.7391 19.3061 7
      vertex -10.7391 18.6939 7
      vertex -10.6652 18.5555 7
    endloop
  endfacet
  facet normal -0 0 1
    outer loop
      vertex -10.7846 19.1561 7
      vertex -10.7391 18.6939 7
      vertex -10.7391 19.3061 7
    endloop
  endfacet
  facet normal 0 0 1
    outer loop
      vertex -10.7846 19.1561 7
      vertex -10.7846 18.8439 7
      vertex -10.7391 18.6939 7
    endloop
  endfacet
  facet normal 0 -0 1
    outer loop
      vertex -10.7846 18.8439 7
      vertex -10.7846 19.1561 7
      vertex -10.8 19 7
    endloop
  endfacet
  facet normal -0.0981968 0.995167 0
    outer loop
      vertex -9.84393 18.2154 7
      vertex -10 18.2 13
      vertex -9.84393 18.2154 13
    endloop
  endfacet
  facet normal -0.0981968 0.995167 0
    outer loop
      vertex -10 18.2 13
      vertex -9.84393 18.2154 7
      vertex -10 18.2 7
    endloop
  endfacet
  facet normal -0.956891 0.290448 0
    outer loop
      vertex -9.2609 18.6939 7
      vertex -9.21537 18.8439 13
      vertex -9.21537 18.8439 7
    endloop
  endfacet
  facet normal -0.956891 0.290448 0
    outer loop
      vertex -9.21537 18.8439 13
      vertex -9.2609 18.6939 7
      vertex -9.2609 18.6939 13
    endloop
  endfacet
  facet normal -0.772936 0.634484 0
    outer loop
      vertex -9.43431 18.4343 7
      vertex -9.33482 18.5555 13
      vertex -9.33482 18.5555 7
    endloop
  endfacet
  facet normal -0.772936 0.634484 0
    outer loop
      vertex -9.33482 18.5555 13
      vertex -9.43431 18.4343 7
      vertex -9.43431 18.4343 13
    endloop
  endfacet
  facet normal -0.882071 0.471117 0
    outer loop
      vertex -9.33482 18.5555 7
      vertex -9.2609 18.6939 13
      vertex -9.2609 18.6939 7
    endloop
  endfacet
  facet normal -0.882071 0.471117 0
    outer loop
      vertex -9.2609 18.6939 13
      vertex -9.33482 18.5555 7
      vertex -9.33482 18.5555 13
    endloop
  endfacet
  facet normal -0.471257 0.881996 0
    outer loop
      vertex -9.55554 18.3348 7
      vertex -9.69385 18.2609 13
      vertex -9.55554 18.3348 13
    endloop
  endfacet
  facet normal -0.471257 0.881996 0
    outer loop
      vertex -9.69385 18.2609 13
      vertex -9.55554 18.3348 7
      vertex -9.69385 18.2609 7
    endloop
  endfacet
  facet normal 0.956944 0.290273 0
    outer loop
      vertex -10.7391 18.6939 13
      vertex -10.7846 18.8439 7
      vertex -10.7846 18.8439 13
    endloop
  endfacet
  facet normal 0.956944 0.290273 0
    outer loop
      vertex -10.7846 18.8439 7
      vertex -10.7391 18.6939 13
      vertex -10.7391 18.6939 7
    endloop
  endfacet
  facet normal 0.772905 -0.634522 0
    outer loop
      vertex -10.6652 19.4445 13
      vertex -10.5657 19.5657 7
      vertex -10.5657 19.5657 13
    endloop
  endfacet
  facet normal 0.772905 -0.634522 0
    outer loop
      vertex -10.5657 19.5657 7
      vertex -10.6652 19.4445 13
      vertex -10.6652 19.4445 7
    endloop
  endfacet
  facet normal -0.772936 -0.634484 0
    outer loop
      vertex -9.33482 19.4445 7
      vertex -9.43431 19.5657 13
      vertex -9.43431 19.5657 7
    endloop
  endfacet
  facet normal -0.772936 -0.634484 0
    outer loop
      vertex -9.43431 19.5657 13
      vertex -9.33482 19.4445 7
      vertex -9.33482 19.4445 13
    endloop
  endfacet
  facet normal 0.471018 -0.882123 0
    outer loop
      vertex -10.4445 19.6652 7
      vertex -10.3061 19.7391 13
      vertex -10.4445 19.6652 13
    endloop
  endfacet
  facet normal 0.471018 -0.882123 0
    outer loop
      vertex -10.3061 19.7391 13
      vertex -10.4445 19.6652 7
      vertex -10.3061 19.7391 7
    endloop
  endfacet
  facet normal 0.290273 -0.956944 0
    outer loop
      vertex -10.3061 19.7391 7
      vertex -10.1561 19.7846 13
      vertex -10.3061 19.7391 13
    endloop
  endfacet
  facet normal 0.290273 -0.956944 0
    outer loop
      vertex -10.1561 19.7846 13
      vertex -10.3061 19.7391 7
      vertex -10.1561 19.7846 7
    endloop
  endfacet
  facet normal 0.290273 0.956944 -0
    outer loop
      vertex -10.1561 18.2154 7
      vertex -10.3061 18.2609 13
      vertex -10.1561 18.2154 13
    endloop
  endfacet
  facet normal 0.290273 0.956944 0
    outer loop
      vertex -10.3061 18.2609 13
      vertex -10.1561 18.2154 7
      vertex -10.3061 18.2609 7
    endloop
  endfacet
  facet normal 0.634522 -0.772905 0
    outer loop
      vertex -10.5657 19.5657 7
      vertex -10.4445 19.6652 13
      vertex -10.5657 19.5657 13
    endloop
  endfacet
  facet normal 0.634522 -0.772905 0
    outer loop
      vertex -10.4445 19.6652 13
      vertex -10.5657 19.5657 7
      vertex -10.4445 19.6652 7
    endloop
  endfacet
  facet normal -0.290131 -0.956987 0
    outer loop
      vertex -9.84393 19.7846 7
      vertex -9.69385 19.7391 13
      vertex -9.84393 19.7846 13
    endloop
  endfacet
  facet normal -0.290131 -0.956987 -0
    outer loop
      vertex -9.69385 19.7391 13
      vertex -9.84393 19.7846 7
      vertex -9.69385 19.7391 7
    endloop
  endfacet
  facet normal -0.634428 0.772982 0
    outer loop
      vertex -9.43431 18.4343 7
      vertex -9.55554 18.3348 13
      vertex -9.43431 18.4343 13
    endloop
  endfacet
  facet normal -0.634428 0.772982 0
    outer loop
      vertex -9.55554 18.3348 13
      vertex -9.43431 18.4343 7
      vertex -9.55554 18.3348 7
    endloop
  endfacet
  facet normal 0.995169 -0.0981781 0
    outer loop
      vertex -10.8 19 13
      vertex -10.7846 19.1561 7
      vertex -10.7846 19.1561 13
    endloop
  endfacet
  facet normal 0.995169 -0.0981781 0
    outer loop
      vertex -10.7846 19.1561 7
      vertex -10.8 19 13
      vertex -10.8 19 7
    endloop
  endfacet
  facet normal -0.0981968 -0.995167 0
    outer loop
      vertex -10 19.8 7
      vertex -9.84393 19.7846 13
      vertex -10 19.8 13
    endloop
  endfacet
  facet normal -0.0981968 -0.995167 -0
    outer loop
      vertex -9.84393 19.7846 13
      vertex -10 19.8 7
      vertex -9.84393 19.7846 7
    endloop
  endfacet
  facet normal -0.471257 -0.881996 0
    outer loop
      vertex -9.69385 19.7391 7
      vertex -9.55554 19.6652 13
      vertex -9.69385 19.7391 13
    endloop
  endfacet
  facet normal -0.471257 -0.881996 -0
    outer loop
      vertex -9.55554 19.6652 13
      vertex -9.69385 19.7391 7
      vertex -9.55554 19.6652 7
    endloop
  endfacet
  facet normal 0.772905 0.634522 0
    outer loop
      vertex -10.5657 18.4343 13
      vertex -10.6652 18.5555 7
      vertex -10.6652 18.5555 13
    endloop
  endfacet
  facet normal 0.772905 0.634522 0
    outer loop
      vertex -10.6652 18.5555 7
      vertex -10.5657 18.4343 13
      vertex -10.5657 18.4343 7
    endloop
  endfacet
  facet normal 0.0981781 0.995169 -0
    outer loop
      vertex -10 18.2 7
      vertex -10.1561 18.2154 13
      vertex -10 18.2 13
    endloop
  endfacet
  facet normal 0.0981781 0.995169 0
    outer loop
      vertex -10.1561 18.2154 13
      vertex -10 18.2 7
      vertex -10.1561 18.2154 7
    endloop
  endfacet
  facet normal 0.634522 0.772905 -0
    outer loop
      vertex -10.4445 18.3348 7
      vertex -10.5657 18.4343 13
      vertex -10.4445 18.3348 13
    endloop
  endfacet
  facet normal 0.634522 0.772905 0
    outer loop
      vertex -10.5657 18.4343 13
      vertex -10.4445 18.3348 7
      vertex -10.5657 18.4343 7
    endloop
  endfacet
  facet normal 0.956944 -0.290273 0
    outer loop
      vertex -10.7846 19.1561 13
      vertex -10.7391 19.3061 7
      vertex -10.7391 19.3061 13
    endloop
  endfacet
  facet normal 0.956944 -0.290273 0
    outer loop
      vertex -10.7391 19.3061 7
      vertex -10.7846 19.1561 13
      vertex -10.7846 19.1561 7
    endloop
  endfacet
  facet normal 0.882123 -0.471018 0
    outer loop
      vertex -10.7391 19.3061 13
      vertex -10.6652 19.4445 7
      vertex -10.6652 19.4445 13
    endloop
  endfacet
  facet normal 0.882123 -0.471018 0
    outer loop
      vertex -10.6652 19.4445 7
      vertex -10.7391 19.3061 13
      vertex -10.7391 19.3061 7
    endloop
  endfacet
  facet normal 0.995169 0.0981781 0
    outer loop
      vertex -10.7846 18.8439 13
      vertex -10.8 19 7
      vertex -10.8 19 13
    endloop
  endfacet
  facet normal 0.995169 0.0981781 0
    outer loop
      vertex -10.8 19 7
      vertex -10.7846 18.8439 13
      vertex -10.7846 18.8439 7
    endloop
  endfacet
  facet normal -0.290306 0.956934 0
    outer loop
      vertex -9.69385 1.2609 5
      vertex -9.84393 1.21537 11
      vertex -9.69385 1.2609 11
    endloop
  endfacet
  facet normal -0.290306 0.956934 0
    outer loop
      vertex -9.84393 1.21537 11
      vertex -9.69385 1.2609 5
      vertex -9.84393 1.21537 5
    endloop
  endfacet
  facet normal -0.956934 -0.290306 0
    outer loop
      vertex -9.21537 2.15607 5
      vertex -9.2609 2.30615 11
      vertex -9.2609 2.30615 5
    endloop
  endfacet
  facet normal -0.956934 -0.290306 0
    outer loop
      vertex -9.2609 2.30615 11
      vertex -9.21537 2.15607 5
      vertex -9.21537 2.15607 11
    endloop
  endfacet
  facet normal -0.995186 -0.0980073 0
    outer loop
      vertex -9.2 2 5
      vertex -9.21537 2.15607 11
      vertex -9.21537 2.15607 5
    endloop
  endfacet
  facet normal -0.995186 -0.0980073 0
    outer loop
      vertex -9.21537 2.15607 11
      vertex -9.2 2 5
      vertex -9.2 2 11
    endloop
  endfacet
  facet normal -0.881943 -0.471356 0
    outer loop
      vertex -9.2609 2.30615 5
      vertex -9.33482 2.44446 11
      vertex -9.33482 2.44446 5
    endloop
  endfacet
  facet normal -0.881943 -0.471356 0
    outer loop
      vertex -9.33482 2.44446 11
      vertex -9.2609 2.30615 5
      vertex -9.2609 2.30615 11
    endloop
  endfacet
  facet normal -0.995186 0.0980073 0
    outer loop
      vertex -9.21537 1.84393 5
      vertex -9.2 2 11
      vertex -9.2 2 5
    endloop
  endfacet
  facet normal -0.995186 0.0980073 0
    outer loop
      vertex -9.2 2 11
      vertex -9.21537 1.84393 5
      vertex -9.21537 1.84393 11
    endloop
  endfacet
  facet normal 0.471117 0.882071 -0
    outer loop
      vertex -10.3061 1.2609 5
      vertex -10.4445 1.33482 11
      vertex -10.3061 1.2609 11
    endloop
  endfacet
  facet normal 0.471117 0.882071 0
    outer loop
      vertex -10.4445 1.33482 11
      vertex -10.3061 1.2609 5
      vertex -10.4445 1.33482 5
    endloop
  endfacet
  facet normal -0.63439 -0.773013 0
    outer loop
      vertex -9.55554 2.66518 5
      vertex -9.43431 2.56569 11
      vertex -9.55554 2.66518 11
    endloop
  endfacet
  facet normal -0.63439 -0.773013 -0
    outer loop
      vertex -9.43431 2.56569 11
      vertex -9.55554 2.66518 5
      vertex -9.43431 2.56569 5
    endloop
  endfacet
  facet normal 0.0979887 -0.995188 0
    outer loop
      vertex -10.1561 2.78463 5
      vertex -10 2.8 11
      vertex -10.1561 2.78463 11
    endloop
  endfacet
  facet normal 0.0979887 -0.995188 0
    outer loop
      vertex -10 2.8 11
      vertex -10.1561 2.78463 5
      vertex -10 2.8 5
    endloop
  endfacet
  facet normal 0.881996 0.471257 0
    outer loop
      vertex -10.6652 1.55554 11
      vertex -10.7391 1.69385 5
      vertex -10.7391 1.69385 11
    endloop
  endfacet
  facet normal 0.881996 0.471257 0
    outer loop
      vertex -10.7391 1.69385 5
      vertex -10.6652 1.55554 11
      vertex -10.6652 1.55554 5
    endloop
  endfacet
  facet normal 0 0 1
    outer loop
      vertex -9.21537 2.15607 5
      vertex -9.21537 1.84393 5
      vertex -9.2 2 5
    endloop
  endfacet
  facet normal 0 0 1
    outer loop
      vertex -9.2609 2.30615 5
      vertex -9.21537 1.84393 5
      vertex -9.21537 2.15607 5
    endloop
  endfacet
  facet normal 0 0 1
    outer loop
      vertex -9.2609 2.30615 5
      vertex -9.2609 1.69385 5
      vertex -9.21537 1.84393 5
    endloop
  endfacet
  facet normal 0 0 1
    outer loop
      vertex -9.33482 2.44446 5
      vertex -9.2609 1.69385 5
      vertex -9.2609 2.30615 5
    endloop
  endfacet
  facet normal 0 0 1
    outer loop
      vertex -9.33482 2.44446 5
      vertex -9.33482 1.55554 5
      vertex -9.2609 1.69385 5
    endloop
  endfacet
  facet normal 0 0 1
    outer loop
      vertex -9.43431 2.56569 5
      vertex -9.33482 1.55554 5
      vertex -9.33482 2.44446 5
    endloop
  endfacet
  facet normal 0 0 1
    outer loop
      vertex -9.43431 2.56569 5
      vertex -9.43431 1.43431 5
      vertex -9.33482 1.55554 5
    endloop
  endfacet
  facet normal 0 0 1
    outer loop
      vertex -9.55554 2.66518 5
      vertex -9.43431 1.43431 5
      vertex -9.43431 2.56569 5
    endloop
  endfacet
  facet normal 0 0 1
    outer loop
      vertex -9.55554 2.66518 5
      vertex -9.55554 1.33482 5
      vertex -9.43431 1.43431 5
    endloop
  endfacet
  facet normal 0 0 1
    outer loop
      vertex -9.69385 2.7391 5
      vertex -9.55554 1.33482 5
      vertex -9.55554 2.66518 5
    endloop
  endfacet
  facet normal 0 0 1
    outer loop
      vertex -9.69385 2.7391 5
      vertex -9.69385 1.2609 5
      vertex -9.55554 1.33482 5
    endloop
  endfacet
  facet normal 0 0 1
    outer loop
      vertex -9.84393 2.78463 5
      vertex -9.69385 1.2609 5
      vertex -9.69385 2.7391 5
    endloop
  endfacet
  facet normal 0 0 1
    outer loop
      vertex -9.84393 2.78463 5
      vertex -9.84393 1.21537 5
      vertex -9.69385 1.2609 5
    endloop
  endfacet
  facet normal 0 0 1
    outer loop
      vertex -10 2.8 5
      vertex -9.84393 1.21537 5
      vertex -9.84393 2.78463 5
    endloop
  endfacet
  facet normal 0 0 1
    outer loop
      vertex -10 2.8 5
      vertex -10 1.2 5
      vertex -9.84393 1.21537 5
    endloop
  endfacet
  facet normal -0 0 1
    outer loop
      vertex -10.1561 2.78463 5
      vertex -10 1.2 5
      vertex -10 2.8 5
    endloop
  endfacet
  facet normal 0 0 1
    outer loop
      vertex -10.1561 2.78463 5
      vertex -10.1561 1.21537 5
      vertex -10 1.2 5
    endloop
  endfacet
  facet normal -0 0 1
    outer loop
      vertex -10.3061 2.7391 5
      vertex -10.1561 1.21537 5
      vertex -10.1561 2.78463 5
    endloop
  endfacet
  facet normal 0 0 1
    outer loop
      vertex -10.3061 2.7391 5
      vertex -10.3061 1.2609 5
      vertex -10.1561 1.21537 5
    endloop
  endfacet
  facet normal -0 0 1
    outer loop
      vertex -10.4445 2.66518 5
      vertex -10.3061 1.2609 5
      vertex -10.3061 2.7391 5
    endloop
  endfacet
  facet normal 0 0 1
    outer loop
      vertex -10.4445 2.66518 5
      vertex -10.4445 1.33482 5
      vertex -10.3061 1.2609 5
    endloop
  endfacet
  facet normal -0 0 1
    outer loop
      vertex -10.5657 2.56569 5
      vertex -10.4445 1.33482 5
      vertex -10.4445 2.66518 5
    endloop
  endfacet
  facet normal 0 0 1
    outer loop
      vertex -10.5657 2.56569 5
      vertex -10.5657 1.43431 5
      vertex -10.4445 1.33482 5
    endloop
  endfacet
  facet normal -0 0 1
    outer loop
      vertex -10.6652 2.44446 5
      vertex -10.5657 1.43431 5
      vertex -10.5657 2.56569 5
    endloop
  endfacet
  facet normal 0 0 1
    outer loop
      vertex -10.6652 2.44446 5
      vertex -10.6652 1.55554 5
      vertex -10.5657 1.43431 5
    endloop
  endfacet
  facet normal -0 0 1
    outer loop
      vertex -10.7391 2.30615 5
      vertex -10.6652 1.55554 5
      vertex -10.6652 2.44446 5
    endloop
  endfacet
  facet normal 0 0 1
    outer loop
      vertex -10.7391 2.30615 5
      vertex -10.7391 1.69385 5
      vertex -10.6652 1.55554 5
    endloop
  endfacet
  facet normal -0 0 1
    outer loop
      vertex -10.7846 2.15607 5
      vertex -10.7391 1.69385 5
      vertex -10.7391 2.30615 5
    endloop
  endfacet
  facet normal 0 0 1
    outer loop
      vertex -10.7846 2.15607 5
      vertex -10.7846 1.84393 5
      vertex -10.7391 1.69385 5
    endloop
  endfacet
  facet normal 0 -0 1
    outer loop
      vertex -10.7846 1.84393 5
      vertex -10.7846 2.15607 5
      vertex -10.8 2 5
    endloop
  endfacet
  facet normal -0.0980073 0.995186 0
    outer loop
      vertex -9.84393 1.21537 5
      vertex -10 1.2 11
      vertex -9.84393 1.21537 11
    endloop
  endfacet
  facet normal -0.0980073 0.995186 0
    outer loop
      vertex -10 1.2 11
      vertex -9.84393 1.21537 5
      vertex -10 1.2 5
    endloop
  endfacet
  facet normal -0.956934 0.290306 0
    outer loop
      vertex -9.2609 1.69385 5
      vertex -9.21537 1.84393 11
      vertex -9.21537 1.84393 5
    endloop
  endfacet
  facet normal -0.956934 0.290306 0
    outer loop
      vertex -9.21537 1.84393 11
      vertex -9.2609 1.69385 5
      vertex -9.2609 1.69385 11
    endloop
  endfacet
  facet normal -0.773013 0.63439 0
    outer loop
      vertex -9.43431 1.43431 5
      vertex -9.33482 1.55554 11
      vertex -9.33482 1.55554 5
    endloop
  endfacet
  facet normal -0.773013 0.63439 0
    outer loop
      vertex -9.33482 1.55554 11
      vertex -9.43431 1.43431 5
      vertex -9.43431 1.43431 11
    endloop
  endfacet
  facet normal 0.0979887 0.995188 -0
    outer loop
      vertex -10 1.2 5
      vertex -10.1561 1.21537 11
      vertex -10 1.2 11
    endloop
  endfacet
  facet normal 0.0979887 0.995188 0
    outer loop
      vertex -10.1561 1.21537 11
      vertex -10 1.2 5
      vertex -10.1561 1.21537 5
    endloop
  endfacet
  facet normal -0.881943 0.471356 0
    outer loop
      vertex -9.33482 1.55554 5
      vertex -9.2609 1.69385 11
      vertex -9.2609 1.69385 5
    endloop
  endfacet
  facet normal -0.881943 0.471356 0
    outer loop
      vertex -9.2609 1.69385 11
      vertex -9.33482 1.55554 5
      vertex -9.33482 1.55554 11
    endloop
  endfacet
  facet normal -0.471356 0.881943 0
    outer loop
      vertex -9.55554 1.33482 5
      vertex -9.69385 1.2609 11
      vertex -9.55554 1.33482 11
    endloop
  endfacet
  facet normal -0.471356 0.881943 0
    outer loop
      vertex -9.69385 1.2609 11
      vertex -9.55554 1.33482 5
      vertex -9.69385 1.2609 5
    endloop
  endfacet
  facet normal 0.956987 0.290131 0
    outer loop
      vertex -10.7391 1.69385 11
      vertex -10.7846 1.84393 5
      vertex -10.7846 1.84393 11
    endloop
  endfacet
  facet normal 0.956987 0.290131 0
    outer loop
      vertex -10.7846 1.84393 5
      vertex -10.7391 1.69385 11
      vertex -10.7391 1.69385 5
    endloop
  endfacet
  facet normal 0.772982 -0.634428 0
    outer loop
      vertex -10.6652 2.44446 11
      vertex -10.5657 2.56569 5
      vertex -10.5657 2.56569 11
    endloop
  endfacet
  facet normal 0.772982 -0.634428 0
    outer loop
      vertex -10.5657 2.56569 5
      vertex -10.6652 2.44446 11
      vertex -10.6652 2.44446 5
    endloop
  endfacet
  facet normal -0.773013 -0.63439 0
    outer loop
      vertex -9.33482 2.44446 5
      vertex -9.43431 2.56569 11
      vertex -9.43431 2.56569 5
    endloop
  endfacet
  facet normal -0.773013 -0.63439 0
    outer loop
      vertex -9.43431 2.56569 11
      vertex -9.33482 2.44446 5
      vertex -9.33482 2.44446 11
    endloop
  endfacet
  facet normal 0.471117 -0.882071 0
    outer loop
      vertex -10.4445 2.66518 5
      vertex -10.3061 2.7391 11
      vertex -10.4445 2.66518 11
    endloop
  endfacet
  facet normal 0.471117 -0.882071 0
    outer loop
      vertex -10.3061 2.7391 11
      vertex -10.4445 2.66518 5
      vertex -10.3061 2.7391 5
    endloop
  endfacet
  facet normal 0.290448 -0.956891 0
    outer loop
      vertex -10.3061 2.7391 5
      vertex -10.1561 2.78463 11
      vertex -10.3061 2.7391 11
    endloop
  endfacet
  facet normal 0.290448 -0.956891 0
    outer loop
      vertex -10.1561 2.78463 11
      vertex -10.3061 2.7391 5
      vertex -10.1561 2.78463 5
    endloop
  endfacet
  facet normal 0.290448 0.956891 -0
    outer loop
      vertex -10.1561 1.21537 5
      vertex -10.3061 1.2609 11
      vertex -10.1561 1.21537 11
    endloop
  endfacet
  facet normal 0.290448 0.956891 0
    outer loop
      vertex -10.3061 1.2609 11
      vertex -10.1561 1.21537 5
      vertex -10.3061 1.2609 5
    endloop
  endfacet
  facet normal 0.634484 -0.772936 0
    outer loop
      vertex -10.5657 2.56569 5
      vertex -10.4445 2.66518 11
      vertex -10.5657 2.56569 11
    endloop
  endfacet
  facet normal 0.634484 -0.772936 0
    outer loop
      vertex -10.4445 2.66518 11
      vertex -10.5657 2.56569 5
      vertex -10.4445 2.66518 5
    endloop
  endfacet
  facet normal -0.290306 -0.956934 0
    outer loop
      vertex -9.84393 2.78463 5
      vertex -9.69385 2.7391 11
      vertex -9.84393 2.78463 11
    endloop
  endfacet
  facet normal -0.290306 -0.956934 -0
    outer loop
      vertex -9.69385 2.7391 11
      vertex -9.84393 2.78463 5
      vertex -9.69385 2.7391 5
    endloop
  endfacet
  facet normal -0.63439 0.773013 0
    outer loop
      vertex -9.43431 1.43431 5
      vertex -9.55554 1.33482 11
      vertex -9.43431 1.43431 11
    endloop
  endfacet
  facet normal -0.63439 0.773013 0
    outer loop
      vertex -9.55554 1.33482 11
      vertex -9.43431 1.43431 5
      vertex -9.55554 1.33482 5
    endloop
  endfacet
  facet normal 0.995167 -0.0981968 0
    outer loop
      vertex -10.8 2 11
      vertex -10.7846 2.15607 5
      vertex -10.7846 2.15607 11
    endloop
  endfacet
  facet normal 0.995167 -0.0981968 0
    outer loop
      vertex -10.7846 2.15607 5
      vertex -10.8 2 11
      vertex -10.8 2 5
    endloop
  endfacet
  facet normal -0.0980073 -0.995186 0
    outer loop
      vertex -10 2.8 5
      vertex -9.84393 2.78463 11
      vertex -10 2.8 11
    endloop
  endfacet
  facet normal -0.0980073 -0.995186 -0
    outer loop
      vertex -9.84393 2.78463 11
      vertex -10 2.8 5
      vertex -9.84393 2.78463 5
    endloop
  endfacet
  facet normal -0.471356 -0.881943 0
    outer loop
      vertex -9.69385 2.7391 5
      vertex -9.55554 2.66518 11
      vertex -9.69385 2.7391 11
    endloop
  endfacet
  facet normal -0.471356 -0.881943 -0
    outer loop
      vertex -9.55554 2.66518 11
      vertex -9.69385 2.7391 5
      vertex -9.55554 2.66518 5
    endloop
  endfacet
  facet normal 0.772982 0.634428 0
    outer loop
      vertex -10.5657 1.43431 11
      vertex -10.6652 1.55554 5
      vertex -10.6652 1.55554 11
    endloop
  endfacet
  facet normal 0.772982 0.634428 0
    outer loop
      vertex -10.6652 1.55554 5
      vertex -10.5657 1.43431 11
      vertex -10.5657 1.43431 5
    endloop
  endfacet
  facet normal 0.634484 0.772936 -0
    outer loop
      vertex -10.4445 1.33482 5
      vertex -10.5657 1.43431 11
      vertex -10.4445 1.33482 11
    endloop
  endfacet
  facet normal 0.634484 0.772936 0
    outer loop
      vertex -10.5657 1.43431 11
      vertex -10.4445 1.33482 5
      vertex -10.5657 1.43431 5
    endloop
  endfacet
  facet normal 0.956987 -0.290131 0
    outer loop
      vertex -10.7846 2.15607 11
      vertex -10.7391 2.30615 5
      vertex -10.7391 2.30615 11
    endloop
  endfacet
  facet normal 0.956987 -0.290131 0
    outer loop
      vertex -10.7391 2.30615 5
      vertex -10.7846 2.15607 11
      vertex -10.7846 2.15607 5
    endloop
  endfacet
  facet normal 0.881996 -0.471257 0
    outer loop
      vertex -10.7391 2.30615 11
      vertex -10.6652 2.44446 5
      vertex -10.6652 2.44446 11
    endloop
  endfacet
  facet normal 0.881996 -0.471257 0
    outer loop
      vertex -10.6652 2.44446 5
      vertex -10.7391 2.30615 11
      vertex -10.7391 2.30615 5
    endloop
  endfacet
  facet normal 0.995167 0.0981968 0
    outer loop
      vertex -10.7846 1.84393 11
      vertex -10.8 2 5
      vertex -10.8 2 11
    endloop
  endfacet
  facet normal 0.995167 0.0981968 0
    outer loop
      vertex -10.8 2 5
      vertex -10.7846 1.84393 11
      vertex -10.7846 1.84393 5
    endloop
  endfacet
  facet normal 0.995183 0.0980298 0
    outer loop
      vertex -0.833667 18.8342 13
      vertex -0.849999 19 7
      vertex -0.849999 19 13
    endloop
  endfacet
  facet normal 0.995183 0.0980298 0
    outer loop
      vertex -0.849999 19 7
      vertex -0.833667 18.8342 13
      vertex -0.833667 18.8342 7
    endloop
  endfacet
  facet normal 0.29045 -0.95689 0
    outer loop
      vertex -0.32528 19.7853 7
      vertex -0.165826 19.8337 13
      vertex -0.32528 19.7853 13
    endloop
  endfacet
  facet normal 0.29045 -0.95689 0
    outer loop
      vertex -0.165826 19.8337 13
      vertex -0.32528 19.7853 7
      vertex -0.165826 19.8337 7
    endloop
  endfacet
  facet normal -0.956963 -0.290209 0
    outer loop
      vertex 0.833667 19.1658 7
      vertex 0.785297 19.3253 13
      vertex 0.785297 19.3253 7
    endloop
  endfacet
  facet normal -0.956963 -0.290209 0
    outer loop
      vertex 0.785297 19.3253 13
      vertex 0.833667 19.1658 7
      vertex 0.833667 19.1658 13
    endloop
  endfacet
  facet normal -0.995183 -0.0980298 0
    outer loop
      vertex 0.849999 19 7
      vertex 0.833667 19.1658 13
      vertex 0.833667 19.1658 7
    endloop
  endfacet
  facet normal -0.995183 -0.0980298 0
    outer loop
      vertex 0.833667 19.1658 13
      vertex 0.849999 19 7
      vertex 0.849999 19 13
    endloop
  endfacet
  facet normal -0.881851 -0.471529 0
    outer loop
      vertex 0.785297 19.3253 7
      vertex 0.706749 19.4722 13
      vertex 0.706749 19.4722 7
    endloop
  endfacet
  facet normal -0.881851 -0.471529 0
    outer loop
      vertex 0.706749 19.4722 13
      vertex 0.785297 19.3253 7
      vertex 0.785297 19.3253 13
    endloop
  endfacet
  facet normal 0 0 1
    outer loop
      vertex 0.833667 19.1658 7
      vertex 0.833667 18.8342 7
      vertex 0.849999 19 7
    endloop
  endfacet
  facet normal 0 0 1
    outer loop
      vertex 0.785297 19.3253 7
      vertex 0.833667 18.8342 7
      vertex 0.833667 19.1658 7
    endloop
  endfacet
  facet normal 0 0 1
    outer loop
      vertex 0.785297 19.3253 7
      vertex 0.785297 18.6747 7
      vertex 0.833667 18.8342 7
    endloop
  endfacet
  facet normal 0 0 1
    outer loop
      vertex 0.706749 19.4722 7
      vertex 0.785297 18.6747 7
      vertex 0.785297 19.3253 7
    endloop
  endfacet
  facet normal 0 0 1
    outer loop
      vertex 0.706749 19.4722 7
      vertex 0.706749 18.5278 7
      vertex 0.785297 18.6747 7
    endloop
  endfacet
  facet normal 0 0 1
    outer loop
      vertex 0.60104 19.601 7
      vertex 0.706749 18.5278 7
      vertex 0.706749 19.4722 7
    endloop
  endfacet
  facet normal 0 0 1
    outer loop
      vertex 0.60104 19.601 7
      vertex 0.60104 18.399 7
      vertex 0.706749 18.5278 7
    endloop
  endfacet
  facet normal 0 0 1
    outer loop
      vertex 0.472234 19.7067 7
      vertex 0.60104 18.399 7
      vertex 0.60104 19.601 7
    endloop
  endfacet
  facet normal 0 0 1
    outer loop
      vertex 0.472234 19.7067 7
      vertex 0.472234 18.2933 7
      vertex 0.60104 18.399 7
    endloop
  endfacet
  facet normal 0 0 1
    outer loop
      vertex 0.32528 19.7853 7
      vertex 0.472234 18.2933 7
      vertex 0.472234 19.7067 7
    endloop
  endfacet
  facet normal 0 0 1
    outer loop
      vertex 0.32528 19.7853 7
      vertex 0.32528 18.2147 7
      vertex 0.472234 18.2933 7
    endloop
  endfacet
  facet normal 0 0 1
    outer loop
      vertex 0.165826 19.8337 7
      vertex 0.32528 18.2147 7
      vertex 0.32528 19.7853 7
    endloop
  endfacet
  facet normal 0 0 1
    outer loop
      vertex 0.165826 19.8337 7
      vertex 0.165826 18.1663 7
      vertex 0.32528 18.2147 7
    endloop
  endfacet
  facet normal 0 0 1
    outer loop
      vertex 0 19.85 7
      vertex 0.165826 18.1663 7
      vertex 0.165826 19.8337 7
    endloop
  endfacet
  facet normal 0 0 1
    outer loop
      vertex 0 19.85 7
      vertex 0 18.15 7
      vertex 0.165826 18.1663 7
    endloop
  endfacet
  facet normal -0 0 1
    outer loop
      vertex -0.165826 19.8337 7
      vertex 0 18.15 7
      vertex 0 19.85 7
    endloop
  endfacet
  facet normal 0 0 1
    outer loop
      vertex -0.165826 19.8337 7
      vertex -0.165826 18.1663 7
      vertex 0 18.15 7
    endloop
  endfacet
  facet normal -0 0 1
    outer loop
      vertex -0.32528 19.7853 7
      vertex -0.165826 18.1663 7
      vertex -0.165826 19.8337 7
    endloop
  endfacet
  facet normal 0 0 1
    outer loop
      vertex -0.32528 19.7853 7
      vertex -0.32528 18.2147 7
      vertex -0.165826 18.1663 7
    endloop
  endfacet
  facet normal -0 0 1
    outer loop
      vertex -0.472234 19.7067 7
      vertex -0.32528 18.2147 7
      vertex -0.32528 19.7853 7
    endloop
  endfacet
  facet normal 0 0 1
    outer loop
      vertex -0.472234 19.7067 7
      vertex -0.472234 18.2933 7
      vertex -0.32528 18.2147 7
    endloop
  endfacet
  facet normal -0 0 1
    outer loop
      vertex -0.60104 19.601 7
      vertex -0.472234 18.2933 7
      vertex -0.472234 19.7067 7
    endloop
  endfacet
  facet normal 0 0 1
    outer loop
      vertex -0.60104 19.601 7
      vertex -0.60104 18.399 7
      vertex -0.472234 18.2933 7
    endloop
  endfacet
  facet normal -0 0 1
    outer loop
      vertex -0.706749 19.4722 7
      vertex -0.60104 18.399 7
      vertex -0.60104 19.601 7
    endloop
  endfacet
  facet normal 0 0 1
    outer loop
      vertex -0.706749 19.4722 7
      vertex -0.706749 18.5278 7
      vertex -0.60104 18.399 7
    endloop
  endfacet
  facet normal -0 0 1
    outer loop
      vertex -0.785297 19.3253 7
      vertex -0.706749 18.5278 7
      vertex -0.706749 19.4722 7
    endloop
  endfacet
  facet normal 0 0 1
    outer loop
      vertex -0.785297 19.3253 7
      vertex -0.785297 18.6747 7
      vertex -0.706749 18.5278 7
    endloop
  endfacet
  facet normal -0 0 1
    outer loop
      vertex -0.833667 19.1658 7
      vertex -0.785297 18.6747 7
      vertex -0.785297 19.3253 7
    endloop
  endfacet
  facet normal 0 0 1
    outer loop
      vertex -0.833667 19.1658 7
      vertex -0.833667 18.8342 7
      vertex -0.785297 18.6747 7
    endloop
  endfacet
  facet normal 0 -0 1
    outer loop
      vertex -0.833667 18.8342 7
      vertex -0.833667 19.1658 7
      vertex -0.849999 19 7
    endloop
  endfacet
  facet normal -0.29045 0.95689 0
    outer loop
      vertex 0.32528 18.2147 7
      vertex 0.165826 18.1663 13
      vertex 0.32528 18.2147 13
    endloop
  endfacet
  facet normal -0.29045 0.95689 0
    outer loop
      vertex 0.165826 18.1663 13
      vertex 0.32528 18.2147 7
      vertex 0.165826 18.1663 7
    endloop
  endfacet
  facet normal -0.995183 0.0980298 0
    outer loop
      vertex 0.833667 18.8342 7
      vertex 0.849999 19 13
      vertex 0.849999 19 7
    endloop
  endfacet
  facet normal -0.995183 0.0980298 0
    outer loop
      vertex 0.849999 19 13
      vertex 0.833667 18.8342 7
      vertex 0.833667 18.8342 13
    endloop
  endfacet
  facet normal 0.471637 0.881793 -0
    outer loop
      vertex -0.32528 18.2147 7
      vertex -0.472234 18.2933 13
      vertex -0.32528 18.2147 13
    endloop
  endfacet
  facet normal 0.471637 0.881793 0
    outer loop
      vertex -0.472234 18.2933 13
      vertex -0.32528 18.2147 7
      vertex -0.472234 18.2933 7
    endloop
  endfacet
  facet normal -0.772994 -0.634413 0
    outer loop
      vertex 0.706749 19.4722 7
      vertex 0.60104 19.601 13
      vertex 0.60104 19.601 7
    endloop
  endfacet
  facet normal -0.772994 -0.634413 0
    outer loop
      vertex 0.60104 19.601 13
      vertex 0.706749 19.4722 7
      vertex 0.706749 19.4722 13
    endloop
  endfacet
  facet normal -0.0978243 0.995204 0
    outer loop
      vertex 0.165826 18.1663 7
      vertex 0 18.15 13
      vertex 0.165826 18.1663 13
    endloop
  endfacet
  facet normal -0.0978243 0.995204 0
    outer loop
      vertex 0 18.15 13
      vertex 0.165826 18.1663 7
      vertex 0 18.15 7
    endloop
  endfacet
  facet normal 0.772994 -0.634413 0
    outer loop
      vertex -0.706749 19.4722 13
      vertex -0.60104 19.601 7
      vertex -0.60104 19.601 13
    endloop
  endfacet
  facet normal 0.772994 -0.634413 0
    outer loop
      vertex -0.60104 19.601 7
      vertex -0.706749 19.4722 13
      vertex -0.706749 19.4722 7
    endloop
  endfacet
  facet normal 0.0978243 -0.995204 0
    outer loop
      vertex -0.165826 19.8337 7
      vertex 0 19.85 13
      vertex -0.165826 19.8337 13
    endloop
  endfacet
  facet normal 0.0978243 -0.995204 0
    outer loop
      vertex 0 19.85 13
      vertex -0.165826 19.8337 7
      vertex 0 19.85 7
    endloop
  endfacet
  facet normal -0.0978243 -0.995204 0
    outer loop
      vertex 0 19.85 7
      vertex 0.165826 19.8337 13
      vertex 0 19.85 13
    endloop
  endfacet
  facet normal -0.0978243 -0.995204 -0
    outer loop
      vertex 0.165826 19.8337 13
      vertex 0 19.85 7
      vertex 0.165826 19.8337 7
    endloop
  endfacet
  facet normal -0.634363 0.773035 0
    outer loop
      vertex 0.60104 18.399 7
      vertex 0.472234 18.2933 13
      vertex 0.60104 18.399 13
    endloop
  endfacet
  facet normal -0.634363 0.773035 0
    outer loop
      vertex 0.472234 18.2933 13
      vertex 0.60104 18.399 7
      vertex 0.472234 18.2933 7
    endloop
  endfacet
  facet normal -0.881851 0.471529 0
    outer loop
      vertex 0.706749 18.5278 7
      vertex 0.785297 18.6747 13
      vertex 0.785297 18.6747 7
    endloop
  endfacet
  facet normal -0.881851 0.471529 0
    outer loop
      vertex 0.785297 18.6747 13
      vertex 0.706749 18.5278 7
      vertex 0.706749 18.5278 13
    endloop
  endfacet
  facet normal -0.956963 0.290209 0
    outer loop
      vertex 0.785297 18.6747 7
      vertex 0.833667 18.8342 13
      vertex 0.833667 18.8342 7
    endloop
  endfacet
  facet normal -0.956963 0.290209 0
    outer loop
      vertex 0.833667 18.8342 13
      vertex 0.785297 18.6747 7
      vertex 0.785297 18.6747 13
    endloop
  endfacet
  facet normal 0.634363 -0.773035 0
    outer loop
      vertex -0.60104 19.601 7
      vertex -0.472234 19.7067 13
      vertex -0.60104 19.601 13
    endloop
  endfacet
  facet normal 0.634363 -0.773035 0
    outer loop
      vertex -0.472234 19.7067 13
      vertex -0.60104 19.601 7
      vertex -0.472234 19.7067 7
    endloop
  endfacet
  facet normal 0.995183 -0.0980298 0
    outer loop
      vertex -0.849999 19 13
      vertex -0.833667 19.1658 7
      vertex -0.833667 19.1658 13
    endloop
  endfacet
  facet normal 0.995183 -0.0980298 0
    outer loop
      vertex -0.833667 19.1658 7
      vertex -0.849999 19 13
      vertex -0.849999 19 7
    endloop
  endfacet
  facet normal 0.956963 0.290209 0
    outer loop
      vertex -0.785297 18.6747 13
      vertex -0.833667 18.8342 7
      vertex -0.833667 18.8342 13
    endloop
  endfacet
  facet normal 0.956963 0.290209 0
    outer loop
      vertex -0.833667 18.8342 7
      vertex -0.785297 18.6747 13
      vertex -0.785297 18.6747 7
    endloop
  endfacet
  facet normal 0.471637 -0.881793 0
    outer loop
      vertex -0.472234 19.7067 7
      vertex -0.32528 19.7853 13
      vertex -0.472234 19.7067 13
    endloop
  endfacet
  facet normal 0.471637 -0.881793 0
    outer loop
      vertex -0.32528 19.7853 13
      vertex -0.472234 19.7067 7
      vertex -0.32528 19.7853 7
    endloop
  endfacet
  facet normal -0.772994 0.634413 0
    outer loop
      vertex 0.60104 18.399 7
      vertex 0.706749 18.5278 13
      vertex 0.706749 18.5278 7
    endloop
  endfacet
  facet normal -0.772994 0.634413 0
    outer loop
      vertex 0.706749 18.5278 13
      vertex 0.60104 18.399 7
      vertex 0.60104 18.399 13
    endloop
  endfacet
  facet normal -0.29045 -0.95689 0
    outer loop
      vertex 0.165826 19.8337 7
      vertex 0.32528 19.7853 13
      vertex 0.165826 19.8337 13
    endloop
  endfacet
  facet normal -0.29045 -0.95689 -0
    outer loop
      vertex 0.32528 19.7853 13
      vertex 0.165826 19.8337 7
      vertex 0.32528 19.7853 7
    endloop
  endfacet
  facet normal 0.956963 -0.290209 0
    outer loop
      vertex -0.833667 19.1658 13
      vertex -0.785297 19.3253 7
      vertex -0.785297 19.3253 13
    endloop
  endfacet
  facet normal 0.956963 -0.290209 0
    outer loop
      vertex -0.785297 19.3253 7
      vertex -0.833667 19.1658 13
      vertex -0.833667 19.1658 7
    endloop
  endfacet
  facet normal -0.471637 0.881793 0
    outer loop
      vertex 0.472234 18.2933 7
      vertex 0.32528 18.2147 13
      vertex 0.472234 18.2933 13
    endloop
  endfacet
  facet normal -0.471637 0.881793 0
    outer loop
      vertex 0.32528 18.2147 13
      vertex 0.472234 18.2933 7
      vertex 0.32528 18.2147 7
    endloop
  endfacet
  facet normal -0.634363 -0.773035 0
    outer loop
      vertex 0.472234 19.7067 7
      vertex 0.60104 19.601 13
      vertex 0.472234 19.7067 13
    endloop
  endfacet
  facet normal -0.634363 -0.773035 -0
    outer loop
      vertex 0.60104 19.601 13
      vertex 0.472234 19.7067 7
      vertex 0.60104 19.601 7
    endloop
  endfacet
  facet normal -0.471637 -0.881793 0
    outer loop
      vertex 0.32528 19.7853 7
      vertex 0.472234 19.7067 13
      vertex 0.32528 19.7853 13
    endloop
  endfacet
  facet normal -0.471637 -0.881793 -0
    outer loop
      vertex 0.472234 19.7067 13
      vertex 0.32528 19.7853 7
      vertex 0.472234 19.7067 7
    endloop
  endfacet
  facet normal 0.29045 0.95689 -0
    outer loop
      vertex -0.165826 18.1663 7
      vertex -0.32528 18.2147 13
      vertex -0.165826 18.1663 13
    endloop
  endfacet
  facet normal 0.29045 0.95689 0
    outer loop
      vertex -0.32528 18.2147 13
      vertex -0.165826 18.1663 7
      vertex -0.32528 18.2147 7
    endloop
  endfacet
  facet normal 0.881851 0.471529 0
    outer loop
      vertex -0.706749 18.5278 13
      vertex -0.785297 18.6747 7
      vertex -0.785297 18.6747 13
    endloop
  endfacet
  facet normal 0.881851 0.471529 0
    outer loop
      vertex -0.785297 18.6747 7
      vertex -0.706749 18.5278 13
      vertex -0.706749 18.5278 7
    endloop
  endfacet
  facet normal 0.772994 0.634413 0
    outer loop
      vertex -0.60104 18.399 13
      vertex -0.706749 18.5278 7
      vertex -0.706749 18.5278 13
    endloop
  endfacet
  facet normal 0.772994 0.634413 0
    outer loop
      vertex -0.706749 18.5278 7
      vertex -0.60104 18.399 13
      vertex -0.60104 18.399 7
    endloop
  endfacet
  facet normal 0.634363 0.773035 -0
    outer loop
      vertex -0.472234 18.2933 7
      vertex -0.60104 18.399 13
      vertex -0.472234 18.2933 13
    endloop
  endfacet
  facet normal 0.634363 0.773035 0
    outer loop
      vertex -0.60104 18.399 13
      vertex -0.472234 18.2933 7
      vertex -0.60104 18.399 7
    endloop
  endfacet
  facet normal 0.0978243 0.995204 -0
    outer loop
      vertex 0 18.15 7
      vertex -0.165826 18.1663 13
      vertex 0 18.15 13
    endloop
  endfacet
  facet normal 0.0978243 0.995204 0
    outer loop
      vertex -0.165826 18.1663 13
      vertex 0 18.15 7
      vertex -0.165826 18.1663 7
    endloop
  endfacet
  facet normal 0.881851 -0.471529 0
    outer loop
      vertex -0.785297 19.3253 13
      vertex -0.706749 19.4722 7
      vertex -0.706749 19.4722 13
    endloop
  endfacet
  facet normal 0.881851 -0.471529 0
    outer loop
      vertex -0.706749 19.4722 7
      vertex -0.785297 19.3253 13
      vertex -0.785297 19.3253 7
    endloop
  endfacet
  facet normal 0.995185 0.0980122 0
    outer loop
      vertex -0.833667 1.83417 11
      vertex -0.849999 2 5
      vertex -0.849999 2 11
    endloop
  endfacet
  facet normal 0.995185 0.0980122 0
    outer loop
      vertex -0.849999 2 5
      vertex -0.833667 1.83417 11
      vertex -0.833667 1.83417 5
    endloop
  endfacet
  facet normal 0.290286 -0.95694 0
    outer loop
      vertex -0.32528 2.7853 5
      vertex -0.165826 2.83367 11
      vertex -0.32528 2.7853 11
    endloop
  endfacet
  facet normal 0.290286 -0.95694 0
    outer loop
      vertex -0.165826 2.83367 11
      vertex -0.32528 2.7853 5
      vertex -0.165826 2.83367 5
    endloop
  endfacet
  facet normal -0.956938 -0.290292 0
    outer loop
      vertex 0.833667 2.16583 5
      vertex 0.785297 2.32528 11
      vertex 0.785297 2.32528 5
    endloop
  endfacet
  facet normal -0.956938 -0.290292 0
    outer loop
      vertex 0.785297 2.32528 11
      vertex 0.833667 2.16583 5
      vertex 0.833667 2.16583 11
    endloop
  endfacet
  facet normal -0.995185 -0.0980122 0
    outer loop
      vertex 0.849999 2 5
      vertex 0.833667 2.16583 11
      vertex 0.833667 2.16583 5
    endloop
  endfacet
  facet normal -0.995185 -0.0980122 0
    outer loop
      vertex 0.833667 2.16583 11
      vertex 0.849999 2 5
      vertex 0.849999 2 11
    endloop
  endfacet
  facet normal -0.881917 -0.471404 0
    outer loop
      vertex 0.785297 2.32528 5
      vertex 0.706749 2.47223 11
      vertex 0.706749 2.47223 5
    endloop
  endfacet
  facet normal -0.881917 -0.471404 0
    outer loop
      vertex 0.706749 2.47223 11
      vertex 0.785297 2.32528 5
      vertex 0.785297 2.32528 11
    endloop
  endfacet
  facet normal -0.290286 0.95694 0
    outer loop
      vertex 0.32528 1.2147 5
      vertex 0.165826 1.16633 11
      vertex 0.32528 1.2147 11
    endloop
  endfacet
  facet normal -0.290286 0.95694 0
    outer loop
      vertex 0.165826 1.16633 11
      vertex 0.32528 1.2147 5
      vertex 0.165826 1.16633 5
    endloop
  endfacet
  facet normal -0.995185 0.0980122 0
    outer loop
      vertex 0.833667 1.83417 5
      vertex 0.849999 2 11
      vertex 0.849999 2 5
    endloop
  endfacet
  facet normal -0.995185 0.0980122 0
    outer loop
      vertex 0.849999 2 11
      vertex 0.833667 1.83417 5
      vertex 0.833667 1.83417 11
    endloop
  endfacet
  facet normal 0.471404 0.881918 -0
    outer loop
      vertex -0.32528 1.2147 5
      vertex -0.472234 1.29325 11
      vertex -0.32528 1.2147 11
    endloop
  endfacet
  facet normal 0.471404 0.881918 0
    outer loop
      vertex -0.472234 1.29325 11
      vertex -0.32528 1.2147 5
      vertex -0.472234 1.29325 5
    endloop
  endfacet
  facet normal -0.773018 -0.634384 0
    outer loop
      vertex 0.706749 2.47223 5
      vertex 0.60104 2.60104 11
      vertex 0.60104 2.60104 5
    endloop
  endfacet
  facet normal -0.773018 -0.634384 0
    outer loop
      vertex 0.60104 2.60104 11
      vertex 0.706749 2.47223 5
      vertex 0.706749 2.47223 11
    endloop
  endfacet
  facet normal -0.0980027 0.995186 0
    outer loop
      vertex 0.165826 1.16633 5
      vertex 0 1.15 11
      vertex 0.165826 1.16633 11
    endloop
  endfacet
  facet normal -0.0980027 0.995186 0
    outer loop
      vertex 0 1.15 11
      vertex 0.165826 1.16633 5
      vertex 0 1.15 5
    endloop
  endfacet
  facet normal 0.773018 -0.634384 0
    outer loop
      vertex -0.706749 2.47223 11
      vertex -0.60104 2.60104 5
      vertex -0.60104 2.60104 11
    endloop
  endfacet
  facet normal 0.773018 -0.634384 0
    outer loop
      vertex -0.60104 2.60104 5
      vertex -0.706749 2.47223 11
      vertex -0.706749 2.47223 5
    endloop
  endfacet
  facet normal 0.0980027 -0.995186 0
    outer loop
      vertex -0.165826 2.83367 5
      vertex 0 2.85 11
      vertex -0.165826 2.83367 11
    endloop
  endfacet
  facet normal 0.0980027 -0.995186 0
    outer loop
      vertex 0 2.85 11
      vertex -0.165826 2.83367 5
      vertex 0 2.85 5
    endloop
  endfacet
  facet normal -0.0980027 -0.995186 0
    outer loop
      vertex 0 2.85 5
      vertex 0.165826 2.83367 11
      vertex 0 2.85 11
    endloop
  endfacet
  facet normal -0.0980027 -0.995186 -0
    outer loop
      vertex 0.165826 2.83367 11
      vertex 0 2.85 5
      vertex 0.165826 2.83367 5
    endloop
  endfacet
  facet normal -0.634399 0.773006 0
    outer loop
      vertex 0.60104 1.39896 5
      vertex 0.472234 1.29325 11
      vertex 0.60104 1.39896 11
    endloop
  endfacet
  facet normal -0.634399 0.773006 0
    outer loop
      vertex 0.472234 1.29325 11
      vertex 0.60104 1.39896 5
      vertex 0.472234 1.29325 5
    endloop
  endfacet
  facet normal -0.881917 0.471404 0
    outer loop
      vertex 0.706749 1.52777 5
      vertex 0.785297 1.67472 11
      vertex 0.785297 1.67472 5
    endloop
  endfacet
  facet normal -0.881917 0.471404 0
    outer loop
      vertex 0.785297 1.67472 11
      vertex 0.706749 1.52777 5
      vertex 0.706749 1.52777 11
    endloop
  endfacet
  facet normal -0.956938 0.290292 0
    outer loop
      vertex 0.785297 1.67472 5
      vertex 0.833667 1.83417 11
      vertex 0.833667 1.83417 5
    endloop
  endfacet
  facet normal -0.956938 0.290292 0
    outer loop
      vertex 0.833667 1.83417 11
      vertex 0.785297 1.67472 5
      vertex 0.785297 1.67472 11
    endloop
  endfacet
  facet normal 0.995185 -0.0980122 0
    outer loop
      vertex -0.849999 2 11
      vertex -0.833667 2.16583 5
      vertex -0.833667 2.16583 11
    endloop
  endfacet
  facet normal 0.995185 -0.0980122 0
    outer loop
      vertex -0.833667 2.16583 5
      vertex -0.849999 2 11
      vertex -0.849999 2 5
    endloop
  endfacet
  facet normal 0.956938 0.290292 0
    outer loop
      vertex -0.785297 1.67472 11
      vertex -0.833667 1.83417 5
      vertex -0.833667 1.83417 11
    endloop
  endfacet
  facet normal 0.956938 0.290292 0
    outer loop
      vertex -0.833667 1.83417 5
      vertex -0.785297 1.67472 11
      vertex -0.785297 1.67472 5
    endloop
  endfacet
  facet normal 0.471404 -0.881918 0
    outer loop
      vertex -0.472234 2.70675 5
      vertex -0.32528 2.7853 11
      vertex -0.472234 2.70675 11
    endloop
  endfacet
  facet normal 0.471404 -0.881918 0
    outer loop
      vertex -0.32528 2.7853 11
      vertex -0.472234 2.70675 5
      vertex -0.32528 2.7853 5
    endloop
  endfacet
  facet normal -0.773018 0.634384 0
    outer loop
      vertex 0.60104 1.39896 5
      vertex 0.706749 1.52777 11
      vertex 0.706749 1.52777 5
    endloop
  endfacet
  facet normal -0.773018 0.634384 0
    outer loop
      vertex 0.706749 1.52777 11
      vertex 0.60104 1.39896 5
      vertex 0.60104 1.39896 11
    endloop
  endfacet
  facet normal -0.290286 -0.95694 0
    outer loop
      vertex 0.165826 2.83367 5
      vertex 0.32528 2.7853 11
      vertex 0.165826 2.83367 11
    endloop
  endfacet
  facet normal -0.290286 -0.95694 -0
    outer loop
      vertex 0.32528 2.7853 11
      vertex 0.165826 2.83367 5
      vertex 0.32528 2.7853 5
    endloop
  endfacet
  facet normal 0.956938 -0.290292 0
    outer loop
      vertex -0.833667 2.16583 11
      vertex -0.785297 2.32528 5
      vertex -0.785297 2.32528 11
    endloop
  endfacet
  facet normal 0.956938 -0.290292 0
    outer loop
      vertex -0.785297 2.32528 5
      vertex -0.833667 2.16583 11
      vertex -0.833667 2.16583 5
    endloop
  endfacet
  facet normal 0 0 1
    outer loop
      vertex 0.833667 2.16583 5
      vertex 0.833667 1.83417 5
      vertex 0.849999 2 5
    endloop
  endfacet
  facet normal 0 0 1
    outer loop
      vertex 0.785297 2.32528 5
      vertex 0.833667 1.83417 5
      vertex 0.833667 2.16583 5
    endloop
  endfacet
  facet normal 0 0 1
    outer loop
      vertex 0.785297 2.32528 5
      vertex 0.785297 1.67472 5
      vertex 0.833667 1.83417 5
    endloop
  endfacet
  facet normal 0 0 1
    outer loop
      vertex 0.706749 2.47223 5
      vertex 0.785297 1.67472 5
      vertex 0.785297 2.32528 5
    endloop
  endfacet
  facet normal 0 0 1
    outer loop
      vertex 0.706749 2.47223 5
      vertex 0.706749 1.52777 5
      vertex 0.785297 1.67472 5
    endloop
  endfacet
  facet normal 0 0 1
    outer loop
      vertex 0.60104 2.60104 5
      vertex 0.706749 1.52777 5
      vertex 0.706749 2.47223 5
    endloop
  endfacet
  facet normal 0 0 1
    outer loop
      vertex 0.60104 2.60104 5
      vertex 0.60104 1.39896 5
      vertex 0.706749 1.52777 5
    endloop
  endfacet
  facet normal 0 0 1
    outer loop
      vertex 0.472234 2.70675 5
      vertex 0.60104 1.39896 5
      vertex 0.60104 2.60104 5
    endloop
  endfacet
  facet normal 0 0 1
    outer loop
      vertex 0.472234 2.70675 5
      vertex 0.472234 1.29325 5
      vertex 0.60104 1.39896 5
    endloop
  endfacet
  facet normal 0 0 1
    outer loop
      vertex 0.32528 2.7853 5
      vertex 0.472234 1.29325 5
      vertex 0.472234 2.70675 5
    endloop
  endfacet
  facet normal 0 0 1
    outer loop
      vertex 0.32528 2.7853 5
      vertex 0.32528 1.2147 5
      vertex 0.472234 1.29325 5
    endloop
  endfacet
  facet normal 0 0 1
    outer loop
      vertex 0.165826 2.83367 5
      vertex 0.32528 1.2147 5
      vertex 0.32528 2.7853 5
    endloop
  endfacet
  facet normal 0 0 1
    outer loop
      vertex 0.165826 2.83367 5
      vertex 0.165826 1.16633 5
      vertex 0.32528 1.2147 5
    endloop
  endfacet
  facet normal 0 0 1
    outer loop
      vertex 0 2.85 5
      vertex 0.165826 1.16633 5
      vertex 0.165826 2.83367 5
    endloop
  endfacet
  facet normal 0 0 1
    outer loop
      vertex 0 2.85 5
      vertex 0 1.15 5
      vertex 0.165826 1.16633 5
    endloop
  endfacet
  facet normal -0 0 1
    outer loop
      vertex -0.165826 2.83367 5
      vertex 0 1.15 5
      vertex 0 2.85 5
    endloop
  endfacet
  facet normal 0 0 1
    outer loop
      vertex -0.165826 2.83367 5
      vertex -0.165826 1.16633 5
      vertex 0 1.15 5
    endloop
  endfacet
  facet normal -0 0 1
    outer loop
      vertex -0.32528 2.7853 5
      vertex -0.165826 1.16633 5
      vertex -0.165826 2.83367 5
    endloop
  endfacet
  facet normal 0 0 1
    outer loop
      vertex -0.32528 2.7853 5
      vertex -0.32528 1.2147 5
      vertex -0.165826 1.16633 5
    endloop
  endfacet
  facet normal -0 0 1
    outer loop
      vertex -0.472234 2.70675 5
      vertex -0.32528 1.2147 5
      vertex -0.32528 2.7853 5
    endloop
  endfacet
  facet normal 0 0 1
    outer loop
      vertex -0.472234 2.70675 5
      vertex -0.472234 1.29325 5
      vertex -0.32528 1.2147 5
    endloop
  endfacet
  facet normal -0 0 1
    outer loop
      vertex -0.60104 2.60104 5
      vertex -0.472234 1.29325 5
      vertex -0.472234 2.70675 5
    endloop
  endfacet
  facet normal 0 0 1
    outer loop
      vertex -0.60104 2.60104 5
      vertex -0.60104 1.39896 5
      vertex -0.472234 1.29325 5
    endloop
  endfacet
  facet normal -0 0 1
    outer loop
      vertex -0.706749 2.47223 5
      vertex -0.60104 1.39896 5
      vertex -0.60104 2.60104 5
    endloop
  endfacet
  facet normal 0 0 1
    outer loop
      vertex -0.706749 2.47223 5
      vertex -0.706749 1.52777 5
      vertex -0.60104 1.39896 5
    endloop
  endfacet
  facet normal -0 0 1
    outer loop
      vertex -0.785297 2.32528 5
      vertex -0.706749 1.52777 5
      vertex -0.706749 2.47223 5
    endloop
  endfacet
  facet normal 0 0 1
    outer loop
      vertex -0.785297 2.32528 5
      vertex -0.785297 1.67472 5
      vertex -0.706749 1.52777 5
    endloop
  endfacet
  facet normal -0 0 1
    outer loop
      vertex -0.833667 2.16583 5
      vertex -0.785297 1.67472 5
      vertex -0.785297 2.32528 5
    endloop
  endfacet
  facet normal 0 0 1
    outer loop
      vertex -0.833667 2.16583 5
      vertex -0.833667 1.83417 5
      vertex -0.785297 1.67472 5
    endloop
  endfacet
  facet normal 0 -0 1
    outer loop
      vertex -0.833667 1.83417 5
      vertex -0.833667 2.16583 5
      vertex -0.849999 2 5
    endloop
  endfacet
  facet normal -0.471404 0.881918 0
    outer loop
      vertex 0.472234 1.29325 5
      vertex 0.32528 1.2147 11
      vertex 0.472234 1.29325 11
    endloop
  endfacet
  facet normal -0.471404 0.881918 0
    outer loop
      vertex 0.32528 1.2147 11
      vertex 0.472234 1.29325 5
      vertex 0.32528 1.2147 5
    endloop
  endfacet
  facet normal 0.634399 -0.773006 0
    outer loop
      vertex -0.60104 2.60104 5
      vertex -0.472234 2.70675 11
      vertex -0.60104 2.60104 11
    endloop
  endfacet
  facet normal 0.634399 -0.773006 0
    outer loop
      vertex -0.472234 2.70675 11
      vertex -0.60104 2.60104 5
      vertex -0.472234 2.70675 5
    endloop
  endfacet
  facet normal -0.634399 -0.773006 0
    outer loop
      vertex 0.472234 2.70675 5
      vertex 0.60104 2.60104 11
      vertex 0.472234 2.70675 11
    endloop
  endfacet
  facet normal -0.634399 -0.773006 -0
    outer loop
      vertex 0.60104 2.60104 11
      vertex 0.472234 2.70675 5
      vertex 0.60104 2.60104 5
    endloop
  endfacet
  facet normal -0.471404 -0.881918 0
    outer loop
      vertex 0.32528 2.7853 5
      vertex 0.472234 2.70675 11
      vertex 0.32528 2.7853 11
    endloop
  endfacet
  facet normal -0.471404 -0.881918 -0
    outer loop
      vertex 0.472234 2.70675 11
      vertex 0.32528 2.7853 5
      vertex 0.472234 2.70675 5
    endloop
  endfacet
  facet normal 0.290286 0.95694 -0
    outer loop
      vertex -0.165826 1.16633 5
      vertex -0.32528 1.2147 11
      vertex -0.165826 1.16633 11
    endloop
  endfacet
  facet normal 0.290286 0.95694 0
    outer loop
      vertex -0.32528 1.2147 11
      vertex -0.165826 1.16633 5
      vertex -0.32528 1.2147 5
    endloop
  endfacet
  facet normal 0.881917 0.471404 0
    outer loop
      vertex -0.706749 1.52777 11
      vertex -0.785297 1.67472 5
      vertex -0.785297 1.67472 11
    endloop
  endfacet
  facet normal 0.881917 0.471404 0
    outer loop
      vertex -0.785297 1.67472 5
      vertex -0.706749 1.52777 11
      vertex -0.706749 1.52777 5
    endloop
  endfacet
  facet normal 0.773018 0.634384 0
    outer loop
      vertex -0.60104 1.39896 11
      vertex -0.706749 1.52777 5
      vertex -0.706749 1.52777 11
    endloop
  endfacet
  facet normal 0.773018 0.634384 0
    outer loop
      vertex -0.706749 1.52777 5
      vertex -0.60104 1.39896 11
      vertex -0.60104 1.39896 5
    endloop
  endfacet
  facet normal 0.634399 0.773006 -0
    outer loop
      vertex -0.472234 1.29325 5
      vertex -0.60104 1.39896 11
      vertex -0.472234 1.29325 11
    endloop
  endfacet
  facet normal 0.634399 0.773006 0
    outer loop
      vertex -0.60104 1.39896 11
      vertex -0.472234 1.29325 5
      vertex -0.60104 1.39896 5
    endloop
  endfacet
  facet normal 0.0980027 0.995186 -0
    outer loop
      vertex 0 1.15 5
      vertex -0.165826 1.16633 11
      vertex 0 1.15 11
    endloop
  endfacet
  facet normal 0.0980027 0.995186 0
    outer loop
      vertex -0.165826 1.16633 11
      vertex 0 1.15 5
      vertex -0.165826 1.16633 5
    endloop
  endfacet
  facet normal 0.881917 -0.471404 0
    outer loop
      vertex -0.785297 2.32528 11
      vertex -0.706749 2.47223 5
      vertex -0.706749 2.47223 11
    endloop
  endfacet
  facet normal 0.881917 -0.471404 0
    outer loop
      vertex -0.706749 2.47223 5
      vertex -0.785297 2.32528 11
      vertex -0.785297 2.32528 5
    endloop
  endfacet
  facet normal -0.290259 0.956948 0
    outer loop
      vertex 10.3444 18.1685 7
      vertex 10.1756 18.1173 13
      vertex 10.3444 18.1685 13
    endloop
  endfacet
  facet normal -0.290259 0.956948 0
    outer loop
      vertex 10.1756 18.1173 13
      vertex 10.3444 18.1685 7
      vertex 10.1756 18.1173 7
    endloop
  endfacet
  facet normal -0.956948 -0.290259 0
    outer loop
      vertex 10.8827 19.1756 7
      vertex 10.8315 19.3444 13
      vertex 10.8315 19.3444 7
    endloop
  endfacet
  facet normal -0.956948 -0.290259 0
    outer loop
      vertex 10.8315 19.3444 13
      vertex 10.8827 19.1756 7
      vertex 10.8827 19.1756 13
    endloop
  endfacet
  facet normal -0.995182 -0.0980447 0
    outer loop
      vertex 10.9 19 7
      vertex 10.8827 19.1756 13
      vertex 10.8827 19.1756 7
    endloop
  endfacet
  facet normal -0.995182 -0.0980447 0
    outer loop
      vertex 10.8827 19.1756 13
      vertex 10.9 19 7
      vertex 10.9 19 13
    endloop
  endfacet
  facet normal -0.88185 -0.471529 0
    outer loop
      vertex 10.8315 19.3444 7
      vertex 10.7483 19.5 13
      vertex 10.7483 19.5 7
    endloop
  endfacet
  facet normal -0.88185 -0.471529 0
    outer loop
      vertex 10.7483 19.5 13
      vertex 10.8315 19.3444 7
      vertex 10.8315 19.3444 13
    endloop
  endfacet
  facet normal -0.995182 0.0980447 0
    outer loop
      vertex 10.8827 18.8244 7
      vertex 10.9 19 13
      vertex 10.9 19 7
    endloop
  endfacet
  facet normal -0.995182 0.0980447 0
    outer loop
      vertex 10.9 19 13
      vertex 10.8827 18.8244 7
      vertex 10.8827 18.8244 13
    endloop
  endfacet
  facet normal 0.471553 0.881838 -0
    outer loop
      vertex 9.65558 18.1685 7
      vertex 9.49999 18.2517 13
      vertex 9.65558 18.1685 13
    endloop
  endfacet
  facet normal 0.471553 0.881838 0
    outer loop
      vertex 9.49999 18.2517 13
      vertex 9.65558 18.1685 7
      vertex 9.49999 18.2517 7
    endloop
  endfacet
  facet normal -0.634256 -0.773123 0
    outer loop
      vertex 10.5 19.7483 7
      vertex 10.6364 19.6364 13
      vertex 10.5 19.7483 13
    endloop
  endfacet
  facet normal -0.634256 -0.773123 -0
    outer loop
      vertex 10.6364 19.6364 13
      vertex 10.5 19.7483 7
      vertex 10.6364 19.6364 7
    endloop
  endfacet
  facet normal 0.0980558 -0.995181 0
    outer loop
      vertex 9.82442 19.8827 7
      vertex 10 19.9 13
      vertex 9.82442 19.8827 13
    endloop
  endfacet
  facet normal 0.0980558 -0.995181 0
    outer loop
      vertex 10 19.9 13
      vertex 9.82442 19.8827 7
      vertex 10 19.9 7
    endloop
  endfacet
  facet normal 0.881921 0.471397 0
    outer loop
      vertex 9.25168 18.5 13
      vertex 9.16851 18.6556 7
      vertex 9.16851 18.6556 13
    endloop
  endfacet
  facet normal 0.881921 0.471397 0
    outer loop
      vertex 9.16851 18.6556 7
      vertex 9.25168 18.5 13
      vertex 9.25168 18.5 7
    endloop
  endfacet
  facet normal 0 0 1
    outer loop
      vertex 10.8827 19.1756 7
      vertex 10.8827 18.8244 7
      vertex 10.9 19 7
    endloop
  endfacet
  facet normal 0 0 1
    outer loop
      vertex 10.8315 19.3444 7
      vertex 10.8827 18.8244 7
      vertex 10.8827 19.1756 7
    endloop
  endfacet
  facet normal 0 0 1
    outer loop
      vertex 10.8315 19.3444 7
      vertex 10.8315 18.6556 7
      vertex 10.8827 18.8244 7
    endloop
  endfacet
  facet normal 0 0 1
    outer loop
      vertex 10.7483 19.5 7
      vertex 10.8315 18.6556 7
      vertex 10.8315 19.3444 7
    endloop
  endfacet
  facet normal 0 0 1
    outer loop
      vertex 10.7483 19.5 7
      vertex 10.7483 18.5 7
      vertex 10.8315 18.6556 7
    endloop
  endfacet
  facet normal 0 0 1
    outer loop
      vertex 10.6364 19.6364 7
      vertex 10.7483 18.5 7
      vertex 10.7483 19.5 7
    endloop
  endfacet
  facet normal 0 0 1
    outer loop
      vertex 10.6364 19.6364 7
      vertex 10.6364 18.3636 7
      vertex 10.7483 18.5 7
    endloop
  endfacet
  facet normal 0 0 1
    outer loop
      vertex 10.5 19.7483 7
      vertex 10.6364 18.3636 7
      vertex 10.6364 19.6364 7
    endloop
  endfacet
  facet normal 0 0 1
    outer loop
      vertex 10.5 19.7483 7
      vertex 10.5 18.2517 7
      vertex 10.6364 18.3636 7
    endloop
  endfacet
  facet normal 0 0 1
    outer loop
      vertex 10.3444 19.8315 7
      vertex 10.5 18.2517 7
      vertex 10.5 19.7483 7
    endloop
  endfacet
  facet normal 0 0 1
    outer loop
      vertex 10.3444 19.8315 7
      vertex 10.3444 18.1685 7
      vertex 10.5 18.2517 7
    endloop
  endfacet
  facet normal 0 0 1
    outer loop
      vertex 10.1756 19.8827 7
      vertex 10.3444 18.1685 7
      vertex 10.3444 19.8315 7
    endloop
  endfacet
  facet normal 0 0 1
    outer loop
      vertex 10.1756 19.8827 7
      vertex 10.1756 18.1173 7
      vertex 10.3444 18.1685 7
    endloop
  endfacet
  facet normal 0 0 1
    outer loop
      vertex 10 19.9 7
      vertex 10.1756 18.1173 7
      vertex 10.1756 19.8827 7
    endloop
  endfacet
  facet normal 0 0 1
    outer loop
      vertex 10 19.9 7
      vertex 10 18.1 7
      vertex 10.1756 18.1173 7
    endloop
  endfacet
  facet normal -0 0 1
    outer loop
      vertex 9.82442 19.8827 7
      vertex 10 18.1 7
      vertex 10 19.9 7
    endloop
  endfacet
  facet normal 0 0 1
    outer loop
      vertex 9.82442 19.8827 7
      vertex 9.82442 18.1173 7
      vertex 10 18.1 7
    endloop
  endfacet
  facet normal -0 0 1
    outer loop
      vertex 9.65558 19.8315 7
      vertex 9.82442 18.1173 7
      vertex 9.82442 19.8827 7
    endloop
  endfacet
  facet normal 0 0 1
    outer loop
      vertex 9.65558 19.8315 7
      vertex 9.65558 18.1685 7
      vertex 9.82442 18.1173 7
    endloop
  endfacet
  facet normal -0 0 1
    outer loop
      vertex 9.49999 19.7483 7
      vertex 9.65558 18.1685 7
      vertex 9.65558 19.8315 7
    endloop
  endfacet
  facet normal 0 0 1
    outer loop
      vertex 9.49999 19.7483 7
      vertex 9.49999 18.2517 7
      vertex 9.65558 18.1685 7
    endloop
  endfacet
  facet normal -0 0 1
    outer loop
      vertex 9.3636 19.6364 7
      vertex 9.49999 18.2517 7
      vertex 9.49999 19.7483 7
    endloop
  endfacet
  facet normal 0 0 1
    outer loop
      vertex 9.3636 19.6364 7
      vertex 9.3636 18.3636 7
      vertex 9.49999 18.2517 7
    endloop
  endfacet
  facet normal -0 0 1
    outer loop
      vertex 9.25168 19.5 7
      vertex 9.3636 18.3636 7
      vertex 9.3636 19.6364 7
    endloop
  endfacet
  facet normal 0 0 1
    outer loop
      vertex 9.25168 19.5 7
      vertex 9.25168 18.5 7
      vertex 9.3636 18.3636 7
    endloop
  endfacet
  facet normal -0 0 1
    outer loop
      vertex 9.16851 19.3444 7
      vertex 9.25168 18.5 7
      vertex 9.25168 19.5 7
    endloop
  endfacet
  facet normal 0 0 1
    outer loop
      vertex 9.16851 19.3444 7
      vertex 9.16851 18.6556 7
      vertex 9.25168 18.5 7
    endloop
  endfacet
  facet normal -0 0 1
    outer loop
      vertex 9.11729 19.1756 7
      vertex 9.16851 18.6556 7
      vertex 9.16851 19.3444 7
    endloop
  endfacet
  facet normal 0 0 1
    outer loop
      vertex 9.11729 19.1756 7
      vertex 9.11729 18.8244 7
      vertex 9.16851 18.6556 7
    endloop
  endfacet
  facet normal 0 -0 1
    outer loop
      vertex 9.11729 18.8244 7
      vertex 9.11729 19.1756 7
      vertex 9.1 19 7
    endloop
  endfacet
  facet normal -0.0980447 0.995182 0
    outer loop
      vertex 10.1756 18.1173 7
      vertex 10 18.1 13
      vertex 10.1756 18.1173 13
    endloop
  endfacet
  facet normal -0.0980447 0.995182 0
    outer loop
      vertex 10 18.1 13
      vertex 10.1756 18.1173 7
      vertex 10 18.1 7
    endloop
  endfacet
  facet normal -0.956948 0.290259 0
    outer loop
      vertex 10.8315 18.6556 7
      vertex 10.8827 18.8244 13
      vertex 10.8827 18.8244 7
    endloop
  endfacet
  facet normal -0.956948 0.290259 0
    outer loop
      vertex 10.8827 18.8244 13
      vertex 10.8315 18.6556 7
      vertex 10.8315 18.6556 13
    endloop
  endfacet
  facet normal -0.773123 0.634256 0
    outer loop
      vertex 10.6364 18.3636 7
      vertex 10.7483 18.5 13
      vertex 10.7483 18.5 7
    endloop
  endfacet
  facet normal -0.773123 0.634256 0
    outer loop
      vertex 10.7483 18.5 13
      vertex 10.6364 18.3636 7
      vertex 10.6364 18.3636 13
    endloop
  endfacet
  facet normal -0.88185 0.471529 0
    outer loop
      vertex 10.7483 18.5 7
      vertex 10.8315 18.6556 13
      vertex 10.8315 18.6556 7
    endloop
  endfacet
  facet normal -0.88185 0.471529 0
    outer loop
      vertex 10.8315 18.6556 13
      vertex 10.7483 18.5 7
      vertex 10.7483 18.5 13
    endloop
  endfacet
  facet normal -0.471529 0.88185 0
    outer loop
      vertex 10.5 18.2517 7
      vertex 10.3444 18.1685 13
      vertex 10.5 18.2517 13
    endloop
  endfacet
  facet normal -0.471529 0.88185 0
    outer loop
      vertex 10.3444 18.1685 13
      vertex 10.5 18.2517 7
      vertex 10.3444 18.1685 7
    endloop
  endfacet
  facet normal 0.956917 0.290363 0
    outer loop
      vertex 9.16851 18.6556 13
      vertex 9.11729 18.8244 7
      vertex 9.11729 18.8244 13
    endloop
  endfacet
  facet normal 0.956917 0.290363 0
    outer loop
      vertex 9.11729 18.8244 7
      vertex 9.16851 18.6556 13
      vertex 9.16851 18.6556 7
    endloop
  endfacet
  facet normal 0.773068 -0.634324 0
    outer loop
      vertex 9.25168 19.5 13
      vertex 9.3636 19.6364 7
      vertex 9.3636 19.6364 13
    endloop
  endfacet
  facet normal 0.773068 -0.634324 0
    outer loop
      vertex 9.3636 19.6364 7
      vertex 9.25168 19.5 13
      vertex 9.25168 19.5 7
    endloop
  endfacet
  facet normal -0.773123 -0.634256 0
    outer loop
      vertex 10.7483 19.5 7
      vertex 10.6364 19.6364 13
      vertex 10.6364 19.6364 7
    endloop
  endfacet
  facet normal -0.773123 -0.634256 0
    outer loop
      vertex 10.6364 19.6364 13
      vertex 10.7483 19.5 7
      vertex 10.7483 19.5 13
    endloop
  endfacet
  facet normal 0.471553 -0.881838 0
    outer loop
      vertex 9.49999 19.7483 7
      vertex 9.65558 19.8315 13
      vertex 9.49999 19.7483 13
    endloop
  endfacet
  facet normal 0.471553 -0.881838 0
    outer loop
      vertex 9.65558 19.8315 13
      vertex 9.49999 19.7483 7
      vertex 9.65558 19.8315 7
    endloop
  endfacet
  facet normal 0.290196 -0.956967 0
    outer loop
      vertex 9.65558 19.8315 7
      vertex 9.82442 19.8827 13
      vertex 9.65558 19.8315 13
    endloop
  endfacet
  facet normal 0.290196 -0.956967 0
    outer loop
      vertex 9.82442 19.8827 13
      vertex 9.65558 19.8315 7
      vertex 9.82442 19.8827 7
    endloop
  endfacet
  facet normal 0.290196 0.956967 -0
    outer loop
      vertex 9.82442 18.1173 7
      vertex 9.65558 18.1685 13
      vertex 9.82442 18.1173 13
    endloop
  endfacet
  facet normal 0.290196 0.956967 0
    outer loop
      vertex 9.65558 18.1685 13
      vertex 9.82442 18.1173 7
      vertex 9.65558 18.1685 7
    endloop
  endfacet
  facet normal 0.634284 -0.7731 0
    outer loop
      vertex 9.3636 19.6364 7
      vertex 9.49999 19.7483 13
      vertex 9.3636 19.6364 13
    endloop
  endfacet
  facet normal 0.634284 -0.7731 0
    outer loop
      vertex 9.49999 19.7483 13
      vertex 9.3636 19.6364 7
      vertex 9.49999 19.7483 7
    endloop
  endfacet
  facet normal -0.290259 -0.956948 0
    outer loop
      vertex 10.1756 19.8827 7
      vertex 10.3444 19.8315 13
      vertex 10.1756 19.8827 13
    endloop
  endfacet
  facet normal -0.290259 -0.956948 -0
    outer loop
      vertex 10.3444 19.8315 13
      vertex 10.1756 19.8827 7
      vertex 10.3444 19.8315 7
    endloop
  endfacet
  facet normal -0.634256 0.773123 0
    outer loop
      vertex 10.6364 18.3636 7
      vertex 10.5 18.2517 13
      vertex 10.6364 18.3636 13
    endloop
  endfacet
  facet normal -0.634256 0.773123 0
    outer loop
      vertex 10.5 18.2517 13
      vertex 10.6364 18.3636 7
      vertex 10.5 18.2517 7
    endloop
  endfacet
  facet normal 0.995188 -0.0979886 0
    outer loop
      vertex 9.1 19 13
      vertex 9.11729 19.1756 7
      vertex 9.11729 19.1756 13
    endloop
  endfacet
  facet normal 0.995188 -0.0979886 0
    outer loop
      vertex 9.11729 19.1756 7
      vertex 9.1 19 13
      vertex 9.1 19 7
    endloop
  endfacet
  facet normal -0.0980447 -0.995182 0
    outer loop
      vertex 10 19.9 7
      vertex 10.1756 19.8827 13
      vertex 10 19.9 13
    endloop
  endfacet
  facet normal -0.0980447 -0.995182 -0
    outer loop
      vertex 10.1756 19.8827 13
      vertex 10 19.9 7
      vertex 10.1756 19.8827 7
    endloop
  endfacet
  facet normal -0.471529 -0.88185 0
    outer loop
      vertex 10.3444 19.8315 7
      vertex 10.5 19.7483 13
      vertex 10.3444 19.8315 13
    endloop
  endfacet
  facet normal -0.471529 -0.88185 -0
    outer loop
      vertex 10.5 19.7483 13
      vertex 10.3444 19.8315 7
      vertex 10.5 19.7483 7
    endloop
  endfacet
  facet normal 0.773068 0.634324 0
    outer loop
      vertex 9.3636 18.3636 13
      vertex 9.25168 18.5 7
      vertex 9.25168 18.5 13
    endloop
  endfacet
  facet normal 0.773068 0.634324 0
    outer loop
      vertex 9.25168 18.5 7
      vertex 9.3636 18.3636 13
      vertex 9.3636 18.3636 7
    endloop
  endfacet
  facet normal 0.0980558 0.995181 -0
    outer loop
      vertex 10 18.1 7
      vertex 9.82442 18.1173 13
      vertex 10 18.1 13
    endloop
  endfacet
  facet normal 0.0980558 0.995181 0
    outer loop
      vertex 9.82442 18.1173 13
      vertex 10 18.1 7
      vertex 9.82442 18.1173 7
    endloop
  endfacet
  facet normal 0.634284 0.7731 -0
    outer loop
      vertex 9.49999 18.2517 7
      vertex 9.3636 18.3636 13
      vertex 9.49999 18.2517 13
    endloop
  endfacet
  facet normal 0.634284 0.7731 0
    outer loop
      vertex 9.3636 18.3636 13
      vertex 9.49999 18.2517 7
      vertex 9.3636 18.3636 7
    endloop
  endfacet
  facet normal 0.956917 -0.290363 0
    outer loop
      vertex 9.11729 19.1756 13
      vertex 9.16851 19.3444 7
      vertex 9.16851 19.3444 13
    endloop
  endfacet
  facet normal 0.956917 -0.290363 0
    outer loop
      vertex 9.16851 19.3444 7
      vertex 9.11729 19.1756 13
      vertex 9.11729 19.1756 7
    endloop
  endfacet
  facet normal 0.881921 -0.471397 0
    outer loop
      vertex 9.16851 19.3444 13
      vertex 9.25168 19.5 7
      vertex 9.25168 19.5 13
    endloop
  endfacet
  facet normal 0.881921 -0.471397 0
    outer loop
      vertex 9.25168 19.5 7
      vertex 9.16851 19.3444 13
      vertex 9.16851 19.3444 7
    endloop
  endfacet
  facet normal 0.995188 0.0979886 0
    outer loop
      vertex 9.11729 18.8244 13
      vertex 9.1 19 7
      vertex 9.1 19 13
    endloop
  endfacet
  facet normal 0.995188 0.0979886 0
    outer loop
      vertex 9.1 19 7
      vertex 9.11729 18.8244 13
      vertex 9.11729 18.8244 7
    endloop
  endfacet
  facet normal -0.290363 0.956917 0
    outer loop
      vertex 10.3444 1.16851 5
      vertex 10.1756 1.11729 11
      vertex 10.3444 1.16851 11
    endloop
  endfacet
  facet normal -0.290363 0.956917 0
    outer loop
      vertex 10.1756 1.11729 11
      vertex 10.3444 1.16851 5
      vertex 10.1756 1.11729 5
    endloop
  endfacet
  facet normal -0.956962 -0.290212 0
    outer loop
      vertex 10.8827 2.17558 5
      vertex 10.8315 2.34441 11
      vertex 10.8315 2.34441 5
    endloop
  endfacet
  facet normal -0.956962 -0.290212 0
    outer loop
      vertex 10.8315 2.34441 11
      vertex 10.8827 2.17558 5
      vertex 10.8827 2.17558 11
    endloop
  endfacet
  facet normal -0.995181 -0.0980558 0
    outer loop
      vertex 10.9 2 5
      vertex 10.8827 2.17558 11
      vertex 10.8827 2.17558 5
    endloop
  endfacet
  facet normal -0.995181 -0.0980558 0
    outer loop
      vertex 10.8827 2.17558 11
      vertex 10.9 2 5
      vertex 10.9 2 11
    endloop
  endfacet
  facet normal -0.88185 -0.471529 0
    outer loop
      vertex 10.8315 2.34441 5
      vertex 10.7483 2.50001 11
      vertex 10.7483 2.50001 5
    endloop
  endfacet
  facet normal -0.88185 -0.471529 0
    outer loop
      vertex 10.7483 2.50001 11
      vertex 10.8315 2.34441 5
      vertex 10.8315 2.34441 11
    endloop
  endfacet
  facet normal -0.995181 0.0980558 0
    outer loop
      vertex 10.8827 1.82442 5
      vertex 10.9 2 11
      vertex 10.9 2 5
    endloop
  endfacet
  facet normal -0.995181 0.0980558 0
    outer loop
      vertex 10.9 2 11
      vertex 10.8827 1.82442 5
      vertex 10.8827 1.82442 11
    endloop
  endfacet
  facet normal 0.471421 0.881909 -0
    outer loop
      vertex 9.65558 1.16851 5
      vertex 9.49999 1.25168 11
      vertex 9.65558 1.16851 11
    endloop
  endfacet
  facet normal 0.471421 0.881909 0
    outer loop
      vertex 9.49999 1.25168 11
      vertex 9.65558 1.16851 5
      vertex 9.49999 1.25168 5
    endloop
  endfacet
  facet normal -0.634324 -0.773068 0
    outer loop
      vertex 10.5 2.74832 5
      vertex 10.6364 2.6364 11
      vertex 10.5 2.74832 11
    endloop
  endfacet
  facet normal -0.634324 -0.773068 -0
    outer loop
      vertex 10.6364 2.6364 11
      vertex 10.5 2.74832 5
      vertex 10.6364 2.6364 5
    endloop
  endfacet
  facet normal 0.0979996 -0.995186 0
    outer loop
      vertex 9.82442 2.88271 5
      vertex 10 2.9 11
      vertex 9.82442 2.88271 11
    endloop
  endfacet
  facet normal 0.0979996 -0.995186 0
    outer loop
      vertex 10 2.9 11
      vertex 9.82442 2.88271 5
      vertex 10 2.9 5
    endloop
  endfacet
  facet normal 0.881909 0.471421 0
    outer loop
      vertex 9.25168 1.49999 11
      vertex 9.16851 1.65558 5
      vertex 9.16851 1.65558 11
    endloop
  endfacet
  facet normal 0.881909 0.471421 0
    outer loop
      vertex 9.16851 1.65558 5
      vertex 9.25168 1.49999 11
      vertex 9.25168 1.49999 5
    endloop
  endfacet
  facet normal 0 0 1
    outer loop
      vertex 10.8827 2.17558 5
      vertex 10.8827 1.82442 5
      vertex 10.9 2 5
    endloop
  endfacet
  facet normal 0 0 1
    outer loop
      vertex 10.8315 2.34441 5
      vertex 10.8827 1.82442 5
      vertex 10.8827 2.17558 5
    endloop
  endfacet
  facet normal 0 0 1
    outer loop
      vertex 10.8315 2.34441 5
      vertex 10.8315 1.65558 5
      vertex 10.8827 1.82442 5
    endloop
  endfacet
  facet normal 0 0 1
    outer loop
      vertex 10.7483 2.50001 5
      vertex 10.8315 1.65558 5
      vertex 10.8315 2.34441 5
    endloop
  endfacet
  facet normal 0 0 1
    outer loop
      vertex 10.7483 2.50001 5
      vertex 10.7483 1.49999 5
      vertex 10.8315 1.65558 5
    endloop
  endfacet
  facet normal 0 0 1
    outer loop
      vertex 10.6364 2.6364 5
      vertex 10.7483 1.49999 5
      vertex 10.7483 2.50001 5
    endloop
  endfacet
  facet normal 0 0 1
    outer loop
      vertex 10.6364 2.6364 5
      vertex 10.6364 1.3636 5
      vertex 10.7483 1.49999 5
    endloop
  endfacet
  facet normal 0 0 1
    outer loop
      vertex 10.5 2.74832 5
      vertex 10.6364 1.3636 5
      vertex 10.6364 2.6364 5
    endloop
  endfacet
  facet normal 0 0 1
    outer loop
      vertex 10.5 2.74832 5
      vertex 10.5 1.25168 5
      vertex 10.6364 1.3636 5
    endloop
  endfacet
  facet normal 0 0 1
    outer loop
      vertex 10.3444 2.83149 5
      vertex 10.5 1.25168 5
      vertex 10.5 2.74832 5
    endloop
  endfacet
  facet normal 0 0 1
    outer loop
      vertex 10.3444 2.83149 5
      vertex 10.3444 1.16851 5
      vertex 10.5 1.25168 5
    endloop
  endfacet
  facet normal 0 0 1
    outer loop
      vertex 10.1756 2.88271 5
      vertex 10.3444 1.16851 5
      vertex 10.3444 2.83149 5
    endloop
  endfacet
  facet normal 0 0 1
    outer loop
      vertex 10.1756 2.88271 5
      vertex 10.1756 1.11729 5
      vertex 10.3444 1.16851 5
    endloop
  endfacet
  facet normal 0 0 1
    outer loop
      vertex 10 2.9 5
      vertex 10.1756 1.11729 5
      vertex 10.1756 2.88271 5
    endloop
  endfacet
  facet normal 0 0 1
    outer loop
      vertex 10 2.9 5
      vertex 10 1.1 5
      vertex 10.1756 1.11729 5
    endloop
  endfacet
  facet normal -0 0 1
    outer loop
      vertex 9.82442 2.88271 5
      vertex 10 1.1 5
      vertex 10 2.9 5
    endloop
  endfacet
  facet normal 0 0 1
    outer loop
      vertex 9.82442 2.88271 5
      vertex 9.82442 1.11729 5
      vertex 10 1.1 5
    endloop
  endfacet
  facet normal -0 0 1
    outer loop
      vertex 9.65558 2.83149 5
      vertex 9.82442 1.11729 5
      vertex 9.82442 2.88271 5
    endloop
  endfacet
  facet normal 0 0 1
    outer loop
      vertex 9.65558 2.83149 5
      vertex 9.65558 1.16851 5
      vertex 9.82442 1.11729 5
    endloop
  endfacet
  facet normal -0 0 1
    outer loop
      vertex 9.49999 2.74832 5
      vertex 9.65558 1.16851 5
      vertex 9.65558 2.83149 5
    endloop
  endfacet
  facet normal 0 0 1
    outer loop
      vertex 9.49999 2.74832 5
      vertex 9.49999 1.25168 5
      vertex 9.65558 1.16851 5
    endloop
  endfacet
  facet normal -0 0 1
    outer loop
      vertex 9.3636 2.6364 5
      vertex 9.49999 1.25168 5
      vertex 9.49999 2.74832 5
    endloop
  endfacet
  facet normal 0 0 1
    outer loop
      vertex 9.3636 2.6364 5
      vertex 9.3636 1.3636 5
      vertex 9.49999 1.25168 5
    endloop
  endfacet
  facet normal -0 0 1
    outer loop
      vertex 9.25168 2.50001 5
      vertex 9.3636 1.3636 5
      vertex 9.3636 2.6364 5
    endloop
  endfacet
  facet normal 0 0 1
    outer loop
      vertex 9.25168 2.50001 5
      vertex 9.25168 1.49999 5
      vertex 9.3636 1.3636 5
    endloop
  endfacet
  facet normal -0 0 1
    outer loop
      vertex 9.16851 2.34441 5
      vertex 9.25168 1.49999 5
      vertex 9.25168 2.50001 5
    endloop
  endfacet
  facet normal 0 0 1
    outer loop
      vertex 9.16851 2.34441 5
      vertex 9.16851 1.65558 5
      vertex 9.25168 1.49999 5
    endloop
  endfacet
  facet normal -0 0 1
    outer loop
      vertex 9.11729 2.17558 5
      vertex 9.16851 1.65558 5
      vertex 9.16851 2.34441 5
    endloop
  endfacet
  facet normal 0 0 1
    outer loop
      vertex 9.11729 2.17558 5
      vertex 9.11729 1.82442 5
      vertex 9.16851 1.65558 5
    endloop
  endfacet
  facet normal 0 -0 1
    outer loop
      vertex 9.11729 1.82442 5
      vertex 9.11729 2.17558 5
      vertex 9.1 2 5
    endloop
  endfacet
  facet normal -0.0979886 0.995188 0
    outer loop
      vertex 10.1756 1.11729 5
      vertex 10 1.1 11
      vertex 10.1756 1.11729 11
    endloop
  endfacet
  facet normal -0.0979886 0.995188 0
    outer loop
      vertex 10 1.1 11
      vertex 10.1756 1.11729 5
      vertex 10 1.1 5
    endloop
  endfacet
  facet normal -0.956967 0.290196 0
    outer loop
      vertex 10.8315 1.65558 5
      vertex 10.8827 1.82442 11
      vertex 10.8827 1.82442 5
    endloop
  endfacet
  facet normal -0.956967 0.290196 0
    outer loop
      vertex 10.8827 1.82442 11
      vertex 10.8315 1.65558 5
      vertex 10.8315 1.65558 11
    endloop
  endfacet
  facet normal -0.7731 0.634284 0
    outer loop
      vertex 10.6364 1.3636 5
      vertex 10.7483 1.49999 11
      vertex 10.7483 1.49999 5
    endloop
  endfacet
  facet normal -0.7731 0.634284 0
    outer loop
      vertex 10.7483 1.49999 11
      vertex 10.6364 1.3636 5
      vertex 10.6364 1.3636 11
    endloop
  endfacet
  facet normal 0.0979996 0.995186 -0
    outer loop
      vertex 10 1.1 5
      vertex 9.82442 1.11729 11
      vertex 10 1.1 11
    endloop
  endfacet
  facet normal 0.0979996 0.995186 0
    outer loop
      vertex 9.82442 1.11729 11
      vertex 10 1.1 5
      vertex 9.82442 1.11729 5
    endloop
  endfacet
  facet normal -0.881838 0.471553 0
    outer loop
      vertex 10.7483 1.49999 5
      vertex 10.8315 1.65558 11
      vertex 10.8315 1.65558 5
    endloop
  endfacet
  facet normal -0.881838 0.471553 0
    outer loop
      vertex 10.8315 1.65558 11
      vertex 10.7483 1.49999 5
      vertex 10.7483 1.49999 11
    endloop
  endfacet
  facet normal -0.471397 0.881921 0
    outer loop
      vertex 10.5 1.25168 5
      vertex 10.3444 1.16851 11
      vertex 10.5 1.25168 11
    endloop
  endfacet
  facet normal -0.471397 0.881921 0
    outer loop
      vertex 10.3444 1.16851 11
      vertex 10.5 1.25168 5
      vertex 10.3444 1.16851 5
    endloop
  endfacet
  facet normal 0.956936 0.2903 0
    outer loop
      vertex 9.16851 1.65558 11
      vertex 9.11729 1.82442 5
      vertex 9.11729 1.82442 11
    endloop
  endfacet
  facet normal 0.956936 0.2903 0
    outer loop
      vertex 9.11729 1.82442 5
      vertex 9.16851 1.65558 11
      vertex 9.16851 1.65558 5
    endloop
  endfacet
  facet normal 0.773045 -0.634351 0
    outer loop
      vertex 9.25168 2.50001 11
      vertex 9.3636 2.6364 5
      vertex 9.3636 2.6364 11
    endloop
  endfacet
  facet normal 0.773045 -0.634351 0
    outer loop
      vertex 9.3636 2.6364 5
      vertex 9.25168 2.50001 11
      vertex 9.25168 2.50001 5
    endloop
  endfacet
  facet normal -0.7731 -0.634284 0
    outer loop
      vertex 10.7483 2.50001 5
      vertex 10.6364 2.6364 11
      vertex 10.6364 2.6364 5
    endloop
  endfacet
  facet normal -0.7731 -0.634284 0
    outer loop
      vertex 10.6364 2.6364 11
      vertex 10.7483 2.50001 5
      vertex 10.7483 2.50001 11
    endloop
  endfacet
  facet normal 0.471421 -0.881909 0
    outer loop
      vertex 9.49999 2.74832 5
      vertex 9.65558 2.83149 11
      vertex 9.49999 2.74832 11
    endloop
  endfacet
  facet normal 0.471421 -0.881909 0
    outer loop
      vertex 9.65558 2.83149 11
      vertex 9.49999 2.74832 5
      vertex 9.65558 2.83149 5
    endloop
  endfacet
  facet normal 0.2903 -0.956936 0
    outer loop
      vertex 9.65558 2.83149 5
      vertex 9.82442 2.88271 11
      vertex 9.65558 2.83149 11
    endloop
  endfacet
  facet normal 0.2903 -0.956936 0
    outer loop
      vertex 9.82442 2.88271 11
      vertex 9.65558 2.83149 5
      vertex 9.82442 2.88271 5
    endloop
  endfacet
  facet normal 0.2903 0.956936 -0
    outer loop
      vertex 9.82442 1.11729 5
      vertex 9.65558 1.16851 11
      vertex 9.82442 1.11729 11
    endloop
  endfacet
  facet normal 0.2903 0.956936 0
    outer loop
      vertex 9.65558 1.16851 11
      vertex 9.82442 1.11729 5
      vertex 9.65558 1.16851 5
    endloop
  endfacet
  facet normal 0.634351 -0.773045 0
    outer loop
      vertex 9.3636 2.6364 5
      vertex 9.49999 2.74832 11
      vertex 9.3636 2.6364 11
    endloop
  endfacet
  facet normal 0.634351 -0.773045 0
    outer loop
      vertex 9.49999 2.74832 11
      vertex 9.3636 2.6364 5
      vertex 9.49999 2.74832 5
    endloop
  endfacet
  facet normal -0.290363 -0.956917 0
    outer loop
      vertex 10.1756 2.88271 5
      vertex 10.3444 2.83149 11
      vertex 10.1756 2.88271 11
    endloop
  endfacet
  facet normal -0.290363 -0.956917 -0
    outer loop
      vertex 10.3444 2.83149 11
      vertex 10.1756 2.88271 5
      vertex 10.3444 2.83149 5
    endloop
  endfacet
  facet normal -0.634324 0.773068 0
    outer loop
      vertex 10.6364 1.3636 5
      vertex 10.5 1.25168 11
      vertex 10.6364 1.3636 11
    endloop
  endfacet
  facet normal -0.634324 0.773068 0
    outer loop
      vertex 10.5 1.25168 11
      vertex 10.6364 1.3636 5
      vertex 10.5 1.25168 5
    endloop
  endfacet
  facet normal 0.995186 -0.0979996 0
    outer loop
      vertex 9.1 2 11
      vertex 9.11729 2.17558 5
      vertex 9.11729 2.17558 11
    endloop
  endfacet
  facet normal 0.995186 -0.0979996 0
    outer loop
      vertex 9.11729 2.17558 5
      vertex 9.1 2 11
      vertex 9.1 2 5
    endloop
  endfacet
  facet normal -0.0979886 -0.995188 0
    outer loop
      vertex 10 2.9 5
      vertex 10.1756 2.88271 11
      vertex 10 2.9 11
    endloop
  endfacet
  facet normal -0.0979886 -0.995188 -0
    outer loop
      vertex 10.1756 2.88271 11
      vertex 10 2.9 5
      vertex 10.1756 2.88271 5
    endloop
  endfacet
  facet normal -0.471397 -0.881921 0
    outer loop
      vertex 10.3444 2.83149 5
      vertex 10.5 2.74832 11
      vertex 10.3444 2.83149 11
    endloop
  endfacet
  facet normal -0.471397 -0.881921 -0
    outer loop
      vertex 10.5 2.74832 11
      vertex 10.3444 2.83149 5
      vertex 10.5 2.74832 5
    endloop
  endfacet
  facet normal 0.773045 0.634351 0
    outer loop
      vertex 9.3636 1.3636 11
      vertex 9.25168 1.49999 5
      vertex 9.25168 1.49999 11
    endloop
  endfacet
  facet normal 0.773045 0.634351 0
    outer loop
      vertex 9.25168 1.49999 5
      vertex 9.3636 1.3636 11
      vertex 9.3636 1.3636 5
    endloop
  endfacet
  facet normal 0.634351 0.773045 -0
    outer loop
      vertex 9.49999 1.25168 5
      vertex 9.3636 1.3636 11
      vertex 9.49999 1.25168 11
    endloop
  endfacet
  facet normal 0.634351 0.773045 0
    outer loop
      vertex 9.3636 1.3636 11
      vertex 9.49999 1.25168 5
      vertex 9.3636 1.3636 5
    endloop
  endfacet
  facet normal 0.956931 -0.290316 0
    outer loop
      vertex 9.11729 2.17558 11
      vertex 9.16851 2.34441 5
      vertex 9.16851 2.34441 11
    endloop
  endfacet
  facet normal 0.956931 -0.290316 0
    outer loop
      vertex 9.16851 2.34441 5
      vertex 9.11729 2.17558 11
      vertex 9.11729 2.17558 5
    endloop
  endfacet
  facet normal 0.881921 -0.471397 0
    outer loop
      vertex 9.16851 2.34441 11
      vertex 9.25168 2.50001 5
      vertex 9.25168 2.50001 11
    endloop
  endfacet
  facet normal 0.881921 -0.471397 0
    outer loop
      vertex 9.25168 2.50001 5
      vertex 9.16851 2.34441 11
      vertex 9.16851 2.34441 5
    endloop
  endfacet
  facet normal 0.995186 0.0979996 0
    outer loop
      vertex 9.11729 1.82442 11
      vertex 9.1 2 5
      vertex 9.1 2 11
    endloop
  endfacet
  facet normal 0.995186 0.0979996 0
    outer loop
      vertex 9.1 2 5
      vertex 9.11729 1.82442 11
      vertex 9.11729 1.82442 5
    endloop
  endfacet
  facet normal 0.289858 -0.95707 0
    outer loop
      vertex 19.6364 19.8777 7
      vertex 19.8147 19.9317 13
      vertex 19.6364 19.8777 13
    endloop
  endfacet
  facet normal 0.289858 -0.95707 0
    outer loop
      vertex 19.8147 19.9317 13
      vertex 19.6364 19.8777 7
      vertex 19.8147 19.9317 7
    endloop
  endfacet
  facet normal -0.957024 -0.290007 0
    outer loop
      vertex 20.9317 19.1853 7
      vertex 20.8777 19.3635 13
      vertex 20.8777 19.3635 7
    endloop
  endfacet
  facet normal -0.957024 -0.290007 0
    outer loop
      vertex 20.8777 19.3635 13
      vertex 20.9317 19.1853 7
      vertex 20.9317 19.1853 13
    endloop
  endfacet
  facet normal -0.995159 -0.0982807 0
    outer loop
      vertex 20.95 19 7
      vertex 20.9317 19.1853 13
      vertex 20.9317 19.1853 7
    endloop
  endfacet
  facet normal -0.995159 -0.0982807 0
    outer loop
      vertex 20.9317 19.1853 13
      vertex 20.95 19 7
      vertex 20.95 19 13
    endloop
  endfacet
  facet normal -0.881966 -0.471312 0
    outer loop
      vertex 20.8777 19.3635 7
      vertex 20.7899 19.5278 13
      vertex 20.7899 19.5278 7
    endloop
  endfacet
  facet normal -0.881966 -0.471312 0
    outer loop
      vertex 20.7899 19.5278 13
      vertex 20.8777 19.3635 7
      vertex 20.8777 19.3635 13
    endloop
  endfacet
  facet normal -0.290007 0.957024 0
    outer loop
      vertex 20.3635 18.1223 7
      vertex 20.1853 18.0683 13
      vertex 20.3635 18.1223 13
    endloop
  endfacet
  facet normal -0.290007 0.957024 0
    outer loop
      vertex 20.1853 18.0683 13
      vertex 20.3635 18.1223 7
      vertex 20.1853 18.0683 7
    endloop
  endfacet
  facet normal -0.995159 0.0982807 0
    outer loop
      vertex 20.9317 18.8147 7
      vertex 20.95 19 13
      vertex 20.95 19 7
    endloop
  endfacet
  facet normal -0.995159 0.0982807 0
    outer loop
      vertex 20.95 19 13
      vertex 20.9317 18.8147 7
      vertex 20.9317 18.8147 13
    endloop
  endfacet
  facet normal -0.773215 -0.634144 0
    outer loop
      vertex 20.7899 19.5278 7
      vertex 20.6718 19.6718 13
      vertex 20.6718 19.6718 7
    endloop
  endfacet
  facet normal -0.773215 -0.634144 0
    outer loop
      vertex 20.6718 19.6718 13
      vertex 20.7899 19.5278 7
      vertex 20.7899 19.5278 13
    endloop
  endfacet
  facet normal 0.773215 -0.634144 0
    outer loop
      vertex 19.2101 19.5278 13
      vertex 19.3282 19.6718 7
      vertex 19.3282 19.6718 13
    endloop
  endfacet
  facet normal 0.773215 -0.634144 0
    outer loop
      vertex 19.3282 19.6718 7
      vertex 19.2101 19.5278 13
      vertex 19.2101 19.5278 7
    endloop
  endfacet
  facet normal 0.995159 0.0982807 0
    outer loop
      vertex 19.0683 18.8147 13
      vertex 19.05 19 7
      vertex 19.05 19 13
    endloop
  endfacet
  facet normal 0.995159 0.0982807 0
    outer loop
      vertex 19.05 19 7
      vertex 19.0683 18.8147 13
      vertex 19.0683 18.8147 7
    endloop
  endfacet
  facet normal 0.0982807 0.995159 -0
    outer loop
      vertex 20 18.05 7
      vertex 19.8147 18.0683 13
      vertex 20 18.05 13
    endloop
  endfacet
  facet normal 0.0982807 0.995159 0
    outer loop
      vertex 19.8147 18.0683 13
      vertex 20 18.05 7
      vertex 19.8147 18.0683 7
    endloop
  endfacet
  facet normal -0.95707 0.289858 0
    outer loop
      vertex 20.8777 18.6364 7
      vertex 20.9317 18.8147 13
      vertex 20.9317 18.8147 7
    endloop
  endfacet
  facet normal -0.95707 0.289858 0
    outer loop
      vertex 20.9317 18.8147 13
      vertex 20.8777 18.6364 7
      vertex 20.8777 18.6364 13
    endloop
  endfacet
  facet normal 0.634144 -0.773215 0
    outer loop
      vertex 19.3282 19.6718 7
      vertex 19.4722 19.7899 13
      vertex 19.3282 19.6718 13
    endloop
  endfacet
  facet normal 0.634144 -0.773215 0
    outer loop
      vertex 19.4722 19.7899 13
      vertex 19.3282 19.6718 7
      vertex 19.4722 19.7899 7
    endloop
  endfacet
  facet normal 0.995159 -0.0982807 0
    outer loop
      vertex 19.05 19 13
      vertex 19.0683 19.1853 7
      vertex 19.0683 19.1853 13
    endloop
  endfacet
  facet normal 0.995159 -0.0982807 0
    outer loop
      vertex 19.0683 19.1853 7
      vertex 19.05 19 13
      vertex 19.05 19 7
    endloop
  endfacet
  facet normal 0.881847 0.471536 0
    outer loop
      vertex 19.2101 18.4722 13
      vertex 19.1223 18.6364 7
      vertex 19.1223 18.6364 13
    endloop
  endfacet
  facet normal 0.881847 0.471536 0
    outer loop
      vertex 19.1223 18.6364 7
      vertex 19.2101 18.4722 13
      vertex 19.2101 18.4722 7
    endloop
  endfacet
  facet normal -0.634144 0.773215 0
    outer loop
      vertex 20.6718 18.3282 7
      vertex 20.5278 18.2101 13
      vertex 20.6718 18.3282 13
    endloop
  endfacet
  facet normal -0.634144 0.773215 0
    outer loop
      vertex 20.5278 18.2101 13
      vertex 20.6718 18.3282 7
      vertex 20.5278 18.2101 7
    endloop
  endfacet
  facet normal 0.471536 -0.881847 0
    outer loop
      vertex 19.4722 19.7899 7
      vertex 19.6364 19.8777 13
      vertex 19.4722 19.7899 13
    endloop
  endfacet
  facet normal 0.471536 -0.881847 0
    outer loop
      vertex 19.6364 19.8777 13
      vertex 19.4722 19.7899 7
      vertex 19.6364 19.8777 7
    endloop
  endfacet
  facet normal -0.773215 0.634144 0
    outer loop
      vertex 20.6718 18.3282 7
      vertex 20.7899 18.4722 13
      vertex 20.7899 18.4722 7
    endloop
  endfacet
  facet normal -0.773215 0.634144 0
    outer loop
      vertex 20.7899 18.4722 13
      vertex 20.6718 18.3282 7
      vertex 20.6718 18.3282 13
    endloop
  endfacet
  facet normal -0.290007 -0.957024 0
    outer loop
      vertex 20.1853 19.9317 7
      vertex 20.3635 19.8777 13
      vertex 20.1853 19.9317 13
    endloop
  endfacet
  facet normal -0.290007 -0.957024 -0
    outer loop
      vertex 20.3635 19.8777 13
      vertex 20.1853 19.9317 7
      vertex 20.3635 19.8777 7
    endloop
  endfacet
  facet normal 0.471536 0.881847 -0
    outer loop
      vertex 19.6364 18.1223 7
      vertex 19.4722 18.2101 13
      vertex 19.6364 18.1223 13
    endloop
  endfacet
  facet normal 0.471536 0.881847 0
    outer loop
      vertex 19.4722 18.2101 13
      vertex 19.6364 18.1223 7
      vertex 19.4722 18.2101 7
    endloop
  endfacet
  facet normal 0.0982807 -0.995159 0
    outer loop
      vertex 19.8147 19.9317 7
      vertex 20 19.95 13
      vertex 19.8147 19.9317 13
    endloop
  endfacet
  facet normal 0.0982807 -0.995159 0
    outer loop
      vertex 20 19.95 13
      vertex 19.8147 19.9317 7
      vertex 20 19.95 7
    endloop
  endfacet
  facet normal -0.881847 0.471536 0
    outer loop
      vertex 20.7899 18.4722 7
      vertex 20.8777 18.6364 13
      vertex 20.8777 18.6364 7
    endloop
  endfacet
  facet normal -0.881847 0.471536 0
    outer loop
      vertex 20.8777 18.6364 13
      vertex 20.7899 18.4722 7
      vertex 20.7899 18.4722 13
    endloop
  endfacet
  facet normal -0.0982807 -0.995159 0
    outer loop
      vertex 20 19.95 7
      vertex 20.1853 19.9317 13
      vertex 20 19.95 13
    endloop
  endfacet
  facet normal -0.0982807 -0.995159 -0
    outer loop
      vertex 20.1853 19.9317 13
      vertex 20 19.95 7
      vertex 20.1853 19.9317 7
    endloop
  endfacet
  facet normal -0.471312 0.881966 0
    outer loop
      vertex 20.5278 18.2101 7
      vertex 20.3635 18.1223 13
      vertex 20.5278 18.2101 13
    endloop
  endfacet
  facet normal -0.471312 0.881966 0
    outer loop
      vertex 20.3635 18.1223 13
      vertex 20.5278 18.2101 7
      vertex 20.3635 18.1223 7
    endloop
  endfacet
  facet normal 0 0 1
    outer loop
      vertex 20.9317 19.1853 7
      vertex 20.9317 18.8147 7
      vertex 20.95 19 7
    endloop
  endfacet
  facet normal 0 0 1
    outer loop
      vertex 20.8777 19.3635 7
      vertex 20.9317 18.8147 7
      vertex 20.9317 19.1853 7
    endloop
  endfacet
  facet normal 0 0 1
    outer loop
      vertex 20.8777 19.3635 7
      vertex 20.8777 18.6364 7
      vertex 20.9317 18.8147 7
    endloop
  endfacet
  facet normal 0 0 1
    outer loop
      vertex 20.7899 19.5278 7
      vertex 20.8777 18.6364 7
      vertex 20.8777 19.3635 7
    endloop
  endfacet
  facet normal 0 0 1
    outer loop
      vertex 20.7899 19.5278 7
      vertex 20.7899 18.4722 7
      vertex 20.8777 18.6364 7
    endloop
  endfacet
  facet normal 0 0 1
    outer loop
      vertex 20.6718 19.6718 7
      vertex 20.7899 18.4722 7
      vertex 20.7899 19.5278 7
    endloop
  endfacet
  facet normal 0 0 1
    outer loop
      vertex 20.6718 19.6718 7
      vertex 20.6718 18.3282 7
      vertex 20.7899 18.4722 7
    endloop
  endfacet
  facet normal 0 0 1
    outer loop
      vertex 20.5278 19.7899 7
      vertex 20.6718 18.3282 7
      vertex 20.6718 19.6718 7
    endloop
  endfacet
  facet normal 0 0 1
    outer loop
      vertex 20.5278 19.7899 7
      vertex 20.5278 18.2101 7
      vertex 20.6718 18.3282 7
    endloop
  endfacet
  facet normal 0 0 1
    outer loop
      vertex 20.3635 19.8777 7
      vertex 20.5278 18.2101 7
      vertex 20.5278 19.7899 7
    endloop
  endfacet
  facet normal 0 0 1
    outer loop
      vertex 20.3635 19.8777 7
      vertex 20.3635 18.1223 7
      vertex 20.5278 18.2101 7
    endloop
  endfacet
  facet normal 0 0 1
    outer loop
      vertex 20.1853 19.9317 7
      vertex 20.3635 18.1223 7
      vertex 20.3635 19.8777 7
    endloop
  endfacet
  facet normal 0 0 1
    outer loop
      vertex 20.1853 19.9317 7
      vertex 20.1853 18.0683 7
      vertex 20.3635 18.1223 7
    endloop
  endfacet
  facet normal 0 0 1
    outer loop
      vertex 20 19.95 7
      vertex 20.1853 18.0683 7
      vertex 20.1853 19.9317 7
    endloop
  endfacet
  facet normal 0 0 1
    outer loop
      vertex 20 19.95 7
      vertex 20 18.05 7
      vertex 20.1853 18.0683 7
    endloop
  endfacet
  facet normal -0 0 1
    outer loop
      vertex 19.8147 19.9317 7
      vertex 20 18.05 7
      vertex 20 19.95 7
    endloop
  endfacet
  facet normal 0 0 1
    outer loop
      vertex 19.8147 19.9317 7
      vertex 19.8147 18.0683 7
      vertex 20 18.05 7
    endloop
  endfacet
  facet normal -0 0 1
    outer loop
      vertex 19.6364 19.8777 7
      vertex 19.8147 18.0683 7
      vertex 19.8147 19.9317 7
    endloop
  endfacet
  facet normal 0 0 1
    outer loop
      vertex 19.6364 19.8777 7
      vertex 19.6364 18.1223 7
      vertex 19.8147 18.0683 7
    endloop
  endfacet
  facet normal -0 0 1
    outer loop
      vertex 19.4722 19.7899 7
      vertex 19.6364 18.1223 7
      vertex 19.6364 19.8777 7
    endloop
  endfacet
  facet normal 0 0 1
    outer loop
      vertex 19.4722 19.7899 7
      vertex 19.4722 18.2101 7
      vertex 19.6364 18.1223 7
    endloop
  endfacet
  facet normal -0 0 1
    outer loop
      vertex 19.3282 19.6718 7
      vertex 19.4722 18.2101 7
      vertex 19.4722 19.7899 7
    endloop
  endfacet
  facet normal 0 0 1
    outer loop
      vertex 19.3282 19.6718 7
      vertex 19.3282 18.3282 7
      vertex 19.4722 18.2101 7
    endloop
  endfacet
  facet normal -0 0 1
    outer loop
      vertex 19.2101 19.5278 7
      vertex 19.3282 18.3282 7
      vertex 19.3282 19.6718 7
    endloop
  endfacet
  facet normal 0 0 1
    outer loop
      vertex 19.2101 19.5278 7
      vertex 19.2101 18.4722 7
      vertex 19.3282 18.3282 7
    endloop
  endfacet
  facet normal -0 0 1
    outer loop
      vertex 19.1223 19.3635 7
      vertex 19.2101 18.4722 7
      vertex 19.2101 19.5278 7
    endloop
  endfacet
  facet normal 0 0 1
    outer loop
      vertex 19.1223 19.3635 7
      vertex 19.1223 18.6364 7
      vertex 19.2101 18.4722 7
    endloop
  endfacet
  facet normal -0 0 1
    outer loop
      vertex 19.0683 19.1853 7
      vertex 19.1223 18.6364 7
      vertex 19.1223 19.3635 7
    endloop
  endfacet
  facet normal 0 0 1
    outer loop
      vertex 19.0683 19.1853 7
      vertex 19.0683 18.8147 7
      vertex 19.1223 18.6364 7
    endloop
  endfacet
  facet normal 0 -0 1
    outer loop
      vertex 19.0683 18.8147 7
      vertex 19.0683 19.1853 7
      vertex 19.05 19 7
    endloop
  endfacet
  facet normal -0.634144 -0.773215 0
    outer loop
      vertex 20.5278 19.7899 7
      vertex 20.6718 19.6718 13
      vertex 20.5278 19.7899 13
    endloop
  endfacet
  facet normal -0.634144 -0.773215 -0
    outer loop
      vertex 20.6718 19.6718 13
      vertex 20.5278 19.7899 7
      vertex 20.6718 19.6718 7
    endloop
  endfacet
  facet normal -0.471312 -0.881966 0
    outer loop
      vertex 20.3635 19.8777 7
      vertex 20.5278 19.7899 13
      vertex 20.3635 19.8777 13
    endloop
  endfacet
  facet normal -0.471312 -0.881966 -0
    outer loop
      vertex 20.5278 19.7899 13
      vertex 20.3635 19.8777 7
      vertex 20.5278 19.7899 7
    endloop
  endfacet
  facet normal 0.289858 0.95707 -0
    outer loop
      vertex 19.8147 18.0683 7
      vertex 19.6364 18.1223 13
      vertex 19.8147 18.0683 13
    endloop
  endfacet
  facet normal 0.289858 0.95707 0
    outer loop
      vertex 19.6364 18.1223 13
      vertex 19.8147 18.0683 7
      vertex 19.6364 18.1223 7
    endloop
  endfacet
  facet normal 0.634144 0.773215 -0
    outer loop
      vertex 19.4722 18.2101 7
      vertex 19.3282 18.3282 13
      vertex 19.4722 18.2101 13
    endloop
  endfacet
  facet normal 0.634144 0.773215 0
    outer loop
      vertex 19.3282 18.3282 13
      vertex 19.4722 18.2101 7
      vertex 19.3282 18.3282 7
    endloop
  endfacet
  facet normal -0.0982807 0.995159 0
    outer loop
      vertex 20.1853 18.0683 7
      vertex 20 18.05 13
      vertex 20.1853 18.0683 13
    endloop
  endfacet
  facet normal -0.0982807 0.995159 0
    outer loop
      vertex 20 18.05 13
      vertex 20.1853 18.0683 7
      vertex 20 18.05 7
    endloop
  endfacet
  facet normal 0.95707 0.289858 0
    outer loop
      vertex 19.1223 18.6364 13
      vertex 19.0683 18.8147 7
      vertex 19.0683 18.8147 13
    endloop
  endfacet
  facet normal 0.95707 0.289858 0
    outer loop
      vertex 19.0683 18.8147 7
      vertex 19.1223 18.6364 13
      vertex 19.1223 18.6364 7
    endloop
  endfacet
  facet normal 0.773215 0.634144 0
    outer loop
      vertex 19.3282 18.3282 13
      vertex 19.2101 18.4722 7
      vertex 19.2101 18.4722 13
    endloop
  endfacet
  facet normal 0.773215 0.634144 0
    outer loop
      vertex 19.2101 18.4722 7
      vertex 19.3282 18.3282 13
      vertex 19.3282 18.3282 7
    endloop
  endfacet
  facet normal 0.957024 -0.290007 0
    outer loop
      vertex 19.0683 19.1853 13
      vertex 19.1223 19.3635 7
      vertex 19.1223 19.3635 13
    endloop
  endfacet
  facet normal 0.957024 -0.290007 0
    outer loop
      vertex 19.1223 19.3635 7
      vertex 19.0683 19.1853 13
      vertex 19.0683 19.1853 7
    endloop
  endfacet
  facet normal 0.881966 -0.471312 0
    outer loop
      vertex 19.1223 19.3635 13
      vertex 19.2101 19.5278 7
      vertex 19.2101 19.5278 13
    endloop
  endfacet
  facet normal 0.881966 -0.471312 0
    outer loop
      vertex 19.2101 19.5278 7
      vertex 19.1223 19.3635 13
      vertex 19.1223 19.3635 7
    endloop
  endfacet
  facet normal 0.290153 -0.95698 0
    outer loop
      vertex 19.6364 2.87769 5
      vertex 19.8147 2.93175 11
      vertex 19.6364 2.87769 11
    endloop
  endfacet
  facet normal 0.290153 -0.95698 0
    outer loop
      vertex 19.8147 2.93175 11
      vertex 19.6364 2.87769 5
      vertex 19.8147 2.93175 5
    endloop
  endfacet
  facet normal -0.957029 -0.289992 0
    outer loop
      vertex 20.9317 2.18534 5
      vertex 20.8777 2.36355 11
      vertex 20.8777 2.36355 5
    endloop
  endfacet
  facet normal -0.957029 -0.289992 0
    outer loop
      vertex 20.8777 2.36355 11
      vertex 20.9317 2.18534 5
      vertex 20.9317 2.18534 11
    endloop
  endfacet
  facet normal -0.995161 -0.0982596 0
    outer loop
      vertex 20.95 2 5
      vertex 20.9317 2.18534 11
      vertex 20.9317 2.18534 5
    endloop
  endfacet
  facet normal -0.995161 -0.0982596 0
    outer loop
      vertex 20.9317 2.18534 11
      vertex 20.95 2 5
      vertex 20.95 2 11
    endloop
  endfacet
  facet normal -0.881895 -0.471446 0
    outer loop
      vertex 20.8777 2.36355 5
      vertex 20.7899 2.52779 11
      vertex 20.7899 2.52779 5
    endloop
  endfacet
  facet normal -0.881895 -0.471446 0
    outer loop
      vertex 20.7899 2.52779 11
      vertex 20.8777 2.36355 5
      vertex 20.8777 2.36355 11
    endloop
  endfacet
  facet normal -0.290302 0.956935 0
    outer loop
      vertex 20.3635 1.12231 5
      vertex 20.1853 1.06825 11
      vertex 20.3635 1.12231 11
    endloop
  endfacet
  facet normal -0.290302 0.956935 0
    outer loop
      vertex 20.1853 1.06825 11
      vertex 20.3635 1.12231 5
      vertex 20.1853 1.06825 5
    endloop
  endfacet
  facet normal -0.995161 0.0982596 0
    outer loop
      vertex 20.9317 1.81466 5
      vertex 20.95 2 11
      vertex 20.95 2 5
    endloop
  endfacet
  facet normal -0.995161 0.0982596 0
    outer loop
      vertex 20.95 2 11
      vertex 20.9317 1.81466 5
      vertex 20.9317 1.81466 11
    endloop
  endfacet
  facet normal -0.773129 -0.634249 0
    outer loop
      vertex 20.7899 2.52779 5
      vertex 20.6718 2.67175 11
      vertex 20.6718 2.67175 5
    endloop
  endfacet
  facet normal -0.773129 -0.634249 0
    outer loop
      vertex 20.6718 2.67175 11
      vertex 20.7899 2.52779 5
      vertex 20.7899 2.52779 11
    endloop
  endfacet
  facet normal 0.773129 -0.634249 0
    outer loop
      vertex 19.2101 2.52779 11
      vertex 19.3282 2.67175 5
      vertex 19.3282 2.67175 11
    endloop
  endfacet
  facet normal 0.773129 -0.634249 0
    outer loop
      vertex 19.3282 2.67175 5
      vertex 19.2101 2.52779 11
      vertex 19.2101 2.52779 5
    endloop
  endfacet
  facet normal 0.995161 0.0982596 0
    outer loop
      vertex 19.0683 1.81466 11
      vertex 19.05 2 5
      vertex 19.05 2 11
    endloop
  endfacet
  facet normal 0.995161 0.0982596 0
    outer loop
      vertex 19.05 2 5
      vertex 19.0683 1.81466 11
      vertex 19.0683 1.81466 5
    endloop
  endfacet
  facet normal 0.0980147 0.995185 -0
    outer loop
      vertex 20 1.05 5
      vertex 19.8147 1.06825 11
      vertex 20 1.05 11
    endloop
  endfacet
  facet normal 0.0980147 0.995185 0
    outer loop
      vertex 19.8147 1.06825 11
      vertex 20 1.05 5
      vertex 19.8147 1.06825 5
    endloop
  endfacet
  facet normal -0.957029 0.289992 0
    outer loop
      vertex 20.8777 1.63645 5
      vertex 20.9317 1.81466 11
      vertex 20.9317 1.81466 5
    endloop
  endfacet
  facet normal -0.957029 0.289992 0
    outer loop
      vertex 20.9317 1.81466 11
      vertex 20.8777 1.63645 5
      vertex 20.8777 1.63645 11
    endloop
  endfacet
  facet normal 0.634304 -0.773083 0
    outer loop
      vertex 19.3282 2.67175 5
      vertex 19.4722 2.7899 11
      vertex 19.3282 2.67175 11
    endloop
  endfacet
  facet normal 0.634304 -0.773083 0
    outer loop
      vertex 19.4722 2.7899 11
      vertex 19.3282 2.67175 5
      vertex 19.4722 2.7899 5
    endloop
  endfacet
  facet normal 0.995161 -0.0982596 0
    outer loop
      vertex 19.05 2 11
      vertex 19.0683 2.18534 5
      vertex 19.0683 2.18534 11
    endloop
  endfacet
  facet normal 0.995161 -0.0982596 0
    outer loop
      vertex 19.0683 2.18534 5
      vertex 19.05 2 11
      vertex 19.05 2 5
    endloop
  endfacet
  facet normal 0.881895 0.471446 0
    outer loop
      vertex 19.2101 1.47221 11
      vertex 19.1223 1.63645 5
      vertex 19.1223 1.63645 11
    endloop
  endfacet
  facet normal 0.881895 0.471446 0
    outer loop
      vertex 19.1223 1.63645 5
      vertex 19.2101 1.47221 11
      vertex 19.2101 1.47221 5
    endloop
  endfacet
  facet normal -0.634304 0.773083 0
    outer loop
      vertex 20.6718 1.32825 5
      vertex 20.5278 1.2101 11
      vertex 20.6718 1.32825 11
    endloop
  endfacet
  facet normal -0.634304 0.773083 0
    outer loop
      vertex 20.5278 1.2101 11
      vertex 20.6718 1.32825 5
      vertex 20.5278 1.2101 5
    endloop
  endfacet
  facet normal 0.471494 -0.881869 0
    outer loop
      vertex 19.4722 2.7899 5
      vertex 19.6364 2.87769 11
      vertex 19.4722 2.7899 11
    endloop
  endfacet
  facet normal 0.471494 -0.881869 0
    outer loop
      vertex 19.6364 2.87769 11
      vertex 19.4722 2.7899 5
      vertex 19.6364 2.87769 5
    endloop
  endfacet
  facet normal -0.773129 0.634249 0
    outer loop
      vertex 20.6718 1.32825 5
      vertex 20.7899 1.47221 11
      vertex 20.7899 1.47221 5
    endloop
  endfacet
  facet normal -0.773129 0.634249 0
    outer loop
      vertex 20.7899 1.47221 11
      vertex 20.6718 1.32825 5
      vertex 20.6718 1.32825 11
    endloop
  endfacet
  facet normal -0.290302 -0.956935 0
    outer loop
      vertex 20.1853 2.93175 5
      vertex 20.3635 2.87769 11
      vertex 20.1853 2.93175 11
    endloop
  endfacet
  facet normal -0.290302 -0.956935 -0
    outer loop
      vertex 20.3635 2.87769 11
      vertex 20.1853 2.93175 5
      vertex 20.3635 2.87769 5
    endloop
  endfacet
  facet normal 0.471494 0.881869 -0
    outer loop
      vertex 19.6364 1.12231 5
      vertex 19.4722 1.2101 11
      vertex 19.6364 1.12231 11
    endloop
  endfacet
  facet normal 0.471494 0.881869 0
    outer loop
      vertex 19.4722 1.2101 11
      vertex 19.6364 1.12231 5
      vertex 19.4722 1.2101 5
    endloop
  endfacet
  facet normal 0.0980147 -0.995185 0
    outer loop
      vertex 19.8147 2.93175 5
      vertex 20 2.95 11
      vertex 19.8147 2.93175 11
    endloop
  endfacet
  facet normal 0.0980147 -0.995185 0
    outer loop
      vertex 20 2.95 11
      vertex 19.8147 2.93175 5
      vertex 20 2.95 5
    endloop
  endfacet
  facet normal -0.881895 0.471446 0
    outer loop
      vertex 20.7899 1.47221 5
      vertex 20.8777 1.63645 11
      vertex 20.8777 1.63645 5
    endloop
  endfacet
  facet normal -0.881895 0.471446 0
    outer loop
      vertex 20.8777 1.63645 11
      vertex 20.7899 1.47221 5
      vertex 20.7899 1.47221 11
    endloop
  endfacet
  facet normal -0.0980147 -0.995185 0
    outer loop
      vertex 20 2.95 5
      vertex 20.1853 2.93175 11
      vertex 20 2.95 11
    endloop
  endfacet
  facet normal -0.0980147 -0.995185 -0
    outer loop
      vertex 20.1853 2.93175 11
      vertex 20 2.95 5
      vertex 20.1853 2.93175 5
    endloop
  endfacet
  facet normal -0.471271 0.881989 0
    outer loop
      vertex 20.5278 1.2101 5
      vertex 20.3635 1.12231 11
      vertex 20.5278 1.2101 11
    endloop
  endfacet
  facet normal -0.471271 0.881989 0
    outer loop
      vertex 20.3635 1.12231 11
      vertex 20.5278 1.2101 5
      vertex 20.3635 1.12231 5
    endloop
  endfacet
  facet normal 0 0 1
    outer loop
      vertex 20.9317 2.18534 5
      vertex 20.9317 1.81466 5
      vertex 20.95 2 5
    endloop
  endfacet
  facet normal 0 0 1
    outer loop
      vertex 20.8777 2.36355 5
      vertex 20.9317 1.81466 5
      vertex 20.9317 2.18534 5
    endloop
  endfacet
  facet normal 0 0 1
    outer loop
      vertex 20.8777 2.36355 5
      vertex 20.8777 1.63645 5
      vertex 20.9317 1.81466 5
    endloop
  endfacet
  facet normal 0 0 1
    outer loop
      vertex 20.7899 2.52779 5
      vertex 20.8777 1.63645 5
      vertex 20.8777 2.36355 5
    endloop
  endfacet
  facet normal 0 0 1
    outer loop
      vertex 20.7899 2.52779 5
      vertex 20.7899 1.47221 5
      vertex 20.8777 1.63645 5
    endloop
  endfacet
  facet normal 0 0 1
    outer loop
      vertex 20.6718 2.67175 5
      vertex 20.7899 1.47221 5
      vertex 20.7899 2.52779 5
    endloop
  endfacet
  facet normal 0 0 1
    outer loop
      vertex 20.6718 2.67175 5
      vertex 20.6718 1.32825 5
      vertex 20.7899 1.47221 5
    endloop
  endfacet
  facet normal 0 0 1
    outer loop
      vertex 20.5278 2.7899 5
      vertex 20.6718 1.32825 5
      vertex 20.6718 2.67175 5
    endloop
  endfacet
  facet normal 0 0 1
    outer loop
      vertex 20.5278 2.7899 5
      vertex 20.5278 1.2101 5
      vertex 20.6718 1.32825 5
    endloop
  endfacet
  facet normal 0 0 1
    outer loop
      vertex 20.3635 2.87769 5
      vertex 20.5278 1.2101 5
      vertex 20.5278 2.7899 5
    endloop
  endfacet
  facet normal 0 0 1
    outer loop
      vertex 20.3635 2.87769 5
      vertex 20.3635 1.12231 5
      vertex 20.5278 1.2101 5
    endloop
  endfacet
  facet normal 0 0 1
    outer loop
      vertex 20.1853 2.93175 5
      vertex 20.3635 1.12231 5
      vertex 20.3635 2.87769 5
    endloop
  endfacet
  facet normal 0 0 1
    outer loop
      vertex 20.1853 2.93175 5
      vertex 20.1853 1.06825 5
      vertex 20.3635 1.12231 5
    endloop
  endfacet
  facet normal 0 0 1
    outer loop
      vertex 20 2.95 5
      vertex 20.1853 1.06825 5
      vertex 20.1853 2.93175 5
    endloop
  endfacet
  facet normal 0 0 1
    outer loop
      vertex 20 2.95 5
      vertex 20 1.05 5
      vertex 20.1853 1.06825 5
    endloop
  endfacet
  facet normal -0 0 1
    outer loop
      vertex 19.8147 2.93175 5
      vertex 20 1.05 5
      vertex 20 2.95 5
    endloop
  endfacet
  facet normal 0 0 1
    outer loop
      vertex 19.8147 2.93175 5
      vertex 19.8147 1.06825 5
      vertex 20 1.05 5
    endloop
  endfacet
  facet normal -0 0 1
    outer loop
      vertex 19.6364 2.87769 5
      vertex 19.8147 1.06825 5
      vertex 19.8147 2.93175 5
    endloop
  endfacet
  facet normal 0 0 1
    outer loop
      vertex 19.6364 2.87769 5
      vertex 19.6364 1.12231 5
      vertex 19.8147 1.06825 5
    endloop
  endfacet
  facet normal -0 0 1
    outer loop
      vertex 19.4722 2.7899 5
      vertex 19.6364 1.12231 5
      vertex 19.6364 2.87769 5
    endloop
  endfacet
  facet normal 0 0 1
    outer loop
      vertex 19.4722 2.7899 5
      vertex 19.4722 1.2101 5
      vertex 19.6364 1.12231 5
    endloop
  endfacet
  facet normal -0 0 1
    outer loop
      vertex 19.3282 2.67175 5
      vertex 19.4722 1.2101 5
      vertex 19.4722 2.7899 5
    endloop
  endfacet
  facet normal 0 0 1
    outer loop
      vertex 19.3282 2.67175 5
      vertex 19.3282 1.32825 5
      vertex 19.4722 1.2101 5
    endloop
  endfacet
  facet normal -0 0 1
    outer loop
      vertex 19.2101 2.52779 5
      vertex 19.3282 1.32825 5
      vertex 19.3282 2.67175 5
    endloop
  endfacet
  facet normal 0 0 1
    outer loop
      vertex 19.2101 2.52779 5
      vertex 19.2101 1.47221 5
      vertex 19.3282 1.32825 5
    endloop
  endfacet
  facet normal -0 0 1
    outer loop
      vertex 19.1223 2.36355 5
      vertex 19.2101 1.47221 5
      vertex 19.2101 2.52779 5
    endloop
  endfacet
  facet normal 0 0 1
    outer loop
      vertex 19.1223 2.36355 5
      vertex 19.1223 1.63645 5
      vertex 19.2101 1.47221 5
    endloop
  endfacet
  facet normal -0 0 1
    outer loop
      vertex 19.0683 2.18534 5
      vertex 19.1223 1.63645 5
      vertex 19.1223 2.36355 5
    endloop
  endfacet
  facet normal 0 0 1
    outer loop
      vertex 19.0683 2.18534 5
      vertex 19.0683 1.81466 5
      vertex 19.1223 1.63645 5
    endloop
  endfacet
  facet normal 0 -0 1
    outer loop
      vertex 19.0683 1.81466 5
      vertex 19.0683 2.18534 5
      vertex 19.05 2 5
    endloop
  endfacet
  facet normal -0.634304 -0.773083 0
    outer loop
      vertex 20.5278 2.7899 5
      vertex 20.6718 2.67175 11
      vertex 20.5278 2.7899 11
    endloop
  endfacet
  facet normal -0.634304 -0.773083 -0
    outer loop
      vertex 20.6718 2.67175 11
      vertex 20.5278 2.7899 5
      vertex 20.6718 2.67175 5
    endloop
  endfacet
  facet normal -0.471271 -0.881989 0
    outer loop
      vertex 20.3635 2.87769 5
      vertex 20.5278 2.7899 11
      vertex 20.3635 2.87769 11
    endloop
  endfacet
  facet normal -0.471271 -0.881989 -0
    outer loop
      vertex 20.5278 2.7899 11
      vertex 20.3635 2.87769 5
      vertex 20.5278 2.7899 5
    endloop
  endfacet
  facet normal 0.290153 0.95698 -0
    outer loop
      vertex 19.8147 1.06825 5
      vertex 19.6364 1.12231 11
      vertex 19.8147 1.06825 11
    endloop
  endfacet
  facet normal 0.290153 0.95698 0
    outer loop
      vertex 19.6364 1.12231 11
      vertex 19.8147 1.06825 5
      vertex 19.6364 1.12231 5
    endloop
  endfacet
  facet normal 0.634304 0.773083 -0
    outer loop
      vertex 19.4722 1.2101 5
      vertex 19.3282 1.32825 11
      vertex 19.4722 1.2101 11
    endloop
  endfacet
  facet normal 0.634304 0.773083 0
    outer loop
      vertex 19.3282 1.32825 11
      vertex 19.4722 1.2101 5
      vertex 19.3282 1.32825 5
    endloop
  endfacet
  facet normal -0.0980147 0.995185 0
    outer loop
      vertex 20.1853 1.06825 5
      vertex 20 1.05 11
      vertex 20.1853 1.06825 11
    endloop
  endfacet
  facet normal -0.0980147 0.995185 0
    outer loop
      vertex 20 1.05 11
      vertex 20.1853 1.06825 5
      vertex 20 1.05 5
    endloop
  endfacet
  facet normal 0.957029 0.289992 0
    outer loop
      vertex 19.1223 1.63645 11
      vertex 19.0683 1.81466 5
      vertex 19.0683 1.81466 11
    endloop
  endfacet
  facet normal 0.957029 0.289992 0
    outer loop
      vertex 19.0683 1.81466 5
      vertex 19.1223 1.63645 11
      vertex 19.1223 1.63645 5
    endloop
  endfacet
  facet normal 0.773129 0.634249 0
    outer loop
      vertex 19.3282 1.32825 11
      vertex 19.2101 1.47221 5
      vertex 19.2101 1.47221 11
    endloop
  endfacet
  facet normal 0.773129 0.634249 0
    outer loop
      vertex 19.2101 1.47221 5
      vertex 19.3282 1.32825 11
      vertex 19.3282 1.32825 5
    endloop
  endfacet
  facet normal 0.957029 -0.289992 0
    outer loop
      vertex 19.0683 2.18534 11
      vertex 19.1223 2.36355 5
      vertex 19.1223 2.36355 11
    endloop
  endfacet
  facet normal 0.957029 -0.289992 0
    outer loop
      vertex 19.1223 2.36355 5
      vertex 19.0683 2.18534 11
      vertex 19.0683 2.18534 5
    endloop
  endfacet
  facet normal 0.881895 -0.471446 0
    outer loop
      vertex 19.1223 2.36355 11
      vertex 19.2101 2.52779 5
      vertex 19.2101 2.52779 11
    endloop
  endfacet
  facet normal 0.881895 -0.471446 0
    outer loop
      vertex 19.2101 2.52779 5
      vertex 19.1223 2.36355 11
      vertex 19.1223 2.36355 5
    endloop
  endfacet
  facet normal 1 -0 0
    outer loop
      vertex -30.26 -18.875 3
      vertex -30.26 -13.125 0
      vertex -30.26 -13.125 3
    endloop
  endfacet
  facet normal 1 0 0
    outer loop
      vertex -30.26 -13.125 0
      vertex -30.26 -18.875 3
      vertex -30.26 -18.875 0
    endloop
  endfacet
  facet normal 0 -1 0
    outer loop
      vertex -30.26 -13.125 0
      vertex -17.74 -13.125 3
      vertex -30.26 -13.125 3
    endloop
  endfacet
  facet normal 0 -1 -0
    outer loop
      vertex -17.74 -13.125 3
      vertex -30.26 -13.125 0
      vertex -17.74 -13.125 0
    endloop
  endfacet
  facet normal -1 0 0
    outer loop
      vertex -17.74 -18.875 0
      vertex -17.74 -13.125 3
      vertex -17.74 -13.125 0
    endloop
  endfacet
  facet normal -1 -0 0
    outer loop
      vertex -17.74 -13.125 3
      vertex -17.74 -18.875 0
      vertex -17.74 -18.875 3
    endloop
  endfacet
  facet normal 0 1 -0
    outer loop
      vertex -17.74 -18.875 0
      vertex -30.26 -18.875 3
      vertex -17.74 -18.875 3
    endloop
  endfacet
  facet normal 0 1 0
    outer loop
      vertex -30.26 -18.875 3
      vertex -17.74 -18.875 0
      vertex -30.26 -18.875 0
    endloop
  endfacet
  facet normal 1 -0 0
    outer loop
      vertex -14.76 -19.375 3
      vertex -14.76 -12.625 0
      vertex -14.76 -12.625 3
    endloop
  endfacet
  facet normal 1 0 0
    outer loop
      vertex -14.76 -12.625 0
      vertex -14.76 -19.375 3
      vertex -14.76 -19.375 0
    endloop
  endfacet
  facet normal 0 -1 0
    outer loop
      vertex -14.76 -12.625 0
      vertex -1.24 -12.625 3
      vertex -14.76 -12.625 3
    endloop
  endfacet
  facet normal 0 -1 -0
    outer loop
      vertex -1.24 -12.625 3
      vertex -14.76 -12.625 0
      vertex -1.24 -12.625 0
    endloop
  endfacet
  facet normal -1 0 0
    outer loop
      vertex -1.24 -19.375 0
      vertex -1.24 -12.625 3
      vertex -1.24 -12.625 0
    endloop
  endfacet
  facet normal -1 -0 0
    outer loop
      vertex -1.24 -12.625 3
      vertex -1.24 -19.375 0
      vertex -1.24 -19.375 3
    endloop
  endfacet
  facet normal 0 1 -0
    outer loop
      vertex -1.24 -19.375 0
      vertex -14.76 -19.375 3
      vertex -1.24 -19.375 3
    endloop
  endfacet
  facet normal 0 1 0
    outer loop
      vertex -14.76 -19.375 3
      vertex -1.24 -19.375 0
      vertex -14.76 -19.375 0
    endloop
  endfacet
  facet normal 1 -0 0
    outer loop
      vertex 0.74 -19.875 3
      vertex 0.74 -12.125 0
      vertex 0.74 -12.125 3
    endloop
  endfacet
  facet normal 1 0 0
    outer loop
      vertex 0.74 -12.125 0
      vertex 0.74 -19.875 3
      vertex 0.74 -19.875 0
    endloop
  endfacet
  facet normal 0 -1 0
    outer loop
      vertex 0.74 -12.125 0
      vertex 15.26 -12.125 3
      vertex 0.74 -12.125 3
    endloop
  endfacet
  facet normal 0 -1 -0
    outer loop
      vertex 15.26 -12.125 3
      vertex 0.74 -12.125 0
      vertex 15.26 -12.125 0
    endloop
  endfacet
  facet normal -1 0 0
    outer loop
      vertex 15.26 -19.875 0
      vertex 15.26 -12.125 3
      vertex 15.26 -12.125 0
    endloop
  endfacet
  facet normal -1 -0 0
    outer loop
      vertex 15.26 -12.125 3
      vertex 15.26 -19.875 0
      vertex 15.26 -19.875 3
    endloop
  endfacet
  facet normal 0 1 -0
    outer loop
      vertex 15.26 -19.875 0
      vertex 0.74 -19.875 3
      vertex 15.26 -19.875 3
    endloop
  endfacet
  facet normal 0 1 0
    outer loop
      vertex 0.74 -19.875 3
      vertex 15.26 -19.875 0
      vertex 0.74 -19.875 0
    endloop
  endfacet
  facet normal 1 -0 0
    outer loop
      vertex 16.24 -20.375 3
      vertex 16.24 -11.625 0
      vertex 16.24 -11.625 3
    endloop
  endfacet
  facet normal 1 0 0
    outer loop
      vertex 16.24 -11.625 0
      vertex 16.24 -20.375 3
      vertex 16.24 -20.375 0
    endloop
  endfacet
  facet normal 0 -1 0
    outer loop
      vertex 16.24 -11.625 0
      vertex 31.76 -11.625 3
      vertex 16.24 -11.625 3
    endloop
  endfacet
  facet normal 0 -1 -0
    outer loop
      vertex 31.76 -11.625 3
      vertex 16.24 -11.625 0
      vertex 31.76 -11.625 0
    endloop
  endfacet
  facet normal -1 0 0
    outer loop
      vertex 31.76 -20.375 0
      vertex 31.76 -11.625 3
      vertex 31.76 -11.625 0
    endloop
  endfacet
  facet normal -1 -0 0
    outer loop
      vertex 31.76 -11.625 3
      vertex 31.76 -20.375 0
      vertex 31.76 -20.375 3
    endloop
  endfacet
  facet normal 0 1 -0
    outer loop
      vertex 31.76 -20.375 0
      vertex 16.24 -20.375 3
      vertex 31.76 -20.375 3
    endloop
  endfacet
  facet normal 0 1 0
    outer loop
      vertex 16.24 -20.375 3
      vertex 31.76 -20.375 0
      vertex 16.24 -20.375 0
    endloop
  endfacet
endsolid OpenSCAD_Model
